:020000041000EA
:1000000000B5324B212058609868022188439860DF
:10001000D860186158612E4B002199600221596106
:100020000121F02299502B49196001219960352056
:1000300000F044F80222904214D00621196600F024
:1000400034F8196E01211966002018661A6600F04E
:100050002CF8196E196E196E052000F02FF8012189
:100060000842F9D1002199601B49196000215960AB
:100070001A491B48016001219960EB211966A021F2
:10008000196600F012F800219960164914480160C1
:100090000121996001BC002800D000471248134993
:1000A000086003C880F30888084703B5996A0420EC
:1000B0000142FBD001200142F8D103BD02B5186610
:1000C0001866FFF7F2FF186E186E02BD00000240BE
:1000D000000000180000070000035F00212200005C
:1000E000F4000018222000A00001001008ED00E03C
:1000F00000000000000000000000000074B24E7A12
:1001000000200420F7010010CB010010CD010010E9
:10011000C9010010C9010010C9010010C901001077
:10012000C9010010C9010010C9010010CF01001061
:10013000C9010010C9010010D1010010D301001045
:10014000C1010010C1010010C1010010C101001067
:10015000C1010010C1010010C1010010C101001057
:10016000C1010010C1010010C1010010C101001047
:10017000C1010010C1010010C1010010C101001037
:10018000C1010010C1010010C1010010C101001027
:10019000C1010010C1010010C1010010C101001017
:1001A000C1010010C1010010C1010010C101001007
:1001B000C1010010C1010010C1010010C1010010F7
:1001C000EFF30580103800BE00BE00BE00BE00BECA
:1001D00000BE00BEF2EB8871448000106480001005
:1001E0003802001090A31AE700201E49086006C8D4
:1001F00081F3088810471C480068002801D00020BF
:10020000F3E70DA40ECC002902D000F012F8F9E7B4
:100210001649174A002000E001C19142FCD115495E
:100220008847154988471549884700BEFDE701C939
:1002300001C29A42FBD3704764800010C0000020C6
:1002400040100020E48F0010000004200000042073
:10025000E48F0010001004200010042000000000B3
:100260007047000008ED00E0000000D040100020C2
:10027000381D0020B54E0010BD020010AD4E00101C
:1002800010B500F0E1FB0021042000F03BFC084821
:1002900000F0B0FC0121002000F034FC054800F023
:1002A000A9FC054801F016FE00F0CEFB10BDC046CB
:1002B0003879001044790010B80B0000F0B5DE4624
:1002C0004E4645465746E0B597B004F017FFFA2072
:1002D0000121000102F08CF8C14CC249200007F056
:1002E00047FA0321042000F03FFF0321052000F01E
:1002F0003BFF00220121042000F04EFF00220121DB
:10030000052000F049FF2000272100F0A3F900F0AC
:100310009BFB07F04DF91F211A2000F025FF00225A
:1003200000211A2000F038FF00211A2000F046FFBB
:10033000E022AD4BD2011B680E201340AB4AD02403
:10034000136000F04DFF80232406DB010820636268
:1003500000F046FF80235B000F20636200F040FF47
:1003600080231B02A362002201210F2000F014FF52
:10037000FFF786FF01F0D4FE9D4B9B4603C39D4BC8
:1003800007939D4B99469D4B08939D4B05939D4B21
:1003900098469D4B06939D4B09939D4B0A939D4B0D
:1003A0000B939D4B0C939D4B0E939D4B0F939D4B2D
:1003B00014939D4B0D939D4B10939D4B15939D4B0B
:1003C00013939D4B11939D4B1293042280249C4BBD
:1003D00064001A60844A13682342FCD053681B04EB
:1003E0001B0C18009A4603F0E3F8964903F0A1F8B5
:1003F000079B196803F09DF8061C00F07FFE051CA2
:1004000000F096FD4A4604901060301C03F0F2F8AC
:10041000060004980F0003F0EDF802900391281CE9
:1004200003F0E8F83200D026009001913B005146DD
:100430000898360604F032FF7268802311001B0210
:1004400019408A46059909781A4200D092E000299D
:1004500000D0A4E0D02380221B0652009A615B46A4
:10046000C0CB01F05DFE4346801BB9411A685301C1
:100470009B1A9B009B18DB00DA178A4269DD069BFA
:100480001B78002B3ED14B461E68059B00210020A7
:100490001C7800F037FB099800F0ACFB0422012126
:1004A000281C00F0B1FC0A9800F0A4FB00210820F1
:1004B00000F028FB0B9800F09DFB03220021301C6C
:1004C00000F0A2FC0C9800F095FB0121002000F048
:1004D00019FB0E9800F08EFB0121082000F012FBA2
:1004E0000F9800F087FB0D98002C00D0149800F0B6
:1004F00081FB554B42466420136001F0EBFC01F098
:100500006DFF62E70021032000F0FCFA109800F074
:1005100071FB53461398002B00D0159800F06AFB2E
:100520000121002000F0EEFA119800F063FB012198
:10053000464800F0DDFB0121092000F0E3FA1298A3
:1005400000F058FB0121424800F0D2FBFA23DB0007
:10055000D0E78A4201D1834291D8012306990A78D3
:10056000013213400B7001F0DBFD5B4603C300F06A
:100570006BFA84E700291ED03549281C03F010F8D7
:10058000002800D16BE7802400239620059AE4011F
:1005900013704000746101F09DFCB4615FE780243A
:1005A0005246FA20059BE4011A708000746101F044
:1005B00091FCB4614EE72549281C02F0E9FF0028B0
:1005C00000D14CE7802701239620059AFF01137084
:1005D0004000776101F07EFCB76174613FE7C0467F
:1005E00030100020A086010000C0044000D004406C
:1005F00090120020400F0020401C00206479001061
:10060000341D0020440F00202E1D0020A47900106E
:10061000A8790010AC790010B4790010B8790010F6
:10062000C079001054790010BC790010C87900100E
:100630005C79001060790010D0790010D879001032
:1006400000E004403333533A881300000000504266
:1006500033335342F0B5F94CF94D85B02060322068
:1006600000263827297001F035FC6B460F222978C7
:10067000DF7320686A440123009607F0A3F86A46F6
:100680003C21D1730F2229786A4401232068009607
:1006900007F098F80120002101F0A6FB6A46D77305
:1006A0000F2201236A4429782068009607F08AF80F
:1006B0000021322001F098FB052001F00BFC6A4676
:1006C000D7730F22297820686A440123009607F027
:1006D00079F86A463C21D1730F2229786A440123B4
:1006E0002068009607F06EF80120002101F07CFBE5
:1006F0006A46D7730F2201236A442978206800963E
:1007000007F060F83220002101F06EFB96200021F6
:1007100001F06AFB6A46D7730F22297820686A4481
:100720000123009607F04EF86A463C23D3730F224C
:1007300029786A4420683B3B009607F043F8012083
:10074000002101F051FB6B460F222978DF736A44C8
:1007500001232068009607F035F83220002101F0CF
:1007600043FB6B460F22103F2978DF7320686A44F1
:100770000123009607F026F86A462C21D1730F2238
:1007800029786A4401232068009607F01BF80120AD
:10079000002101F029FB6A46D7730F2229786A44A9
:1007A00001232068009607F00DF83220002101F0A7
:1007B0001BFB6A46D7730F22297820686A440123FD
:1007C000009606F0FFFF6A462C23D3730F22297888
:1007D0006A4420682B3B009606F0F4FF01200021BC
:1007E00001F002FB6B460F222978DF736A44012374
:1007F0002068009606F0E6FF3220002101F0F4FAAE
:100800006B460F2260372978DF7320686A44012322
:10081000009606F0D7FF6A468C23D3730F222978FF
:100820006A4420688B3B009606F0CCFF0120002133
:1008300001F0DAFA6B460F222978DF736A4401234C
:100840002068009606F0BEFF3220002101F0CCFAAD
:100850006B460F22803F2978DF7320686A440123AA
:10086000009606F0AFFF6A460C21D1730F2229785B
:100870006A4401232068009606F0A4FF01200021AD
:1008800001F0B2FA6A46D7730F2229786A4401232D
:100890002068009606F096FF3220002101F0A4FAAD
:1008A0006946C822CA73B93A297820686A44012384
:1008B000009606F087FF6946CC230F22CB736A446B
:1008C00029782068CB3B009606F07CFF01200021B0
:1008D00001F08AFA6946C822CA73B93A29786A448B
:1008E00001232068009606F06DFF3220002101F000
:1008F0007BFA6A46D7730F22297820686A4401235D
:10090000009606F05FFF6A460C21D1730F2229780A
:100910006A4401232068009606F054FF012000215C
:1009200001F062FA6A46D7730F2229786A440123DC
:100930002068009606F046FF3220002101F054FAAC
:10094000694668200F22C8736A4429782068012309
:10095000009606F037FF69466C230F22CB736A447A
:10096000297820686B3B009606F02CFF01200021BF
:1009700001F03AFA69466822CA73593A29786A44FA
:1009800001232068009606F01DFF3220002101F0AF
:100990002BFA6A46D7730F22297820686A4401230C
:1009A000009606F00FFF6A460C23D3730F222978B6
:1009B0006A4420680B3B009606F004FF01200021EA
:1009C00001F012FA6B460F222978DF736A44012383
:1009D0002068009606F0F6FE3220002101F004FAAD
:1009E0006B460F2210372978DF7320686A44012391
:1009F000009606F0E7FE6A461C23D3730F2229787F
:100A00006A4420681B3B009606F0DCFE01200021B2
:100A100001F0EAF96B460F222978DF736A4401235B
:100A20002068009606F0CEFE0021322001F0DCF9AD
:100A3000022001F04FFA05B004E0C0460C1C002073
:100A4000311D0020F0BDC046F0B585B00024082758
:100A50006B460F22294E2A4D3178DF7328686A448D
:100A60000123009406F0AEFE6A460C23D3730F22D6
:100A700031786A4428680B3B009406F0A3FE0120FD
:100A8000002101F0B1F96B460F223178DF736A441F
:100A900001232868009406F095FE3220002101F021
:100AA000A3F96B460F2210373178DF7328686A4448
:100AB0000123009406F086FE6A461C23D3730F229E
:100AC00031786A4428681B3B009406F07BFE0120C5
:100AD000002101F089F96B460F223178DF736A44F7
:100AE00001232868009406F06DFE0021322001F0F9
:100AF0007BF9022001F0EEF905B0F0BD311D0020B8
:100B00000C1C0020F0B5C64600B5374A86B00B1C59
:100B1000002900D00123DBB2D65C0F238619F6B280
:100B2000320078250F2400279A4302ABE4182F489F
:100B30002F4B6D421543804619782570039202931E
:100B4000220001230068009706F03CFE7423039AFC
:100B50005B42134342462370029B106819782200BF
:100B60000123009706F02EFE0120002101F03CF940
:100B70004246029B257019781068012322000097D5
:100B800006F020FE08253220002101F02DF9424612
:100B9000029B360135431978106825702200012325
:100BA000009706F00FFE0C231E4343462670029E5C
:100BB0002200317818680123009706F003FE012017
:100BC000002101F011F943463178220018682570A0
:100BD0000123009706F0F6FD3220002101F004F910
:100BE00006B080BCB846F0BD5C7B00100C1C002039
:100BF000311D0020F0B557464546DE464E46E0B56D
:100C00000578824685B0002D67D0374B374F984620
:100C10003B000F244746002698466C4401230F22D0
:100C20009A442B009343994609234A461343237061
:100C30009B4643463978186822000123009606F047
:100C4000C1FD4B460D2213432370434622003978E1
:100C500018680123009606F0B5FD0120002101F07F
:100C6000C3F85B4623704346220039781868012395
:100C7000009606F0A7FD3220002101F0B5F8092307
:100C80002D012B432370994643463978186822007A
:100C90000123009606F096FD0D2243461543397850
:100CA0002200186825700123009606F08BFD0120B4
:100CB000002101F099F84B462370434639781868B3
:100CC00022000123009606F07DFD3220002101F074
:100CD0008BF853461D78002DA0D105B0F0BCBB4663
:100CE000B246A946A046F0BD311D00200C1C0020D4
:100CF000F0B5DE464E4645465746E0B589B00D0094
:100D000002F078FC04AE009001912B00102130001D
:100D10003A4A04F08BF83578002D68D0384B394FBB
:100D200098463B000F24B2464746002698466C443E
:100D300001230F229A442B009343994609234A46E4
:100D4000134323709B4643463978186822000123D9
:100D5000009606F037FD4B460D22134323704346A1
:100D60002200397818680123009606F02BFD012037
:100D7000002101F039F85B462370434622003978A0
:100D800018680123009606F01DFD3220002101F0B5
:100D90002BF809232D012B432370994643463978BC
:100DA000186822000123009606F00CFD0D22434630
:100DB000154339782200186825700123009606F043
:100DC00001FD0120002101F00FF84B46237043463E
:100DD0003978186822000123009606F0F3FC3220CF
:100DE000002101F001F853461D78002DA0D109B073
:100DF000F0BCBB46B246A946A046F0BDDC79001067
:100E0000311D00200C1C0020F0B5DE46454657463B
:100E10004E46E0B58BB01300051C424A009104A871
:100E2000082104F003F8281C02F0E4FB06AC009053
:100E3000019104AA1021200003F0F8FF2578002D6D
:100E400068D0394B394F98463B00A2460F2447469D
:100E5000002698466C4401230F229A442B009343AA
:100E6000994609234A46134323709B4643463978E3
:100E7000186822000123009606F0A4FC4B460D22C0
:100E800013432370434622003978186801230096E3
:100E900006F098FC0120002100F0A6FF5B462370BD
:100EA00043462200397818680123009606F08AFC30
:100EB0003220002100F098FF09232D012B432370DD
:100EC000994643463978186822000123009606F0B7
:100ED00079FC0D22434615433978220018682570A5
:100EE0000123009606F06EFC0120002100F07CFF3B
:100EF0004B46237043463978186822000123009638
:100F000006F060FC3220002100F06EFF53461D7891
:100F1000002DA0D10BB0F0BCBB46B246A946A046FE
:100F2000F0BDC046E4790010311D00200C1C0020EB
:100F3000F8B5CE464746634980B5041C02F030FB45
:100F4000002800D075E06049201C02F021FB002839
:100F50006AD15C49201C02F01BFB002864D05B496D
:100F6000201C02F01DFB002800D079E05849201C0D
:100F700002F016FB002865D15649201C02F010FB38
:100F8000002858D15449201C02F00AFB002860D1E7
:100F90005249201C02F004FB002868D15049201C53
:100FA00002F0FEFA002869D14E49201C02F0F8FA3E
:100FB00000286AD14C49201C02F0F2FA00286BD1BB
:100FC0004A49201C02F0ECFA00286CD14849201C48
:100FD00002F0E6FA00286DD10A22454B9146984668
:100FE0000B233949434ADB00D318201C15005E68E7
:100FF0000F1C02F084FA391C041C404602F07FFAF0
:10100000011C201C02F081FA4B46DB00EB18041C8B
:10101000311C586802F073FA011C201C02F089FA96
:10102000311C02F06FFA00E00020C0BCB946B046A7
:10103000F8BD3148F9E70222254B914698462549EB
:101040000323CFE70122214B9146984620490223F2
:10105000C8E703221F4B914698461F490423C1E766
:101060000022184B9146984618490123BAE70422FA
:10107000194B9146984619490523B3E70522174BAA
:101080009146984616490623ACE70622144B914632
:10109000984614490723A5E70722124B9146984624
:1010A000114908239EE708220F4B914698460F49A5
:1010B000092397E709220D4B914698460C490A23CC
:1010C00090E7C0469A996942000020429A99594295
:1010D0006666564266665442333353423333514256
:1010E000CDCC50420000504200004E42CDCC4C428C
:1010F00000004042607B00100000C842F0B5C646C8
:1011000000B5164C164E237832219A00B050581C68
:1011100001F08CFBCFB28846124B2770002919D101
:1011200001221A7032233227984600240025281CF9
:1011300002CE02F0E7F90134E4B2051CBC42F6D35A
:10114000404602F035FA011C281C02F0DEF980BC92
:10115000B846F0BD1B78002BE7D0E3E72D1D00203B
:10116000601C00202C1D002010B54024074A83007D
:101170009A181268C0005440C0222240044C1B1927
:101180001A60044BC018416010BDC04604C0014045
:1011900004D0014000400140064B8000C3181B688A
:1011A000C90092000A435A400C231340024A801897
:1011B0000360704704C0014004D001408000002952
:1011C00004D0054BC018402303607047034BC01880
:1011D00040230360F9E7C04604E0014004F0014009
:1011E0000123D0228340120693629361084A830050
:1011F0009A1811684022514080320A400549C000C7
:101200005B181A60044BC018052343607047C04642
:1012100004C0014004D00140004001408023DB05B0
:101220001868000F7047C0460FB400B5084883B077
:1012300003F0B2FF049B002B07D005A91800019111
:1012400003F018FE034803F0A7FF012003F02AFE75
:10125000F07900105879001070B58C461600EFF345
:10126000108472B60F490B68002BFCD0BFF35F8F60
:101270006346DB08C5180722C05C63461A40012399
:1012800093401A000240034207D118432870BFF36D
:101290005F8F0A6084F3108870BD61463000FFF7ED
:1012A000C3FFC0462C0100D0F8B5CE4647468C4659
:1012B00080B51C00EFF3108872B61C490B68002B38
:1012C000FCD0BFF35F8FA24221D80723994602E0EA
:1012D0000132944218D34946012611408E40D3086A
:1012E000C718C35C1E42F3D1100033433B70BFF3F9
:1012F0005F8F00220D4B1A6088F3108800280EDBE8
:10130000C0BCB946B046F8BD01204042EFE7BFF38C
:101310005F8F00230B6088F31088012040426346F2
:10132000002BEDD00898FFF77FFFC0462C0100D0BE
:10133000044A1078431CDBB2172B00D9102313701A
:101340007047C046480F002000B5054B83B0010030
:10135000009318221F230348FFF7A6FF03B000BD28
:10136000007A0010A41700200021044B044ABFF3A8
:101370005F8F02C39342FAD17047C046000100D08C
:10138000800100D0084B094A1360094A1360094ADA
:101390001360094A1360094A1360094A1360094A35
:1013A0001360094A136070478080808000E400E089
:1013B00004E400E008E400E00CE400E010E400E0F5
:1013C00014E400E018E400E01CE400E01F231840EF
:1013D0001E3B8340002905D0C021044A49005350D8
:1013E00013607047802201498B50FAE700E100E06A
:1013F00001228240034B1B6813405A1E9341D8B20E
:101400007047C04600E100E001238340014A1360B9
:101410007047C04600E200E0054B10309B6880003A
:10142000C358044A00209B1A47229A424041704701
:1014300000ED00E04C0F002010B5EFF3108C72B6F9
:101440000F4A1368002BFCD0BFF35F8F0D4B103099
:101450009B6880001B580C4A934201D099420CD1E2
:10146000084B9B681950BFF35F8FBFF35F8F00225B
:10147000034B1A608CF3108810BD01F0ADF8C04624
:10148000240100D000ED00E0C1010010F0B5DE46FF
:1014900057464E464546E0B58B4685B0EFF310887B
:1014A00072B616005B4A1368002BFCD0B246BFF33D
:1014B0005F8F002558494D57002D00DAA8E06B00DA
:1014C000564A01935B199B00D418A77910300F700E
:1014D00053498000896884460F58B91A472933D880
:1014E000012039008143CE79564500D86AE0A146F3
:1014F0005646039307E05800C01880001018C479BE
:10150000B4424DD901000623CB56002BF3DA081D57
:101510004C46B24681460293424B4E46043CA41BC5
:101520002405414E640D34438C808D710199491915
:10153000890052189380029B3C4993715346D371A2
:101540005B461160936017E039498F4260D1394999
:101550000127D15238490233D3180439CB1A324A01
:101560001B055B0D13436380344BE671A380FF239F
:10157000A3715B462743A3606246294B9B689F503B
:10158000BFF35F8FBFF35F8F0022224B1A6088F397
:10159000108805B0F0BCBB46B246A946A046F0BDD7
:1015A000B2460E1D4C46B14688880293039B400507
:1015B000001504334844D318C31A1B051A485B0DA1
:1015C0000343AAE79E1CB14691444E460F001C4DB2
:1015D000BF1A7F417D432D0D164FA571D752164F6F
:1015E0000433043FD318BF1BCB1A3F05043B7E0DC9
:1015F0001B050D4F5B0D3E431F435346E3715B4696
:10160000A3600A4BA7806680044327000B60B3E702
:1016100000F0E2FF240100D02F1D00204C0F00201D
:1016200000ED00E001BD000000E0FFFF0148804741
:10163000C101001000A1FFFF940F002001BDFFFFBA
:10164000AAAA00000123034370B59C46EFF305816D
:10165000EFF3108572B6274A1368002BFCD0BFF356
:101660005F8F254A0400254BA41A644163431B0D78
:10167000234C8900A6685BB27658664524D00621C3
:101680005156994224D01221515699422AD01E21F6
:101690005156994228D02A215156994226D03621B6
:1016A0005156994224D0422151560524994210D0D6
:1016B000144A117813708171BFF35F8F00220D4BB4
:1016C0001A6085F3108870BDA2680F4C5450EFE784
:1016D00000246100091989005218FF2191710B49FA
:1016E0009180E5E70124F4E70224F2E70324F0E720
:1016F0000424EEE7240100D04C0F0020AAAA000029
:1017000000ED00E02F1D0020C101001001BDFFFF12
:1017100000B5074B83B00100009300220523054864
:10172000FFF7C2FD002801DB1F23181A03B000BD1C
:101730001C7A0010351D0020024BC9188900016079
:101740007047C0464000003470B5114C114DAC429A
:101750000FD2FF262368002B0CD0FFF7E9FD010014
:101760002000FFF7E9FFA680BFF35F8F0834AC428B
:10177000F0D370BDFFF7DCFD01002000FFF7DCFFB8
:101780002671BFF35F8F0834AC42E3D3F1E7C04664
:10179000381000204010002010B50400FFF7C8FDED
:1017A00001002000FFF7C8FFFF232371BFF35F8F05
:1017B00010BDC04610B504000120FFF7C5FD034B66
:1017C000C01880002060BFF35F8F10BD4000003460
:1017D000034BC91889000160BFF35F8F7047C04693
:1017E000400000340A4B1968EFF3108072B60A68A3
:1017F000002AFCD0BFF35F8F1B68BFF35F8F00220E
:101800001A6080F3108840BF002000217047C04656
:101810003C1C0020F0B5DE4657464E464546E0B536
:1018200085B0EFF3058303221A40B34B91005F5854
:10183000012393409B4602925A468846AF4B1A605A
:10184000AF4B03935B46AF4843630823FE5E002E15
:1018500037DABB881BB2002B00DBA4E0BB79002B7E
:1018600000D0E5E00823F95E002920DB4B007A690F
:101870005B18DB00D3189D68DC686B1C00D104E1A9
:10188000A04801004144826A0B69AE1A9B1A9E422D
:1018900015D30123026A029883401A420FD0994857
:1018A00000F036FC8C4202DCCCD18542CAD940BF64
:1018B00005B0F0BCBB46B246A946A046F0BD0D61DE
:1018C000EDE77A69730091469B19DB0099444B461A
:1018D0009C68DD6800F01CFC8D42BADC00D1F6E0AB
:1018E000002D00DADBE04A464B4652691B699246FE
:1018F000039A934200D1CCE04A460821785E528890
:101900000004514610439847009001910099019AB4
:101910000B00134300D1C2E013000A00002B00DBD0
:10192000D9E020002900801A99414B469860D9607F
:1019300000229B5E002B00DA8BE75D007C69EA18D1
:10194000D200A21800949468D268A2468A4200DDB0
:101950007FE702D1844200D97BE70824A4463B817B
:10196000BC44009C00972F006546B4463E0006E04C
:101970005E00F218D200A2189768D268BA468A426E
:1019800007DC00D1B4E0F318DB00E518E35E002BC0
:10199000EEDA66464A46009F13802E80BB881BB253
:1019A000002B00DA5AE73A69EFF3108172B6136838
:1019B000002BFCD0BFF35F8F0123BE885B42BB804E
:1019C00036B23B69BFF35F8F00221A6081F3108843
:1019D000002E00DA42E73B0008333A0099467D6961
:1019E00073009B190824115FDB004846EB1800299F
:1019F00013DB9C680093A446DC6806E0A34240D059
:101A00000023F95E3800002906DB4F007F18FF0035
:101A1000EF19FB68A342F1DD009B068000201E5EEB
:101A20001980002EDCDA1700BB79002B00D119E7F2
:101A30000023BB710823F95E4B1C00D137E73D0042
:101A40000835AC467C6903E084464B1C00D109E7AD
:101A50004B005B18DB00E0180A00E15E43881BB214
:101A6000002BF1DA01256D42EE178560C66008256E
:101A70007B5F9342E9D0634619803B8903803A81BA
:101A8000E3E7BB686345BBD9C6E7631C00D0F7E654
:101A900005E7534650461B699847002823D14B461B
:101AA0001B883A693B81EFF3108372B611680029F5
:101AB000FCD0BFF35F8F49467A880A803A697E80FE
:101AC000BFF35F8F0021116083F31088C1E6844269
:101AD00000D805E7BDE60B4800F01AFB009B019C0F
:101AE000C018614121E753460CCB009201930DE7EA
:101AF000824500D847E74CE7201C00203C70054099
:101B0000151800100040054070B52D4C2569002DBA
:101B100004D00A212B48FFF70FFE70BD2A4E032187
:101B2000294800F0EBFAE660FFF702FC274B03229E
:101B3000C018D02322701B061B6801216370244B40
:101B40008000A3600F232061022063806369494203
:101B5000A18019800231198647311D8358521831EE
:101B60005A5275325C3999521832013199521832F1
:101B700001319952183201319952083518329D526B
:101B8000023118329952183201319952183201310A
:101B90009952183201319952183201319952183242
:101BA000013199520B4B0C49DC6001303562FFF773
:101BB00043FC01210320FFF709FC084B1D60A8E747
:101BC000B80F00203C1C00200040054040000034BD
:101BD000FFFF1000201C0020151800103860054081
:101BE00000487047B80F0020F8B51F0008AB1B78FD
:101BF00004001600002B07D100F092FA32003B00DF
:101C0000121A8B41002B51DB2269EFF3108C72B654
:101C10001368002BFCD0BFF35F8F0223E15E2569C0
:101C200000293ADB4B0060695B18DB00C218C35A1D
:101C30006380BFF35F8F00232B608CF31088069BBB
:101C40009660D7601361079B5361538801335B042F
:101C50005B0C181C002B1ED083B250800804184364
:101C60002569EFF3108672B62B68002BFCD0BFF30A
:101C70005F8FA3881380A1802369BFF35F8F002249
:101C80001A6086F31088237801329A400849E36885
:101C90005B181A60F8BD0120DEE7BFF35F8F0023F9
:101CA0002B608CF3108801204042F3E70020F1E71D
:101CB0003C20000070B582B00092019301000269DF
:101CC000EFF3108472B61368002BFCD0BFF35F8F64
:101CD0000223C85E0D6900283FDB4A6943001600F5
:101CE0001B18DB00D218F35A4B80BFF35F8F002321
:101CF0002B6084F31088069B1361079B5361009B44
:101D0000019C9360D460538801335B045B0C1D1C01
:101D1000002B20D0ACB20304558023430D69EFF3B0
:101D2000108C72B62C68002CFCD0BFF35F8F8C88AF
:101D3000148088800A69BFF35F8F002010608CF3E5
:101D400010880A7801309040CA680849521810601B
:101D5000180002B070BD0125DCE7BFF35F8F0023E0
:101D60002B6084F31088013BF2E7C0463C20000062
:101D700010B543890A1493421ADD53009B18426937
:101D8000DB00D3180469EFF3108C72B62268002AC6
:101D9000FCD0BFF35F8F5A88090494B2090C8A42C1
:101DA00008D00369BFF35F8F00221A608CF310889C
:101DB000002010BD094A22435A8001230269837121
:101DC000BFF35F8F002111608CF310880278044903
:101DD0009340C268012052181360EAE70080FFFFB9
:101DE0003C20000040787047F0B5C64600B582B090
:101DF00004000D0000F094F924184D41002D02DA82
:101E000001242F4D644206267642F71736196F419A
:101E1000AF4214D811D000F083F932003B00121AFF
:101E20008B41002B15DC002B46D02000290000F050
:101E300081F902B080BCB846F0BDA642EBD90026BD
:101E4000002700F06DF932003B00121A8B41002B85
:101E5000E9DD00F065F932003B00121A8B41002BDE
:101E60000ADB00230193174B3200009316483B0016
:101E7000FFF720FF0130D8D000233900B0469C4640
:101E8000124A1348536A994204D8966A4645CCD2FE
:101E90009942CAD10668EFF3108772B63368002BF7
:101EA000FCD0BFF35F8F0368BFF35F8F66461E6091
:101EB00087F3108820BFE5E7002AB6D0C9E7C046FF
:101EC000FFFFFF7FE5170010B80F0020004005401E
:101ED0003C1C0020F0B5C64600B582B0040000F0FE
:101EE0001FF9FA2206000F002000002300219200B3
:101EF00001F0E8FA8019794104000D1E02DA01248C
:101F00002E4D644206267642F71736196F41AF42CE
:101F100014D811D000F004F932003B00121A8B41A2
:101F2000002B15DC002B46D02000290000F002F920
:101F300002B080BCB846F0BDA642EBD9002600270F
:101F400000F0EEF832003B00121A8B41002BE9DD65
:101F500000F0E6F832003B00121A8B41002B0ADB3E
:101F600000230193164B3200009316483B00FFF705
:101F7000A1FE0130D8D000233900B0469C46124A59
:101F80001248536A994204D8966A4645CCD299427F
:101F9000CAD10668EFF3108772B63368002BFCD005
:101FA000BFF35F8F0368BFF35F8F66461E6087F3E2
:101FB000108820BFE5E7002AB6D0C9E7FFFFFF7F02
:101FC000E5170010B80F0020004005403C1C002021
:101FD000F0B5CE46474680B504000D0085B0EFF35E
:101FE00005838946002B32D1404E336883422AD084
:101FF0003F4FFB683A7898461800039200F088F843
:10200000039A131D42469B009B5822001B1A9C46B4
:102010002B00121A8B411900002310008B4225DC83
:1020200022D020BF334B586A48452BD3401B9A6AB5
:10203000431E98410023A2425B41184305B0C0BC37
:10204000B946B046F0BD73688B42D1D1E9E7294962
:1020500000204B6AAB42F1D38A6A5B1B591E8B414D
:10206000A24240411843E9E78445DAD900F058F824
:1020700022002B00121A8B41002B05DA1D4A536AED
:102080004B4529D20020D9E7002301931A4B2200A7
:10209000009338002B00FFF70DFE0028EEDD154BF6
:1020A00030C65A6A4A4515D39B6AA34210D3010031
:1020B0003800FFF75DFE0F4A0020536A4B45BDD341
:1020C000926A5B1B591E8B41A24240411843B5E7FF
:1020D0004A45ECD120BFEAE70020926A5B1BA2428E
:1020E00040415A1E93411843A8E7C046B00F002054
:1020F000B80F002000400540E517001010B5024A57
:102100000248FFF7A9F810BD387A0010A817002080
:102110000300416A0A00986A596A8A42FAD17047F4
:10212000034B596A0A00986A596A9142FAD170477A
:1021300000400540064A536A9942FCD807D1044B37
:1021400002E05A6A914202D19A6A9042F9D87047E5
:1021500000400540F8B5DE464E4645465746E0B5D8
:1021600005008B4618000A99914600F087FB0A9BF0
:102170006C001E026419304BA400E41863688046AA
:102180009E4200D966602F1FFBB29A46012B2FD9C1
:10219000C0238022294FAD009B0179591201E31819
:1021A0001A6000291BD14B4622685B015340E02294
:1021B000134080225201A21813605346012B2FD9DD
:1021C000802380229B01E31812011A604346666057
:1021D0007B51F0BCBB46B246A946A046F8BD786923
:1021E00000F04CFB013043001B18033BFDD2DAE743
:1021F0005B46012BCCD1C02303229B01E3181A605C
:10220000023AA3681A42FCD04A46236852015A4057
:10221000E023134080225201A218084F1360AD0042
:1022200058460323216841400B401360012282403D
:10223000A3681A42FCD0C3E700800040AC1700201E
:10224000F0B5D6464F464646440098462418324BD1
:10225000A400E41863688A469146C0B5FF2B02D8F3
:1022600080235B006360061FF6B2012E2FD9C023C6
:1022700080222A4F85009B0179591201E3181A60C8
:1022800000291BD14B4622685B015340E0221340DA
:1022900080225201A2181360012E30D9802380229F
:1022A0009B01E31812011A6080235B0063604346C0
:1022B0007B51E0BCBA46B146A846F0BD786900F053
:1022C000DDFA013043001B18033BFDD2DAE7534629
:1022D000012BCCD1C02303229B01E3181A60023AE0
:1022E000A3681A42FCD04A46236852015A40E023B0
:1022F000134080225201A218084F136085005046F7
:102300000323216841400B40136001228240A368EF
:102310001A42FCD0C2E7C04600800040AC17002043
:10232000014B8000C0587047AC170020F0B5C6467E
:10233000040000B52348160098460D0000F09EFAF0
:102340000100300000F09AFA4346069A1B0412037B
:1023500013439C4623680600002B22DB1A4B1B48C4
:10236000E218531E9A4180235242120B9B01120322
:10237000D218174B1A60174B1A60130001688B4371
:10238000FBD12122144B2560E318A6601A60226855
:10239000002AFCDA6246E26008221A6080BCB84675
:1023A000F0BD3F2322681340AB42D7D1A3681B0581
:1023B0001B0D8342D2D1EE22E368D2021340634563
:1023C000CCD1EBE7001BB7000040FDBF08C00040C8
:1023D00000E0004000F0004004300000024B1A68AA
:1023E000024B5A607047C046101C00200080054018
:1023F000194B1A4A10B5DA618022194BD2051A60BE
:10240000184C194A146000290AD0E022174BD20454
:102410001A60002809D18022144B12061A6010BDE0
:10242000E022D2041A600028F5D043011B1A9B0059
:102430001818802300015B04984209D203000C4A5B
:1024400013608022044BD2055860084B1A60E6E7FF
:10245000084B1800F3E7C046008005402131B76AF9
:1024600000B00540FCFF01000820014000A005402D
:10247000101C0020FFFFFF0010B580241C4BE4055A
:102480001C6000281AD001231A4C18431A4BDC6137
:102490001A4C44401C62596298628021144BC90551
:1024A0001960174817490860E021C9041960002A1B
:1024B00007D18022144B12061A6010BD0E4BD86152
:1024C000EBE753019B1A9B009A18802312015B04CF
:1024D0009A4209D213000D490B60074B5A608022C3
:1024E000094BD2051A60E8E7094B1A00F3E7C0462A
:1024F00000B00540D3C007B0008005402D3FF84F25
:10250000FCFF01000820014000A00540101C002035
:10251000FFFFFF008023024A9B000B43D3627047FA
:1025200000800540002310B50100988A1B8B984756
:1025300010BDC046162310B5010018885B88984767
:1025400010BDC046F8B54746CE4680B50F1E18D020
:1025500014239946043304000025012698464B466F
:102560001888434621681B88984701C4431E984138
:1025700001350640AF42F2D13000C0BCB946B0468A
:10258000F8BD0126F8E7C046002370B504000D0031
:10259000988A05491B8B984703000020002C01DB1B
:1025A0000130A0402900984755420000AA23064A5E
:1025B0001B0113608D235B00D3600449044B196039
:1025C0005368002BFCDA70470040024000B0FA006C
:1025D000006002407047C04610B50148FEF724FE77
:1025E0005C7A001070B5074D074EB54209D2002441
:1025F000013E761BB608013608CD01349847B44237
:10260000FAD170BDF878001034790010054B064AF5
:1026100006491A60064A074B1A6010000B68984377
:10262000FBD1704700E00040BFCDFBFE08C000407A
:10263000FE7F3C0000F00040044BDB6C002B03D11C
:102640008022034BD2021A607047C046000011502E
:102650004C201150044A054B1A60054A1368DB01EF
:102660008033FBD17047C046FFFFFF0100F0004000
:1026700008C000404022034B9A675A671A67DA661F
:102680007047C04600F0014010B5FEF76DFE10BD6A
:1026900070B52749274E284D761AB4082200302CF1
:1026A00000D930222800920001F01EF82F2C3BD8D0
:1026B00023002A3B214A052B1BD93020AE19710774
:1026C000001B2600CB0F002902DAA1006A50661C0D
:1026D000C01AE3189B004108EB18C900C9181A601A
:1026E0005A6008338B42FAD1012303421CD098432D
:1026F0008419A300EA50631C2F2C15D09B00EA50CC
:10270000A31C2E2C10D09B00EA50E31C2D2C0BD0C8
:102710009B00EA50231D2C2C06D09B00EA50631D21
:102720002B2C01D09B00EA50054B9D6070BDC0462C
:1027300000010010C001001000000020C1010010C5
:1027400000ED00E0002310B5294C82B0A367FFF72D
:102750002DFF0122274B1A60636C012BFCD1032251
:10276000254B1A60224A936B012BFCD10133009355
:102770000121224A22480433FFF7D8FD0523012115
:102780000093204A2048FFF7D1FD002202210420B7
:102790001E4BFFF755FD0022012105201C4BFFF7C2
:1027A0004FFD0022002107201A4BFFF749FD0022B0
:1027B00000210820174BFFF743FD8023DB00009327
:1027C000002200210920134BFFF7C4FC0022104B0C
:1027D00000210620FFF734FD0420FFF7A1FD0E497C
:1027E00000F04CF801000020FFF794FE02B010BD8D
:1027F000008000403CB0004030B00040002F6859DD
:1028000000800240008C864700C00240001BB700D9
:1028100040597307006CDC0240420F00014804215C
:10282000014B1847D00F002045250010124A936F26
:102830009B0815D29066D166002905D0FFE7FFE717
:10284000FFE7516F106F704704B580210906C2176A
:102850005140002800D0C84305F006F8002104BD0F
:10286000F0B5146E556E576F166FFFF7E3FF1466E1
:10287000556657671667F0BD000000D0114A936F88
:102880009B0813D210665166002905D0FFE7FFE7C9
:10289000FFE7516F106F704704B5002801D000208A
:1028A000C04304F0E1FF002104BDC046F0B5146E42
:1028B000556E576F166FFFF7E5FF1466556657673D
:1028C0001667F0BD000000D094464A4A926F920805
:1028D000624601D228E0C046F0B5464E346E756EB1
:1028E000776F366F00F020F89446424A14665566BA
:1028F000576716676246F0BD94463E4A926F92084B
:10290000624601D254E0C046F0B53A4E346E756E60
:10291000776F366F00F04CF89446364A1466556669
:10292000576716676246F0BD002B24DB11D00029E3
:102930003EDA00B5C943404200D1013100F038F819
:10294000C943404200D10131DB43524200D101333F
:1029500000BD002AEBD1002801D1002905D00020BC
:10296000C90FC90701D1C043410800B504F064FF95
:102970000022002300BD00B500290ADBDB435242E0
:1029800000D1013300F014F8C943404200D10131B5
:1029900000BDC943404200D10131DB43524200D166
:1029A000013300F005F8DB43524200D1013300BD92
:1029B000002923D1002B18D1002A0CD0BC460D4F82
:1029C00038667A6600210023FFE7FFE7FFE77A6FAA
:1029D000386F67467047002801D00748010000B5EE
:1029E00004F02AFF0022002300BD02000B0000209B
:1029F00000217047000000D0FFFFFFFF002B00D038
:102A0000BFE0130C28D1002AE7D080B4114F3966FB
:102A10007A66FFE7FFE730B4040C7B6F396F1B0465
:102A200023433B667A66FFE7FFE7FFE7C04684B2D1
:102A30007B6F3D6F1B0423433B667A66FFE7FFE72E
:102A4000C04600232C042D0C7A6F386F00196941A1
:102A5000B0BC7047000000D0F0B594460025140EBD
:102A600001D112020835140F01D112010435940F5F
:102A700001D192000235D40F01D152000135D40B9F
:102A80000134254F7C66254C3C660E0C93B2FFE763
:102A9000FFE7FFE73C6F6643360C7703BE467343A0
:102AA000DF0B5B04C01AB941130C7343DB18C91A5E
:102AB000CE086643360CB64493B273431F0F1B0116
:102AC000C01AB941130C73431F0B1B05C01AB9413F
:102AD000860D8F023E436643360C092D24DB520AD5
:102AE0007243801A7703460A6643360C16235B1B33
:102AF000DE40DF40BF1964466643821B70460435E2
:102B000006330100D940A840C01900D30131A242C8
:102B100006D20023F0BD0000000000D0FFFFFFFF41
:102B2000121B0130F3D3F1E709277F1BFE406446F7
:102B3000A2B27243801A00D20139220C7243130CE4
:102B40001204821A99410B007046043513370100B4
:102B5000F940A840801900D30131002B02D1A242D4
:102B60000AD2F0BD013000D30131121BFAD2013B71
:102B7000F8D1A24200D2F0BD013000D30131121BC6
:102B8000F7E7F0B51C0C00D080E00CB400251C0A5F
:102B900004D11B02160E3343120208351C0B04D15C
:102BA0001B01160F3343120104359C0B04D19B000B
:102BB000960F334392000235DC0B02D192185B4131
:102BC00001351C00971864410134464F7C66464C21
:102BD0003C660E0CFFE7FFE7FFE7C0463C6F66432D
:102BE000360C7703BE4697B27743C01B00D201393B
:102BF000C01B00D201399FB27743C91BC91B170CF8
:102C000077437E04FF0B801BB941CE086643360C28
:102C10000C2D33DBB644120B1F053A431B0B97B246
:102C20007743C01B00D201399FB27743C91B170CF1
:102C300077433E043F0C801BB941860D8F023E4313
:102C4000664329277F1BFE400C3D7746AF40BF19E6
:102C500030BCA2B2ABB272437343801A9941220CCA
:102C60007243130C1204801A994102000B000137C1
:102C7000001BA941F9D2781E0021F0BD0C277F1B53
:102C8000FE4077467F0BAF40FF19E0E700245D1C54
:102C900007D0144F7D663966FFE7FFE7FFE7FFE7E0
:102CA0003C6F95B29EB265436643401BB141150C23
:102CB0001E0C6543664336042F0C3E432D04401B17
:102CC000B141994204D202000B0020000021F0BD66
:102CD00001D19042F7D3801A994101349942F2D33D
:102CE000F6E70000000000D0FFFFFFFF4840414032
:102CF000484018B41B4B5B68FC46019308BD04DFD9
:102D0000972F001018B4174B1B68FC46019308BDA1
:102D100000DFA12F00109446134A926F920809D247
:102D2000624618B40F4BDB68FC46019308BD0CDF0C
:102D3000593200100C4AF0B5146E556E576F166F6D
:102D40006246FFF7EEFF084A146655665767166736
:102D5000F0BD18B4034B9B68FC46019308BD08DF27
:102D6000FD30001098120020000000D0FFB5504048
:102D70004240504059404B40594000E0FFB5154F8C
:102D80004C00640D03D0BC4204D10C0314D80020C5
:102D9000090D09055C00640D03D0BC4204D11C037D
:102DA0000AD800221B0D1B0501264B4009D44B40BD
:102DB00003D58B4200D18242FFBD9942FCD19042A3
:102DC000FFBD0B43DB1803431343F5D0C943491838
:102DD000FFBD0000FF07000000B5FFF7CFFF8041F7
:102DE00000BDC04600B5FFF7C9FF01D9002000BDF6
:102DF000012000BD00B5FFF7B9FF01D9002000BDDB
:102E0000012000BD00B5FFF7B1FF804100BD0120EA
:102E100040054A00121804D85A00121801D80020A0
:102E200070470120704700000021002805D170473D
:102E3000C1174840401AFAD0C90713B5064B1B68A2
:102E400098470CBC441CA2401005120B0349091BF7
:102E500009051943114310BD381C00201F04000050
:102E600010B54C00620D8023D218DB00D21A5B052E
:102E70007E2A10DD9E3A13DACC170903490819435C
:102E80005242D140640001341532202A05DAD04084
:102E90000843604310BD002010BD0846604310BDCC
:102EA000C80FC018013810BD18B4044B5B6AFC464B
:102EB000019308BD24DF093400100000981200209F
:102EC000132370B51D78012D19D014DD1F48FFF7AD
:102ED00031FB06001E48FFF72DFB1E4C80223100FF
:102EE000200000F001FC022D2DD01B48FFF71AFB3B
:102EF0001A4B186070BD1A4B164CA364F5E7184BBB
:102F0000144C23606360A360E36023616361A36189
:102F1000E36123626362A362E36223636363A36387
:102F2000E36323646364A364E36423656365A36567
:102F3000E36523666366A366E36623676367A36747
:102F4000E367A364D1E7064BA364CEE753440000D4
:102F500053460000981200204C330000381C00201B
:102F6000652F001007B5604601880A0A0230DF2A83
:102F7000FAD1C9B2820804D3028840880004104301
:102F800000E00068014A5050039007BD98120020ED
:102F90000FB403BC0CBCF0B50124E407634000E0AF
:102FA000F0B50C0DCF0F661E3605891B640503D3E3
:102FB000C943404200D30131640D03D0661CF60AB8
:102FC00007D0E41B00207F00791C89078912803C10
:102FD00024031D0DDF0F6E1E36059B1B6D0503D3ED
:102FE000DB43524200D301336D0D03D06E1CF60A51
:102FF00007D0ED1B00227F007B1C9B079B12803DAE
:103000002D032F1B661B58D4A446202E46DA2037EA
:103010001400BC401D00BD40F24033412A438018DB
:103020005941CB0F05D0C943C043002264425041EF
:10303000514162464D0D28D10D0D07D100281FD0FA
:10304000241940414941013A0D0DF9D0640006D3DD
:10305000013000D30131002C01D140084000013A79
:103060000BD4941CE40A04D112051144DB07194463
:10307000F0BDD907204B194300E0D9070020F0BD6F
:103080000029DDD1002CDBD1F0BD0132C60740089C
:10309000CD0728434908002EE1D0D9E73C2E29DA94
:1030A000203E40371400BC4000D00124F2401443BD
:1030B0001A00BB401C43D317ACE7AC46202F08DAFC
:1030C00020360400B4400D00B540F8403941284393
:1030D000A5E73C2F0CDA203F40360400B44000D076
:1030E0000124F84004430800B1400C43C117EAE74B
:1030F00010001900002494E70000F07FF0B50C0DDB
:10310000661E3605891BE60A6405640D02D0651C3F
:10311000ED0A04D0002001210905803C2403A446C7
:103120001C0D671E3F05DB1BE70A6405640D02D01A
:10313000651CED0A04D0002201231B05803C2403FA
:103140007740644497B484B296B27443070C7E43CC
:10315000150C6F4380B26843361802D30120000477
:103160003F183004350C00197D41844688B29AB26C
:1031700050430C0C62431F0C7C438EB27E43921969
:1031800002D301263604A4191604170C3618674119
:1031900001BC81B29AB25143040C62431B0C5C43E4
:1031A00080B25843121802D30120000424181004DE
:1031B000130C401863412D185E410020474106BCA6
:1031C00088B293B258430C0C6343120C544389B237
:1031D00051435B1802D301210904641819041A0C25
:1031E000091862416D1856410020474118BCF90288
:1031F000720D1143F0026A0D1043ED020A0D03D166
:103200006D1940414941013B124E9B1B7600B34270
:103210000ED26D0007D3013000267141664635435A
:1032200001D1400840001B05C918E4072144F0BD46
:103230000BDA013306D1013004D101314F0D01D039
:103240004908F2E7E1070020F0BD01363105002012
:10325000EBE70000FF030000F0B51C0D671E3F0503
:10326000DB1BE70A6405640D02D0661CF60A04D075
:10327000002201231B05803C2403D0252D060026B7
:10328000F6432E661E096E66CE0FF619B446490047
:103290004F0D02D07E1CF60A03D000200021403FD3
:1032A0003F033E1BB600B444013F7F05C91B4908DC
:1032B0002E6F013676089C02950D25437543ED135C
:1032C0007543AD1301356D10F603761B0CB4CC02BB
:1032D000450D2C43A2B2B3B25A43270C7B43350CA5
:1032E0006F43A4B26C431B1902D3012424043F1979
:1032F0001C041D0CA4187D4124196D41009A91B243
:10330000ACB26143170C7C432B0C5F4392B25A431F
:10331000A41802D301221204BF182204230C52184D
:103320007B41019C6C431B19520ED9010A43440195
:10333000A01A81B2B2B2514303145A43360C7343FC
:1033400087B27743D617D21900277E4136049B19DE
:103350001704160C7F185E417316ED18F301002652
:1033600080337541A90F06D16400690AE8055B0A3C
:10337000184309D22FE00422944480337541A90AEE
:10338000A8059B0A184326D3404149412404009ACA
:10339000019B0D005543641B4343E41A95B286B26A
:1033A0007543170C7E43030C5F4392B25A43B61821
:1033B00002D301221204BF183204330C52197B418C
:1033C00052429C41002C02D400220130514140085D
:1033D000CA071043490802B06246D7079210084B4B
:1033E000D218084B9A4203D212058918C919F0BDA8
:1033F0000020002A01DC3900F0BD01331905F5E792
:10340000FD030000FE070000002200B5203200F09E
:1034100004F8080000BD000000220B150AD410B506
:10342000944600F031F81414013400DA0021CB176F
:10343000144C20470020002170476244343A0CD4D9
:103440000C2A07DA04009140904052422032D440C6
:10345000214310BDD843D94310BD203207D40C46B8
:103460009440524220321141D040204310BD080008
:10347000C917203203D452422032104110BD180027
:10348000190010BD3B3400100A0DCC0F531E1B0554
:10349000C91A520503D3C943404200D30131520D2A
:1034A00003D0531CDB0A07D0121B00206400611CF0
:1034B00089078912803A1203014BD21A7047000023
:1034C000FF03000051434343C9188C46110C83B2DB
:1034D0004B4310B4040C614392B280B25043624338
:1034E0001C041B0C001910BC59411304120CC01809
:1034F00051416144704700004840414048400E4BF4
:103500005B6818470C4B1B6818470C4A936F9B0865
:1035100002D2094BDB681847F0B5146E556E576F31
:10352000166FFFF7F6FF054A14665566576716676C
:10353000F0BD014B9B68184798130020000000D095
:1035400007B548404140484001E0C04607B5420049
:10355000120E03D0FF2A03D1420218D8C00DC005B5
:103560004A00120E03D0FF2A03D14A020FD8C90D18
:10357000C9050122414005D4414001D5814207BD22
:10358000884207BD0143491801D0C043001807BD58
:1035900000B5FFF7DBFF01D9002000BD012000BD11
:1035A00000B5FFF7CDFF01D9002000BD012000BD0F
:1035B000C10FC90700D54042002817D0F44603B414
:1035C0000B4B1B68984706BC81409E3840428031B7
:1035D00007D20B0607D04900490AC005104308432B
:1035E00060470130F8E7490A8902F5E770470000B3
:1035F000381C0020034BDB6FFC4618477CDF9D36F0
:103600000010000098130020132310B51C781348F5
:10361000FEF790FF012C0BD004DD01008022104842
:1036200000F062F80F48FEF77DFF0F4B186010BDE9
:103630000B4C01005422200000F056F80B4B636540
:10364000A365E36523666366A366E3662367636732
:10365000A367E3672362E361E4E7C04653460000E3
:10366000981300204C330000381C002071360010E5
:1036700007B5604601880A0A0230DF2AFAD1C9B2CA
:10368000820804D3028840880004104300E00068E8
:10369000014A5050039007BD98130020C30FDB0769
:1036A00041000A0E07D0FF2A08D00909054A8918E7
:1036B0001943400770471900002070470249C91894
:1036C000FAE70000000000380000F07F0148042104
:1036D000014B1847E00F002045250010014B1B68E7
:1036E00018470000E00F0020014B5B6818470000FE
:1036F000E00F00209A4200D2885470477047C046BD
:10370000F8B5DE4657464E464546E0B599460D9B10
:103710000700884693469B0728D00B9B002B3CD084
:1037200016000B9C0A9D3619321B013C4B46414644
:10373000285DB847002CF7D135000D9B9B070ED5AF
:103740005B46EC1A0C9BA34209D91E002A004B468B
:10375000414620200134B8470135B442F6D3280051
:10376000F0BCBB46B246A946A046F8BD0B9B0C9ADE
:10377000934214D213005D460C000B9A9E1A7619E0
:103780002A004B46013521002020B847B542F7D129
:103790000B9BA046002BC4D1E1E71500CDE75E46A8
:1037A000002BBED15D46DAE7F0B54F46D646464619
:1037B000C0B584B09C460EAB1F78129B9146BA46AA
:1037C0000D9C109E119D9B074CD4002D41D1B442FD
:1037D00048D20123129F1F40B8460C9B5F1E302326
:1037E00003E001343B55A64201D9202CF9D14346D0
:1037F000002B00D187E00C9B5F1E3023A54204D82C
:1038000030E001343B55AC422CD0202CF9D1129B36
:10381000DB060DD5129B5B0557D4A64267D0A542A7
:1038200065D00F9B102B53D0022B5BD0202C36D1B0
:103830002023129C01930C9B4A46009303946346F9
:103840000295FFF75DFF04B0E0BCBA46B146A8465A
:10385000F0BD0123129A13409846012313422DD143
:10386000B442BAD3129BDB061ED5129B5B05D8D49B
:10387000002CD2D10F9B102B60D00F9B022B71D04C
:10388000302301240C9A13705346002B11D1129B44
:103890005B0740D52B260C9A631C1655C9E72300FD
:1038A000013430260C9AD654202CC1D05346002B1C
:1038B000EDD02D260C9A631C1655BAE7002F34D094
:1038C000013DB44200D288E795E70F9B102BAFD1A2
:1038D000129B9B063CD5202CAAD058230C9A13553A
:1038E0000134A3E7202CA3D02300013407E0631E9A
:1038F000012CBFD00F9A102A36D0022AD1D16226CD
:103900000C9AD65492E7129BDB06CDD5129B5B0531
:1039100000D482E785E7129A2300160700D488E7CF
:1039200020260C9A0133165583E70C2313405F1EA3
:10393000BB41ED1AB44200D24FE75CE7129B9B06F5
:103940000ED478230C9A02241370302353709BE713
:10395000202C00D16CE778230C9A1355013465E7CD
:103960005823EFE76033EDE70C9AA61EB618129ABB
:10397000920602D55822327093E77822327090E78F
:1039800010B5002800D110BD01F0BCFBFBE7C0461C
:1039900010B5002803D04A680B681100984710BD85
:1039A000F0B54E46DE4657464546E0B595B08346EF
:1039B0008946924698461E9A1F9B10001900209E29
:1039C000FFF725FA002800D0D2E11E981F990122A6
:1039D000C44B5242FFF700FA002800D001E11E98C4
:1039E0001F990122C04B5242FFF70CFA002800D069
:1039F000D6E01E981F990022BC4BFFF703FA00285F
:103A000000D0B5E01E981F990022B94BFFF7E4F9EA
:103A1000002800D0ACE01E981F9900220023FFF779
:103A2000DBF9002800D0D1E000230B93229B5B053B
:103A300000D406260024302306E006AA01341732FB
:103A40001355013E202C01D0092EF6D81E981F993F
:103A5000FFF706FAA74BF2009B180CCB0500089263
:103A60000993FFF7E5F902000B001E981F99FFF775
:103A700040F9089A099BFFF76CF906900791FFF748
:103A800013FA0700FFF7D0F902000B000698079918
:103A9000FFF72FF90022984B06900791FFF7B2F934
:103AA000002800D1E9E001373800FFF7BDF9020036
:103AB0000B0008980999FFF795F9002801D0002715
:103AC0000135002E00D1B7E0069513E0172306AAB2
:103AD0009B180A21380001341D19FEF7CFFE303142
:103AE000297038000A21013EFEF7C8FE092F00D8D0
:103AF000E1E00700202CE9D1069D20240CAB0693C1
:103B0000172706ABFF180DE028000A21FEF78EFEEE
:103B100001343031280039550A21FEF787FE051E91
:103B200000D1B7E0202CEFD10323229A1340012BC0
:103B300017D1219B002B14D00B9B002B00D1E3E06D
:103B4000219B013B2193202B0BD93023219A06E0A6
:103B500006A9013417310B55944200D3A0E0202C64
:103B6000F6D1229B01940393219B0293069B21E0B3
:103B7000229B52460493219B4946039358461E9B21
:103B80001F9C029600930194434600F043F9040001
:103B9000200015B0F0BCBB46B246A946A046F0BD19
:103BA000229B5B070FD40322544B2299019203916D
:103BB0002199029100935246434649465846FFF7E1
:103BC0009FFD0400E4E704224D4BEEE71E9A1F9B85
:103BD00000200021FFF78DF801231E901F910B9309
:103BE00024E70223229A54461A40229B06929B07FE
:103BF00000D1ACE02600434D08942F1F3200E87836
:103C000043464946013DD8470136BD42F6D1089C9E
:103C1000069B0434002BBBD05746219AE31B9A42E3
:103C2000B6D9150022004346494620200134D84722
:103C3000E31BAB42F6D3ABE72800FFF7F9F802002D
:103C40000B001E981F99FFF754F82B4B002206001B
:103C50000F00FFF7C1F80CAB0693002800D04FE728
:103C6000002230003900244BFFF7CCF8002800D0A8
:103C700046E7012301359D4342E700220698079954
:103C80001D4BFFF7A9F8002800D01AE7002F59D1E3
:103C9000013716E70323229A1340012B00D1A6E037
:103CA000202C00D15DE70B9B002B3AD02D23069AE8
:103CB0001355013455E7069D202C00D11DE7302314
:103CC000361906E006AA013417321355202C00D10C
:103CD00013E7A642F6D12E230CAA0134069293557F
:103CE0000EE7C046FFFFEFFFFFFFEF7F65CDCD4141
:103CF00065CDCDC1B07D00100000E03FB07A00106E
:103D0000A87A0010B87A00100C23229A134257D0D8
:103D1000219B013B2193A34200D916E7202C00D11F
:103D20001FE7229B5B0704D52B23069A135501340A
:103D300017E7229B1B0700D413E72023069A13558D
:103D400001340EE7FB0700D4BBE60137B9E6219B3F
:103D5000042B00D84EE755464F46043CE4182A0091
:103D60004346013539002020D847AC42F7D141E71E
:103D70000227229B55461F409B0726D006975F4689
:103D8000234EEC1C2A00B078434649460135B8471B
:103D9000013EAC42F6D1069F002F00D1F8E657460F
:103DA000219AE31B9A4200D8F2E61500220043460E
:103DB000494620200134D847E31BAB42F6D3E7E65F
:103DC000219BA34200D9C0E6CBE6219B032BD5D98A
:103DD000069754464F46033DED18220043460134F2
:103DE00039002020D847A542F7D1069FC6E7219B7E
:103DF000002B00D154E70B9B002B85D0219B013B6E
:103E000021939C4200D2A0E6202C00D04EE7A8E6E9
:103E1000B47A0010F0B54546DE4657464E46E0B54A
:103E20009BB0249C259D8246884693469946220055
:103E30002B0020002900FEF7EAFF002800D0C1E097
:103E40000122200029007C4B5242FEF7DBFF0028B4
:103E500000D0B7E0012220002900784B5242FEF743
:103E6000BBFF002800D0ADE0002200232000290085
:103E7000FEF7B2FF002800D0BBE10894099508982E
:103E800009998023289ADB001A400F928022289EED
:103E90001201164032000E96289E0F000A901E4214
:103EA00000D0A4E00B00034300D0CBE0002A00D0F8
:103EB00012E2320006332693022313400C930223AE
:103EC000134200D00AE2279B042B00D215E2002700
:103ED0000426043B0E930022002320002900FEF755
:103EE0007BFF002800D0C8E1554B289A134004936B
:103EF0000E9B0393269B0293089B099C00930194BD
:103F000041464B465A465046FFF74AFD02002020E4
:103F1000289B0025034059424B415B421840531CEB
:103F2000089341464B464530D047FB17FC185C4090
:103F3000FB0F1F270A93731E0E930AABFF1806E0B0
:103F400020000A21FEF79AFC0400202D08D00A2147
:103F50002000FEF793FC013530317955092CEFD85C
:103F6000052306930E9B56460593002304930A33BC
:103F700003930A9B4146029312AB009330004B46D9
:103F8000089A0195FFF710FC0C9B002B28D05F4688
:103F9000279BC41BA34223D982461D003A194B46D6
:103FA000414620200134B047A542F7D85046594633
:103FB000279C421A01320023944200D395E101303C
:103FC00018180DE0289B009401950493279B0393F8
:103FD000269B02934B465A4641465046FFF7E0FC6B
:103FE0001BB0F0BCBB46B246A946A046F0BD01439B
:103FF0002AD10E9B3200002B00D15DE70027269BC3
:104000000026BB4200DD82E10022002320002900BF
:10401000FEF7E2FE002800D04BE1289B084A0296FA
:104020001A408023DB0013430493279B0393089BD0
:10403000099C00930194CDE7FFFFEF7FFFFFEFFFA7
:10404000FFF7FFFF06232693B24B7800400DC01800
:10405000FEF7EEFEB04AB14BFEF77BFEB04AB14B25
:10406000FEF750FE3F03B04B3F0B3B430C900D91CE
:1040700000220A981900AD4BFEF73BFEAC4AAD4B4F
:10408000FEF767FE02000B000C980D99FEF73AFE52
:10409000FEF7E6FE0700FEF7CBFEA74AA74B0A9005
:1040A0000B91FEF756FE0022A54BFEF72BFEFEF706
:1040B000D7FEA44A06000A980B99A34BFEF749FEC7
:1040C0000A900B913000FEF7B3FEA04AA04BFEF71A
:1040D00040FE02000B000A980B99FEF70AFE020050
:1040E0000B000A900B91FEF734FE0C900D910A988C
:1040F0000B9902000B00FEF705FE002210901191B3
:104100000C980D99934BFEF706FE0022924BFEF79A
:10411000F9FD02000B000C980D99FEF7FCFD002242
:104120008E4BFEF7EFFD02000B000C980D99FEF789
:10413000F2FD0A9A0B9B0C900D9180210020C9057D
:10414000FEF7D7FD02000B000C980D99FEF7DAFD83
:1041500002000B0010981199FEF7DDFD0022724B52
:10416000FEF7D0FD7E4B0022F6183305FEF7F1FD79
:1041700002000B000A900B9108980999FEF72CFE9B
:10418000002808D00A980B990022734BFEF7C3FD54
:104190000A900B91013F0A990B9A0B0011003A000B
:1041A0006332C62A12D802222898042610400E9A9A
:1041B0000C90002A26D1279B042B05D9002800D07B
:1041C000A1E0279B043B0E93042642E0022228989C
:1041D00010400E9A0C90002A13D1279B052B00D873
:1041E00089E0002800D084E0279B0526053B0E933C
:1041F00032E080231B069C46AC4463460894099336
:104200003DE605260B4300D1F9E608980999554A81
:10421000554BFEF7EFFD002808D0089809990022B9
:10422000524BFEF7D9FD002800D0E8E6269B002B74
:1042300034D00F9B002B31D0269B013B2693279B2C
:10424000B34204D90C9B002B59D002230C930023BA
:104250000E93002F00D13EE60A9A0B9B089809990D
:10426000FEF759FD00220890099100232000290043
:10427000FEF7B2FD002800D136E6089C099D289A79
:1042800080203B4B00061340220004930E9B0393B7
:10429000269B02932B180092019331E6279BB34291
:1042A000D5D90C9B002B2AD000230E9302330C93FC
:1042B000CFE7289B2E4A8020089C099D1A40802326
:1042C000DB00134322000493279B000603932B1863
:1042D0000092019302967DE6052695E600230E9353
:1042E0000233002704260C93F5E54B1E1B191B1AFD
:1042F00065E602230C930526AEE70423E7E5279B3A
:104300009B1B0E93A5E7022304260C93A1E7DB1B5E
:104310005E1E79E601FCFFFFFB799F501344D33FFB
:10432000B3C8608B288AC63F0000F03F0000F83F0A
:1043300061436F63A787D23F71A379094F930A4006
:104340000000E03F1655B5BBB16B0240EF39FAFEF5
:10435000422EE63F00002C400000244000001840A0
:10436000FF0300002D431CEBE2361A3F80842E41F0
:10437000FFF7FFFFF0B55746DE464E464546E0B52F
:10438000A3B01F002C9B92460C93C94AC94B8B4685
:104390000B901A60002900D1BFE1002338789946BC
:1043A000002800D1C1E1C44B4C460993C34B0E9386
:1043B0005B460A9308E0220053460A990B9DA847E2
:1043C00001343878002876D001372528F3D110231E
:1043D0009B46083B9946043B9846033B0026022532
:1043E0009C463878791C0300203BDBB2102B03D8A5
:1043F000099A9B00D3589F460300303B092B36D9BE
:1044000000252A2800D1A7E000230D932E283FD0B5
:104410000300683BDBB2122B1BD80E9A9B00D358CB
:104420009F4663460F001E43DBE70F002E43D8E78D
:1044300043460F001E43D4E75B460F001E43D0E700
:104440004B460F001E43CCE7802378785B001E4369
:1044500001310F00672845D82428ACD90300253B3B
:10446000DBB2422BA7D896499B00CB589F4600252C
:10447000AB005D196D002D1808780F000300303B6C
:10448000303D0131092BF3D900230D932E28BFD1E4
:104490003022802052429046C000064378780B00BC
:1044A00080444246092A00D851E12A2800D15EE121
:1044B0000F000131ACE70A9BA1469B46CA4503D8D1
:1044C00001235B425344994653464A4659460020CD
:1044D0000B9DA847200023B0F0BCBB46B246A946BE
:1044E000A046F0BD0300693BDBB20F2B00D962E7A9
:1044F000012199408846734A11408B46110042467B
:104500000A4200D013E10A2B2FD0072B00D052E72C
:104510000C9D01CD002800D134E121231E43B0467B
:104520001F260D9A12ABF618A14694465946340040
:1045300002E0000920290AD00F2606403200373257
:10454000092E00D8073A013162540F28F1D863468A
:104550004C468B460D9322E10C9B20CB002D52DB69
:1045600078780C930F0001314EE70C9B0D9904CB2A
:1045700090469B46002900D128E1434618784144E3
:10458000002801D100F029FC0D9A94460A0004E0AD
:1045900059780133002900D195E19A42F8D1634658
:1045A0000D934346D31A0F93730500D46CE10F9B10
:1045B0000D9A934200D90F9202231A0032400C92B6
:1045C000334200D191E20C930D9BB9461E1943462C
:1045D0001B1BA84622001F000B9D08E0541C5346DD
:1045E0000A99A847385D002800D163E1220096426D
:1045F000F4D145464F4634000C9B002B00D097E188
:104600005B460C93DDE60222787816430F006D427C
:104610000C930131F8E678786C2800D159E18023B9
:104620005B001E43013114E780239B0078781E4312
:1046300001310EE77878682800D150E180230131FC
:104640001E4306E7672800D1C2E0472800D134E1C5
:10465000452800D134E107210C9B0D9A07338B4389
:1046600019000496039502920CC90B9800920193CD
:104670000C91220053460A99FFF7CCFB0400A0E6F8
:10468000462800D1A8E007210C9B0D9A07338B43E5
:1046900019000496039502920CC90B98009201939D
:1046A0000C91220053460A99FFF77AF9040088E634
:1046B00075430010081C0020147C0010587C00106A
:1046C000A47C0010419000002200534625200A9946
:1046D0000B9DA847013474E60C9B04339B46631C76
:1046E0009846B60700D4FFE00C9B220018780A9980
:1046F00053460B9EB0476419012D00D849E2454648
:104700000B9EB8460A9F2A005346013539002020E7
:10471000B047A542F7D1474672E7DB4B38780B9399
:1047200000239946002800D03DE60024C6E66F2805
:1047300055D000D8BCE21023782800D19EE09E43DB
:104740000A239C4600230F930A339B464DE0002129
:104750008A005218520001331118187830390200BB
:10476000303A092AF4D90D911F00591C50E60C9BD0
:10477000B87804CB0237D143C9170A400D920C9385
:10478000791C45E6102330009843113318438023E9
:1047900080463000DB0018401E4200D1C0E6434690
:1047A0000693082305930D9B220004931023039383
:1047B000002302935B4601931AAB00930A99534678
:1047C0000B98FEF7F1FF0C950400FAE50139D4E6E9
:1047D00080231B011E433EE720231E4353E708238B
:1047E0009C4600230F9308339B4680233000DB0058
:1047F00018401E4200D11AE10D2331009943802355
:104800000A009B001A409146194200D0C3E1802360
:104810000A005B001A4090460C9A04320F9219422B
:1048200000D08FE24B0600D597E10B0600D4E5E2FD
:104830000C9B1B8899464B46002B00D005E2103399
:104840009943002800D100E2002398460D9B069171
:1048500004935B4603930023059502934346D9E0F6
:10486000582808D0622878D102239C4600230F9351
:1048700002339B46B9E720231E43103B9C4600238E
:104880000F9310339B46B0E702231A0032400C927C
:10489000334200D105E20C934346B9460B9E0A9F72
:1048A000A8461D1B2200534639000134B047285D3D
:1048B0000028F7D145464F469EE680231B011E4344
:1048C00020231E43C7E662460D9242469B1A0F9371
:1048D0006AE6C0239B00B8781E43F91CB9E5C023E3
:1048E000B8781E43F91CB4E5012D00D84AE1631ED7
:1048F0009946A9444B4652462600A146BA461C009A
:104900001700A8460B9D32003B00013620200A9973
:10491000A847A642F7D13B0057469A464C460C9B07
:10492000320018780A9953460B9D4444A84767E61D
:10493000A0460F9B9D4200D862E62C190B9E45466F
:10494000B8460A9FE41A2A00534601353900202050
:10495000B047A542F7D1474652E680233200DB003C
:104960001A4090461E4200D1F3E011218E43B44616
:104970009846802362469B001A40934662461A423C
:1049800059D180235B001A4091460C9A04320F9251
:1049900062461A4200D0A0E163465B0600D5D4E02F
:1049A00063461B0600D412E20C9B00229B5ED817C4
:1049B0001918414089B2DA0F0C92002B00D187E11F
:1049C00088461F2612ABBB461495F71845464E463F
:1049D000E046A14606E028000A21FDF74FFF05004A
:1049E000202E08D00A212800FDF748FF013630317B
:1049F000B955092DEFD84C46C446B1465F46149DC3
:104A0000634606930D9B059504930A2303930C9B21
:104A100002934B4601931AAB220000930A99534626
:104A20000B98FEF7C1FE0F9B04000C93C9E40C2306
:104A300031009943E3E60822072191460C9B073396
:104A40008B4399444A460ACB08000C92DA0F9346EE
:104A5000184300D085E0002399464346002B2FD110
:104A6000002200231092119300231F26994612ABB7
:104A7000F6185B461495BB46E04637000F934E464A
:104A8000A146109C119D05E0FD36001004000D00AC
:104A9000202E0CD00A22002320002900FDF72CFF35
:104AA00001363032BA55002DF0D1092CEED80F9BCB
:104AB000109411955F464C46C446B1469B46149DE2
:104AC000634606930D9B059504930A2303935B4667
:104AD00002934B4601931AAB220000930A99534666
:104AE0000B98FEF761FE04006BE40F9B9D4200D81B
:104AF00096E18023DB000C930F9B2E19F61A434698
:104B00000F930D9BA84699465346BA461F000B9D2E
:104B100022003B00013420200A99A847B442F7D173
:104B20000F9B454698464B460D933B0057469A4689
:104B300043461878002800D162E56B1C0F930C9B4C
:104B4000002B00D1A8E600233DE50C9B1B78190043
:104B500031E710239E43B4460BE70C9B1B78994624
:104B600069E6DA17129213924A401092129813993A
:104B70000A005A401192109A119B121A8B411092FE
:104B8000119371E70C9B220018780A9953460B9CED
:104B9000A047444634E50822072690460C9B07337D
:104BA000B343984442460C921A685B681492089387
:104BB0001300089A134305D11033994300239846F4
:104BC000002838D161208B0600D5412000231F2604
:104BD00098465A4612ABF618030018920F9A0A3BF1
:104BE000B1461695179419974446664690469B46DB
:104BF000149F089D159103E007000D00202C13D091
:104C00003200002338002900FDF776FE5B46D2B261
:104C1000D318092A01D8130030334A4601341355FA
:104C2000A845E9D1BE42E7D9189BA0469B461599F5
:104C3000169D179C199F0D9B069104935B46039349
:104C4000002305950293434644E761208B0600D577
:104C500041201F2612ABF21803000A3B0C934B466F
:104C60004646A146A8461C005D461491BB46170067
:104C700002E00400202E0DD029002000FDF7FEFDEB
:104C80000C9BCB18092901D80B0030330136BB55DA
:104C9000AC42EED25F464C46AB4614994546B04610
:104CA000D4E50F9B9D4200D926E701330F93F3E52E
:104CB000102332009A439446692800D0A2E0802352
:104CC0003200DB001A4090461E4200D151E64CE60D
:104CD0004346002B00D093E673E60C9B1B68DA0F6B
:104CE000002B70D0D9175B184B4098461F2612AB8B
:104CF000F618A14614955C464546BB46E04637008B
:104D00000C9206E028000A21FDF7B8FD0500202CD2
:104D100008D00A212800FDF7B1FD013430313955A2
:104D2000092DEFD85F46C446A3464C46149D0C9A05
:104D3000634606930D9B059504930A230292039301
:104D40005B4667E60C9B1B689846002B03D110332B
:104D5000994300282DD161208B0600D541201F26C4
:104D600012ABF61803000A3B4A460C9314914346D3
:104D70003100A846A1465E461400BB461D000F0048
:104D800002E00500202C0DD031002800FDF776FD53
:104D90000C9BCB18092901D80B00303301343B554B
:104DA000B542EED223005F464C464546B34699468F
:104DB00014990D9B069104935B460393002305957C
:104DC00002934B4626E64346002BB1D18EE70C9B5F
:104DD0001B68D81719184140EDE580233200DB002D
:104DE0001A400F921E420FD00230020032400F9242
:104DF000304219D00023A0460F939AE50C9B1B6804
:104E0000994618E516009BE402231A0032400C92E2
:104E1000334200D08CE5002D00D06DE6FFF7F0FBAB
:104E200001330F93FFF7D0FB0C93F4E784460CB4E7
:104E300000B585B006AB0A0002CB0548039300938A
:104E40000B006146FFF796FA05B008BC02B01847A0
:104E5000F536001000B585B0039101210290009352
:104E6000034813004A4202A9FFF784FA05B000BDC7
:104E70009139001010B5094A0300146884B0002C61
:104E800008D0012200910648524203A9A047012000
:104E900004B010BD00F080F90020F9E7081C0020E4
:104EA0008139001000BEFDE77047C04610B5FFF71E
:104EB000F9FFC04670B5FDF795FB074D074EB542AB
:104EC00009D20024013E761BB608013608CD013414
:104ED0009847B442FAD170BD347900103879001087
:104EE000030010B5080011001B68984710BDC046AC
:104EF000F8B5437D07000D001600002B38D0002ABE
:104F00001ADD0B780A2B18D00020012E09D00124BD
:104F100021006B5C01340A2B1AD0B442F8D18642CE
:104F200003DD311A3B6828189847AD19013D2B78ED
:104F30000D3B5A4253413B75F8BD037D002BE3D135
:104F400002210E483B689847012EEED00120DEE793
:104F50006B1E5B5C0D2BE0D0884203DA091A3B68BC
:104F600028189847054802213B6898472000D4E755
:104F70000368110028009847DEE7C046007E001055
:104F8000F8B50B680D005A1CCB180A601871802AFE
:104F900000D0F8BD0E4B1C68002C15D00D4E0F1D17
:104FA00002E02469002C0FD02368002BF9D033686D
:104FB000002B01D0A342F4D1200039002A68FFF76A
:104FC00097FF2469002CEFD100232B60E1E7C04656
:104FD000FC17002004180020F0B54646D6464F4680
:104FE000C0B582B090461C0006000D00FDF798F891
:104FF00000232F4A12184B41002B02DA01222D4BBD
:1050000052422D4908008A4602F036FC81466B1C4C
:1050100003D1300002F0E0FB0500002C27D0274F21
:10502000274B1C68002C18D04346002B21D1254B60
:10503000984602E02469002C0FD02368002BF9D099
:1050400043461B68002B01D09C42F3D120002A006C
:105050003100B8472469002CEFD14B46002B23D1F7
:10506000280002B0E0BCBA46B146A846F0BD164FD3
:10507000D6E7144B984602E02469002CEDD0236853
:10508000002BF9D043461B68002B01D0A342F3D17B
:105090002A0031002000B8476B460A222000DA714E
:1050A000D91D093AB847E7E7504602F0FDFBD7E7BC
:1050B00040420F00FFFFFF7F38100020F14E00102C
:1050C000FC17002004180020E14E00100A4A136863
:1050D000002B05D10CE01A001B691032002B07D001
:1050E0008342F8D1002902D1186910601961704714
:1050F0000029FCD01060FAE7FC17002010B500F082
:1051000067FA10BDF0B5CE46474680B583B06B4612
:105110000600DD1D2870FDF703F80023194A121858
:105120004B41002B02DA0122174B5242174908006B
:10513000894602F0A1FB164B80461C68002C14D057
:10514000144F02E02469002C0FD02368002BF9D003
:105150003B68002B01D09C42F4D1200001222900A1
:10516000FFF7C6FE2469002CEFD14346002B05D182
:10517000300003B0C0BCB946B046F0BD484602F0AE
:1051800093FBF5E740420F00FFFFFF7F3810002040
:10519000FC1700200418002070B5040002F01CFB6E
:1051A00001230100050001222000FFF715FF084B35
:1051B0001C68002C06D06368002B05D09847246932
:1051C000002CF8D1280070BD2469002CF3D1F9E738
:1051D000FC170020F0B5CE46474680B5A3B00400CA
:1051E0000E00FCF79DFF0023264A12184B41002BAE
:1051F00002DA0122244B5242244802F03DFB0023F4
:105200002200019380463300214801A9FFF722FEC6
:10521000204F019B81463C68002B19D0002C2FD0D9
:105220001D4E02E02469002C0FD02368002BF9D01A
:105230003368002B01D0A342F4D12000019A02A9C7
:10524000FFF756FE2469002CEFD100233C68019340
:10525000002C06D06368002B0CD098472469002CE2
:10526000F8D14346002B07D1484623B0C0BCB9460D
:10527000B046F0BD2469EBE7044802F015FBF3E704
:105280000194EEE740420F00FFFFFF7F381000203F
:10529000814F0010FC170020041800200FB400B547
:1052A00083B004A901C90191FFF794FF03B008BCC2
:1052B00004B01847024B1860024B19607047C04693
:1052C0009C170020A017002010B5024B1878FCF79F
:1052D0009BF810BD321D0020154B70B51A68002ACE
:1052E00022D0EFF3108172B610680028FCD0BFF313
:1052F0005F8F00200F4A596010701B68BFF35F8FEB
:10530000186081F31088002400250B4E3078FCF7DC
:105310006FF8002804D1002400252900200070BD6A
:105320003078FCF771F8F8E7FA240025A400ECE7E0
:10533000181C0020331D0020321D002070B5050010
:1053400000200E0001F078FB002834D0002001F08E
:1053500089FB00282FD0FCF7E3FE0023174A121820
:105360004B41002B16DB164C200002F085FA00287A
:1053700021D0002001F060FB00280FD10120002186
:10538000404200F089FD03256D42200002F08CFAB6
:10539000280070BD01220B4B5242E4E7002001F0CF
:1053A00061FB0028EAD029003200002001F064FBF4
:1053B000051EEAD1E7E703256D42E9E740420F0009
:1053C000441C0020FFFFFF7F10B5FCF7A9FE00235F
:1053D0000D4A12184B41002B02DA01220B4B5242AC
:1053E0000B4802F049FA00280CD00120002140426D
:1053F00000F052FD002001F083FB0028F5D10448A5
:1054000002F052FA10BDC04640420F00FFFFFF7F7E
:10541000441C0020F8B5CE46474680B505000C0078
:10542000FCF77EFE0023344A12184B41002B02DAAF
:105430000122324B524232490800884602F01CFADF
:10544000002803D1C0BCB946B046F8BD002001F029
:10545000F3FA002848D00026002C41DD294B99465C
:1054600013E0A919002001F087FB070001200021AB
:10547000404200F011FD002001F042FBFCF750FE1D
:10548000204BF61903C3B4422ADD002001F094FB3F
:10549000A71B0200B84200DD3A00002AE1D101203A
:1054A0000021404200F0F8FC002001F029FB002020
:1054B00001F0C2FA002813D0002001F07DFB002883
:1054C000E1D1FCF72DFE4B460F000CCB00218446AA
:1054D0000D4812184B419F4202D8D4D19445D2D9DD
:1054E000404602F0E1F9ADE700200021054B03C37F
:1054F000404602F0D9F9A5E740420F00FFFFFF7FC9
:10550000441C00208812002020A1070030B5002193
:1055100085B0284802F098F900281CD1264B1A685B
:10552000002A16D0EFF3108172B610680028FCD064
:10553000BFF35F8F01242148596002781B68D2B203
:105540000470BFF35F8F0020186081F31088002A79
:1055500017D005B030BD01200021404200F09CFC76
:10556000002001F07FFA0500124802F09DF9002D9D
:10557000EFD0134B1B68002BEBD0124A10689847F2
:10558000E7E7FCF72DFB0400FCF7CAFDFA22002335
:10559000920012184B41002B02DA01220A4B5242B0
:1055A0000121029100210191084920000091FCF79E
:1055B0001BFBCEE7441C0020181C0020331D0020DC
:1055C0009C170020A0170020FFFFFF7FD95200107A
:1055D000D02310B51B0684B01C68FCF701FBFCF758
:1055E00001FCA04202D0002004B010BD284B0021D5
:1055F00000201B7801F0A6FC26480368002B44D04D
:105600000120FCF785F8FF23234C24492070184023
:10561000FBF712FF20780121FBF7D8FE0520FBF7EE
:10562000FBFE002824D1082200211D48FEF756F871
:10563000FCF7D6FA0400FCF773FDFA22002392006F
:1056400012184B41002B02DA0122164B5242012163
:10565000029100210191144920000091FCF7C4FA45
:105660000028C0DB11480121FFF730FD0120BBE716
:105670000120FBF769FE01000948FCF7A9F80022A8
:1056800005200B49FBF702FFECE7FCF785F8B7E7CD
:1056900060800010441C0020321D00200D550010B9
:1056A000181C0020FFFFFF7FD9520010F00F0020D0
:1056B000C9520010004870477C7E001000487047B7
:1056C000287E001010B5040016480378002B20D067
:1056D000002C06D1144B15484380063BFF3B03804A
:1056E00010BD052C1CD8124BA400E4580F48012310
:1056F000811C013C04E001330A800231142B0CD0E0
:10570000E25C002AF7D1C022DBB25B0092001343B7
:10571000E5E7112100F016F8DAE7CA239B00DEE77F
:105720000020DDE74C1C002009040000D4170020F5
:10573000107E001010B5024800F0F4F810BDC0460D
:10574000301C002030B5012900D1BBE0744B013979
:105750001A78121114003034092A00DDB5E0047003
:10576000012900D1DAE00F221C78224014003034E5
:10577000092A00D9ACE04470022900D1CEE05A7861
:105780009446121114003034092A00DDA3E084701D
:10579000032900D1C2E064460F22224014003034B5
:1057A000092A00D99AE0C470042900D1B6E09A7899
:1057B0009446121114003034092A00DD91E004717E
:1057C000052900D1AAE064460F222240140030349B
:1057D000092A00D988E04471062900D19EE03025CD
:1057E000AC46DC7822119444092A00DD7FE0624651
:1057F0008271072900D191E00F2222401400303439
:10580000092A00D977E0C471082900D186E0302543
:10581000AC461C7922119444092A00DD6EE06246F0
:105820000272092900D179E00F222240140030349D
:10583000092A67D844720A2900D16FE03025AC46A6
:105840005C7922119444092A5FDC624682720B293A
:1058500064D00F22224014003034092A59D8C4726F
:105860000C295BD03025AC469C7922119444092A3E
:1058700002DD0735AC469444624602730D294DD0D3
:105880000F22224014003034092A01D93732140083
:1058900044730E2942D0DA7913111C003034092BDD
:1058A00001DD37331C0084730F2937D00F231340D9
:1058B0001A003732092B01D830331A00C27310296D
:1058C0002CD010300023037030BD3732140046E76F
:1058D000373214004FE73732140058E737321400DC
:1058E00061E7373214006AE73732140073E707358F
:1058F000AC4694447BE73732140084E70735AC4666
:1059000094448CE73732140094E70735AC4694444E
:105910009BE737321400C4720C29A3D14018D1E799
:10592000301C002010B588B004000D22002168460C
:10593000FDF7D4FE0D22002104A8FDF7CFFE6A4634
:105940004B236846137004A900230D2201F09CFF2D
:105950001521082220006944FDF7C6FE08B010BDDD
:105960007047C0460022014B1A707047301D00205E
:105970004B790020FF2B0BD18B79002B08D1CB79F1
:10598000012B05D1082A03D9024B8A7809301A70F5
:105990007047C046301D00200120704710B5012916
:1059A00013D115495379107909781B02034300205C
:1059B000994200D010BD5378012B08D0022BF9D1A9
:1059C000642200210020FCF757FD0120F2E7D17886
:1059D00093780902194380230A005B001A40194298
:1059E00006D00A06D20F480A03231940FCF7CCFD63
:1059F00001204042F8E7C046301D002000487047B3
:105A0000387F00109446012310B501290AD152783D
:105A10000023012A06D162461179527912020A4303
:105A2000072A01D0180010BDA6336146024A00F0D3
:105A3000EBFE0300F6E7C046907E001001230370E2
:105A4000004870475C7F00104B780A781B021343B4
:105A50008A7810B512041A43CB781B06134396229A
:105A6000D200934200D010BD00220120110040421C
:105A7000FCF78AFDF8B500F03BF90C23194DFF2225
:105A8000AB6705201849FBF701FD184C40220021A7
:105A90002000FDF723FE4027002301262121144A80
:105AA00066702783A260136063545F316184453957
:105AB0006354104A10496360E2602787A1620B605B
:105AC0006362E26201F000FF80239B052E64EB64B9
:105AD00090230A4A0120EA508022094B5202DA64DC
:105AE000F8BDC04600001150C10400200818002075
:105AF00084001050000110508000105010D00100A0
:105B00000020115010B501210520FBF75FFC10BDEE
:105B100010B500220021024800F00AF910BDC0466D
:105B200028180020044B1970002904D080219023EC
:105B3000024A8902D1507047291D002000201150CF
:105B40000B785B0600D070474B78052BFBD18A7829
:105B5000014B1A60F7E7C04600001150F8B5CE4679
:105B60004746CB7880B59B079A0F1000012A58D082
:105B70008C780A794B797F211B022140E509134378
:105B80004A0091462C4E52195201B21894700124C9
:105B90006C40547000245B055B0DD4701383D07689
:105BA000CA00012D2CD0254FD2198F01BC46B44418
:105BB0006746BA60146000292CD0214AC9008918B0
:105BC00079603F339B09022832D09A014B461D4C25
:105BD0005B1921685B01F6181B4B8A18F160226083
:105BE0009A4227D8194A83064A4013438022120654
:105BF0001343726813600120C0BCB946B046F8BDBB
:105C0000134FD2198F01BC46B4446746BA62146080
:105C1000002908D100236D0175196B600D4BEB60F5
:105C2000E9E70020E8E7094AC90089187962C8E76E
:105C3000DA01CBE7FCF7D0FC0818002084001050F4
:105C400004001050141C0020FF0F105000001050D2
:105C5000800010500001105010B501F035FE10BD4D
:105C60007F2010B508404000C90940181100044ABF
:105C7000400180181A0000F05BF8012010BDC046FA
:105C8000081800207F23180000B5084083B00B429D
:105C900004D14B424B41084A013393668022C90923
:105CA0004000064B401840010021C018120101F0CD
:105CB000D3FD03B000BDC0460020115008180020DD
:105CC0007F22130010B50B400A4200D110BDC90954
:105CD0005B005B1804485B01C018002300220349E5
:105CE000C37001F0B9FDF1E708180020FFF7FFFFCE
:105CF00080220A4B520410B51A60094B09491A60F8
:105D000010000B689843FBD1802200215201064805
:105D1000FDF7E4FC0922054B5A6710BD00E0004086
:105D200000F0004008C0004000001050000011507A
:105D3000002310B5C382013382828376016104009F
:105D400001F0BAFD002804D080219023074A89027F
:105D5000D150200001F0A0FD002802D001232377BC
:105D600010BD200001F0C0FDFAE7C0460020115030
:105D70007047C0467047C0460020704700207047FB
:105D80007047C0467047C0467047C0467047C0461F
:105D9000024B5878431E9841C0B2704780150020CE
:105DA000024B18784007C00F7047C046801500208E
:105DB000F0B5D6464F464646C0B52C4B8146984670
:105DC0001B788A46FF2B4BD100293BD0002154225F
:105DD0002748FDF783FC0022264C274B20001A7031
:105DE000FBF7DAFC254B1C60254C2000143CFBF72C
:105DF000E1FC200001F098FB224B234D1C60234B5B
:105E0000002B04D02800FFF719FE214B1860002456
:105E10002B78204F1E4E0DE0336862019B18002B3B
:105E200010D05B68002B0DD0984701342B78E4B27A
:105E3000A34209D3A342EFD8E31A5B01DB195B68E5
:105E4000002BF1D100200CE042464B46514648461B
:105E50001370FFF70FFE0028F4D04846FFF752FEFC
:105E60000120E0BCBA46B146A846F0BD241000208F
:105E700080150020781500202A1D0020D415002050
:105E80001C100020D8150020281D00203D5A0010AD
:105E90009814002024800010F0B5DE4657464E4688
:105EA0004546E0B5C84B91B003931B78FF2B00D15A
:105EB00042E1C64BC64E1F00C64B0DAC0293C64B0B
:105EC000019335686A69EFF3108172B61368002B8D
:105ED000FCD0BFF35F8FA9612800210001F05AF9BF
:105EE0006A69AB69BFF35F8F0021116083F310888B
:105EF000002800D120E16378082BE2D89B00FB58F2
:105F00009F466368002BDCD0A0689847D9E77F22C2
:105F10002179B04D0A405300EB189846C8098044D7
:105F200040460123303005799D43057105790333DF
:105F30009D430571002A00D105E14346A74A1B7D18
:105F40001278934200D3F5E0A54A5B011568ED187D
:105F5000002D00D1F0E0A36862792078AD69A847F0
:105F6000AFE7A04B1A78002A00D1E5E01A78013A91
:105F70001A701B78002BA4D10122964D01212B7899
:105F8000042013432B703423EA5C8A43EA54EA5C0E
:105F90008243EA540133EA5C8A43EA54EA5C82436E
:105FA000EA54237800209B4600F088FC6022237985
:105FB0001A40602A00D1F1E0402A00D1F7E0DB0668
:105FC000DB0E012B00D115E1022B00D1CAE0002B22
:105FD00000D0E3E0202A00D111E2002A00D0DDE069
:105FE0006379092B00D9D9E07F4A9B00D3589F469B
:105FF000784D2B78DB0700D463E7FFF7C7FE60E737
:10600000029BDB78DB0700D45BE76068FFF7B2FE3A
:1060100057E7704D2B78DB0700D452E7287800074C
:10602000C00FFFF7B1FE4CE723786B4A99469346C1
:106030006A4B6B4A984692463A00002547461B78C1
:10604000B0464E4691460EE053461B686A019B18C7
:10605000002B00D17DE0DB683000984701353B78AC
:10606000EDB2AB420CD3AB42EED8EB1A5B015B4412
:10607000DB683000984701353B78EDB2AB42F2D295
:10608000544D542200212800FDF728FB1022FF2147
:10609000281DFDF723FB28002022FF21143046464F
:1060A0004F46FDF71BFB00F0FFFB2379AB7008E7C1
:1060B00023784B4A9946494B924698463200BB4654
:1060C0004E460025474691461B780DE053461B6817
:1060D0006A019B18002B40D0DB68300098470135DF
:1060E0003B78EDB2AB420DD39D42EFD3019AEB1A50
:1060F0005B01D318DB683000984701353B78EDB27F
:10610000AB42F1D2029D542200212800FDF7E6FAAD
:106110001022FF213548FDF7E1FA28002022FF2157
:1061200014304E465F46FDF7D9FA00F0BDFBFFF78D
:1061300029FEC6E6934213D011B0F0BCBB46B2466E
:10614000A946A046F0BDA3686279207800F0CAFB9A
:10615000B7E646464F461F4DA5E74E465F46E4E785
:106160001D4DF8E67023217A0B4217D1C8098246EB
:106170000F330B405B0098461848EB1853441B7DC7
:106180000078834264D216485B01006881469944D6
:10619000002A00D155E14B46002B61D12078002127
:1061A000FFF770FD80212078FFF76CFD89E610482D
:1061B00000F084FB012158460EAAFFF723FC0028BB
:1061C00000D07EE6EAE7C046241000207C7F001065
:1061D000D81500208015002024800010281D0020E4
:1061E000981400202A1D0020A07F00108415002094
:1061F000055A0010237A22890F2BCFD8FF23134092
:10620000D14AEB181B791278934234D3C6D1CF4DC3
:10621000686900F053FB012158466B690EAA984744
:10622000002800D04DE66022150023791D401A4257
:10623000B4D163790A3B012BB0D800F03FFB6379FE
:106240000A2B00D18AE158460EA900F0C7FA38E6B9
:10625000834200D0F0E0BD4B9946002A00D1F0E027
:106260004B46586900F02AFB4B46012158465B69B2
:106270000EAA9847A3E7B64A5B011568ED18002DF2
:10628000C6D18BE7A37999466B789945DBD06B78BB
:10629000002B00D02CE14B466B70002B00D124E189
:1062A00048460138C0B2FFF709FA002800D174E16E
:1062B00043780793022B00D06FE10122C179B146E8
:1062C0008B11491113400A40302112015B01134325
:1062D0002A78A8468A4313432B7009239A4682449E
:1062E0005646BA46C37882781B021343C3180593F7
:1062F000954B0493954B0893954B0993954B0A93B3
:10630000059BB34200D84BE1737801220B2B03D1DC
:106310003378F278F6187378042B00D03AE1059BB5
:1063200000279B1B9BB20693049B0B921D7819E0E0
:10633000099A7B011568ED18002D00D12AE1310082
:1063400058462B69069A98478446082803D9069A26
:10635000824200D30BE1049B01371D78FFB2BD429E
:1063600000D217E1BD42E3D8089B7D1B6D015D198A
:10637000E5E76B780CAA02321370584601230EA988
:1063800000F042FA9DE5E088030AC0B20F2B00D965
:1063900004E771499A008A5897460EA800F094FACB
:1063A0005846A179FFF7B4FB02222B7813432B70D8
:1063B00087E5E388012B00D0F0E608222B785846C9
:1063C00093430EA92B7000F009FA7AE50220297890
:1063D0000CAB9A1C8B068908DB0F01400B43138022
:1063E000584602230EA900F00FFA6AE5E388012B54
:1063F00000D0D3E608222B7813432B7023E7237AAF
:1064000022890F2B00D9C9E6FF2313404E4AEB180F
:106410001B791278934228D24D4A5B011568ED181A
:10642000002D00D1BAE6686900F048FA012158460B
:106430006B690EAA9847C2E6002A00D0AEE6002398
:10644000994662790220130004928343012B11D0F4
:10645000002A00D0A2E62B004344534430331B797A
:106460000CAA9B07DB0F0232B9E7934200D095E6F6
:10647000364DD8E7E388002B12D1039B1878049B94
:10648000012B23D0FFF7FEFB43460221EB185344B8
:1064900030331A790A4301211A711A790A431A71A1
:1064A0004B46002B00D10CE5586900F007FA4B462B
:1064B00001215B690EAA58469847002000F0FEF9BA
:1064C0003523EB5CDB0700D5FBE4BCE6FFF7F8FB0C
:1064D00043460221EB18534430331A798A431A7128
:1064E0001A7904998A431A71DAE7FFF74BFCAAE696
:1064F00000215846FFF716FB5846FFF7ADFB002278
:106500009246124AAB780592114A049306922A00E9
:106510000D4B5546984692461B780EE0069B6A0145
:106520001B689B18002B54D0DB685846984743469D
:1065300001351B78EDB2AB4237D3AB42EED8059AAA
:10654000EB1A5B01D318EFE7281D00202480001010
:106550009814002094150020C87F00100CAB9A1CE2
:10656000584601230EA9157000F04EF9A9E40B9AC4
:10657000012A4CD0002A3CD00023B07804E001333B
:10658000DBB20F71934234D2C118C9B241440D79C4
:10659000FF2DF4D04E464546574600236B70FDE56F
:1065A0004E465746FFF7ECFB4DE655465422002178
:1065B0002800FDF793F81022FF21281DFDF78EF823
:1065C00028002022FF211430FDF788F8049BAB70CF
:1065D00061E65546FAE7FFF711FA021E00D1DDE544
:1065E000D37891781B020B4358460EA900F00CF9A2
:1065F000E5E565463B0031002A000A9800F046FDBB
:10660000049B76191B78BB4200D379E6C2E7174B8F
:1066100029699942B0D1079AAEE7FFF7ADFB021E98
:1066200000D1BBE5584613780EA900F0EDF8C6E599
:106630002189FFF747F8021EF4D1AFE5022B0FD0F6
:10664000FFF79CFB021ECBD1A8E5FFF733F8021E33
:1066500000D1A3E5122358460EA900F0D5F8AEE507
:10666000FFF72CF8021EBBD198E5C046B56C0010B0
:10667000F0B54F464646D646C0B50C0016001F0082
:1066800082B0002A3AD0702398461D4B00259946C7
:106690001C4B9A461AE04B461B7820000193534648
:1066A000997800F0B9FC00281CD021000198FFF770
:1066B00055FA002816D0A378DA09012A19D00A9AC7
:1066C00001351370B54219DA2378E4186378052B85
:1066D00008D1E3789B079B0FBB4203D14246A378C6
:1066E0001A42D8D0002002B0E0BCBA46B146A84653
:1066F000F0BD0B9A01351370B542E5DB0120F2E7DE
:106700002410002080150020702270B58B780C00BA
:106710001A4201D0002070BD064B20001D78064BA8
:10672000997800F079FC0028F4D021002800FFF7C8
:1067300015FAF0E724100020801500207F20074B79
:1067400010B51A680840CB0934334000C018044B18
:106750001100C01800F01CFC10BDC046D41500206C
:10676000801500207F20074B10B51A680840CB0920
:1067700034334000C018044B1100C01800F030FC46
:1067800010BDC046D41500208015002070B57F24B0
:10679000C80984460C400F4864000419644430342E
:1067A0002079C00701D5002070BD0B480125007875
:1067B00084462079284320716046FFF751FA00286B
:1067C000F2D1012223799343237123790332934336
:1067D0002371E8E7801500202410002070B5094CD3
:1067E0000600082220000D00FCF77EFF0023802118
:1067F000E360A3602B783000994300220023FFF769
:10680000C5FF70BD60150020F0B5C646244C1700CA
:1068100080460822200000B50D001E00FCF764FF32
:106820000023A760E381EB79AA791B0213431A1CAA
:10683000B34200D9321C96B2A281002B0CD0002E9C
:1068400015D0002F2AD0402E1AD8237896B27F2B4D
:106850001BD80021134A0EE080212B780022994397
:1068600040460023FFF792FF80BCB846F0BD7F236F
:1068700000222178994333004046FFF787FFF3E772
:106880004022237896B27F2BE3D9064C32003900A0
:106890002000FCF729FF80212200ECE70020E3E73D
:1068A000601500202015002010B514220021024898
:1068B000FCF714FF10BDC04660150020014B1861A5
:1068C0007047C0466015002010B5054C0100082235
:1068D0002000FCF709FF0023A360E36010BDC04661
:1068E0006015002070B5374C1D0023780600DA09CA
:1068F000C9098A4210D00020002D00D070BD2100AF
:106900003000FFF71DF92369002B03D0220003217B
:10691000300098470120F1E77F2B06D8A0680028B7
:10692000ECD02A002849FCF7DFFEE289A168521961
:10693000E38892B24919E281A160934214D03F2DBD
:1069400012D9A389981A051C80B2402828D820782B
:10695000ADB27F2826D800219A4230D01A4A2B00A7
:106960003000FFF713FFC9E72369002B05D0220091
:10697000022130009847002808D080212378002287
:10698000994330000023FFF701FFB7E700213000F3
:10699000FFF778F930008021FFF774F90120ADE7A7
:1069A0004025D4E79A4207D0074C2A002000FCF784
:1069B0009BFE80212200D2E780210022CFE7002227
:1069C000CDE7C046601500202015002070B50400FA
:1069D000FFF7DEF9002800D170BDFFF7E1F90028CC
:1069E000FAD1C8236343124A2500D418E17800295C
:1069F000F2D010339E18300000F0B6FB3F28EBD9E0
:106A00000020E178FFF79AFE0028E5D0300000F082
:106A1000ABFBE1783F2807D9064BEA01D2180020EA
:106A20004023FFF7B3FED7E70020FFF79BFED3E735
:106A3000401000209C14002010B50400FFF7A8F9B6
:106A4000002801D1002010BDFFF7AAF90028F9D1D4
:106A5000C8226243024B01309B181B791840F2E7B1
:106A600040100020C82310B543430248181800F016
:106A70005DFB10BD50100020F8B5C82343431D4DE9
:106A80001033EE18802304005B029A4200D31A4AA6
:106A9000300092B200F0CCFB0700FFF779F9002834
:106AA00001D13800F8BDFFF77BF90028F9D1C823E0
:106AB0006343ED18EB78002BF3D0300000F054FB6B
:106AC0003F28EED90020E978FFF738FE0028E8D00B
:106AD000300000F049FBE9783F2807D9074BE20175
:106AE000D21800204023FFF751FEDAE70020FFF71D
:106AF00039FED6E740100020FFFF00009C14002064
:106B0000F8B50400FFF744F9002801D10020F8BDD2
:106B1000FFF746F90028F9D1C82325005D432B0073
:106B2000134E2433F718380000F000FB0028EDD096
:106B300075190020A978FFF701FE0028E6D00D4A5C
:106B4000E3019C1821004022380000F071FBA97875
:106B50000300051E07D022000020FFF717FE0028C3
:106B6000D4D02800D3E70020FFF7FCFDCEE7C046D5
:106B700040100020DC14002070B5C82444430C4BA6
:106B80000500E41880235B029A4200D3094A2000E2
:106B900092B200F015FC0600200000F0C7FA3F2872
:106BA00001D8300070BD2800FFF7AAFFF9E7C04602
:106BB00064100020FFFF0000C82310B543430248C3
:106BC000181800F0D1FA10BD64100020F0B50025AF
:106BD000184C83B0C82200212000FCF77FFD164B23
:106BE00021001D70FF236371E1235B02A36020007D
:106BF00008234022A37338310095073B103000F082
:106C00005FFA27000123210020002600402278316E
:106C10000093B837243000F053FAC0363800FAF742
:106C2000BBFD3000FAF7B8FDE561276226636563B6
:106C300003B0F0BD401000201C1500200A4B196B5A
:106C40001A6A00290CD0002A07D00022DA615A63A0
:106C50001A6300221A62012070475A631A63FAE726
:106C6000002AF8D0D961F4E74010002070B5052261
:106C700000210D48FCF732FD0C4D2B78DA0707D5C3
:106C80000B4C9B070CD50121200000F06DFC70BD62
:106C90000548103000F048FC2B78054C9B07F2D4D7
:106CA000200000F041FCEEE7401000201C15002001
:106CB00064100020F0B54B79070083B0022B02D19D
:106CC0008B79022B03D00024200003B0F0BD214BB0
:106CD0001E009B78002BF6D18B78092433700D7839
:106CE0004D196B78242B07D00CE02B78ED181C196C
:106CF0006B78A4B2242B05D1A242F6D20020FFF774
:106D000065FEE1E71A00052B15D0042AF6D16B7950
:106D10000A2BF3D1104B2E780193013300933800E6
:106D20000223A919023AFFF7A3FC0028CBD00E34A6
:106D3000A419A4B2E2E729003800FFF7E5FC002817
:106D4000C1D0AB7873702B781C19ED186A78A4B297
:106D5000DBE7C046401000204210002060238C4634
:106D60001100127870B513400022202B08D1324C4C
:106D70004B7926000D7924781B022B439C4201D0CD
:106D8000100070BD4B78222B1CD008D8202B39D096
:106D9000212BF5D16346012B43D00122F0E7232BB1
:106DA000EED16346012B42D0032BF6D1234B002BAF
:106DB000F3D08B78C97800200902194300E000BFA6
:106DC0000122DDE76346012B31D0032BE5D10125FC
:106DD000CB788A781B0213431C001D40330001212D
:106DE000243318006940347100F0BEFB144B002BB3
:106DF000D3D0012362081A402900002000E000BF20
:106E00000122BDE76346012B0BD0032BC5D10D4BEF
:106E1000002BC2D0310000200831FEF715FE012200
:106E2000AEE7094A0723FFF7EFFC0122A8E7FFF7C7
:106E3000D5FC0122A4E7C04640100020000000005D
:106E400000000000495A001048100020F8B54746DD
:106E5000CE4680B5344C1F00E37880460D008B424F
:106E60003BD0A37800208B4211D0C0BCB946B046BD
:106E7000F8BD2E4B002B04D02D4800F06DF90028F2
:106E80004FD00020FFF7A2FDA378AB420AD1294BD7
:106E9000002B02D0002000E000BF0020FFF730FEF2
:106EA000002801D00120E0E7234C200000F03EF94B
:106EB0000028F7D1002FF5D0BB06F3D1243C404683
:106EC000A178FFF73BFC0028ECD0002300224046CD
:106ED000A178FFF75BFC0120C7E7184E144831008A
:106EE000BAB200F06DFA164B002BC2D06379FF2BBB
:106EF000BFD0002FBDD0BC46B444E14603E001360C
:106F00004E45B6D0637932789A42F8D1084800F0FD
:106F100023F90028F3D1064B103B597900E000BF5C
:106F2000EDE700E000BFACE74010002000000000EB
:106F30005010002000000000641000209C1400206D
:106F40000000000000B5030083B0002910D000202D
:106F5000012B07D80A78002A04D00C48C25401201B
:106F6000012A01D003B000BD1800FEF721FFF9E7A8
:106F700001236A46002001A99380FEF719FF00282B
:106F8000F0D00122014B1A70ECE7C04674150020C6
:106F900070B5040023780800DB070E00DD0F002B1E
:106FA00016D123785B0701D5280070BD0121494225
:106FB00000F092FC2378DB07DD0F002B0AD1237849
:106FC0005B0708D40422237801251343237002E0D1
:106FD0000025E9E70025300000F066FCE4E7C04644
:106FE00070B50D00012104004942280000F074FC36
:106FF00023785B07DE0F002B04DB280000F054FC35
:10700000300070BD2378DB0704D404222378934337
:107010002370F2E70026F0E7437902791B0213435D
:10702000C2785B0592075B0D920F022A1AD0032AE1
:107030000BD00020012A07D102394A425141104A9F
:10704000891899424041C0B2704702394A1E9141A5
:107050000C4A4942114080220020D20089189942EE
:107060004041F1E7022904D0002040229A424041E9
:10707000EAE7054A981843425841C0B2E4E7C046DF
:10708000FF03000040FCFFFF00FEFFFF844688185E
:1070900030B51C00814206D24A78052A04D00A780D
:1070A00089188842F8D830BD7F228B781A40520068
:1070B0006244DB09D4540A7889188842ECD8F2E794
:1070C000F0B5C64600B598466B461E7E8023040088
:1070D0000F0015001B029A4226D8C068002803D072
:1070E0000121494200F0F8FB2069002803D001216A
:1070F000494200F0F1FB42465204F303520C1343A1
:10710000E3800023E06863812760A5802381002855
:1071100001D000F0C9FB2069002801D000F0C4FBB9
:10712000012080BCB846F0BD0020FAE70389418900
:107130009C4682889BB288B28C4507D31B1A9BB2AF
:10714000101C9A4200D9181C80B270475100091ACD
:107150005B189BB2F4E7C04603894089181A434282
:107160005841C0B27047C046038941899C46828815
:107170009BB288B28C4507D31B1A9BB200209A425F
:1071800001D9D21A90B270475100091A5B189BB20C
:10719000F4E7C04670B5040000690D00002803D074
:1071A0000121494200F098FB238962899C4698B2EC
:1071B00091B2A388944532D3421A92B2002A27D0C2
:1071C000934208D298422FD3C01A81B261818B4278
:1071D00003D8C91A89B28B42FBD9E28823685204CA
:1071E000520C514328005918FCF77EFA6189012599
:1071F0004A1C92B2A38891420DD900225B00D21A98
:1072000020696281002801D000F04EFB280070BD8B
:107210000025628992B25B009A42F1DBEFE75A00E7
:10722000521A821892B2C9E7C01881B26181CEE7C2
:10723000F0B54646D6464F46C0B5060000698A46B8
:10724000904682B0002803D00121494200F044FB5F
:1072500031897289B5888BB294B2914255D31F1B84
:10726000BFB2002F4BD0BD4205D2AB4252D25B1908
:107270009CB22F0074814346B8453ED89FB2A542C8
:1072800003D8641BA4B2A542FBD9F288316852042A
:10729000500C020062432B1B9BB289180190020024
:1072A0009F4225D943439BB21A0050469946FCF7AA
:1072B0001BFA5046019A7D1B6419544331684844B7
:1072C000A2B2FCF711FA7189B588CB199BB26A009A
:1072D000994216D99B1A30697381002801D000F0B9
:1072E000E3FA380002B0E0BCBA46B146A846F0BDA9
:1072F00050467A43FCF7F8F9E5E73B1CBEE7738993
:107300009BB26A009342E6DBE4E76F003F1BDF19A4
:10731000BFB2A6E75B1B9CB2ABE7C046F8B5040062
:10732000C0680F00002803D00121494200F0D4FAC0
:10733000258920896189A288ADB283B28EB2884244
:1073400028D39B1B9BB29A4209D8E679F60906D14D
:10735000E068002801D000F0A7FA3000F8BD2B004B
:1073600095421CD39B1A9BB29342FBD2E2882068C1
:107370005204520C53433900C018FCF7B5F96B1C8A
:107380009BB2A2889D4216D9002352009B1A012667
:107390002381DDE75100891B5B189BB2D3E7E288AC
:1073A00020685204520C53433900C018FCF79CF972
:1073B0000135A288ABB252009342E8DBE6E7C04653
:1073C000F0B54E464546DE465746E0B589460500CF
:1073D000160083B0002A6BD0C068002803D00121BA
:1073E000494200F079FA2F89EA79BBB298466B8955
:1073F000AF889BB2D2093DD1984562D27A00D31AA8
:1074000043449BB2BB4261D2FB1A1A1C9BB2B342EB
:1074100000D9321C96B2F31B01934346F3189BB27A
:107420009B46EA884446B84503D3E41BA4B2BC4259
:10743000FBD252043B1B570C3A00624328689BB2B4
:107440008018B34256D33A0049467243FCF74CF9D0
:10745000AB885B00D84501D89B4502DB5A46D31A5E
:107460009B465B4637002B81E868002821D000F05E
:107470001BFA1EE0BE422BD298454CD34246D21A8C
:1074800092B27900F01B921901908A42C5DBDA1999
:1074900092B29346921B92B29046934240D9434691
:1074A000591A8BB29846F3189BB29B46EA88B9E703
:1074B0000027380003B0F0BCBB46B246A946A04640
:1074C000F0BD4246D31A9BB2BB429DD30027CBE707
:1074D000002FC9D0CC46EA88F61B5104490C7143F1
:1074E00098468C44D919002389B2E1468B463E0068
:1074F000019397E77B439BB21A0049469A46FCF7F3
:10750000F3F84946019B2868E2187A43514492B245
:10751000FCF7EAF89CE77900CA1A424492B2B1E754
:107520009142BCDDC2E7C04610B50400C068002827
:1075300003D00121494200F0CFF92069002803D08F
:107540000121494200F0C8F90023E06863812381EA
:10755000002801D000F0A8F92069002801D000F02F
:10756000A3F9012010BDC04670B50400C0680D002D
:10757000002803D00121494200F0AEF9206900281B
:1075800003D00121494200F0A7F97F21E279EB0104
:107590001140E0681943E171002801D000F084F93E
:1075A0002069002801D000F07FF9012070BDC0469D
:1075B00001230121084A1360084A1360084A0800A1
:1075C00013689843FBD1074A116080214900136872
:1075D0000B42FCD07047C04600E0004000F0004085
:1075E00008C0004000C00440F0B54E464546DE46A7
:1075F00057468446E0B585B098460EAB91461A785A
:107600006346080019680023CB6601334860CB66E7
:1076100043460392002B4EDD01275E1E6346802405
:1076200057401A79A24680254C469202002010232A
:107630009146AD000194841B62426241019C3A4034
:10764000245C520222434C462243019C0A614A6B4D
:107650001342FCD052468A5801949146002A10D118
:10766000B04223D00022013091468045E3D16346E9
:10767000039A1A7105B0F0BCBB46B246A946A046B3
:10768000F0BD4A6D012293464A6B2A42FCD00A6E35
:107690005A460194002AE5D04C46002C03D0092319
:1076A0002340082BE3D001204042E0E7039A002A60
:1076B000D8D19346E8E70020D9E7C046F0B5D646D2
:1076C0004F4646468246C0B505200C00FAF728FE14
:1076D0000500600821004019FBF7D0F847003F186B
:1076E000060005213800FBF7C9F8A0461C4B321AEA
:1076F000040068009146401998452BD81949FBF7BA
:10770000BDF80130534600221B68DA66196804325E
:10771000514002320A408021490159180A604A4604
:10772000DA6101221C624F2F00D92209A0215A5090
:10773000DA6F310050400C4A00049A18000C1060B7
:1077400001222800DA66FBF799F8E0BCBA46B14698
:10775000A846F0BD0549FBF791F80130D2E7C046D5
:107760003F420F00809698007C10000040787D0119
:10777000104A70B5821A531E9A41072352429A4307
:107780000D4B10321A600D4B0D4C1A60150023681A
:107790009D432B1EFAD166240268FF340571D5661D
:1077A0001460633C8833FF3CD5639563D450FFF786
:1077B00085FF70BD2810002000E0004000F0004070
:1077C00008C0004010B582B06C46247C0094FFF7DE
:1077D0000BFF02B010BDC046030084469B070BD0D0
:1077E0000300032102E001330B4206D01A78002A7D
:1077F000F9D16246981A7047030019680C4A0D487F
:107800008A188A4302420FD15968094A04338A18F8
:107810008A43024208D15968054A04338A188A43C8
:107820000242F1D000E001331A78002AFBD1E0E7F0
:10783000FFFEFEFE8080808001B40248844601BCC9
:10784000604700BFB90E002001B40248844601BC65
:10785000604700BFC100002001B40248844601BC5B
:10786000604700BFED0B002001B40248844601BC14
:10787000604700BFB90E002001B40248844601BC35
:10788000604700BF6501002001B40248844601BC86
:10789000604700BF8902002001B40248844601BC51
:1078A000604700BFB10B002001B40248844601BC10
:1078B000604700BFD501002001B40248844601BCE6
:1078C000604700BF890B002001B40248844601BC18
:1078D000604700BFD103002001B40248844601BCC8
:1078E000604700BF9901002001B40248844601BCF2
:1078F000604700BF3D0C00200D2600103926001007
:107900001D280010CD360010C12E001009360010C1
:1079100045270010552600107526001089260010F6
:107920004917001091260010091B0010D5250010E2
:0879300085130010355700100B
:10793800534C5320434C415400000000537570725F
:10794800656D65204C69746869756D004F46462001
:10795800000000004F4646004F4E20005261773A23
:1079680020253464207C20566F6C746167653A204A
:10797800252E33662056207C2046696C7465726516
:10798800643A20252E33662056207C20534F433AF4
:1079980020252E32662025250A000000563A0000D0
:1079A80056000000534F433A000000002500000035
:1079B800434C313A204F4E00434C323A000000000D
:1079C8004D61696E732000004F46463A0000000082
:1079D8004F4E3A00252E2A66000000002525257501
:1079E8002E257566000000000A2A2A2A2050414EDA
:1079F8004943202A2A2A0A004E6F207370696E6C48
:107A08006F636B732061726520617661696C616276
:107A18006C6500004E6F2075736572204952517372
:107A28002061726520617661696C61626C65000035
:107A3800486172647761726520616C61726D20259E
:107A48006420616C726561647920636C61696D653D
:107A58006400000048617264206173736572740089
:107A680052656C6561736500626F6F74325F77325F
:107A78003571303830000000322E332E30000000CF
:107A88007069636F000000006D61696E434C41547A
:107A98000000000041756720313320323032360053
:107AA800666E692B00000000666E69006E616E00EC
:107AB800666E692D00000000555342207374646996
:107AC8006E202F207374646F757400005261737098
:107AD8006265727279205069000000005069636F16
:107AE80000000000426F61726420434443000000BC
:107AF8005265736574000000556E68616E646C654C
:107B0800642049525120307825780A006570202574
:107B18003032582077617320616C72656164792016
:107B2800617661696C61626C6500000043616E2773
:107B38007420636F6E74696E75652078666572204F
:107B48006F6E20696E6163746976652065702025A3
:107B580030325800004000009A9969420000C8423B
:107B68009A9959420000C842666656420000B442DB
:107B7800666654420000A0423333534200008C42F0
:107B88003333514200007042CDCC5042000048428D
:107B9800000050420000204200004E420000F04128
:107BA800CDCC4C420000A0410000404200002041E2
:107BB800000020420000000006005250D3F0754239
:107BC800687A001006005250E182887F707A0010AF
:107BD80006005250ABB36053807A00100600525032
:107BE800BBFF3CB6887A001006005250861C030280
:107BF800907A0010060052505422A29D9C7A0010E0
:107C080005005250DE65F468E48F0010404400100F
:107C1800F8430010F843001038440010F8430010EF
:107C2800F8430010F8430010F8430010F843001020
:107C3800F8430010F843001030440010F8430010D7
:107C48002A440010F8430010F843001022440010A2
:107C580034460010524400102846001052440010C8
:107C680016460010524400105244001052440010AE
:107C78005244001052440010524400105244001064
:107C8800484400105244001052440010524400105E
:107C9800524400105244001048440010C8460010D6
:107CA800B6430010B6430010B6430010B6430010A8
:107CB800B6430010B6430010B6430010B643001098
:107CC800B6430010B6430010B6430010B643001088
:107CD800B6430010B6430010B6430010B643001078
:107CE800B6430010B6430010B6430010B643001068
:107CF800B6430010B6430010B6430010B643001058
:107D0800B6430010B6430010B6430010B643001047
:107D1800B6430010B6430010B643001044460010A6
:107D28008046001044460010B6430010B6430010C9
:107D3800B6430010B6430010B6430010B643001017
:107D4800B6430010B6430010B6430010B643001007
:107D5800B6430010B6430010B6430010B6430010F7
:107D6800B6430010B643001060480010B643001038
:107D7800B6430010B6430010B6430010B6430010D7
:107D8800B6430010B6430010B6430010B6430010C7
:107D980060480010D84600106048001044460010A3
:107DA8008046001044460010000000000000F03F2C
:107DB80000000000000024400000000000005940BE
:107DC8000000000000408F40000000000088C34011
:107DD80000000000006AF8400000000080842E4186
:107DE80000000000D01263410000000084D79741D2
:107DF8000000000065CDCD410D0A0000060052507C
:107E080053B4F4A1C07A001000000000D47A001026
:107E1800E47A00104C1C0020EC7A0010F87A00106C
:107E280009025400030100807D080B0002020200D1
:107E380000090400000102020004052400200105D5
:107E48002401000104240206052406000107058117
:107E58000308001009040100020A000000070502D7
:107E680002400000070582024000000904020000E9
:107E7800FF00010512011002EF0201408A2E0A00DC
:107E880000010102030100000A00000000000306CF
:107E9800A6000800020002009C00140003005749D5
:107EA8004E55534200000000000000000000800012
:107EB80004000100280044006500760069006300A2
:107EC800650049006E00740065007200660061007C
:107ED80063006500470055004900440000004E005B
:107EE8007B0062006300370033003900380063000C
:107EF80031002D0037003300630064002D0034008A
:107F08006300620037002D00390038006200380035
:107F18002D0039003100330061003800660063002D
:107F2800610037006200660036007D000000000036
:107F3800050F2100011C100500DF60DDD88945C749
:107F48004C9CD2659D9E648A9F00000306A6000192
:107F5800000000000000000061590010000000004F
:107F680065590010715900109D5900109959001059
:107F780000000000C25E001028600010B060001011
:107F88000060001012600010F05F0010625F0010C7
:107F98000E5F0010025F0010CC630010B263001087
:107FA8009C610010EC6300109C6100109A63001043
:107FB800866300109C6100107263001084620010D8
:107FC8009C6100104A6600103C6600103066001084
:107FD8009C6100109C6100101A6600103C6600103D
:107FE8009C6100109C6100109C6100109C61001055
:107FF8009C6100109C6100109C610010D665001007
:10800800080D0020080D0020520D0020720D0020E0
:10801800B20D0020C40D0020000D0020000000005B
:10802800CD6B00103D6C00106D6C0010B56C00102D
:0C8038005D6D00104D6E00100000000097
:10804400C07B0010CC7B0010D87B0010E47B0010B8
:10805400F07B0010FC7B0010087C0010047E0010F4
:1080640003000068EFF3108C72B60268002AFCD09B
:10807400BFF35F8F04229A56002A0BDB002900D03D
:108084000A6000201B68BFF35F8F00221A608CF324
:1080940010887047D0221206126801201A71F1E785
:1080A400F0B51F00D023C6461B061B68040016004B
:1080B4009846002500B50AE0BFF35F8F156081F391
:1080C40010883000390000F003FF002818D122681E
:1080D400EFF3108172B61368002BFCD0BFF35F8FEF
:1080E400237922687F2BE7D943462371BFF35F8F3F
:1080F4000023136081F31088012080BCB846F0BDD2
:108104000020FAE770B582B001A9060014001D0032
:10811400FFF7A6FF002807D1D0221206019B127890
:108124005BB252B2934201D102B070BD22002B0067
:108134003000FFF7B5FFF7E7F8B50E00070000F0D1
:108144009FFEFA2204000D0000239200300000215B
:1081540000F09EFE22002B0012184B41002B02DA85
:108164000122034B52423800FFF79AFFF8BDC04684
:10817400FFFFFF7F0268EFF3108172B61368002BD4
:10818400FCD0BFF35F8FFF2303710368BFF35F8FDE
:1081940000221A6081F3108840BF7047084B9C4648
:1081A4001B78002B0BD18023064807495B051A680E
:1081B400C25004338B42FAD10123624613707047D4
:1081C4002B1D00209C1600100001001010B5014B5F
:1081D400984710BD9D160020084B5A6842609A6863
:1081E4008260DA68C2601A6902615A6942619B69F5
:1081F4008361A0235B051B68036070470000024095
:108204004268084B5A6082689A60C268DA60026900
:108214001A6142695A6182699A61A02302685B0506
:108224001A60704700000240F0B5D6464F464646F5
:108234000023C0B5182788B01E0081460D00988A17
:1082440046493B88140098473B8880464449B08A95
:108254009847002343490600988A3B8898478246FA
:10826400FFF79CFF01A8FFF7B7FFC047B0473E4B9D
:1082740021001A6880239B005340C02292001340BF
:108284003A4A1360002C1CD00823C0209C464005A9
:10829400163F6246836A1A401F4239D0631A002986
:1082A4002BD1002A0BD1002C0BD0C023082202268C
:1082B4005B059B6A1A401E4242D0002AF5D0002C6E
:1082C40030D1294B1A68C0239B009343274A13607B
:1082D400D047FFF77BFF01A8FFF792FF08B0E0BC8F
:1082E400BA46B146A846F0BD002C2BD1C022520597
:1082F400966A08223240B6072BD50D2B19D9002ACD
:10830400F2D1C0225205966A08223240B607F4D44C
:10831400002A04D10B002343002BBAD1D1E70B0070
:10832400002CF9D0036E013C2B70230001350B4364
:10833400F2E74B461B780139036601239944E7E7CA
:108344000021E5E7C0235B051B6E013C2B70013562
:108354009FE70B00A242DFD1DCE7C046494600009C
:1083640045580000464300000C8001400C90014039
:108374000022154B10B59A60DA601A615A619A614D
:10838400DA611A625A629A62DA621A635A639A6307
:10839400DA631A645A649A64DA641A655A659A65E7
:1083A400DA651A665A669A66DA661A675A679A67C7
:1083B400DA67F03292000021044800F071FD044BAA
:1083C400044A1A6010BDC04600001050481800202E
:1083D400141C002080011050F0B54746CE4680B5ED
:1083E4001C4B00249F6D012685B0002F1BD01A4B17
:1083F40098461A4B994604E00134E4B27600202CE6
:1084040011D03E42F8D043469E65012365086D00B5
:10841400A343ED186D014D44280000F013FC00281F
:1084240006D1B743E8D105B0C0BCB946B046F0BDEB
:10843400EB8AE0210393002301A8AA78C9000180F4
:1084440001210271437100F01DFC280000F098FB2B
:10845400E7E7C04600001150003011500818002012
:108464009823C64AF0B5D55880232E009B021024C9
:1084740085B01E401D4274D0C14BC24C9A6AC24B97
:1084840000261A603B23E35C022B00D14BE17B23E3
:10849400E35C022B00D1EFE0BB23E35C022B00D1B1
:1084A400F6E0FB23E35C022B00D1FDE03C23FF3329
:1084B400E35C022B00D129E17C23FF33E35C022B34
:1084C40000D10AE1BC23FF33E35C022B00D13BE182
:1084D400FC23FF33E35C022B00D1F1E0AB4BE35C04
:1084E400022B00D170E1AA4BE35C022B00D101E125
:1084F400A84BE35C022B00D171E1A74BE35C022B98
:1085040000D12EE1A54BE35C022B00D19CE1A44BEE
:10851400E35C022B00D16DE1A24BE35C022B00D1A2
:108524009DE1A14BE35C022B00D17BE1002E08D13D
:108534009E4B1B78002B04D180219D4A90338902E5
:10854400D150C02269468D4B92009B6C80265B05FE
:108554008A805B0D012101A8029300F093FB954CE6
:10856400B602EB0600D57BE080235B021D422FD0D0
:108574000224844F1E43BB7E002B14D000F070FCF9
:10858400012800D970E0C02200213800920100F0D7
:10859400FDFA380000F0F4FA00F062FC012802D978
:1085A400834B5C661C660123FB702037012C20D1B1
:1085B400C0236A46DB0093807F4A02AB03CA03C32D
:1085C400012101A800F05EFB8022794B92021A651A
:1085D40080235B011D420ED18023DB011D4221D18A
:1085E40080231B021D422DD1AE4200D0BEE105B056
:1085F400F0BD0124BFE700241E43604B1C60FFF75D
:10860400B7FE80236A465B0093801472012101A89F
:1086140000F038FB8022664B12031A658023DB01CD
:108624001D42DDD01E4380236A46DB009380012176
:1086340001A800F027FB10225D4B1A6580231B0262
:108644001D42D1D01E43A0236A46DB009380012142
:1086540001A800F017FB8022554B12011A65C3E7ED
:10866400FFF7BAFE26007FE7544B444A1C66536E5C
:108674002340A342FBD186E77833E75C002F00D187
:108684000AE70233E25C002A00D00DE13E0003E772
:10869400B833E75C002F00D103E70233E25C002A21
:1086A40000D0F9E03E00FCE6F833E75C002F00D18F
:1086B400FCE60233E25C002A00D041E13E00F5E62C
:1086C400F933FF33E75C002F00D107E70233E25CA4
:1086D400002A00D02BE13E0000E77933FF33E75C4A
:1086E400002F00D1EEE60233E25C002A00D015E14F
:1086F4003E00E7E6324BE75C002F00D1F8E6023398
:10870400E25C002A00D001E13E00F1E63933FF3398
:10871400E75C002F00D1CFE60233E25C002A00D0F0
:10872400EBE03E00C8E63833E65C002E00D1AEE64E
:108734000233E25C002A00D1A9E6200000222030A6
:10874400E25400F04BFAA2E6B933FF33E75C002FA2
:1087540000D1BDE60233E25C002A00D0C4E03E0052
:10876400B6E6184BE75C002F00D1CBE60233E25C9F
:10877400002A00D0B0E03E00C4E6C046000011501C
:108784000040054008180020001800203B020000AB
:108794007B020000BB020000FB0200003B03000060
:1087A4007B030000BB030000FB030000291D002025
:1087B4000030115010000200000010500020115031
:1087C4007A020000FA0200006B4BE75C002F00D134
:1087D40089E60233E25C002A76D13E0083E6674BE9
:1087E400E75C002F00D188E60233E25C002A63D103
:1087F4003E0082E6624BE75C002F00D18CE6023338
:10880400E25C002A00D0A3E05E4BE35C022B30D193
:108814005D4BE35C002B27D15C4BE35C022B00D067
:108824008FE63E005A4BE35C002B00D17EE6FF232B
:108834009B00E25C002A00D183E60022E2541C3B48
:10884400E01800F0CBF97CE6524BE75C002F00D136
:108854005DE60233E25C002A16D13E0057E64A4B3D
:10886400E35C002B00D15CE6EF239B00E25C002A72
:1088740075D1464BE35C022B00D062E6444BE35CCB
:10888400002B00D15DE6D2E70022E2541C3BE01845
:1088940000F0A4F93E003AE620000022A030E254A1
:1088A4003E0000F09BF9FCE5200000226030E25419
:1088B4003E0000F093F9EFE50022E2541C3BE0187F
:1088C40000F08CF93E0018E60022E2541C3BE0184C
:1088D40000F084F93E0006E60022E2541C3BE01856
:1088E40000F07CF93E000DE620000022A130FF30AC
:1088F400E2543E0000F072F9EAE520000022213043
:10890400FF30E2543E0000F069F9D5E50022E2545C
:108914001C3BE01800F062F93E00E9E5200000226B
:108924006130FF30E2543E0000F058F9CAE52000FF
:108934000022E130FF30E2543E0000F04FF9CDE573
:1089440020000022E030E2543E0000F047F9ADE59B
:108954000022E2541C3BE01800F040F954E70022E6
:10896400E2541C3BE01800F039F982E731000A4870
:10897400694000F07DFAC0463A020000BA020000E5
:108984007A030000BB030000BA030000FB030000ED
:10899400FA0300003A030000007B0010F0B58C4697
:1089A400838A018B020083B00E1C994200D91E1CDD
:1089B400B6B29B1B9CB2D37880211800451EA841F7
:1089C400C90031434003084301214B40D37053781D
:1089D4009482002B32D11169002E2AD06346D468C8
:1089E4009B01E418731E0193062B32D923000B4319
:1089F4009B072ED1631A013B022B2AD90023B70807
:108A0400BF00CD58E5500433BB42FAD19E420ED08C
:108A1400019DE418EF1ACD18C95C2170019999429F
:108A240005D06B786370012F01D0AB78A370116906
:108A3400948A802389191B0211611843002C02D1E6
:108A44008023DB0118436346002B00D0000403B0ED
:108A5400F0BD0023CD5CE55401339E42FAD1E6E734
:108A64008368F0B51A68002900D0120C4378920587
:108A7400950D002B09D1C38AEB18C382038BAB423B
:108A840001D9002383822800F0BD0469002D28D079
:108A9400C36889016F1EBC465E18062F27D90131B1
:108AA4005B18E31A022B22D9230033439B071ED100
:108AB4000023120E9200F158E15004339A42FAD185
:108AC40095420DD063469F1AA318B45CB1181C706C
:108AD400944505D04A785A70012F01D08A789A704B
:108AE4000469C38A6419EB18C3820461C6E70022CF
:108AF400B35CA35401329542FAD10469F1E7C0464C
:108B040010B50400836800211B68FFF7A9FF6368A0
:108B14001B685B0002D5238B834200D010BD01216A
:108B24002000FFF79DFFF9E7084B1A6C002392071A
:108B340003D48278D209012A01D018007047C37E79
:108B4400023B5A425341DBB2F7E7C04600001150E2
:108B540010B5FFF7E9FF00280AD0064B064A9B6AC6
:108B6400064912685B189B1A0020C6229A424041AB
:108B740010BDC0460040054000180020E0FCFFFF87
:108B840000238376436103617047C04610B5836850
:108B9400002901D01C682140002A12D08024E4005E
:108BA400114322420DD01A6822420CD1084A0A40CD
:108BB4001A60084A126C920703D40C23033BFDD2BB
:108BC4008368196010BD8178034800F051F9C046EC
:108BD400FFFBFFFF00001150147B0010436870B5C9
:108BE4000021802504001E68FFF7D8FE124B6D019A
:108BF4001A6C0543A37892070ED55B060ED00F4B73
:108C04001E4080239B0533436268002113602000CB
:108C14002A00FFF7BBFF70BDDB09F0D0A38A002B4D
:108C2400EDD001212000FFF7B9FEA023044ADB05A3
:108C3400324005431343E7E700001150FFFFFFAF45
:108C4400FFFFFFDF70B5857E0400002D14D0FFF711
:108C540057FFA38A002B01D1280070BD2000FFF725
:108C640077FF002803D0012300252377F4E72000B1
:108C7400FFF7B4FF0025EFE78178014800F0F8F82A
:108C8400347B0010F0B54746CE4680B543780500E6
:108C94000F0085B0062B07D8684A9B00D3589F461F
:108CA400674A137801331370664B1C686269EFF3EB
:108CB400108172B61368002BFCD0BFF35F8FA161E3
:108CC4002000290000F0F4F86269A369BFF35F8F04
:108CD4000021116083F31088002804D105B0C0BCC2
:108CE400B946B046F0BD3A006978287800F0E8F853
:108CF400F4E70121544B1A788A431A701A78013127
:108D04008A431A7000225A701A7802318A431A7000
:108D1400CAE74E4B00241E001A784D4B98464D4B23
:108D2400994610E04B461B6861015B18002B06D086
:108D3400DB69002B03D069682878984732780134BE
:108D4400E4B2944217D8A242ECD8A31A5B0143447C
:108D5400EEE73D4B1A78D207C0D504211A780A43AE
:108D64001A70A1E7384B1A78D207B7D504211A78BC
:108D74008A431A7098E7344A1378904611005B07C7
:108D840028D51378042201AC93430B7020000021F2
:108D9400083200F085F82B78237005236370294B83
:108DA4001B6818005A69EFF3108172B61368002B20
:108DB400FCD0BFF35F8F06008161210000F078F8DA
:108DC4007269B369BFF35F8F0021116083F3108868
:108DD40000282CD14346DB78DB0700D47EE72B78D0
:108DE40001AC2370032363706B686360154B1D68CB
:108DF4006A69EFF3108172B61368002BFCD0BFF3DD
:108E04005F8FA9612800210000F052F86A69AB69FC
:108E1400BFF35F8F0021116083F31088002800D115
:108E24005CE73A006178207800F04AF856E73A00A7
:108E34006178207800F044F8CCE7C0460880001040
:108E44002A1D0020D815002080150020281D002090
:108E540024800010981400207047C04600000000D1
:108E640001B40248844601BC604700BF1D120010D3
:108E740001B40248844601BC604700BF29120010B7
:108E840001B40248844601BC604700BF21210010A0
:108E940001B40248844601BC604700BFC5340010D9
:108EA40001B40248844601BC604700BFDD360010AF
:108EB40001B40248844601BC604700BF1D73001022
:108EC40001B40248844601BC604700BF715D0010D4
:108ED40001B40248844601BC604700BFD11F0010A2
:108EE4003D0AF34188130000100000000000000058
:108EF400000001000000000000000000000002006B
:108F0400000000000000000000000300000000005A
:108F14000000000000000400000000000000000049
:108F24000000050000000000000000000000FF0039
:108F34000000000001B5486801318E4600477046C4
:108F440009380149884701BD45160010000000009A
:108F5400FFFFFFFFFFFFFF7F000000000000000095
:108F640000000000000000000000000008110020C4
:108F7400503300004C3300005433000052330000DF
:108F84004D5300004D4300005334000043340000AF
:108F940015540010C95300103D530010B552001071
:108FA4000000000000010000DC15002010000C008F
:108FB40000000000000000000000000000000000AD
:108FC40000000000FF0000000080044000000000DA
:108FD4000040044000000000000000000000000009
:04000005100001E9FD
:00000001FF
