
/Users/mdalaminashik/My Drive/Skills and works/Supreme Lithium Solution/SLS_critical_load_auto_transfer_device/Codes/MainCLAT/build/mainCLAT.elf:     file format elf32-littlearm

Sections:
Idx Name          Size      VMA       LMA       File off  Algn
  0 .boot2        00000100  10000000  10000000  00001000  2**0
                  CONTENTS, ALLOC, LOAD, READONLY, CODE
  1 .text         00007838  10000100  10000100  00001100  2**3
                  CONTENTS, ALLOC, LOAD, READONLY, CODE
  2 .rodata       0000070c  10007938  10007938  00008938  2**3
                  CONTENTS, ALLOC, LOAD, READONLY, DATA
  3 .binary_info  00000020  10008044  10008044  00009044  2**2
                  CONTENTS, ALLOC, LOAD, READONLY, DATA
  4 .xip_ram      00000000  15000000  15000000  0000a040  2**0
                  CONTENTS
  5 .ram_vector_table 000000c0  20000000  20000000  0000b000  2**2
                  ALLOC
  6 .uninitialized_data 00000000  200000c0  200000c0  0000a040  2**0
                  CONTENTS
  7 .data         00000f80  200000c0  10008064  000090c0  2**4
                  CONTENTS, ALLOC, LOAD, READONLY, CODE
  8 .tdata        00000000  20001040  20001040  0000a040  2**0
                  CONTENTS, ALLOC, LOAD, DATA, THREAD_LOCAL
  9 .tbss         00000000  20001040  20001040  00000000  2**0
                  ALLOC, THREAD_LOCAL
 10 .tbss_space   00000000  20001040  20001040  0000a040  2**0
                  CONTENTS
 11 .bss          00000cf8  20001040  10008fe4  0000a040  2**3
                  ALLOC
 12 .tls0         00000000  20001d38  20001d38  0000a040  2**0
                  CONTENTS
 13 .tls1         00000000  20001d38  20001d38  0000a040  2**0
                  CONTENTS
 14 .persistent_data 00000000  20001d38  20001d38  0000a040  2**0
                  CONTENTS
 15 .dummy_pre_heap 00000000  20001d38  20001d38  0000a040  2**0
                  CONTENTS
 16 .heap         00000800  20001d38  20001d38  0000b000  2**2
                  ALLOC, READONLY
 17 .scratch_x    00000000  20040000  20040000  0000a040  2**0
                  CONTENTS
 18 .scratch_y    00000000  20041000  20041000  0000a040  2**0
                  CONTENTS
 19 .stack_dummy  00000800  20041000  20041000  0000b000  2**5
                  ALLOC, READONLY
 20 .debug_info   0003526f  00000000  00000000  0000a040  2**0
                  CONTENTS, READONLY, DEBUGGING, OCTETS
 21 .debug_abbrev 000090d2  00000000  00000000  0003f2af  2**0
                  CONTENTS, READONLY, DEBUGGING, OCTETS
 22 .debug_loclists 0001bf2d  00000000  00000000  00048381  2**0
                  CONTENTS, READONLY, DEBUGGING, OCTETS
 23 .debug_aranges 00001768  00000000  00000000  000642b0  2**3
                  CONTENTS, READONLY, DEBUGGING, OCTETS
 24 .debug_rnglists 00004849  00000000  00000000  00065a18  2**0
                  CONTENTS, READONLY, DEBUGGING, OCTETS
 25 .debug_line   00026726  00000000  00000000  0006a261  2**0
                  CONTENTS, READONLY, DEBUGGING, OCTETS
 26 .debug_str    00009607  00000000  00000000  00090987  2**0
                  CONTENTS, READONLY, DEBUGGING, OCTETS
 27 .comment      00000045  00000000  00000000  00099f8e  2**0
                  CONTENTS, READONLY
 28 .ARM.attributes 0000002a  00000000  00000000  00099fd3  2**0
                  CONTENTS, READONLY
 29 .debug_frame  000030dc  00000000  00000000  0009a000  2**2
                  CONTENTS, READONLY, DEBUGGING, OCTETS
 30 .debug_line_str 000003e1  00000000  00000000  0009d0dc  2**0
                  CONTENTS, READONLY, DEBUGGING, OCTETS

/Users/mdalaminashik/My Drive/Skills and works/Supreme Lithium Solution/SLS_critical_load_auto_transfer_device/Codes/MainCLAT/build/mainCLAT.elf:     file format elf32-littlearm


Disassembly of section .boot2:

10000000 <__boot2_start__>:
10000000:	4b32b500 	.word	0x4b32b500
10000004:	60582021 	.word	0x60582021
10000008:	21026898 	.word	0x21026898
1000000c:	60984388 	.word	0x60984388
10000010:	611860d8 	.word	0x611860d8
10000014:	4b2e6158 	.word	0x4b2e6158
10000018:	60992100 	.word	0x60992100
1000001c:	61592102 	.word	0x61592102
10000020:	22f02101 	.word	0x22f02101
10000024:	492b5099 	.word	0x492b5099
10000028:	21016019 	.word	0x21016019
1000002c:	20356099 	.word	0x20356099
10000030:	f844f000 	.word	0xf844f000
10000034:	42902202 	.word	0x42902202
10000038:	2106d014 	.word	0x2106d014
1000003c:	f0006619 	.word	0xf0006619
10000040:	6e19f834 	.word	0x6e19f834
10000044:	66192101 	.word	0x66192101
10000048:	66182000 	.word	0x66182000
1000004c:	f000661a 	.word	0xf000661a
10000050:	6e19f82c 	.word	0x6e19f82c
10000054:	6e196e19 	.word	0x6e196e19
10000058:	f0002005 	.word	0xf0002005
1000005c:	2101f82f 	.word	0x2101f82f
10000060:	d1f94208 	.word	0xd1f94208
10000064:	60992100 	.word	0x60992100
10000068:	6019491b 	.word	0x6019491b
1000006c:	60592100 	.word	0x60592100
10000070:	481b491a 	.word	0x481b491a
10000074:	21016001 	.word	0x21016001
10000078:	21eb6099 	.word	0x21eb6099
1000007c:	21a06619 	.word	0x21a06619
10000080:	f0006619 	.word	0xf0006619
10000084:	2100f812 	.word	0x2100f812
10000088:	49166099 	.word	0x49166099
1000008c:	60014814 	.word	0x60014814
10000090:	60992101 	.word	0x60992101
10000094:	2800bc01 	.word	0x2800bc01
10000098:	4700d000 	.word	0x4700d000
1000009c:	49134812 	.word	0x49134812
100000a0:	c8036008 	.word	0xc8036008
100000a4:	8808f380 	.word	0x8808f380
100000a8:	b5034708 	.word	0xb5034708
100000ac:	20046a99 	.word	0x20046a99
100000b0:	d0fb4201 	.word	0xd0fb4201
100000b4:	42012001 	.word	0x42012001
100000b8:	bd03d1f8 	.word	0xbd03d1f8
100000bc:	6618b502 	.word	0x6618b502
100000c0:	f7ff6618 	.word	0xf7ff6618
100000c4:	6e18fff2 	.word	0x6e18fff2
100000c8:	bd026e18 	.word	0xbd026e18
100000cc:	40020000 	.word	0x40020000
100000d0:	18000000 	.word	0x18000000
100000d4:	00070000 	.word	0x00070000
100000d8:	005f0300 	.word	0x005f0300
100000dc:	00002221 	.word	0x00002221
100000e0:	180000f4 	.word	0x180000f4
100000e4:	a0002022 	.word	0xa0002022
100000e8:	10000100 	.word	0x10000100
100000ec:	e000ed08 	.word	0xe000ed08
	...
100000fc:	7a4eb274 	.word	0x7a4eb274

Disassembly of section .text:

10000100 <__VECTOR_TABLE>:
10000100:	20042000 	.word	0x20042000
10000104:	100001f7 	.word	0x100001f7
10000108:	100001cb 	.word	0x100001cb
1000010c:	100001cd 	.word	0x100001cd
10000110:	100001c9 	.word	0x100001c9
10000114:	100001c9 	.word	0x100001c9
10000118:	100001c9 	.word	0x100001c9
1000011c:	100001c9 	.word	0x100001c9
10000120:	100001c9 	.word	0x100001c9
10000124:	100001c9 	.word	0x100001c9
10000128:	100001c9 	.word	0x100001c9
1000012c:	100001cf 	.word	0x100001cf
10000130:	100001c9 	.word	0x100001c9
10000134:	100001c9 	.word	0x100001c9
10000138:	100001d1 	.word	0x100001d1
1000013c:	100001d3 	.word	0x100001d3
10000140:	100001c1 	.word	0x100001c1
10000144:	100001c1 	.word	0x100001c1
10000148:	100001c1 	.word	0x100001c1
1000014c:	100001c1 	.word	0x100001c1
10000150:	100001c1 	.word	0x100001c1
10000154:	100001c1 	.word	0x100001c1
10000158:	100001c1 	.word	0x100001c1
1000015c:	100001c1 	.word	0x100001c1
10000160:	100001c1 	.word	0x100001c1
10000164:	100001c1 	.word	0x100001c1
10000168:	100001c1 	.word	0x100001c1
1000016c:	100001c1 	.word	0x100001c1
10000170:	100001c1 	.word	0x100001c1
10000174:	100001c1 	.word	0x100001c1
10000178:	100001c1 	.word	0x100001c1
1000017c:	100001c1 	.word	0x100001c1
10000180:	100001c1 	.word	0x100001c1
10000184:	100001c1 	.word	0x100001c1
10000188:	100001c1 	.word	0x100001c1
1000018c:	100001c1 	.word	0x100001c1
10000190:	100001c1 	.word	0x100001c1
10000194:	100001c1 	.word	0x100001c1
10000198:	100001c1 	.word	0x100001c1
1000019c:	100001c1 	.word	0x100001c1
100001a0:	100001c1 	.word	0x100001c1
100001a4:	100001c1 	.word	0x100001c1
100001a8:	100001c1 	.word	0x100001c1
100001ac:	100001c1 	.word	0x100001c1
100001b0:	100001c1 	.word	0x100001c1
100001b4:	100001c1 	.word	0x100001c1
100001b8:	100001c1 	.word	0x100001c1
100001bc:	100001c1 	.word	0x100001c1

100001c0 <__unhandled_user_irq>:
100001c0:	f3ef 8005 	mrs	r0, IPSR
100001c4:	3810      	subs	r0, #16

100001c6 <unhandled_user_irq_num_in_r0>:
100001c6:	be00      	bkpt	0x0000

100001c8 <isr_invalid>:
100001c8:	be00      	bkpt	0x0000

100001ca <isr_nmi>:
100001ca:	be00      	bkpt	0x0000

100001cc <isr_hardfault>:
100001cc:	be00      	bkpt	0x0000

100001ce <isr_svcall>:
100001ce:	be00      	bkpt	0x0000

100001d0 <isr_pendsv>:
100001d0:	be00      	bkpt	0x0000

100001d2 <isr_systick>:
100001d2:	be00      	bkpt	0x0000

100001d4 <__default_isrs_end>:
100001d4:	7188ebf2 	.word	0x7188ebf2
100001d8:	10008044 	.word	0x10008044
100001dc:	10008064 	.word	0x10008064
100001e0:	10000238 	.word	0x10000238
100001e4:	e71aa390 	.word	0xe71aa390

100001e8 <_entry_point>:
100001e8:	2000      	movs	r0, #0

100001ea <_enter_vtable_in_r0>:
100001ea:	491e      	ldr	r1, [pc, #120]	@ (10000264 <data_cpy_table+0x2c>)
100001ec:	6008      	str	r0, [r1, #0]
100001ee:	c806      	ldmia	r0!, {r1, r2}
100001f0:	f381 8808 	msr	MSP, r1
100001f4:	4710      	bx	r2

100001f6 <_reset_handler>:
100001f6:	481c      	ldr	r0, [pc, #112]	@ (10000268 <data_cpy_table+0x30>)
100001f8:	6800      	ldr	r0, [r0, #0]
100001fa:	2800      	cmp	r0, #0
100001fc:	d001      	beq.n	10000202 <hold_non_core0_in_bootrom+0x4>

100001fe <hold_non_core0_in_bootrom>:
100001fe:	2000      	movs	r0, #0
10000200:	e7f3      	b.n	100001ea <_enter_vtable_in_r0>
10000202:	a40d      	add	r4, pc, #52	@ (adr r4, 10000238 <data_cpy_table>)
10000204:	cc0e      	ldmia	r4!, {r1, r2, r3}
10000206:	2900      	cmp	r1, #0
10000208:	d002      	beq.n	10000210 <hold_non_core0_in_bootrom+0x12>
1000020a:	f000 f812 	bl	10000232 <data_cpy>
1000020e:	e7f9      	b.n	10000204 <hold_non_core0_in_bootrom+0x6>
10000210:	4916      	ldr	r1, [pc, #88]	@ (1000026c <data_cpy_table+0x34>)
10000212:	4a17      	ldr	r2, [pc, #92]	@ (10000270 <data_cpy_table+0x38>)
10000214:	2000      	movs	r0, #0
10000216:	e000      	b.n	1000021a <bss_fill_test>

10000218 <bss_fill_loop>:
10000218:	c101      	stmia	r1!, {r0}

1000021a <bss_fill_test>:
1000021a:	4291      	cmp	r1, r2
1000021c:	d1fc      	bne.n	10000218 <bss_fill_loop>

1000021e <platform_entry>:
1000021e:	4915      	ldr	r1, [pc, #84]	@ (10000274 <data_cpy_table+0x3c>)
10000220:	4788      	blx	r1
10000222:	4915      	ldr	r1, [pc, #84]	@ (10000278 <data_cpy_table+0x40>)
10000224:	4788      	blx	r1
10000226:	4915      	ldr	r1, [pc, #84]	@ (1000027c <data_cpy_table+0x44>)
10000228:	4788      	blx	r1
1000022a:	be00      	bkpt	0x0000
1000022c:	e7fd      	b.n	1000022a <platform_entry+0xc>

1000022e <data_cpy_loop>:
1000022e:	c901      	ldmia	r1!, {r0}
10000230:	c201      	stmia	r2!, {r0}

10000232 <data_cpy>:
10000232:	429a      	cmp	r2, r3
10000234:	d3fb      	bcc.n	1000022e <data_cpy_loop>

10000236 <data_cpy_done>:
10000236:	4770      	bx	lr

10000238 <data_cpy_table>:
10000238:	10008064 	.word	0x10008064
1000023c:	200000c0 	.word	0x200000c0
10000240:	20001040 	.word	0x20001040
10000244:	10008fe4 	.word	0x10008fe4
10000248:	20040000 	.word	0x20040000
1000024c:	20040000 	.word	0x20040000
10000250:	10008fe4 	.word	0x10008fe4
10000254:	20041000 	.word	0x20041000
10000258:	20041000 	.word	0x20041000
1000025c:	00000000 	.word	0x00000000
10000260:	4770      	bx	lr
10000262:	0000      	.short	0x0000
10000264:	e000ed08 	.word	0xe000ed08
10000268:	d0000000 	.word	0xd0000000
1000026c:	20001040 	.word	0x20001040
10000270:	20001d38 	.word	0x20001d38
10000274:	10004eb5 	.word	0x10004eb5
10000278:	100002bd 	.word	0x100002bd
1000027c:	10004ead 	.word	0x10004ead

10000280 <show_splash_screen>:
10000280:	b510      	push	{r4, lr}
10000282:	f000 fbe1 	bl	10000a48 <lcd_clear>
10000286:	2100      	movs	r1, #0
10000288:	2004      	movs	r0, #4
1000028a:	f000 fc3b 	bl	10000b04 <lcd_set_cursor>
1000028e:	4808      	ldr	r0, [pc, #32]	@ (100002b0 <show_splash_screen+0x30>)
10000290:	f000 fcb0 	bl	10000bf4 <lcd_print>
10000294:	2101      	movs	r1, #1
10000296:	2000      	movs	r0, #0
10000298:	f000 fc34 	bl	10000b04 <lcd_set_cursor>
1000029c:	4805      	ldr	r0, [pc, #20]	@ (100002b4 <show_splash_screen+0x34>)
1000029e:	f000 fca9 	bl	10000bf4 <lcd_print>
100002a2:	4805      	ldr	r0, [pc, #20]	@ (100002b8 <show_splash_screen+0x38>)
100002a4:	f001 fe16 	bl	10001ed4 <sleep_ms>
100002a8:	f000 fbce 	bl	10000a48 <lcd_clear>
100002ac:	bd10      	pop	{r4, pc}
100002ae:	46c0      	nop			@ (mov r8, r8)
100002b0:	10007938 	.word	0x10007938
100002b4:	10007944 	.word	0x10007944
100002b8:	00000bb8 	.word	0x00000bb8

100002bc <main>:
100002bc:	b5f0      	push	{r4, r5, r6, r7, lr}
100002be:	46de      	mov	lr, fp
100002c0:	464e      	mov	r6, r9
100002c2:	4645      	mov	r5, r8
100002c4:	4657      	mov	r7, sl
100002c6:	b5e0      	push	{r5, r6, r7, lr}
100002c8:	b097      	sub	sp, #92	@ 0x5c
100002ca:	f004 ff17 	bl	100050fc <stdio_init_all>
100002ce:	20fa      	movs	r0, #250	@ 0xfa
100002d0:	2101      	movs	r1, #1
100002d2:	0100      	lsls	r0, r0, #4
100002d4:	f002 f88c 	bl	100023f0 <watchdog_enable>
100002d8:	4cc1      	ldr	r4, [pc, #772]	@ (100005e0 <main+0x324>)
100002da:	49c2      	ldr	r1, [pc, #776]	@ (100005e4 <main+0x328>)
100002dc:	0020      	movs	r0, r4
100002de:	f007 fa47 	bl	10007770 <i2c_init>
100002e2:	2103      	movs	r1, #3
100002e4:	2004      	movs	r0, #4
100002e6:	f000 ff3f 	bl	10001168 <gpio_set_function>
100002ea:	2103      	movs	r1, #3
100002ec:	2005      	movs	r0, #5
100002ee:	f000 ff3b 	bl	10001168 <gpio_set_function>
100002f2:	2200      	movs	r2, #0
100002f4:	2101      	movs	r1, #1
100002f6:	2004      	movs	r0, #4
100002f8:	f000 ff4e 	bl	10001198 <gpio_set_pulls>
100002fc:	2200      	movs	r2, #0
100002fe:	2101      	movs	r1, #1
10000300:	2005      	movs	r0, #5
10000302:	f000 ff49 	bl	10001198 <gpio_set_pulls>
10000306:	0020      	movs	r0, r4
10000308:	2127      	movs	r1, #39	@ 0x27
1000030a:	f000 f9a3 	bl	10000654 <lcd_init>
1000030e:	f000 fb9b 	bl	10000a48 <lcd_clear>
10000312:	f007 f94d 	bl	100075b0 <adc_init>
10000316:	211f      	movs	r1, #31
10000318:	201a      	movs	r0, #26
1000031a:	f000 ff25 	bl	10001168 <gpio_set_function>
1000031e:	2200      	movs	r2, #0
10000320:	2100      	movs	r1, #0
10000322:	201a      	movs	r0, #26
10000324:	f000 ff38 	bl	10001198 <gpio_set_pulls>
10000328:	2100      	movs	r1, #0
1000032a:	201a      	movs	r0, #26
1000032c:	f000 ff46 	bl	100011bc <gpio_set_input_enabled>
10000330:	22e0      	movs	r2, #224	@ 0xe0
10000332:	4bad      	ldr	r3, [pc, #692]	@ (100005e8 <main+0x32c>)
10000334:	01d2      	lsls	r2, r2, #7
10000336:	681b      	ldr	r3, [r3, #0]
10000338:	200e      	movs	r0, #14
1000033a:	4013      	ands	r3, r2
1000033c:	4aab      	ldr	r2, [pc, #684]	@ (100005ec <main+0x330>)
1000033e:	24d0      	movs	r4, #208	@ 0xd0
10000340:	6013      	str	r3, [r2, #0]
10000342:	f000 ff4d 	bl	100011e0 <gpio_init>
10000346:	2380      	movs	r3, #128	@ 0x80
10000348:	0624      	lsls	r4, r4, #24
1000034a:	01db      	lsls	r3, r3, #7
1000034c:	2008      	movs	r0, #8
1000034e:	6263      	str	r3, [r4, #36]	@ 0x24
10000350:	f000 ff46 	bl	100011e0 <gpio_init>
10000354:	2380      	movs	r3, #128	@ 0x80
10000356:	005b      	lsls	r3, r3, #1
10000358:	200f      	movs	r0, #15
1000035a:	6263      	str	r3, [r4, #36]	@ 0x24
1000035c:	f000 ff40 	bl	100011e0 <gpio_init>
10000360:	2380      	movs	r3, #128	@ 0x80
10000362:	021b      	lsls	r3, r3, #8
10000364:	62a3      	str	r3, [r4, #40]	@ 0x28
10000366:	2200      	movs	r2, #0
10000368:	2101      	movs	r1, #1
1000036a:	200f      	movs	r0, #15
1000036c:	f000 ff14 	bl	10001198 <gpio_set_pulls>
10000370:	f7ff ff86 	bl	10000280 <show_splash_screen>
10000374:	f001 fed4 	bl	10002120 <time_us_64>
10000378:	4b9d      	ldr	r3, [pc, #628]	@ (100005f0 <main+0x334>)
1000037a:	469b      	mov	fp, r3
1000037c:	c303      	stmia	r3!, {r0, r1}
1000037e:	4b9d      	ldr	r3, [pc, #628]	@ (100005f4 <main+0x338>)
10000380:	9307      	str	r3, [sp, #28]
10000382:	4b9d      	ldr	r3, [pc, #628]	@ (100005f8 <main+0x33c>)
10000384:	4699      	mov	r9, r3
10000386:	4b9d      	ldr	r3, [pc, #628]	@ (100005fc <main+0x340>)
10000388:	9308      	str	r3, [sp, #32]
1000038a:	4b9d      	ldr	r3, [pc, #628]	@ (10000600 <main+0x344>)
1000038c:	9305      	str	r3, [sp, #20]
1000038e:	4b9d      	ldr	r3, [pc, #628]	@ (10000604 <main+0x348>)
10000390:	4698      	mov	r8, r3
10000392:	4b9d      	ldr	r3, [pc, #628]	@ (10000608 <main+0x34c>)
10000394:	9306      	str	r3, [sp, #24]
10000396:	4b9d      	ldr	r3, [pc, #628]	@ (1000060c <main+0x350>)
10000398:	9309      	str	r3, [sp, #36]	@ 0x24
1000039a:	4b9d      	ldr	r3, [pc, #628]	@ (10000610 <main+0x354>)
1000039c:	930a      	str	r3, [sp, #40]	@ 0x28
1000039e:	4b9d      	ldr	r3, [pc, #628]	@ (10000614 <main+0x358>)
100003a0:	930b      	str	r3, [sp, #44]	@ 0x2c
100003a2:	4b9d      	ldr	r3, [pc, #628]	@ (10000618 <main+0x35c>)
100003a4:	930c      	str	r3, [sp, #48]	@ 0x30
100003a6:	4b9d      	ldr	r3, [pc, #628]	@ (1000061c <main+0x360>)
100003a8:	930e      	str	r3, [sp, #56]	@ 0x38
100003aa:	4b9d      	ldr	r3, [pc, #628]	@ (10000620 <main+0x364>)
100003ac:	930f      	str	r3, [sp, #60]	@ 0x3c
100003ae:	4b9d      	ldr	r3, [pc, #628]	@ (10000624 <main+0x368>)
100003b0:	9314      	str	r3, [sp, #80]	@ 0x50
100003b2:	4b9d      	ldr	r3, [pc, #628]	@ (10000628 <main+0x36c>)
100003b4:	930d      	str	r3, [sp, #52]	@ 0x34
100003b6:	4b9d      	ldr	r3, [pc, #628]	@ (1000062c <main+0x370>)
100003b8:	9310      	str	r3, [sp, #64]	@ 0x40
100003ba:	4b9d      	ldr	r3, [pc, #628]	@ (10000630 <main+0x374>)
100003bc:	9315      	str	r3, [sp, #84]	@ 0x54
100003be:	4b9d      	ldr	r3, [pc, #628]	@ (10000634 <main+0x378>)
100003c0:	9313      	str	r3, [sp, #76]	@ 0x4c
100003c2:	4b9d      	ldr	r3, [pc, #628]	@ (10000638 <main+0x37c>)
100003c4:	9311      	str	r3, [sp, #68]	@ 0x44
100003c6:	4b9d      	ldr	r3, [pc, #628]	@ (1000063c <main+0x380>)
100003c8:	9312      	str	r3, [sp, #72]	@ 0x48
100003ca:	2204      	movs	r2, #4
100003cc:	2480      	movs	r4, #128	@ 0x80
100003ce:	4b9c      	ldr	r3, [pc, #624]	@ (10000640 <main+0x384>)
100003d0:	0064      	lsls	r4, r4, #1
100003d2:	601a      	str	r2, [r3, #0]
100003d4:	4a84      	ldr	r2, [pc, #528]	@ (100005e8 <main+0x32c>)
100003d6:	6813      	ldr	r3, [r2, #0]
100003d8:	4223      	tst	r3, r4
100003da:	d0fc      	beq.n	100003d6 <main+0x11a>
100003dc:	6853      	ldr	r3, [r2, #4]
100003de:	041b      	lsls	r3, r3, #16
100003e0:	0c1b      	lsrs	r3, r3, #16
100003e2:	0018      	movs	r0, r3
100003e4:	469a      	mov	sl, r3
100003e6:	f003 f8e3 	bl	100035b0 <__wrap___aeabi_i2f>
100003ea:	4996      	ldr	r1, [pc, #600]	@ (10000644 <main+0x388>)
100003ec:	f003 f8a1 	bl	10003532 <__wrap___aeabi_fmul>
100003f0:	9b07      	ldr	r3, [sp, #28]
100003f2:	6819      	ldr	r1, [r3, #0]
100003f4:	f003 f89d 	bl	10003532 <__wrap___aeabi_fmul>
100003f8:	1c06      	adds	r6, r0, #0
100003fa:	f000 fe7f 	bl	100010fc <filter_voltage>
100003fe:	1c05      	adds	r5, r0, #0
10000400:	f000 fd96 	bl	10000f30 <voltage_to_soc>
10000404:	464a      	mov	r2, r9
10000406:	9004      	str	r0, [sp, #16]
10000408:	6010      	str	r0, [r2, #0]
1000040a:	1c30      	adds	r0, r6, #0
1000040c:	f003 f8f2 	bl	100035f4 <__wrap___aeabi_f2d>
10000410:	0006      	movs	r6, r0
10000412:	9804      	ldr	r0, [sp, #16]
10000414:	000f      	movs	r7, r1
10000416:	f003 f8ed 	bl	100035f4 <__wrap___aeabi_f2d>
1000041a:	9002      	str	r0, [sp, #8]
1000041c:	9103      	str	r1, [sp, #12]
1000041e:	1c28      	adds	r0, r5, #0
10000420:	f003 f8e8 	bl	100035f4 <__wrap___aeabi_f2d>
10000424:	0032      	movs	r2, r6
10000426:	26d0      	movs	r6, #208	@ 0xd0
10000428:	9000      	str	r0, [sp, #0]
1000042a:	9101      	str	r1, [sp, #4]
1000042c:	003b      	movs	r3, r7
1000042e:	4651      	mov	r1, sl
10000430:	9808      	ldr	r0, [sp, #32]
10000432:	0636      	lsls	r6, r6, #24
10000434:	f004 ff32 	bl	1000529c <__wrap_printf>
10000438:	6872      	ldr	r2, [r6, #4]
1000043a:	2380      	movs	r3, #128	@ 0x80
1000043c:	0011      	movs	r1, r2
1000043e:	021b      	lsls	r3, r3, #8
10000440:	4019      	ands	r1, r3
10000442:	468a      	mov	sl, r1
10000444:	9905      	ldr	r1, [sp, #20]
10000446:	7809      	ldrb	r1, [r1, #0]
10000448:	421a      	tst	r2, r3
1000044a:	d000      	beq.n	1000044e <main+0x192>
1000044c:	e092      	b.n	10000574 <main+0x2b8>
1000044e:	2900      	cmp	r1, #0
10000450:	d000      	beq.n	10000454 <main+0x198>
10000452:	e0a4      	b.n	1000059e <main+0x2e2>
10000454:	23d0      	movs	r3, #208	@ 0xd0
10000456:	2280      	movs	r2, #128	@ 0x80
10000458:	061b      	lsls	r3, r3, #24
1000045a:	0052      	lsls	r2, r2, #1
1000045c:	619a      	str	r2, [r3, #24]
1000045e:	465b      	mov	r3, fp
10000460:	cbc0      	ldmia	r3!, {r6, r7}
10000462:	f001 fe5d 	bl	10002120 <time_us_64>
10000466:	4643      	mov	r3, r8
10000468:	1b80      	subs	r0, r0, r6
1000046a:	41b9      	sbcs	r1, r7
1000046c:	681a      	ldr	r2, [r3, #0]
1000046e:	0153      	lsls	r3, r2, #5
10000470:	1a9b      	subs	r3, r3, r2
10000472:	009b      	lsls	r3, r3, #2
10000474:	189b      	adds	r3, r3, r2
10000476:	00db      	lsls	r3, r3, #3
10000478:	17da      	asrs	r2, r3, #31
1000047a:	428a      	cmp	r2, r1
1000047c:	dd69      	ble.n	10000552 <main+0x296>
1000047e:	9b06      	ldr	r3, [sp, #24]
10000480:	781b      	ldrb	r3, [r3, #0]
10000482:	2b00      	cmp	r3, #0
10000484:	d13e      	bne.n	10000504 <main+0x248>
10000486:	464b      	mov	r3, r9
10000488:	681e      	ldr	r6, [r3, #0]
1000048a:	9b05      	ldr	r3, [sp, #20]
1000048c:	2100      	movs	r1, #0
1000048e:	2000      	movs	r0, #0
10000490:	781c      	ldrb	r4, [r3, #0]
10000492:	f000 fb37 	bl	10000b04 <lcd_set_cursor>
10000496:	9809      	ldr	r0, [sp, #36]	@ 0x24
10000498:	f000 fbac 	bl	10000bf4 <lcd_print>
1000049c:	2204      	movs	r2, #4
1000049e:	2101      	movs	r1, #1
100004a0:	1c28      	adds	r0, r5, #0
100004a2:	f000 fcb1 	bl	10000e08 <lcd_print_num_padded>
100004a6:	980a      	ldr	r0, [sp, #40]	@ 0x28
100004a8:	f000 fba4 	bl	10000bf4 <lcd_print>
100004ac:	2100      	movs	r1, #0
100004ae:	2008      	movs	r0, #8
100004b0:	f000 fb28 	bl	10000b04 <lcd_set_cursor>
100004b4:	980b      	ldr	r0, [sp, #44]	@ 0x2c
100004b6:	f000 fb9d 	bl	10000bf4 <lcd_print>
100004ba:	2203      	movs	r2, #3
100004bc:	2100      	movs	r1, #0
100004be:	1c30      	adds	r0, r6, #0
100004c0:	f000 fca2 	bl	10000e08 <lcd_print_num_padded>
100004c4:	980c      	ldr	r0, [sp, #48]	@ 0x30
100004c6:	f000 fb95 	bl	10000bf4 <lcd_print>
100004ca:	2101      	movs	r1, #1
100004cc:	2000      	movs	r0, #0
100004ce:	f000 fb19 	bl	10000b04 <lcd_set_cursor>
100004d2:	980e      	ldr	r0, [sp, #56]	@ 0x38
100004d4:	f000 fb8e 	bl	10000bf4 <lcd_print>
100004d8:	2101      	movs	r1, #1
100004da:	2008      	movs	r0, #8
100004dc:	f000 fb12 	bl	10000b04 <lcd_set_cursor>
100004e0:	980f      	ldr	r0, [sp, #60]	@ 0x3c
100004e2:	f000 fb87 	bl	10000bf4 <lcd_print>
100004e6:	980d      	ldr	r0, [sp, #52]	@ 0x34
100004e8:	2c00      	cmp	r4, #0
100004ea:	d000      	beq.n	100004ee <main+0x232>
100004ec:	9814      	ldr	r0, [sp, #80]	@ 0x50
100004ee:	f000 fb81 	bl	10000bf4 <lcd_print>
100004f2:	4b55      	ldr	r3, [pc, #340]	@ (10000648 <main+0x38c>)
100004f4:	4642      	mov	r2, r8
100004f6:	2064      	movs	r0, #100	@ 0x64
100004f8:	6013      	str	r3, [r2, #0]
100004fa:	f001 fceb 	bl	10001ed4 <sleep_ms>
100004fe:	f001 ff6d 	bl	100023dc <watchdog_update>
10000502:	e762      	b.n	100003ca <main+0x10e>
10000504:	2100      	movs	r1, #0
10000506:	2003      	movs	r0, #3
10000508:	f000 fafc 	bl	10000b04 <lcd_set_cursor>
1000050c:	9810      	ldr	r0, [sp, #64]	@ 0x40
1000050e:	f000 fb71 	bl	10000bf4 <lcd_print>
10000512:	4653      	mov	r3, sl
10000514:	9813      	ldr	r0, [sp, #76]	@ 0x4c
10000516:	2b00      	cmp	r3, #0
10000518:	d000      	beq.n	1000051c <main+0x260>
1000051a:	9815      	ldr	r0, [sp, #84]	@ 0x54
1000051c:	f000 fb6a 	bl	10000bf4 <lcd_print>
10000520:	2101      	movs	r1, #1
10000522:	2000      	movs	r0, #0
10000524:	f000 faee 	bl	10000b04 <lcd_set_cursor>
10000528:	9811      	ldr	r0, [sp, #68]	@ 0x44
1000052a:	f000 fb63 	bl	10000bf4 <lcd_print>
1000052e:	2101      	movs	r1, #1
10000530:	4846      	ldr	r0, [pc, #280]	@ (1000064c <main+0x390>)
10000532:	f000 fbdd 	bl	10000cf0 <lcd_print_num>
10000536:	2101      	movs	r1, #1
10000538:	2009      	movs	r0, #9
1000053a:	f000 fae3 	bl	10000b04 <lcd_set_cursor>
1000053e:	9812      	ldr	r0, [sp, #72]	@ 0x48
10000540:	f000 fb58 	bl	10000bf4 <lcd_print>
10000544:	2101      	movs	r1, #1
10000546:	4842      	ldr	r0, [pc, #264]	@ (10000650 <main+0x394>)
10000548:	f000 fbd2 	bl	10000cf0 <lcd_print_num>
1000054c:	23fa      	movs	r3, #250	@ 0xfa
1000054e:	00db      	lsls	r3, r3, #3
10000550:	e7d0      	b.n	100004f4 <main+0x238>
10000552:	428a      	cmp	r2, r1
10000554:	d101      	bne.n	1000055a <main+0x29e>
10000556:	4283      	cmp	r3, r0
10000558:	d891      	bhi.n	1000047e <main+0x1c2>
1000055a:	2301      	movs	r3, #1
1000055c:	9906      	ldr	r1, [sp, #24]
1000055e:	780a      	ldrb	r2, [r1, #0]
10000560:	3201      	adds	r2, #1
10000562:	4013      	ands	r3, r2
10000564:	700b      	strb	r3, [r1, #0]
10000566:	f001 fddb 	bl	10002120 <time_us_64>
1000056a:	465b      	mov	r3, fp
1000056c:	c303      	stmia	r3!, {r0, r1}
1000056e:	f000 fa6b 	bl	10000a48 <lcd_clear>
10000572:	e784      	b.n	1000047e <main+0x1c2>
10000574:	2900      	cmp	r1, #0
10000576:	d01e      	beq.n	100005b6 <main+0x2fa>
10000578:	4935      	ldr	r1, [pc, #212]	@ (10000650 <main+0x394>)
1000057a:	1c28      	adds	r0, r5, #0
1000057c:	f003 f810 	bl	100035a0 <__wrap___aeabi_fcmpge>
10000580:	2800      	cmp	r0, #0
10000582:	d100      	bne.n	10000586 <main+0x2ca>
10000584:	e76b      	b.n	1000045e <main+0x1a2>
10000586:	2480      	movs	r4, #128	@ 0x80
10000588:	2300      	movs	r3, #0
1000058a:	2096      	movs	r0, #150	@ 0x96
1000058c:	9a05      	ldr	r2, [sp, #20]
1000058e:	01e4      	lsls	r4, r4, #7
10000590:	7013      	strb	r3, [r2, #0]
10000592:	0040      	lsls	r0, r0, #1
10000594:	6174      	str	r4, [r6, #20]
10000596:	f001 fc9d 	bl	10001ed4 <sleep_ms>
1000059a:	61b4      	str	r4, [r6, #24]
1000059c:	e75f      	b.n	1000045e <main+0x1a2>
1000059e:	2480      	movs	r4, #128	@ 0x80
100005a0:	4652      	mov	r2, sl
100005a2:	20fa      	movs	r0, #250	@ 0xfa
100005a4:	9b05      	ldr	r3, [sp, #20]
100005a6:	01e4      	lsls	r4, r4, #7
100005a8:	701a      	strb	r2, [r3, #0]
100005aa:	0080      	lsls	r0, r0, #2
100005ac:	6174      	str	r4, [r6, #20]
100005ae:	f001 fc91 	bl	10001ed4 <sleep_ms>
100005b2:	61b4      	str	r4, [r6, #24]
100005b4:	e74e      	b.n	10000454 <main+0x198>
100005b6:	4925      	ldr	r1, [pc, #148]	@ (1000064c <main+0x390>)
100005b8:	1c28      	adds	r0, r5, #0
100005ba:	f002 ffe9 	bl	10003590 <__wrap___aeabi_fcmple>
100005be:	2800      	cmp	r0, #0
100005c0:	d100      	bne.n	100005c4 <main+0x308>
100005c2:	e74c      	b.n	1000045e <main+0x1a2>
100005c4:	2780      	movs	r7, #128	@ 0x80
100005c6:	2301      	movs	r3, #1
100005c8:	2096      	movs	r0, #150	@ 0x96
100005ca:	9a05      	ldr	r2, [sp, #20]
100005cc:	01ff      	lsls	r7, r7, #7
100005ce:	7013      	strb	r3, [r2, #0]
100005d0:	0040      	lsls	r0, r0, #1
100005d2:	6177      	str	r7, [r6, #20]
100005d4:	f001 fc7e 	bl	10001ed4 <sleep_ms>
100005d8:	61b7      	str	r7, [r6, #24]
100005da:	6174      	str	r4, [r6, #20]
100005dc:	e73f      	b.n	1000045e <main+0x1a2>
100005de:	46c0      	nop			@ (mov r8, r8)
100005e0:	20001030 	.word	0x20001030
100005e4:	000186a0 	.word	0x000186a0
100005e8:	4004c000 	.word	0x4004c000
100005ec:	4004d000 	.word	0x4004d000
100005f0:	20001290 	.word	0x20001290
100005f4:	20000f40 	.word	0x20000f40
100005f8:	20001c40 	.word	0x20001c40
100005fc:	10007964 	.word	0x10007964
10000600:	20001d34 	.word	0x20001d34
10000604:	20000f44 	.word	0x20000f44
10000608:	20001d2e 	.word	0x20001d2e
1000060c:	100079a4 	.word	0x100079a4
10000610:	100079a8 	.word	0x100079a8
10000614:	100079ac 	.word	0x100079ac
10000618:	100079b4 	.word	0x100079b4
1000061c:	100079b8 	.word	0x100079b8
10000620:	100079c0 	.word	0x100079c0
10000624:	10007954 	.word	0x10007954
10000628:	100079bc 	.word	0x100079bc
1000062c:	100079c8 	.word	0x100079c8
10000630:	1000795c 	.word	0x1000795c
10000634:	10007960 	.word	0x10007960
10000638:	100079d0 	.word	0x100079d0
1000063c:	100079d8 	.word	0x100079d8
10000640:	4004e000 	.word	0x4004e000
10000644:	3a533333 	.word	0x3a533333
10000648:	00001388 	.word	0x00001388
1000064c:	42500000 	.word	0x42500000
10000650:	42533333 	.word	0x42533333

10000654 <lcd_init>:
10000654:	b5f0      	push	{r4, r5, r6, r7, lr}
10000656:	4cf9      	ldr	r4, [pc, #996]	@ (10000a3c <lcd_init+0x3e8>)
10000658:	4df9      	ldr	r5, [pc, #996]	@ (10000a40 <lcd_init+0x3ec>)
1000065a:	b085      	sub	sp, #20
1000065c:	6020      	str	r0, [r4, #0]
1000065e:	2032      	movs	r0, #50	@ 0x32
10000660:	2600      	movs	r6, #0
10000662:	2738      	movs	r7, #56	@ 0x38
10000664:	7029      	strb	r1, [r5, #0]
10000666:	f001 fc35 	bl	10001ed4 <sleep_ms>
1000066a:	466b      	mov	r3, sp
1000066c:	220f      	movs	r2, #15
1000066e:	7829      	ldrb	r1, [r5, #0]
10000670:	73df      	strb	r7, [r3, #15]
10000672:	6820      	ldr	r0, [r4, #0]
10000674:	446a      	add	r2, sp
10000676:	2301      	movs	r3, #1
10000678:	9600      	str	r6, [sp, #0]
1000067a:	f007 f8a3 	bl	100077c4 <i2c_write_blocking>
1000067e:	466a      	mov	r2, sp
10000680:	213c      	movs	r1, #60	@ 0x3c
10000682:	73d1      	strb	r1, [r2, #15]
10000684:	220f      	movs	r2, #15
10000686:	7829      	ldrb	r1, [r5, #0]
10000688:	446a      	add	r2, sp
1000068a:	2301      	movs	r3, #1
1000068c:	6820      	ldr	r0, [r4, #0]
1000068e:	9600      	str	r6, [sp, #0]
10000690:	f007 f898 	bl	100077c4 <i2c_write_blocking>
10000694:	2001      	movs	r0, #1
10000696:	2100      	movs	r1, #0
10000698:	f001 fba6 	bl	10001de8 <sleep_us>
1000069c:	466a      	mov	r2, sp
1000069e:	73d7      	strb	r7, [r2, #15]
100006a0:	220f      	movs	r2, #15
100006a2:	2301      	movs	r3, #1
100006a4:	446a      	add	r2, sp
100006a6:	7829      	ldrb	r1, [r5, #0]
100006a8:	6820      	ldr	r0, [r4, #0]
100006aa:	9600      	str	r6, [sp, #0]
100006ac:	f007 f88a 	bl	100077c4 <i2c_write_blocking>
100006b0:	2100      	movs	r1, #0
100006b2:	2032      	movs	r0, #50	@ 0x32
100006b4:	f001 fb98 	bl	10001de8 <sleep_us>
100006b8:	2005      	movs	r0, #5
100006ba:	f001 fc0b 	bl	10001ed4 <sleep_ms>
100006be:	466a      	mov	r2, sp
100006c0:	73d7      	strb	r7, [r2, #15]
100006c2:	220f      	movs	r2, #15
100006c4:	7829      	ldrb	r1, [r5, #0]
100006c6:	6820      	ldr	r0, [r4, #0]
100006c8:	446a      	add	r2, sp
100006ca:	2301      	movs	r3, #1
100006cc:	9600      	str	r6, [sp, #0]
100006ce:	f007 f879 	bl	100077c4 <i2c_write_blocking>
100006d2:	466a      	mov	r2, sp
100006d4:	213c      	movs	r1, #60	@ 0x3c
100006d6:	73d1      	strb	r1, [r2, #15]
100006d8:	220f      	movs	r2, #15
100006da:	7829      	ldrb	r1, [r5, #0]
100006dc:	446a      	add	r2, sp
100006de:	2301      	movs	r3, #1
100006e0:	6820      	ldr	r0, [r4, #0]
100006e2:	9600      	str	r6, [sp, #0]
100006e4:	f007 f86e 	bl	100077c4 <i2c_write_blocking>
100006e8:	2001      	movs	r0, #1
100006ea:	2100      	movs	r1, #0
100006ec:	f001 fb7c 	bl	10001de8 <sleep_us>
100006f0:	466a      	mov	r2, sp
100006f2:	73d7      	strb	r7, [r2, #15]
100006f4:	220f      	movs	r2, #15
100006f6:	2301      	movs	r3, #1
100006f8:	446a      	add	r2, sp
100006fa:	7829      	ldrb	r1, [r5, #0]
100006fc:	6820      	ldr	r0, [r4, #0]
100006fe:	9600      	str	r6, [sp, #0]
10000700:	f007 f860 	bl	100077c4 <i2c_write_blocking>
10000704:	2032      	movs	r0, #50	@ 0x32
10000706:	2100      	movs	r1, #0
10000708:	f001 fb6e 	bl	10001de8 <sleep_us>
1000070c:	2096      	movs	r0, #150	@ 0x96
1000070e:	2100      	movs	r1, #0
10000710:	f001 fb6a 	bl	10001de8 <sleep_us>
10000714:	466a      	mov	r2, sp
10000716:	73d7      	strb	r7, [r2, #15]
10000718:	220f      	movs	r2, #15
1000071a:	7829      	ldrb	r1, [r5, #0]
1000071c:	6820      	ldr	r0, [r4, #0]
1000071e:	446a      	add	r2, sp
10000720:	2301      	movs	r3, #1
10000722:	9600      	str	r6, [sp, #0]
10000724:	f007 f84e 	bl	100077c4 <i2c_write_blocking>
10000728:	466a      	mov	r2, sp
1000072a:	233c      	movs	r3, #60	@ 0x3c
1000072c:	73d3      	strb	r3, [r2, #15]
1000072e:	220f      	movs	r2, #15
10000730:	7829      	ldrb	r1, [r5, #0]
10000732:	446a      	add	r2, sp
10000734:	6820      	ldr	r0, [r4, #0]
10000736:	3b3b      	subs	r3, #59	@ 0x3b
10000738:	9600      	str	r6, [sp, #0]
1000073a:	f007 f843 	bl	100077c4 <i2c_write_blocking>
1000073e:	2001      	movs	r0, #1
10000740:	2100      	movs	r1, #0
10000742:	f001 fb51 	bl	10001de8 <sleep_us>
10000746:	466b      	mov	r3, sp
10000748:	220f      	movs	r2, #15
1000074a:	7829      	ldrb	r1, [r5, #0]
1000074c:	73df      	strb	r7, [r3, #15]
1000074e:	446a      	add	r2, sp
10000750:	2301      	movs	r3, #1
10000752:	6820      	ldr	r0, [r4, #0]
10000754:	9600      	str	r6, [sp, #0]
10000756:	f007 f835 	bl	100077c4 <i2c_write_blocking>
1000075a:	2032      	movs	r0, #50	@ 0x32
1000075c:	2100      	movs	r1, #0
1000075e:	f001 fb43 	bl	10001de8 <sleep_us>
10000762:	466b      	mov	r3, sp
10000764:	220f      	movs	r2, #15
10000766:	3f10      	subs	r7, #16
10000768:	7829      	ldrb	r1, [r5, #0]
1000076a:	73df      	strb	r7, [r3, #15]
1000076c:	6820      	ldr	r0, [r4, #0]
1000076e:	446a      	add	r2, sp
10000770:	2301      	movs	r3, #1
10000772:	9600      	str	r6, [sp, #0]
10000774:	f007 f826 	bl	100077c4 <i2c_write_blocking>
10000778:	466a      	mov	r2, sp
1000077a:	212c      	movs	r1, #44	@ 0x2c
1000077c:	73d1      	strb	r1, [r2, #15]
1000077e:	220f      	movs	r2, #15
10000780:	7829      	ldrb	r1, [r5, #0]
10000782:	446a      	add	r2, sp
10000784:	2301      	movs	r3, #1
10000786:	6820      	ldr	r0, [r4, #0]
10000788:	9600      	str	r6, [sp, #0]
1000078a:	f007 f81b 	bl	100077c4 <i2c_write_blocking>
1000078e:	2001      	movs	r0, #1
10000790:	2100      	movs	r1, #0
10000792:	f001 fb29 	bl	10001de8 <sleep_us>
10000796:	466a      	mov	r2, sp
10000798:	73d7      	strb	r7, [r2, #15]
1000079a:	220f      	movs	r2, #15
1000079c:	7829      	ldrb	r1, [r5, #0]
1000079e:	446a      	add	r2, sp
100007a0:	2301      	movs	r3, #1
100007a2:	6820      	ldr	r0, [r4, #0]
100007a4:	9600      	str	r6, [sp, #0]
100007a6:	f007 f80d 	bl	100077c4 <i2c_write_blocking>
100007aa:	2032      	movs	r0, #50	@ 0x32
100007ac:	2100      	movs	r1, #0
100007ae:	f001 fb1b 	bl	10001de8 <sleep_us>
100007b2:	466a      	mov	r2, sp
100007b4:	73d7      	strb	r7, [r2, #15]
100007b6:	220f      	movs	r2, #15
100007b8:	7829      	ldrb	r1, [r5, #0]
100007ba:	6820      	ldr	r0, [r4, #0]
100007bc:	446a      	add	r2, sp
100007be:	2301      	movs	r3, #1
100007c0:	9600      	str	r6, [sp, #0]
100007c2:	f006 ffff 	bl	100077c4 <i2c_write_blocking>
100007c6:	466a      	mov	r2, sp
100007c8:	232c      	movs	r3, #44	@ 0x2c
100007ca:	73d3      	strb	r3, [r2, #15]
100007cc:	220f      	movs	r2, #15
100007ce:	7829      	ldrb	r1, [r5, #0]
100007d0:	446a      	add	r2, sp
100007d2:	6820      	ldr	r0, [r4, #0]
100007d4:	3b2b      	subs	r3, #43	@ 0x2b
100007d6:	9600      	str	r6, [sp, #0]
100007d8:	f006 fff4 	bl	100077c4 <i2c_write_blocking>
100007dc:	2001      	movs	r0, #1
100007de:	2100      	movs	r1, #0
100007e0:	f001 fb02 	bl	10001de8 <sleep_us>
100007e4:	466b      	mov	r3, sp
100007e6:	220f      	movs	r2, #15
100007e8:	7829      	ldrb	r1, [r5, #0]
100007ea:	73df      	strb	r7, [r3, #15]
100007ec:	446a      	add	r2, sp
100007ee:	2301      	movs	r3, #1
100007f0:	6820      	ldr	r0, [r4, #0]
100007f2:	9600      	str	r6, [sp, #0]
100007f4:	f006 ffe6 	bl	100077c4 <i2c_write_blocking>
100007f8:	2032      	movs	r0, #50	@ 0x32
100007fa:	2100      	movs	r1, #0
100007fc:	f001 faf4 	bl	10001de8 <sleep_us>
10000800:	466b      	mov	r3, sp
10000802:	220f      	movs	r2, #15
10000804:	3760      	adds	r7, #96	@ 0x60
10000806:	7829      	ldrb	r1, [r5, #0]
10000808:	73df      	strb	r7, [r3, #15]
1000080a:	6820      	ldr	r0, [r4, #0]
1000080c:	446a      	add	r2, sp
1000080e:	2301      	movs	r3, #1
10000810:	9600      	str	r6, [sp, #0]
10000812:	f006 ffd7 	bl	100077c4 <i2c_write_blocking>
10000816:	466a      	mov	r2, sp
10000818:	238c      	movs	r3, #140	@ 0x8c
1000081a:	73d3      	strb	r3, [r2, #15]
1000081c:	220f      	movs	r2, #15
1000081e:	7829      	ldrb	r1, [r5, #0]
10000820:	446a      	add	r2, sp
10000822:	6820      	ldr	r0, [r4, #0]
10000824:	3b8b      	subs	r3, #139	@ 0x8b
10000826:	9600      	str	r6, [sp, #0]
10000828:	f006 ffcc 	bl	100077c4 <i2c_write_blocking>
1000082c:	2001      	movs	r0, #1
1000082e:	2100      	movs	r1, #0
10000830:	f001 fada 	bl	10001de8 <sleep_us>
10000834:	466b      	mov	r3, sp
10000836:	220f      	movs	r2, #15
10000838:	7829      	ldrb	r1, [r5, #0]
1000083a:	73df      	strb	r7, [r3, #15]
1000083c:	446a      	add	r2, sp
1000083e:	2301      	movs	r3, #1
10000840:	6820      	ldr	r0, [r4, #0]
10000842:	9600      	str	r6, [sp, #0]
10000844:	f006 ffbe 	bl	100077c4 <i2c_write_blocking>
10000848:	2032      	movs	r0, #50	@ 0x32
1000084a:	2100      	movs	r1, #0
1000084c:	f001 facc 	bl	10001de8 <sleep_us>
10000850:	466b      	mov	r3, sp
10000852:	220f      	movs	r2, #15
10000854:	3f80      	subs	r7, #128	@ 0x80
10000856:	7829      	ldrb	r1, [r5, #0]
10000858:	73df      	strb	r7, [r3, #15]
1000085a:	6820      	ldr	r0, [r4, #0]
1000085c:	446a      	add	r2, sp
1000085e:	2301      	movs	r3, #1
10000860:	9600      	str	r6, [sp, #0]
10000862:	f006 ffaf 	bl	100077c4 <i2c_write_blocking>
10000866:	466a      	mov	r2, sp
10000868:	210c      	movs	r1, #12
1000086a:	73d1      	strb	r1, [r2, #15]
1000086c:	220f      	movs	r2, #15
1000086e:	7829      	ldrb	r1, [r5, #0]
10000870:	446a      	add	r2, sp
10000872:	2301      	movs	r3, #1
10000874:	6820      	ldr	r0, [r4, #0]
10000876:	9600      	str	r6, [sp, #0]
10000878:	f006 ffa4 	bl	100077c4 <i2c_write_blocking>
1000087c:	2001      	movs	r0, #1
1000087e:	2100      	movs	r1, #0
10000880:	f001 fab2 	bl	10001de8 <sleep_us>
10000884:	466a      	mov	r2, sp
10000886:	73d7      	strb	r7, [r2, #15]
10000888:	220f      	movs	r2, #15
1000088a:	7829      	ldrb	r1, [r5, #0]
1000088c:	446a      	add	r2, sp
1000088e:	2301      	movs	r3, #1
10000890:	6820      	ldr	r0, [r4, #0]
10000892:	9600      	str	r6, [sp, #0]
10000894:	f006 ff96 	bl	100077c4 <i2c_write_blocking>
10000898:	2032      	movs	r0, #50	@ 0x32
1000089a:	2100      	movs	r1, #0
1000089c:	f001 faa4 	bl	10001de8 <sleep_us>
100008a0:	4669      	mov	r1, sp
100008a2:	22c8      	movs	r2, #200	@ 0xc8
100008a4:	73ca      	strb	r2, [r1, #15]
100008a6:	3ab9      	subs	r2, #185	@ 0xb9
100008a8:	7829      	ldrb	r1, [r5, #0]
100008aa:	6820      	ldr	r0, [r4, #0]
100008ac:	446a      	add	r2, sp
100008ae:	2301      	movs	r3, #1
100008b0:	9600      	str	r6, [sp, #0]
100008b2:	f006 ff87 	bl	100077c4 <i2c_write_blocking>
100008b6:	4669      	mov	r1, sp
100008b8:	23cc      	movs	r3, #204	@ 0xcc
100008ba:	220f      	movs	r2, #15
100008bc:	73cb      	strb	r3, [r1, #15]
100008be:	446a      	add	r2, sp
100008c0:	7829      	ldrb	r1, [r5, #0]
100008c2:	6820      	ldr	r0, [r4, #0]
100008c4:	3bcb      	subs	r3, #203	@ 0xcb
100008c6:	9600      	str	r6, [sp, #0]
100008c8:	f006 ff7c 	bl	100077c4 <i2c_write_blocking>
100008cc:	2001      	movs	r0, #1
100008ce:	2100      	movs	r1, #0
100008d0:	f001 fa8a 	bl	10001de8 <sleep_us>
100008d4:	4669      	mov	r1, sp
100008d6:	22c8      	movs	r2, #200	@ 0xc8
100008d8:	73ca      	strb	r2, [r1, #15]
100008da:	3ab9      	subs	r2, #185	@ 0xb9
100008dc:	7829      	ldrb	r1, [r5, #0]
100008de:	446a      	add	r2, sp
100008e0:	2301      	movs	r3, #1
100008e2:	6820      	ldr	r0, [r4, #0]
100008e4:	9600      	str	r6, [sp, #0]
100008e6:	f006 ff6d 	bl	100077c4 <i2c_write_blocking>
100008ea:	2032      	movs	r0, #50	@ 0x32
100008ec:	2100      	movs	r1, #0
100008ee:	f001 fa7b 	bl	10001de8 <sleep_us>
100008f2:	466a      	mov	r2, sp
100008f4:	73d7      	strb	r7, [r2, #15]
100008f6:	220f      	movs	r2, #15
100008f8:	7829      	ldrb	r1, [r5, #0]
100008fa:	6820      	ldr	r0, [r4, #0]
100008fc:	446a      	add	r2, sp
100008fe:	2301      	movs	r3, #1
10000900:	9600      	str	r6, [sp, #0]
10000902:	f006 ff5f 	bl	100077c4 <i2c_write_blocking>
10000906:	466a      	mov	r2, sp
10000908:	210c      	movs	r1, #12
1000090a:	73d1      	strb	r1, [r2, #15]
1000090c:	220f      	movs	r2, #15
1000090e:	7829      	ldrb	r1, [r5, #0]
10000910:	446a      	add	r2, sp
10000912:	2301      	movs	r3, #1
10000914:	6820      	ldr	r0, [r4, #0]
10000916:	9600      	str	r6, [sp, #0]
10000918:	f006 ff54 	bl	100077c4 <i2c_write_blocking>
1000091c:	2001      	movs	r0, #1
1000091e:	2100      	movs	r1, #0
10000920:	f001 fa62 	bl	10001de8 <sleep_us>
10000924:	466a      	mov	r2, sp
10000926:	73d7      	strb	r7, [r2, #15]
10000928:	220f      	movs	r2, #15
1000092a:	7829      	ldrb	r1, [r5, #0]
1000092c:	446a      	add	r2, sp
1000092e:	2301      	movs	r3, #1
10000930:	6820      	ldr	r0, [r4, #0]
10000932:	9600      	str	r6, [sp, #0]
10000934:	f006 ff46 	bl	100077c4 <i2c_write_blocking>
10000938:	2032      	movs	r0, #50	@ 0x32
1000093a:	2100      	movs	r1, #0
1000093c:	f001 fa54 	bl	10001de8 <sleep_us>
10000940:	4669      	mov	r1, sp
10000942:	2068      	movs	r0, #104	@ 0x68
10000944:	220f      	movs	r2, #15
10000946:	73c8      	strb	r0, [r1, #15]
10000948:	446a      	add	r2, sp
1000094a:	7829      	ldrb	r1, [r5, #0]
1000094c:	6820      	ldr	r0, [r4, #0]
1000094e:	2301      	movs	r3, #1
10000950:	9600      	str	r6, [sp, #0]
10000952:	f006 ff37 	bl	100077c4 <i2c_write_blocking>
10000956:	4669      	mov	r1, sp
10000958:	236c      	movs	r3, #108	@ 0x6c
1000095a:	220f      	movs	r2, #15
1000095c:	73cb      	strb	r3, [r1, #15]
1000095e:	446a      	add	r2, sp
10000960:	7829      	ldrb	r1, [r5, #0]
10000962:	6820      	ldr	r0, [r4, #0]
10000964:	3b6b      	subs	r3, #107	@ 0x6b
10000966:	9600      	str	r6, [sp, #0]
10000968:	f006 ff2c 	bl	100077c4 <i2c_write_blocking>
1000096c:	2001      	movs	r0, #1
1000096e:	2100      	movs	r1, #0
10000970:	f001 fa3a 	bl	10001de8 <sleep_us>
10000974:	4669      	mov	r1, sp
10000976:	2268      	movs	r2, #104	@ 0x68
10000978:	73ca      	strb	r2, [r1, #15]
1000097a:	3a59      	subs	r2, #89	@ 0x59
1000097c:	7829      	ldrb	r1, [r5, #0]
1000097e:	446a      	add	r2, sp
10000980:	2301      	movs	r3, #1
10000982:	6820      	ldr	r0, [r4, #0]
10000984:	9600      	str	r6, [sp, #0]
10000986:	f006 ff1d 	bl	100077c4 <i2c_write_blocking>
1000098a:	2032      	movs	r0, #50	@ 0x32
1000098c:	2100      	movs	r1, #0
1000098e:	f001 fa2b 	bl	10001de8 <sleep_us>
10000992:	466a      	mov	r2, sp
10000994:	73d7      	strb	r7, [r2, #15]
10000996:	220f      	movs	r2, #15
10000998:	7829      	ldrb	r1, [r5, #0]
1000099a:	6820      	ldr	r0, [r4, #0]
1000099c:	446a      	add	r2, sp
1000099e:	2301      	movs	r3, #1
100009a0:	9600      	str	r6, [sp, #0]
100009a2:	f006 ff0f 	bl	100077c4 <i2c_write_blocking>
100009a6:	466a      	mov	r2, sp
100009a8:	230c      	movs	r3, #12
100009aa:	73d3      	strb	r3, [r2, #15]
100009ac:	220f      	movs	r2, #15
100009ae:	7829      	ldrb	r1, [r5, #0]
100009b0:	446a      	add	r2, sp
100009b2:	6820      	ldr	r0, [r4, #0]
100009b4:	3b0b      	subs	r3, #11
100009b6:	9600      	str	r6, [sp, #0]
100009b8:	f006 ff04 	bl	100077c4 <i2c_write_blocking>
100009bc:	2001      	movs	r0, #1
100009be:	2100      	movs	r1, #0
100009c0:	f001 fa12 	bl	10001de8 <sleep_us>
100009c4:	466b      	mov	r3, sp
100009c6:	220f      	movs	r2, #15
100009c8:	7829      	ldrb	r1, [r5, #0]
100009ca:	73df      	strb	r7, [r3, #15]
100009cc:	446a      	add	r2, sp
100009ce:	2301      	movs	r3, #1
100009d0:	6820      	ldr	r0, [r4, #0]
100009d2:	9600      	str	r6, [sp, #0]
100009d4:	f006 fef6 	bl	100077c4 <i2c_write_blocking>
100009d8:	2032      	movs	r0, #50	@ 0x32
100009da:	2100      	movs	r1, #0
100009dc:	f001 fa04 	bl	10001de8 <sleep_us>
100009e0:	466b      	mov	r3, sp
100009e2:	220f      	movs	r2, #15
100009e4:	3710      	adds	r7, #16
100009e6:	7829      	ldrb	r1, [r5, #0]
100009e8:	73df      	strb	r7, [r3, #15]
100009ea:	6820      	ldr	r0, [r4, #0]
100009ec:	446a      	add	r2, sp
100009ee:	2301      	movs	r3, #1
100009f0:	9600      	str	r6, [sp, #0]
100009f2:	f006 fee7 	bl	100077c4 <i2c_write_blocking>
100009f6:	466a      	mov	r2, sp
100009f8:	231c      	movs	r3, #28
100009fa:	73d3      	strb	r3, [r2, #15]
100009fc:	220f      	movs	r2, #15
100009fe:	7829      	ldrb	r1, [r5, #0]
10000a00:	446a      	add	r2, sp
10000a02:	6820      	ldr	r0, [r4, #0]
10000a04:	3b1b      	subs	r3, #27
10000a06:	9600      	str	r6, [sp, #0]
10000a08:	f006 fedc 	bl	100077c4 <i2c_write_blocking>
10000a0c:	2001      	movs	r0, #1
10000a0e:	2100      	movs	r1, #0
10000a10:	f001 f9ea 	bl	10001de8 <sleep_us>
10000a14:	466b      	mov	r3, sp
10000a16:	220f      	movs	r2, #15
10000a18:	7829      	ldrb	r1, [r5, #0]
10000a1a:	73df      	strb	r7, [r3, #15]
10000a1c:	446a      	add	r2, sp
10000a1e:	2301      	movs	r3, #1
10000a20:	6820      	ldr	r0, [r4, #0]
10000a22:	9600      	str	r6, [sp, #0]
10000a24:	f006 fece 	bl	100077c4 <i2c_write_blocking>
10000a28:	2100      	movs	r1, #0
10000a2a:	2032      	movs	r0, #50	@ 0x32
10000a2c:	f001 f9dc 	bl	10001de8 <sleep_us>
10000a30:	2002      	movs	r0, #2
10000a32:	f001 fa4f 	bl	10001ed4 <sleep_ms>
10000a36:	b005      	add	sp, #20
10000a38:	e004      	b.n	10000a44 <lcd_init+0x3f0>
10000a3a:	46c0      	nop			@ (mov r8, r8)
10000a3c:	20001c0c 	.word	0x20001c0c
10000a40:	20001d31 	.word	0x20001d31
10000a44:	bdf0      	pop	{r4, r5, r6, r7, pc}
10000a46:	46c0      	nop			@ (mov r8, r8)

10000a48 <lcd_clear>:
10000a48:	b5f0      	push	{r4, r5, r6, r7, lr}
10000a4a:	b085      	sub	sp, #20
10000a4c:	2400      	movs	r4, #0
10000a4e:	2708      	movs	r7, #8
10000a50:	466b      	mov	r3, sp
10000a52:	220f      	movs	r2, #15
10000a54:	4e29      	ldr	r6, [pc, #164]	@ (10000afc <lcd_clear+0xb4>)
10000a56:	4d2a      	ldr	r5, [pc, #168]	@ (10000b00 <lcd_clear+0xb8>)
10000a58:	7831      	ldrb	r1, [r6, #0]
10000a5a:	73df      	strb	r7, [r3, #15]
10000a5c:	6828      	ldr	r0, [r5, #0]
10000a5e:	446a      	add	r2, sp
10000a60:	2301      	movs	r3, #1
10000a62:	9400      	str	r4, [sp, #0]
10000a64:	f006 feae 	bl	100077c4 <i2c_write_blocking>
10000a68:	466a      	mov	r2, sp
10000a6a:	230c      	movs	r3, #12
10000a6c:	73d3      	strb	r3, [r2, #15]
10000a6e:	220f      	movs	r2, #15
10000a70:	7831      	ldrb	r1, [r6, #0]
10000a72:	446a      	add	r2, sp
10000a74:	6828      	ldr	r0, [r5, #0]
10000a76:	3b0b      	subs	r3, #11
10000a78:	9400      	str	r4, [sp, #0]
10000a7a:	f006 fea3 	bl	100077c4 <i2c_write_blocking>
10000a7e:	2001      	movs	r0, #1
10000a80:	2100      	movs	r1, #0
10000a82:	f001 f9b1 	bl	10001de8 <sleep_us>
10000a86:	466b      	mov	r3, sp
10000a88:	220f      	movs	r2, #15
10000a8a:	7831      	ldrb	r1, [r6, #0]
10000a8c:	73df      	strb	r7, [r3, #15]
10000a8e:	446a      	add	r2, sp
10000a90:	2301      	movs	r3, #1
10000a92:	6828      	ldr	r0, [r5, #0]
10000a94:	9400      	str	r4, [sp, #0]
10000a96:	f006 fe95 	bl	100077c4 <i2c_write_blocking>
10000a9a:	2032      	movs	r0, #50	@ 0x32
10000a9c:	2100      	movs	r1, #0
10000a9e:	f001 f9a3 	bl	10001de8 <sleep_us>
10000aa2:	466b      	mov	r3, sp
10000aa4:	220f      	movs	r2, #15
10000aa6:	3710      	adds	r7, #16
10000aa8:	7831      	ldrb	r1, [r6, #0]
10000aaa:	73df      	strb	r7, [r3, #15]
10000aac:	6828      	ldr	r0, [r5, #0]
10000aae:	446a      	add	r2, sp
10000ab0:	2301      	movs	r3, #1
10000ab2:	9400      	str	r4, [sp, #0]
10000ab4:	f006 fe86 	bl	100077c4 <i2c_write_blocking>
10000ab8:	466a      	mov	r2, sp
10000aba:	231c      	movs	r3, #28
10000abc:	73d3      	strb	r3, [r2, #15]
10000abe:	220f      	movs	r2, #15
10000ac0:	7831      	ldrb	r1, [r6, #0]
10000ac2:	446a      	add	r2, sp
10000ac4:	6828      	ldr	r0, [r5, #0]
10000ac6:	3b1b      	subs	r3, #27
10000ac8:	9400      	str	r4, [sp, #0]
10000aca:	f006 fe7b 	bl	100077c4 <i2c_write_blocking>
10000ace:	2001      	movs	r0, #1
10000ad0:	2100      	movs	r1, #0
10000ad2:	f001 f989 	bl	10001de8 <sleep_us>
10000ad6:	466b      	mov	r3, sp
10000ad8:	220f      	movs	r2, #15
10000ada:	7831      	ldrb	r1, [r6, #0]
10000adc:	73df      	strb	r7, [r3, #15]
10000ade:	446a      	add	r2, sp
10000ae0:	2301      	movs	r3, #1
10000ae2:	6828      	ldr	r0, [r5, #0]
10000ae4:	9400      	str	r4, [sp, #0]
10000ae6:	f006 fe6d 	bl	100077c4 <i2c_write_blocking>
10000aea:	2100      	movs	r1, #0
10000aec:	2032      	movs	r0, #50	@ 0x32
10000aee:	f001 f97b 	bl	10001de8 <sleep_us>
10000af2:	2002      	movs	r0, #2
10000af4:	f001 f9ee 	bl	10001ed4 <sleep_ms>
10000af8:	b005      	add	sp, #20
10000afa:	bdf0      	pop	{r4, r5, r6, r7, pc}
10000afc:	20001d31 	.word	0x20001d31
10000b00:	20001c0c 	.word	0x20001c0c

10000b04 <lcd_set_cursor>:
10000b04:	b5f0      	push	{r4, r5, r6, r7, lr}
10000b06:	46c6      	mov	lr, r8
10000b08:	b500      	push	{lr}
10000b0a:	4a37      	ldr	r2, [pc, #220]	@ (10000be8 <lcd_set_cursor+0xe4>)
10000b0c:	b086      	sub	sp, #24
10000b0e:	1c0b      	adds	r3, r1, #0
10000b10:	2900      	cmp	r1, #0
10000b12:	d000      	beq.n	10000b16 <lcd_set_cursor+0x12>
10000b14:	2301      	movs	r3, #1
10000b16:	b2db      	uxtb	r3, r3
10000b18:	5cd6      	ldrb	r6, [r2, r3]
10000b1a:	230f      	movs	r3, #15
10000b1c:	1986      	adds	r6, r0, r6
10000b1e:	b2f6      	uxtb	r6, r6
10000b20:	0032      	movs	r2, r6
10000b22:	2578      	movs	r5, #120	@ 0x78
10000b24:	240f      	movs	r4, #15
10000b26:	2700      	movs	r7, #0
10000b28:	439a      	bics	r2, r3
10000b2a:	ab02      	add	r3, sp, #8
10000b2c:	18e4      	adds	r4, r4, r3
10000b2e:	482f      	ldr	r0, [pc, #188]	@ (10000bec <lcd_set_cursor+0xe8>)
10000b30:	4b2f      	ldr	r3, [pc, #188]	@ (10000bf0 <lcd_set_cursor+0xec>)
10000b32:	426d      	negs	r5, r5
10000b34:	4315      	orrs	r5, r2
10000b36:	4680      	mov	r8, r0
10000b38:	7819      	ldrb	r1, [r3, #0]
10000b3a:	7025      	strb	r5, [r4, #0]
10000b3c:	9203      	str	r2, [sp, #12]
10000b3e:	9302      	str	r3, [sp, #8]
10000b40:	0022      	movs	r2, r4
10000b42:	2301      	movs	r3, #1
10000b44:	6800      	ldr	r0, [r0, #0]
10000b46:	9700      	str	r7, [sp, #0]
10000b48:	f006 fe3c 	bl	100077c4 <i2c_write_blocking>
10000b4c:	2374      	movs	r3, #116	@ 0x74
10000b4e:	9a03      	ldr	r2, [sp, #12]
10000b50:	425b      	negs	r3, r3
10000b52:	4313      	orrs	r3, r2
10000b54:	4642      	mov	r2, r8
10000b56:	7023      	strb	r3, [r4, #0]
10000b58:	9b02      	ldr	r3, [sp, #8]
10000b5a:	6810      	ldr	r0, [r2, #0]
10000b5c:	7819      	ldrb	r1, [r3, #0]
10000b5e:	0022      	movs	r2, r4
10000b60:	2301      	movs	r3, #1
10000b62:	9700      	str	r7, [sp, #0]
10000b64:	f006 fe2e 	bl	100077c4 <i2c_write_blocking>
10000b68:	2001      	movs	r0, #1
10000b6a:	2100      	movs	r1, #0
10000b6c:	f001 f93c 	bl	10001de8 <sleep_us>
10000b70:	4642      	mov	r2, r8
10000b72:	9b02      	ldr	r3, [sp, #8]
10000b74:	7025      	strb	r5, [r4, #0]
10000b76:	7819      	ldrb	r1, [r3, #0]
10000b78:	6810      	ldr	r0, [r2, #0]
10000b7a:	2301      	movs	r3, #1
10000b7c:	0022      	movs	r2, r4
10000b7e:	9700      	str	r7, [sp, #0]
10000b80:	f006 fe20 	bl	100077c4 <i2c_write_blocking>
10000b84:	2508      	movs	r5, #8
10000b86:	2032      	movs	r0, #50	@ 0x32
10000b88:	2100      	movs	r1, #0
10000b8a:	f001 f92d 	bl	10001de8 <sleep_us>
10000b8e:	4642      	mov	r2, r8
10000b90:	9b02      	ldr	r3, [sp, #8]
10000b92:	0136      	lsls	r6, r6, #4
10000b94:	4335      	orrs	r5, r6
10000b96:	7819      	ldrb	r1, [r3, #0]
10000b98:	6810      	ldr	r0, [r2, #0]
10000b9a:	7025      	strb	r5, [r4, #0]
10000b9c:	0022      	movs	r2, r4
10000b9e:	2301      	movs	r3, #1
10000ba0:	9700      	str	r7, [sp, #0]
10000ba2:	f006 fe0f 	bl	100077c4 <i2c_write_blocking>
10000ba6:	230c      	movs	r3, #12
10000ba8:	431e      	orrs	r6, r3
10000baa:	4643      	mov	r3, r8
10000bac:	7026      	strb	r6, [r4, #0]
10000bae:	9e02      	ldr	r6, [sp, #8]
10000bb0:	0022      	movs	r2, r4
10000bb2:	7831      	ldrb	r1, [r6, #0]
10000bb4:	6818      	ldr	r0, [r3, #0]
10000bb6:	2301      	movs	r3, #1
10000bb8:	9700      	str	r7, [sp, #0]
10000bba:	f006 fe03 	bl	100077c4 <i2c_write_blocking>
10000bbe:	2001      	movs	r0, #1
10000bc0:	2100      	movs	r1, #0
10000bc2:	f001 f911 	bl	10001de8 <sleep_us>
10000bc6:	4643      	mov	r3, r8
10000bc8:	7831      	ldrb	r1, [r6, #0]
10000bca:	0022      	movs	r2, r4
10000bcc:	6818      	ldr	r0, [r3, #0]
10000bce:	7025      	strb	r5, [r4, #0]
10000bd0:	2301      	movs	r3, #1
10000bd2:	9700      	str	r7, [sp, #0]
10000bd4:	f006 fdf6 	bl	100077c4 <i2c_write_blocking>
10000bd8:	2032      	movs	r0, #50	@ 0x32
10000bda:	2100      	movs	r1, #0
10000bdc:	f001 f904 	bl	10001de8 <sleep_us>
10000be0:	b006      	add	sp, #24
10000be2:	bc80      	pop	{r7}
10000be4:	46b8      	mov	r8, r7
10000be6:	bdf0      	pop	{r4, r5, r6, r7, pc}
10000be8:	10007b5c 	.word	0x10007b5c
10000bec:	20001c0c 	.word	0x20001c0c
10000bf0:	20001d31 	.word	0x20001d31

10000bf4 <lcd_print>:
10000bf4:	b5f0      	push	{r4, r5, r6, r7, lr}
10000bf6:	4657      	mov	r7, sl
10000bf8:	4645      	mov	r5, r8
10000bfa:	46de      	mov	lr, fp
10000bfc:	464e      	mov	r6, r9
10000bfe:	b5e0      	push	{r5, r6, r7, lr}
10000c00:	7805      	ldrb	r5, [r0, #0]
10000c02:	4682      	mov	sl, r0
10000c04:	b085      	sub	sp, #20
10000c06:	2d00      	cmp	r5, #0
10000c08:	d067      	beq.n	10000cda <lcd_print+0xe6>
10000c0a:	4b37      	ldr	r3, [pc, #220]	@ (10000ce8 <lcd_print+0xf4>)
10000c0c:	4f37      	ldr	r7, [pc, #220]	@ (10000cec <lcd_print+0xf8>)
10000c0e:	4698      	mov	r8, r3
10000c10:	003b      	movs	r3, r7
10000c12:	240f      	movs	r4, #15
10000c14:	4647      	mov	r7, r8
10000c16:	2600      	movs	r6, #0
10000c18:	4698      	mov	r8, r3
10000c1a:	446c      	add	r4, sp
10000c1c:	2301      	movs	r3, #1
10000c1e:	220f      	movs	r2, #15
10000c20:	449a      	add	sl, r3
10000c22:	002b      	movs	r3, r5
10000c24:	4393      	bics	r3, r2
10000c26:	4699      	mov	r9, r3
10000c28:	2309      	movs	r3, #9
10000c2a:	464a      	mov	r2, r9
10000c2c:	4313      	orrs	r3, r2
10000c2e:	7023      	strb	r3, [r4, #0]
10000c30:	469b      	mov	fp, r3
10000c32:	4643      	mov	r3, r8
10000c34:	7839      	ldrb	r1, [r7, #0]
10000c36:	6818      	ldr	r0, [r3, #0]
10000c38:	0022      	movs	r2, r4
10000c3a:	2301      	movs	r3, #1
10000c3c:	9600      	str	r6, [sp, #0]
10000c3e:	f006 fdc1 	bl	100077c4 <i2c_write_blocking>
10000c42:	464b      	mov	r3, r9
10000c44:	220d      	movs	r2, #13
10000c46:	4313      	orrs	r3, r2
10000c48:	7023      	strb	r3, [r4, #0]
10000c4a:	4643      	mov	r3, r8
10000c4c:	0022      	movs	r2, r4
10000c4e:	7839      	ldrb	r1, [r7, #0]
10000c50:	6818      	ldr	r0, [r3, #0]
10000c52:	2301      	movs	r3, #1
10000c54:	9600      	str	r6, [sp, #0]
10000c56:	f006 fdb5 	bl	100077c4 <i2c_write_blocking>
10000c5a:	2001      	movs	r0, #1
10000c5c:	2100      	movs	r1, #0
10000c5e:	f001 f8c3 	bl	10001de8 <sleep_us>
10000c62:	465b      	mov	r3, fp
10000c64:	7023      	strb	r3, [r4, #0]
10000c66:	4643      	mov	r3, r8
10000c68:	0022      	movs	r2, r4
10000c6a:	7839      	ldrb	r1, [r7, #0]
10000c6c:	6818      	ldr	r0, [r3, #0]
10000c6e:	2301      	movs	r3, #1
10000c70:	9600      	str	r6, [sp, #0]
10000c72:	f006 fda7 	bl	100077c4 <i2c_write_blocking>
10000c76:	2032      	movs	r0, #50	@ 0x32
10000c78:	2100      	movs	r1, #0
10000c7a:	f001 f8b5 	bl	10001de8 <sleep_us>
10000c7e:	2309      	movs	r3, #9
10000c80:	012d      	lsls	r5, r5, #4
10000c82:	432b      	orrs	r3, r5
10000c84:	7023      	strb	r3, [r4, #0]
10000c86:	4699      	mov	r9, r3
10000c88:	4643      	mov	r3, r8
10000c8a:	7839      	ldrb	r1, [r7, #0]
10000c8c:	6818      	ldr	r0, [r3, #0]
10000c8e:	0022      	movs	r2, r4
10000c90:	2301      	movs	r3, #1
10000c92:	9600      	str	r6, [sp, #0]
10000c94:	f006 fd96 	bl	100077c4 <i2c_write_blocking>
10000c98:	220d      	movs	r2, #13
10000c9a:	4643      	mov	r3, r8
10000c9c:	4315      	orrs	r5, r2
10000c9e:	7839      	ldrb	r1, [r7, #0]
10000ca0:	0022      	movs	r2, r4
10000ca2:	6818      	ldr	r0, [r3, #0]
10000ca4:	7025      	strb	r5, [r4, #0]
10000ca6:	2301      	movs	r3, #1
10000ca8:	9600      	str	r6, [sp, #0]
10000caa:	f006 fd8b 	bl	100077c4 <i2c_write_blocking>
10000cae:	2001      	movs	r0, #1
10000cb0:	2100      	movs	r1, #0
10000cb2:	f001 f899 	bl	10001de8 <sleep_us>
10000cb6:	464b      	mov	r3, r9
10000cb8:	7023      	strb	r3, [r4, #0]
10000cba:	4643      	mov	r3, r8
10000cbc:	7839      	ldrb	r1, [r7, #0]
10000cbe:	6818      	ldr	r0, [r3, #0]
10000cc0:	0022      	movs	r2, r4
10000cc2:	2301      	movs	r3, #1
10000cc4:	9600      	str	r6, [sp, #0]
10000cc6:	f006 fd7d 	bl	100077c4 <i2c_write_blocking>
10000cca:	2032      	movs	r0, #50	@ 0x32
10000ccc:	2100      	movs	r1, #0
10000cce:	f001 f88b 	bl	10001de8 <sleep_us>
10000cd2:	4653      	mov	r3, sl
10000cd4:	781d      	ldrb	r5, [r3, #0]
10000cd6:	2d00      	cmp	r5, #0
10000cd8:	d1a0      	bne.n	10000c1c <lcd_print+0x28>
10000cda:	b005      	add	sp, #20
10000cdc:	bcf0      	pop	{r4, r5, r6, r7}
10000cde:	46bb      	mov	fp, r7
10000ce0:	46b2      	mov	sl, r6
10000ce2:	46a9      	mov	r9, r5
10000ce4:	46a0      	mov	r8, r4
10000ce6:	bdf0      	pop	{r4, r5, r6, r7, pc}
10000ce8:	20001d31 	.word	0x20001d31
10000cec:	20001c0c 	.word	0x20001c0c

10000cf0 <lcd_print_num>:
10000cf0:	b5f0      	push	{r4, r5, r6, r7, lr}
10000cf2:	46de      	mov	lr, fp
10000cf4:	464e      	mov	r6, r9
10000cf6:	4645      	mov	r5, r8
10000cf8:	4657      	mov	r7, sl
10000cfa:	b5e0      	push	{r5, r6, r7, lr}
10000cfc:	b089      	sub	sp, #36	@ 0x24
10000cfe:	000d      	movs	r5, r1
10000d00:	f002 fc78 	bl	100035f4 <__wrap___aeabi_f2d>
10000d04:	ae04      	add	r6, sp, #16
10000d06:	9000      	str	r0, [sp, #0]
10000d08:	9101      	str	r1, [sp, #4]
10000d0a:	002b      	movs	r3, r5
10000d0c:	2110      	movs	r1, #16
10000d0e:	0030      	movs	r0, r6
10000d10:	4a3a      	ldr	r2, [pc, #232]	@ (10000dfc <lcd_print_num+0x10c>)
10000d12:	f004 f88b 	bl	10004e2c <__wrap_snprintf>
10000d16:	7835      	ldrb	r5, [r6, #0]
10000d18:	2d00      	cmp	r5, #0
10000d1a:	d068      	beq.n	10000dee <lcd_print_num+0xfe>
10000d1c:	4b38      	ldr	r3, [pc, #224]	@ (10000e00 <lcd_print_num+0x110>)
10000d1e:	4f39      	ldr	r7, [pc, #228]	@ (10000e04 <lcd_print_num+0x114>)
10000d20:	4698      	mov	r8, r3
10000d22:	003b      	movs	r3, r7
10000d24:	240f      	movs	r4, #15
10000d26:	46b2      	mov	sl, r6
10000d28:	4647      	mov	r7, r8
10000d2a:	2600      	movs	r6, #0
10000d2c:	4698      	mov	r8, r3
10000d2e:	446c      	add	r4, sp
10000d30:	2301      	movs	r3, #1
10000d32:	220f      	movs	r2, #15
10000d34:	449a      	add	sl, r3
10000d36:	002b      	movs	r3, r5
10000d38:	4393      	bics	r3, r2
10000d3a:	4699      	mov	r9, r3
10000d3c:	2309      	movs	r3, #9
10000d3e:	464a      	mov	r2, r9
10000d40:	4313      	orrs	r3, r2
10000d42:	7023      	strb	r3, [r4, #0]
10000d44:	469b      	mov	fp, r3
10000d46:	4643      	mov	r3, r8
10000d48:	7839      	ldrb	r1, [r7, #0]
10000d4a:	6818      	ldr	r0, [r3, #0]
10000d4c:	0022      	movs	r2, r4
10000d4e:	2301      	movs	r3, #1
10000d50:	9600      	str	r6, [sp, #0]
10000d52:	f006 fd37 	bl	100077c4 <i2c_write_blocking>
10000d56:	464b      	mov	r3, r9
10000d58:	220d      	movs	r2, #13
10000d5a:	4313      	orrs	r3, r2
10000d5c:	7023      	strb	r3, [r4, #0]
10000d5e:	4643      	mov	r3, r8
10000d60:	0022      	movs	r2, r4
10000d62:	7839      	ldrb	r1, [r7, #0]
10000d64:	6818      	ldr	r0, [r3, #0]
10000d66:	2301      	movs	r3, #1
10000d68:	9600      	str	r6, [sp, #0]
10000d6a:	f006 fd2b 	bl	100077c4 <i2c_write_blocking>
10000d6e:	2001      	movs	r0, #1
10000d70:	2100      	movs	r1, #0
10000d72:	f001 f839 	bl	10001de8 <sleep_us>
10000d76:	465b      	mov	r3, fp
10000d78:	7023      	strb	r3, [r4, #0]
10000d7a:	4643      	mov	r3, r8
10000d7c:	0022      	movs	r2, r4
10000d7e:	7839      	ldrb	r1, [r7, #0]
10000d80:	6818      	ldr	r0, [r3, #0]
10000d82:	2301      	movs	r3, #1
10000d84:	9600      	str	r6, [sp, #0]
10000d86:	f006 fd1d 	bl	100077c4 <i2c_write_blocking>
10000d8a:	2032      	movs	r0, #50	@ 0x32
10000d8c:	2100      	movs	r1, #0
10000d8e:	f001 f82b 	bl	10001de8 <sleep_us>
10000d92:	2309      	movs	r3, #9
10000d94:	012d      	lsls	r5, r5, #4
10000d96:	432b      	orrs	r3, r5
10000d98:	7023      	strb	r3, [r4, #0]
10000d9a:	4699      	mov	r9, r3
10000d9c:	4643      	mov	r3, r8
10000d9e:	7839      	ldrb	r1, [r7, #0]
10000da0:	6818      	ldr	r0, [r3, #0]
10000da2:	0022      	movs	r2, r4
10000da4:	2301      	movs	r3, #1
10000da6:	9600      	str	r6, [sp, #0]
10000da8:	f006 fd0c 	bl	100077c4 <i2c_write_blocking>
10000dac:	220d      	movs	r2, #13
10000dae:	4643      	mov	r3, r8
10000db0:	4315      	orrs	r5, r2
10000db2:	7839      	ldrb	r1, [r7, #0]
10000db4:	0022      	movs	r2, r4
10000db6:	6818      	ldr	r0, [r3, #0]
10000db8:	7025      	strb	r5, [r4, #0]
10000dba:	2301      	movs	r3, #1
10000dbc:	9600      	str	r6, [sp, #0]
10000dbe:	f006 fd01 	bl	100077c4 <i2c_write_blocking>
10000dc2:	2001      	movs	r0, #1
10000dc4:	2100      	movs	r1, #0
10000dc6:	f001 f80f 	bl	10001de8 <sleep_us>
10000dca:	464b      	mov	r3, r9
10000dcc:	7023      	strb	r3, [r4, #0]
10000dce:	4643      	mov	r3, r8
10000dd0:	7839      	ldrb	r1, [r7, #0]
10000dd2:	6818      	ldr	r0, [r3, #0]
10000dd4:	0022      	movs	r2, r4
10000dd6:	2301      	movs	r3, #1
10000dd8:	9600      	str	r6, [sp, #0]
10000dda:	f006 fcf3 	bl	100077c4 <i2c_write_blocking>
10000dde:	2032      	movs	r0, #50	@ 0x32
10000de0:	2100      	movs	r1, #0
10000de2:	f001 f801 	bl	10001de8 <sleep_us>
10000de6:	4653      	mov	r3, sl
10000de8:	781d      	ldrb	r5, [r3, #0]
10000dea:	2d00      	cmp	r5, #0
10000dec:	d1a0      	bne.n	10000d30 <lcd_print_num+0x40>
10000dee:	b009      	add	sp, #36	@ 0x24
10000df0:	bcf0      	pop	{r4, r5, r6, r7}
10000df2:	46bb      	mov	fp, r7
10000df4:	46b2      	mov	sl, r6
10000df6:	46a9      	mov	r9, r5
10000df8:	46a0      	mov	r8, r4
10000dfa:	bdf0      	pop	{r4, r5, r6, r7, pc}
10000dfc:	100079dc 	.word	0x100079dc
10000e00:	20001d31 	.word	0x20001d31
10000e04:	20001c0c 	.word	0x20001c0c

10000e08 <lcd_print_num_padded>:
10000e08:	b5f0      	push	{r4, r5, r6, r7, lr}
10000e0a:	46de      	mov	lr, fp
10000e0c:	4645      	mov	r5, r8
10000e0e:	4657      	mov	r7, sl
10000e10:	464e      	mov	r6, r9
10000e12:	b5e0      	push	{r5, r6, r7, lr}
10000e14:	b08b      	sub	sp, #44	@ 0x2c
10000e16:	0013      	movs	r3, r2
10000e18:	1c05      	adds	r5, r0, #0
10000e1a:	4a42      	ldr	r2, [pc, #264]	@ (10000f24 <lcd_print_num_padded+0x11c>)
10000e1c:	9100      	str	r1, [sp, #0]
10000e1e:	a804      	add	r0, sp, #16
10000e20:	2108      	movs	r1, #8
10000e22:	f004 f803 	bl	10004e2c <__wrap_snprintf>
10000e26:	1c28      	adds	r0, r5, #0
10000e28:	f002 fbe4 	bl	100035f4 <__wrap___aeabi_f2d>
10000e2c:	ac06      	add	r4, sp, #24
10000e2e:	9000      	str	r0, [sp, #0]
10000e30:	9101      	str	r1, [sp, #4]
10000e32:	aa04      	add	r2, sp, #16
10000e34:	2110      	movs	r1, #16
10000e36:	0020      	movs	r0, r4
10000e38:	f003 fff8 	bl	10004e2c <__wrap_snprintf>
10000e3c:	7825      	ldrb	r5, [r4, #0]
10000e3e:	2d00      	cmp	r5, #0
10000e40:	d068      	beq.n	10000f14 <lcd_print_num_padded+0x10c>
10000e42:	4b39      	ldr	r3, [pc, #228]	@ (10000f28 <lcd_print_num_padded+0x120>)
10000e44:	4f39      	ldr	r7, [pc, #228]	@ (10000f2c <lcd_print_num_padded+0x124>)
10000e46:	4698      	mov	r8, r3
10000e48:	003b      	movs	r3, r7
10000e4a:	46a2      	mov	sl, r4
10000e4c:	240f      	movs	r4, #15
10000e4e:	4647      	mov	r7, r8
10000e50:	2600      	movs	r6, #0
10000e52:	4698      	mov	r8, r3
10000e54:	446c      	add	r4, sp
10000e56:	2301      	movs	r3, #1
10000e58:	220f      	movs	r2, #15
10000e5a:	449a      	add	sl, r3
10000e5c:	002b      	movs	r3, r5
10000e5e:	4393      	bics	r3, r2
10000e60:	4699      	mov	r9, r3
10000e62:	2309      	movs	r3, #9
10000e64:	464a      	mov	r2, r9
10000e66:	4313      	orrs	r3, r2
10000e68:	7023      	strb	r3, [r4, #0]
10000e6a:	469b      	mov	fp, r3
10000e6c:	4643      	mov	r3, r8
10000e6e:	7839      	ldrb	r1, [r7, #0]
10000e70:	6818      	ldr	r0, [r3, #0]
10000e72:	0022      	movs	r2, r4
10000e74:	2301      	movs	r3, #1
10000e76:	9600      	str	r6, [sp, #0]
10000e78:	f006 fca4 	bl	100077c4 <i2c_write_blocking>
10000e7c:	464b      	mov	r3, r9
10000e7e:	220d      	movs	r2, #13
10000e80:	4313      	orrs	r3, r2
10000e82:	7023      	strb	r3, [r4, #0]
10000e84:	4643      	mov	r3, r8
10000e86:	0022      	movs	r2, r4
10000e88:	7839      	ldrb	r1, [r7, #0]
10000e8a:	6818      	ldr	r0, [r3, #0]
10000e8c:	2301      	movs	r3, #1
10000e8e:	9600      	str	r6, [sp, #0]
10000e90:	f006 fc98 	bl	100077c4 <i2c_write_blocking>
10000e94:	2001      	movs	r0, #1
10000e96:	2100      	movs	r1, #0
10000e98:	f000 ffa6 	bl	10001de8 <sleep_us>
10000e9c:	465b      	mov	r3, fp
10000e9e:	7023      	strb	r3, [r4, #0]
10000ea0:	4643      	mov	r3, r8
10000ea2:	0022      	movs	r2, r4
10000ea4:	7839      	ldrb	r1, [r7, #0]
10000ea6:	6818      	ldr	r0, [r3, #0]
10000ea8:	2301      	movs	r3, #1
10000eaa:	9600      	str	r6, [sp, #0]
10000eac:	f006 fc8a 	bl	100077c4 <i2c_write_blocking>
10000eb0:	2032      	movs	r0, #50	@ 0x32
10000eb2:	2100      	movs	r1, #0
10000eb4:	f000 ff98 	bl	10001de8 <sleep_us>
10000eb8:	2309      	movs	r3, #9
10000eba:	012d      	lsls	r5, r5, #4
10000ebc:	432b      	orrs	r3, r5
10000ebe:	7023      	strb	r3, [r4, #0]
10000ec0:	4699      	mov	r9, r3
10000ec2:	4643      	mov	r3, r8
10000ec4:	7839      	ldrb	r1, [r7, #0]
10000ec6:	6818      	ldr	r0, [r3, #0]
10000ec8:	0022      	movs	r2, r4
10000eca:	2301      	movs	r3, #1
10000ecc:	9600      	str	r6, [sp, #0]
10000ece:	f006 fc79 	bl	100077c4 <i2c_write_blocking>
10000ed2:	220d      	movs	r2, #13
10000ed4:	4643      	mov	r3, r8
10000ed6:	4315      	orrs	r5, r2
10000ed8:	7839      	ldrb	r1, [r7, #0]
10000eda:	0022      	movs	r2, r4
10000edc:	6818      	ldr	r0, [r3, #0]
10000ede:	7025      	strb	r5, [r4, #0]
10000ee0:	2301      	movs	r3, #1
10000ee2:	9600      	str	r6, [sp, #0]
10000ee4:	f006 fc6e 	bl	100077c4 <i2c_write_blocking>
10000ee8:	2001      	movs	r0, #1
10000eea:	2100      	movs	r1, #0
10000eec:	f000 ff7c 	bl	10001de8 <sleep_us>
10000ef0:	464b      	mov	r3, r9
10000ef2:	7023      	strb	r3, [r4, #0]
10000ef4:	4643      	mov	r3, r8
10000ef6:	7839      	ldrb	r1, [r7, #0]
10000ef8:	6818      	ldr	r0, [r3, #0]
10000efa:	0022      	movs	r2, r4
10000efc:	2301      	movs	r3, #1
10000efe:	9600      	str	r6, [sp, #0]
10000f00:	f006 fc60 	bl	100077c4 <i2c_write_blocking>
10000f04:	2032      	movs	r0, #50	@ 0x32
10000f06:	2100      	movs	r1, #0
10000f08:	f000 ff6e 	bl	10001de8 <sleep_us>
10000f0c:	4653      	mov	r3, sl
10000f0e:	781d      	ldrb	r5, [r3, #0]
10000f10:	2d00      	cmp	r5, #0
10000f12:	d1a0      	bne.n	10000e56 <lcd_print_num_padded+0x4e>
10000f14:	b00b      	add	sp, #44	@ 0x2c
10000f16:	bcf0      	pop	{r4, r5, r6, r7}
10000f18:	46bb      	mov	fp, r7
10000f1a:	46b2      	mov	sl, r6
10000f1c:	46a9      	mov	r9, r5
10000f1e:	46a0      	mov	r8, r4
10000f20:	bdf0      	pop	{r4, r5, r6, r7, pc}
10000f22:	46c0      	nop			@ (mov r8, r8)
10000f24:	100079e4 	.word	0x100079e4
10000f28:	20001d31 	.word	0x20001d31
10000f2c:	20001c0c 	.word	0x20001c0c

10000f30 <voltage_to_soc>:
10000f30:	b5f8      	push	{r3, r4, r5, r6, r7, lr}
10000f32:	46ce      	mov	lr, r9
10000f34:	4647      	mov	r7, r8
10000f36:	4963      	ldr	r1, [pc, #396]	@ (100010c4 <voltage_to_soc+0x194>)
10000f38:	b580      	push	{r7, lr}
10000f3a:	1c04      	adds	r4, r0, #0
10000f3c:	f002 fb30 	bl	100035a0 <__wrap___aeabi_fcmpge>
10000f40:	2800      	cmp	r0, #0
10000f42:	d000      	beq.n	10000f46 <voltage_to_soc+0x16>
10000f44:	e075      	b.n	10001032 <voltage_to_soc+0x102>
10000f46:	4960      	ldr	r1, [pc, #384]	@ (100010c8 <voltage_to_soc+0x198>)
10000f48:	1c20      	adds	r0, r4, #0
10000f4a:	f002 fb21 	bl	10003590 <__wrap___aeabi_fcmple>
10000f4e:	2800      	cmp	r0, #0
10000f50:	d16a      	bne.n	10001028 <voltage_to_soc+0xf8>
10000f52:	495c      	ldr	r1, [pc, #368]	@ (100010c4 <voltage_to_soc+0x194>)
10000f54:	1c20      	adds	r0, r4, #0
10000f56:	f002 fb1b 	bl	10003590 <__wrap___aeabi_fcmple>
10000f5a:	2800      	cmp	r0, #0
10000f5c:	d064      	beq.n	10001028 <voltage_to_soc+0xf8>
10000f5e:	495b      	ldr	r1, [pc, #364]	@ (100010cc <voltage_to_soc+0x19c>)
10000f60:	1c20      	adds	r0, r4, #0
10000f62:	f002 fb1d 	bl	100035a0 <__wrap___aeabi_fcmpge>
10000f66:	2800      	cmp	r0, #0
10000f68:	d000      	beq.n	10000f6c <voltage_to_soc+0x3c>
10000f6a:	e079      	b.n	10001060 <voltage_to_soc+0x130>
10000f6c:	4958      	ldr	r1, [pc, #352]	@ (100010d0 <voltage_to_soc+0x1a0>)
10000f6e:	1c20      	adds	r0, r4, #0
10000f70:	f002 fb16 	bl	100035a0 <__wrap___aeabi_fcmpge>
10000f74:	2800      	cmp	r0, #0
10000f76:	d165      	bne.n	10001044 <voltage_to_soc+0x114>
10000f78:	4956      	ldr	r1, [pc, #344]	@ (100010d4 <voltage_to_soc+0x1a4>)
10000f7a:	1c20      	adds	r0, r4, #0
10000f7c:	f002 fb10 	bl	100035a0 <__wrap___aeabi_fcmpge>
10000f80:	2800      	cmp	r0, #0
10000f82:	d158      	bne.n	10001036 <voltage_to_soc+0x106>
10000f84:	4954      	ldr	r1, [pc, #336]	@ (100010d8 <voltage_to_soc+0x1a8>)
10000f86:	1c20      	adds	r0, r4, #0
10000f88:	f002 fb0a 	bl	100035a0 <__wrap___aeabi_fcmpge>
10000f8c:	2800      	cmp	r0, #0
10000f8e:	d160      	bne.n	10001052 <voltage_to_soc+0x122>
10000f90:	4952      	ldr	r1, [pc, #328]	@ (100010dc <voltage_to_soc+0x1ac>)
10000f92:	1c20      	adds	r0, r4, #0
10000f94:	f002 fb04 	bl	100035a0 <__wrap___aeabi_fcmpge>
10000f98:	2800      	cmp	r0, #0
10000f9a:	d168      	bne.n	1000106e <voltage_to_soc+0x13e>
10000f9c:	4950      	ldr	r1, [pc, #320]	@ (100010e0 <voltage_to_soc+0x1b0>)
10000f9e:	1c20      	adds	r0, r4, #0
10000fa0:	f002 fafe 	bl	100035a0 <__wrap___aeabi_fcmpge>
10000fa4:	2800      	cmp	r0, #0
10000fa6:	d169      	bne.n	1000107c <voltage_to_soc+0x14c>
10000fa8:	494e      	ldr	r1, [pc, #312]	@ (100010e4 <voltage_to_soc+0x1b4>)
10000faa:	1c20      	adds	r0, r4, #0
10000fac:	f002 faf8 	bl	100035a0 <__wrap___aeabi_fcmpge>
10000fb0:	2800      	cmp	r0, #0
10000fb2:	d16a      	bne.n	1000108a <voltage_to_soc+0x15a>
10000fb4:	494c      	ldr	r1, [pc, #304]	@ (100010e8 <voltage_to_soc+0x1b8>)
10000fb6:	1c20      	adds	r0, r4, #0
10000fb8:	f002 faf2 	bl	100035a0 <__wrap___aeabi_fcmpge>
10000fbc:	2800      	cmp	r0, #0
10000fbe:	d16b      	bne.n	10001098 <voltage_to_soc+0x168>
10000fc0:	494a      	ldr	r1, [pc, #296]	@ (100010ec <voltage_to_soc+0x1bc>)
10000fc2:	1c20      	adds	r0, r4, #0
10000fc4:	f002 faec 	bl	100035a0 <__wrap___aeabi_fcmpge>
10000fc8:	2800      	cmp	r0, #0
10000fca:	d16c      	bne.n	100010a6 <voltage_to_soc+0x176>
10000fcc:	4948      	ldr	r1, [pc, #288]	@ (100010f0 <voltage_to_soc+0x1c0>)
10000fce:	1c20      	adds	r0, r4, #0
10000fd0:	f002 fae6 	bl	100035a0 <__wrap___aeabi_fcmpge>
10000fd4:	2800      	cmp	r0, #0
10000fd6:	d16d      	bne.n	100010b4 <voltage_to_soc+0x184>
10000fd8:	220a      	movs	r2, #10
10000fda:	4b45      	ldr	r3, [pc, #276]	@ (100010f0 <voltage_to_soc+0x1c0>)
10000fdc:	4691      	mov	r9, r2
10000fde:	4698      	mov	r8, r3
10000fe0:	230b      	movs	r3, #11
10000fe2:	4939      	ldr	r1, [pc, #228]	@ (100010c8 <voltage_to_soc+0x198>)
10000fe4:	4a43      	ldr	r2, [pc, #268]	@ (100010f4 <voltage_to_soc+0x1c4>)
10000fe6:	00db      	lsls	r3, r3, #3
10000fe8:	18d3      	adds	r3, r2, r3
10000fea:	1c20      	adds	r0, r4, #0
10000fec:	0015      	movs	r5, r2
10000fee:	685e      	ldr	r6, [r3, #4]
10000ff0:	1c0f      	adds	r7, r1, #0
10000ff2:	f002 fa84 	bl	100034fe <__wrap___aeabi_fsub>
10000ff6:	1c39      	adds	r1, r7, #0
10000ff8:	1c04      	adds	r4, r0, #0
10000ffa:	4640      	mov	r0, r8
10000ffc:	f002 fa7f 	bl	100034fe <__wrap___aeabi_fsub>
10001000:	1c01      	adds	r1, r0, #0
10001002:	1c20      	adds	r0, r4, #0
10001004:	f002 fa81 	bl	1000350a <__wrap___aeabi_fdiv>
10001008:	464b      	mov	r3, r9
1000100a:	00db      	lsls	r3, r3, #3
1000100c:	18eb      	adds	r3, r5, r3
1000100e:	1c04      	adds	r4, r0, #0
10001010:	1c31      	adds	r1, r6, #0
10001012:	6858      	ldr	r0, [r3, #4]
10001014:	f002 fa73 	bl	100034fe <__wrap___aeabi_fsub>
10001018:	1c01      	adds	r1, r0, #0
1000101a:	1c20      	adds	r0, r4, #0
1000101c:	f002 fa89 	bl	10003532 <__wrap___aeabi_fmul>
10001020:	1c31      	adds	r1, r6, #0
10001022:	f002 fa6f 	bl	10003504 <__wrap___aeabi_fadd>
10001026:	e000      	b.n	1000102a <voltage_to_soc+0xfa>
10001028:	2000      	movs	r0, #0
1000102a:	bcc0      	pop	{r6, r7}
1000102c:	46b9      	mov	r9, r7
1000102e:	46b0      	mov	r8, r6
10001030:	bdf8      	pop	{r3, r4, r5, r6, r7, pc}
10001032:	4831      	ldr	r0, [pc, #196]	@ (100010f8 <voltage_to_soc+0x1c8>)
10001034:	e7f9      	b.n	1000102a <voltage_to_soc+0xfa>
10001036:	2202      	movs	r2, #2
10001038:	4b25      	ldr	r3, [pc, #148]	@ (100010d0 <voltage_to_soc+0x1a0>)
1000103a:	4691      	mov	r9, r2
1000103c:	4698      	mov	r8, r3
1000103e:	4925      	ldr	r1, [pc, #148]	@ (100010d4 <voltage_to_soc+0x1a4>)
10001040:	2303      	movs	r3, #3
10001042:	e7cf      	b.n	10000fe4 <voltage_to_soc+0xb4>
10001044:	2201      	movs	r2, #1
10001046:	4b21      	ldr	r3, [pc, #132]	@ (100010cc <voltage_to_soc+0x19c>)
10001048:	4691      	mov	r9, r2
1000104a:	4698      	mov	r8, r3
1000104c:	4920      	ldr	r1, [pc, #128]	@ (100010d0 <voltage_to_soc+0x1a0>)
1000104e:	2302      	movs	r3, #2
10001050:	e7c8      	b.n	10000fe4 <voltage_to_soc+0xb4>
10001052:	2203      	movs	r2, #3
10001054:	4b1f      	ldr	r3, [pc, #124]	@ (100010d4 <voltage_to_soc+0x1a4>)
10001056:	4691      	mov	r9, r2
10001058:	4698      	mov	r8, r3
1000105a:	491f      	ldr	r1, [pc, #124]	@ (100010d8 <voltage_to_soc+0x1a8>)
1000105c:	2304      	movs	r3, #4
1000105e:	e7c1      	b.n	10000fe4 <voltage_to_soc+0xb4>
10001060:	2200      	movs	r2, #0
10001062:	4b18      	ldr	r3, [pc, #96]	@ (100010c4 <voltage_to_soc+0x194>)
10001064:	4691      	mov	r9, r2
10001066:	4698      	mov	r8, r3
10001068:	4918      	ldr	r1, [pc, #96]	@ (100010cc <voltage_to_soc+0x19c>)
1000106a:	2301      	movs	r3, #1
1000106c:	e7ba      	b.n	10000fe4 <voltage_to_soc+0xb4>
1000106e:	2204      	movs	r2, #4
10001070:	4b19      	ldr	r3, [pc, #100]	@ (100010d8 <voltage_to_soc+0x1a8>)
10001072:	4691      	mov	r9, r2
10001074:	4698      	mov	r8, r3
10001076:	4919      	ldr	r1, [pc, #100]	@ (100010dc <voltage_to_soc+0x1ac>)
10001078:	2305      	movs	r3, #5
1000107a:	e7b3      	b.n	10000fe4 <voltage_to_soc+0xb4>
1000107c:	2205      	movs	r2, #5
1000107e:	4b17      	ldr	r3, [pc, #92]	@ (100010dc <voltage_to_soc+0x1ac>)
10001080:	4691      	mov	r9, r2
10001082:	4698      	mov	r8, r3
10001084:	4916      	ldr	r1, [pc, #88]	@ (100010e0 <voltage_to_soc+0x1b0>)
10001086:	2306      	movs	r3, #6
10001088:	e7ac      	b.n	10000fe4 <voltage_to_soc+0xb4>
1000108a:	2206      	movs	r2, #6
1000108c:	4b14      	ldr	r3, [pc, #80]	@ (100010e0 <voltage_to_soc+0x1b0>)
1000108e:	4691      	mov	r9, r2
10001090:	4698      	mov	r8, r3
10001092:	4914      	ldr	r1, [pc, #80]	@ (100010e4 <voltage_to_soc+0x1b4>)
10001094:	2307      	movs	r3, #7
10001096:	e7a5      	b.n	10000fe4 <voltage_to_soc+0xb4>
10001098:	2207      	movs	r2, #7
1000109a:	4b12      	ldr	r3, [pc, #72]	@ (100010e4 <voltage_to_soc+0x1b4>)
1000109c:	4691      	mov	r9, r2
1000109e:	4698      	mov	r8, r3
100010a0:	4911      	ldr	r1, [pc, #68]	@ (100010e8 <voltage_to_soc+0x1b8>)
100010a2:	2308      	movs	r3, #8
100010a4:	e79e      	b.n	10000fe4 <voltage_to_soc+0xb4>
100010a6:	2208      	movs	r2, #8
100010a8:	4b0f      	ldr	r3, [pc, #60]	@ (100010e8 <voltage_to_soc+0x1b8>)
100010aa:	4691      	mov	r9, r2
100010ac:	4698      	mov	r8, r3
100010ae:	490f      	ldr	r1, [pc, #60]	@ (100010ec <voltage_to_soc+0x1bc>)
100010b0:	2309      	movs	r3, #9
100010b2:	e797      	b.n	10000fe4 <voltage_to_soc+0xb4>
100010b4:	2209      	movs	r2, #9
100010b6:	4b0d      	ldr	r3, [pc, #52]	@ (100010ec <voltage_to_soc+0x1bc>)
100010b8:	4691      	mov	r9, r2
100010ba:	4698      	mov	r8, r3
100010bc:	490c      	ldr	r1, [pc, #48]	@ (100010f0 <voltage_to_soc+0x1c0>)
100010be:	230a      	movs	r3, #10
100010c0:	e790      	b.n	10000fe4 <voltage_to_soc+0xb4>
100010c2:	46c0      	nop			@ (mov r8, r8)
100010c4:	4269999a 	.word	0x4269999a
100010c8:	42200000 	.word	0x42200000
100010cc:	4259999a 	.word	0x4259999a
100010d0:	42566666 	.word	0x42566666
100010d4:	42546666 	.word	0x42546666
100010d8:	42533333 	.word	0x42533333
100010dc:	42513333 	.word	0x42513333
100010e0:	4250cccd 	.word	0x4250cccd
100010e4:	42500000 	.word	0x42500000
100010e8:	424e0000 	.word	0x424e0000
100010ec:	424ccccd 	.word	0x424ccccd
100010f0:	42400000 	.word	0x42400000
100010f4:	10007b60 	.word	0x10007b60
100010f8:	42c80000 	.word	0x42c80000

100010fc <filter_voltage>:
100010fc:	b5f0      	push	{r4, r5, r6, r7, lr}
100010fe:	46c6      	mov	lr, r8
10001100:	b500      	push	{lr}
10001102:	4c16      	ldr	r4, [pc, #88]	@ (1000115c <filter_voltage+0x60>)
10001104:	4e16      	ldr	r6, [pc, #88]	@ (10001160 <filter_voltage+0x64>)
10001106:	7823      	ldrb	r3, [r4, #0]
10001108:	2132      	movs	r1, #50	@ 0x32
1000110a:	009a      	lsls	r2, r3, #2
1000110c:	50b0      	str	r0, [r6, r2]
1000110e:	1c58      	adds	r0, r3, #1
10001110:	f001 fb8c 	bl	1000282c <__wrap___aeabi_idiv>
10001114:	b2cf      	uxtb	r7, r1
10001116:	4688      	mov	r8, r1
10001118:	4b12      	ldr	r3, [pc, #72]	@ (10001164 <filter_voltage+0x68>)
1000111a:	7027      	strb	r7, [r4, #0]
1000111c:	2900      	cmp	r1, #0
1000111e:	d119      	bne.n	10001154 <filter_voltage+0x58>
10001120:	2201      	movs	r2, #1
10001122:	701a      	strb	r2, [r3, #0]
10001124:	2332      	movs	r3, #50	@ 0x32
10001126:	2732      	movs	r7, #50	@ 0x32
10001128:	4698      	mov	r8, r3
1000112a:	2400      	movs	r4, #0
1000112c:	2500      	movs	r5, #0
1000112e:	1c28      	adds	r0, r5, #0
10001130:	ce02      	ldmia	r6!, {r1}
10001132:	f002 f9e7 	bl	10003504 <__wrap___aeabi_fadd>
10001136:	3401      	adds	r4, #1
10001138:	b2e4      	uxtb	r4, r4
1000113a:	1c05      	adds	r5, r0, #0
1000113c:	42bc      	cmp	r4, r7
1000113e:	d3f6      	bcc.n	1000112e <filter_voltage+0x32>
10001140:	4640      	mov	r0, r8
10001142:	f002 fa35 	bl	100035b0 <__wrap___aeabi_i2f>
10001146:	1c01      	adds	r1, r0, #0
10001148:	1c28      	adds	r0, r5, #0
1000114a:	f002 f9de 	bl	1000350a <__wrap___aeabi_fdiv>
1000114e:	bc80      	pop	{r7}
10001150:	46b8      	mov	r8, r7
10001152:	bdf0      	pop	{r4, r5, r6, r7, pc}
10001154:	781b      	ldrb	r3, [r3, #0]
10001156:	2b00      	cmp	r3, #0
10001158:	d0e7      	beq.n	1000112a <filter_voltage+0x2e>
1000115a:	e7e3      	b.n	10001124 <filter_voltage+0x28>
1000115c:	20001d2d 	.word	0x20001d2d
10001160:	20001c60 	.word	0x20001c60
10001164:	20001d2c 	.word	0x20001d2c

10001168 <gpio_set_function>:
10001168:	b510      	push	{r4, lr}
1000116a:	2440      	movs	r4, #64	@ 0x40
1000116c:	4a07      	ldr	r2, [pc, #28]	@ (1000118c <gpio_set_function+0x24>)
1000116e:	0083      	lsls	r3, r0, #2
10001170:	189a      	adds	r2, r3, r2
10001172:	6812      	ldr	r2, [r2, #0]
10001174:	00c0      	lsls	r0, r0, #3
10001176:	4054      	eors	r4, r2
10001178:	22c0      	movs	r2, #192	@ 0xc0
1000117a:	4022      	ands	r2, r4
1000117c:	4c04      	ldr	r4, [pc, #16]	@ (10001190 <gpio_set_function+0x28>)
1000117e:	191b      	adds	r3, r3, r4
10001180:	601a      	str	r2, [r3, #0]
10001182:	4b04      	ldr	r3, [pc, #16]	@ (10001194 <gpio_set_function+0x2c>)
10001184:	18c0      	adds	r0, r0, r3
10001186:	6041      	str	r1, [r0, #4]
10001188:	bd10      	pop	{r4, pc}
1000118a:	46c0      	nop			@ (mov r8, r8)
1000118c:	4001c004 	.word	0x4001c004
10001190:	4001d004 	.word	0x4001d004
10001194:	40014000 	.word	0x40014000

10001198 <gpio_set_pulls>:
10001198:	4b06      	ldr	r3, [pc, #24]	@ (100011b4 <gpio_set_pulls+0x1c>)
1000119a:	0080      	lsls	r0, r0, #2
1000119c:	18c3      	adds	r3, r0, r3
1000119e:	681b      	ldr	r3, [r3, #0]
100011a0:	00c9      	lsls	r1, r1, #3
100011a2:	0092      	lsls	r2, r2, #2
100011a4:	430a      	orrs	r2, r1
100011a6:	405a      	eors	r2, r3
100011a8:	230c      	movs	r3, #12
100011aa:	4013      	ands	r3, r2
100011ac:	4a02      	ldr	r2, [pc, #8]	@ (100011b8 <gpio_set_pulls+0x20>)
100011ae:	1880      	adds	r0, r0, r2
100011b0:	6003      	str	r3, [r0, #0]
100011b2:	4770      	bx	lr
100011b4:	4001c004 	.word	0x4001c004
100011b8:	4001d004 	.word	0x4001d004

100011bc <gpio_set_input_enabled>:
100011bc:	0080      	lsls	r0, r0, #2
100011be:	2900      	cmp	r1, #0
100011c0:	d004      	beq.n	100011cc <gpio_set_input_enabled+0x10>
100011c2:	4b05      	ldr	r3, [pc, #20]	@ (100011d8 <gpio_set_input_enabled+0x1c>)
100011c4:	18c0      	adds	r0, r0, r3
100011c6:	2340      	movs	r3, #64	@ 0x40
100011c8:	6003      	str	r3, [r0, #0]
100011ca:	4770      	bx	lr
100011cc:	4b03      	ldr	r3, [pc, #12]	@ (100011dc <gpio_set_input_enabled+0x20>)
100011ce:	18c0      	adds	r0, r0, r3
100011d0:	2340      	movs	r3, #64	@ 0x40
100011d2:	6003      	str	r3, [r0, #0]
100011d4:	e7f9      	b.n	100011ca <gpio_set_input_enabled+0xe>
100011d6:	46c0      	nop			@ (mov r8, r8)
100011d8:	4001e004 	.word	0x4001e004
100011dc:	4001f004 	.word	0x4001f004

100011e0 <gpio_init>:
100011e0:	2301      	movs	r3, #1
100011e2:	22d0      	movs	r2, #208	@ 0xd0
100011e4:	4083      	lsls	r3, r0
100011e6:	0612      	lsls	r2, r2, #24
100011e8:	6293      	str	r3, [r2, #40]	@ 0x28
100011ea:	6193      	str	r3, [r2, #24]
100011ec:	4a08      	ldr	r2, [pc, #32]	@ (10001210 <gpio_init+0x30>)
100011ee:	0083      	lsls	r3, r0, #2
100011f0:	189a      	adds	r2, r3, r2
100011f2:	6811      	ldr	r1, [r2, #0]
100011f4:	2240      	movs	r2, #64	@ 0x40
100011f6:	4051      	eors	r1, r2
100011f8:	3280      	adds	r2, #128	@ 0x80
100011fa:	400a      	ands	r2, r1
100011fc:	4905      	ldr	r1, [pc, #20]	@ (10001214 <gpio_init+0x34>)
100011fe:	00c0      	lsls	r0, r0, #3
10001200:	185b      	adds	r3, r3, r1
10001202:	601a      	str	r2, [r3, #0]
10001204:	4b04      	ldr	r3, [pc, #16]	@ (10001218 <gpio_init+0x38>)
10001206:	18c0      	adds	r0, r0, r3
10001208:	2305      	movs	r3, #5
1000120a:	6043      	str	r3, [r0, #4]
1000120c:	4770      	bx	lr
1000120e:	46c0      	nop			@ (mov r8, r8)
10001210:	4001c004 	.word	0x4001c004
10001214:	4001d004 	.word	0x4001d004
10001218:	40014000 	.word	0x40014000

1000121c <rp2040_chip_version>:
1000121c:	2380      	movs	r3, #128	@ 0x80
1000121e:	05db      	lsls	r3, r3, #23
10001220:	6818      	ldr	r0, [r3, #0]
10001222:	0f00      	lsrs	r0, r0, #28
10001224:	4770      	bx	lr
10001226:	46c0      	nop			@ (mov r8, r8)

10001228 <panic>:
10001228:	b40f      	push	{r0, r1, r2, r3}
1000122a:	b500      	push	{lr}
1000122c:	4808      	ldr	r0, [pc, #32]	@ (10001250 <panic+0x28>)
1000122e:	b083      	sub	sp, #12
10001230:	f003 ffb2 	bl	10005198 <__wrap_puts>
10001234:	9b04      	ldr	r3, [sp, #16]
10001236:	2b00      	cmp	r3, #0
10001238:	d007      	beq.n	1000124a <panic+0x22>
1000123a:	a905      	add	r1, sp, #20
1000123c:	0018      	movs	r0, r3
1000123e:	9101      	str	r1, [sp, #4]
10001240:	f003 fe18 	bl	10004e74 <weak_raw_vprintf>
10001244:	4803      	ldr	r0, [pc, #12]	@ (10001254 <panic+0x2c>)
10001246:	f003 ffa7 	bl	10005198 <__wrap_puts>
1000124a:	2001      	movs	r0, #1
1000124c:	f003 fe2a 	bl	10004ea4 <_exit>
10001250:	100079f0 	.word	0x100079f0
10001254:	10007958 	.word	0x10007958

10001258 <hw_claim_or_assert>:
10001258:	b570      	push	{r4, r5, r6, lr}
1000125a:	468c      	mov	ip, r1
1000125c:	0016      	movs	r6, r2
1000125e:	f3ef 8410 	mrs	r4, PRIMASK
10001262:	b672      	cpsid	i
10001264:	490f      	ldr	r1, [pc, #60]	@ (100012a4 <hw_claim_or_assert+0x4c>)
10001266:	680b      	ldr	r3, [r1, #0]
10001268:	2b00      	cmp	r3, #0
1000126a:	d0fc      	beq.n	10001266 <hw_claim_or_assert+0xe>
1000126c:	f3bf 8f5f 	dmb	sy
10001270:	4663      	mov	r3, ip
10001272:	08db      	lsrs	r3, r3, #3
10001274:	18c5      	adds	r5, r0, r3
10001276:	2207      	movs	r2, #7
10001278:	5cc0      	ldrb	r0, [r0, r3]
1000127a:	4663      	mov	r3, ip
1000127c:	401a      	ands	r2, r3
1000127e:	2301      	movs	r3, #1
10001280:	4093      	lsls	r3, r2
10001282:	001a      	movs	r2, r3
10001284:	4002      	ands	r2, r0
10001286:	4203      	tst	r3, r0
10001288:	d107      	bne.n	1000129a <hw_claim_or_assert+0x42>
1000128a:	4318      	orrs	r0, r3
1000128c:	7028      	strb	r0, [r5, #0]
1000128e:	f3bf 8f5f 	dmb	sy
10001292:	600a      	str	r2, [r1, #0]
10001294:	f384 8810 	msr	PRIMASK, r4
10001298:	bd70      	pop	{r4, r5, r6, pc}
1000129a:	4661      	mov	r1, ip
1000129c:	0030      	movs	r0, r6
1000129e:	f7ff ffc3 	bl	10001228 <panic>
100012a2:	46c0      	nop			@ (mov r8, r8)
100012a4:	d000012c 	.word	0xd000012c

100012a8 <hw_claim_unused_from_range>:
100012a8:	b5f8      	push	{r3, r4, r5, r6, r7, lr}
100012aa:	46ce      	mov	lr, r9
100012ac:	4647      	mov	r7, r8
100012ae:	468c      	mov	ip, r1
100012b0:	b580      	push	{r7, lr}
100012b2:	001c      	movs	r4, r3
100012b4:	f3ef 8810 	mrs	r8, PRIMASK
100012b8:	b672      	cpsid	i
100012ba:	491c      	ldr	r1, [pc, #112]	@ (1000132c <hw_claim_unused_from_range+0x84>)
100012bc:	680b      	ldr	r3, [r1, #0]
100012be:	2b00      	cmp	r3, #0
100012c0:	d0fc      	beq.n	100012bc <hw_claim_unused_from_range+0x14>
100012c2:	f3bf 8f5f 	dmb	sy
100012c6:	42a2      	cmp	r2, r4
100012c8:	d821      	bhi.n	1000130e <hw_claim_unused_from_range+0x66>
100012ca:	2307      	movs	r3, #7
100012cc:	4699      	mov	r9, r3
100012ce:	e002      	b.n	100012d6 <hw_claim_unused_from_range+0x2e>
100012d0:	3201      	adds	r2, #1
100012d2:	4294      	cmp	r4, r2
100012d4:	d318      	bcc.n	10001308 <hw_claim_unused_from_range+0x60>
100012d6:	4649      	mov	r1, r9
100012d8:	2601      	movs	r6, #1
100012da:	4011      	ands	r1, r2
100012dc:	408e      	lsls	r6, r1
100012de:	08d3      	lsrs	r3, r2, #3
100012e0:	18c7      	adds	r7, r0, r3
100012e2:	5cc3      	ldrb	r3, [r0, r3]
100012e4:	421e      	tst	r6, r3
100012e6:	d1f3      	bne.n	100012d0 <hw_claim_unused_from_range+0x28>
100012e8:	0010      	movs	r0, r2
100012ea:	4333      	orrs	r3, r6
100012ec:	703b      	strb	r3, [r7, #0]
100012ee:	f3bf 8f5f 	dmb	sy
100012f2:	2200      	movs	r2, #0
100012f4:	4b0d      	ldr	r3, [pc, #52]	@ (1000132c <hw_claim_unused_from_range+0x84>)
100012f6:	601a      	str	r2, [r3, #0]
100012f8:	f388 8810 	msr	PRIMASK, r8
100012fc:	2800      	cmp	r0, #0
100012fe:	db0e      	blt.n	1000131e <hw_claim_unused_from_range+0x76>
10001300:	bcc0      	pop	{r6, r7}
10001302:	46b9      	mov	r9, r7
10001304:	46b0      	mov	r8, r6
10001306:	bdf8      	pop	{r3, r4, r5, r6, r7, pc}
10001308:	2001      	movs	r0, #1
1000130a:	4240      	negs	r0, r0
1000130c:	e7ef      	b.n	100012ee <hw_claim_unused_from_range+0x46>
1000130e:	f3bf 8f5f 	dmb	sy
10001312:	2300      	movs	r3, #0
10001314:	600b      	str	r3, [r1, #0]
10001316:	f388 8810 	msr	PRIMASK, r8
1000131a:	2001      	movs	r0, #1
1000131c:	4240      	negs	r0, r0
1000131e:	4663      	mov	r3, ip
10001320:	2b00      	cmp	r3, #0
10001322:	d0ed      	beq.n	10001300 <hw_claim_unused_from_range+0x58>
10001324:	9808      	ldr	r0, [sp, #32]
10001326:	f7ff ff7f 	bl	10001228 <panic>
1000132a:	46c0      	nop			@ (mov r8, r8)
1000132c:	d000012c 	.word	0xd000012c

10001330 <next_striped_spin_lock_num>:
10001330:	4a04      	ldr	r2, [pc, #16]	@ (10001344 <next_striped_spin_lock_num+0x14>)
10001332:	7810      	ldrb	r0, [r2, #0]
10001334:	1c43      	adds	r3, r0, #1
10001336:	b2db      	uxtb	r3, r3
10001338:	2b17      	cmp	r3, #23
1000133a:	d900      	bls.n	1000133e <next_striped_spin_lock_num+0xe>
1000133c:	2310      	movs	r3, #16
1000133e:	7013      	strb	r3, [r2, #0]
10001340:	4770      	bx	lr
10001342:	46c0      	nop			@ (mov r8, r8)
10001344:	20000f48 	.word	0x20000f48

10001348 <spin_lock_claim_unused>:
10001348:	b500      	push	{lr}
1000134a:	4b05      	ldr	r3, [pc, #20]	@ (10001360 <spin_lock_claim_unused+0x18>)
1000134c:	b083      	sub	sp, #12
1000134e:	0001      	movs	r1, r0
10001350:	9300      	str	r3, [sp, #0]
10001352:	2218      	movs	r2, #24
10001354:	231f      	movs	r3, #31
10001356:	4803      	ldr	r0, [pc, #12]	@ (10001364 <spin_lock_claim_unused+0x1c>)
10001358:	f7ff ffa6 	bl	100012a8 <hw_claim_unused_from_range>
1000135c:	b003      	add	sp, #12
1000135e:	bd00      	pop	{pc}
10001360:	10007a00 	.word	0x10007a00
10001364:	200017a4 	.word	0x200017a4

10001368 <spin_locks_reset>:
10001368:	2100      	movs	r1, #0
1000136a:	4b04      	ldr	r3, [pc, #16]	@ (1000137c <spin_locks_reset+0x14>)
1000136c:	4a04      	ldr	r2, [pc, #16]	@ (10001380 <spin_locks_reset+0x18>)
1000136e:	f3bf 8f5f 	dmb	sy
10001372:	c302      	stmia	r3!, {r1}
10001374:	4293      	cmp	r3, r2
10001376:	d1fa      	bne.n	1000136e <spin_locks_reset+0x6>
10001378:	4770      	bx	lr
1000137a:	46c0      	nop			@ (mov r8, r8)
1000137c:	d0000100 	.word	0xd0000100
10001380:	d0000180 	.word	0xd0000180

10001384 <runtime_init_per_core_irq_priorities>:
10001384:	4b08      	ldr	r3, [pc, #32]	@ (100013a8 <runtime_init_per_core_irq_priorities+0x24>)
10001386:	4a09      	ldr	r2, [pc, #36]	@ (100013ac <runtime_init_per_core_irq_priorities+0x28>)
10001388:	6013      	str	r3, [r2, #0]
1000138a:	4a09      	ldr	r2, [pc, #36]	@ (100013b0 <runtime_init_per_core_irq_priorities+0x2c>)
1000138c:	6013      	str	r3, [r2, #0]
1000138e:	4a09      	ldr	r2, [pc, #36]	@ (100013b4 <runtime_init_per_core_irq_priorities+0x30>)
10001390:	6013      	str	r3, [r2, #0]
10001392:	4a09      	ldr	r2, [pc, #36]	@ (100013b8 <runtime_init_per_core_irq_priorities+0x34>)
10001394:	6013      	str	r3, [r2, #0]
10001396:	4a09      	ldr	r2, [pc, #36]	@ (100013bc <runtime_init_per_core_irq_priorities+0x38>)
10001398:	6013      	str	r3, [r2, #0]
1000139a:	4a09      	ldr	r2, [pc, #36]	@ (100013c0 <runtime_init_per_core_irq_priorities+0x3c>)
1000139c:	6013      	str	r3, [r2, #0]
1000139e:	4a09      	ldr	r2, [pc, #36]	@ (100013c4 <runtime_init_per_core_irq_priorities+0x40>)
100013a0:	6013      	str	r3, [r2, #0]
100013a2:	4a09      	ldr	r2, [pc, #36]	@ (100013c8 <runtime_init_per_core_irq_priorities+0x44>)
100013a4:	6013      	str	r3, [r2, #0]
100013a6:	4770      	bx	lr
100013a8:	80808080 	.word	0x80808080
100013ac:	e000e400 	.word	0xe000e400
100013b0:	e000e404 	.word	0xe000e404
100013b4:	e000e408 	.word	0xe000e408
100013b8:	e000e40c 	.word	0xe000e40c
100013bc:	e000e410 	.word	0xe000e410
100013c0:	e000e414 	.word	0xe000e414
100013c4:	e000e418 	.word	0xe000e418
100013c8:	e000e41c 	.word	0xe000e41c

100013cc <irq_set_enabled>:
100013cc:	231f      	movs	r3, #31
100013ce:	4018      	ands	r0, r3
100013d0:	3b1e      	subs	r3, #30
100013d2:	4083      	lsls	r3, r0
100013d4:	2900      	cmp	r1, #0
100013d6:	d005      	beq.n	100013e4 <irq_set_enabled+0x18>
100013d8:	21c0      	movs	r1, #192	@ 0xc0
100013da:	4a04      	ldr	r2, [pc, #16]	@ (100013ec <irq_set_enabled+0x20>)
100013dc:	0049      	lsls	r1, r1, #1
100013de:	5053      	str	r3, [r2, r1]
100013e0:	6013      	str	r3, [r2, #0]
100013e2:	4770      	bx	lr
100013e4:	2280      	movs	r2, #128	@ 0x80
100013e6:	4901      	ldr	r1, [pc, #4]	@ (100013ec <irq_set_enabled+0x20>)
100013e8:	508b      	str	r3, [r1, r2]
100013ea:	e7fa      	b.n	100013e2 <irq_set_enabled+0x16>
100013ec:	e000e100 	.word	0xe000e100

100013f0 <irq_is_enabled>:
100013f0:	2201      	movs	r2, #1
100013f2:	4082      	lsls	r2, r0
100013f4:	4b03      	ldr	r3, [pc, #12]	@ (10001404 <irq_is_enabled+0x14>)
100013f6:	681b      	ldr	r3, [r3, #0]
100013f8:	4013      	ands	r3, r2
100013fa:	1e5a      	subs	r2, r3, #1
100013fc:	4193      	sbcs	r3, r2
100013fe:	b2d8      	uxtb	r0, r3
10001400:	4770      	bx	lr
10001402:	46c0      	nop			@ (mov r8, r8)
10001404:	e000e100 	.word	0xe000e100

10001408 <irq_set_pending>:
10001408:	2301      	movs	r3, #1
1000140a:	4083      	lsls	r3, r0
1000140c:	4a01      	ldr	r2, [pc, #4]	@ (10001414 <irq_set_pending+0xc>)
1000140e:	6013      	str	r3, [r2, #0]
10001410:	4770      	bx	lr
10001412:	46c0      	nop			@ (mov r8, r8)
10001414:	e000e200 	.word	0xe000e200

10001418 <irq_has_shared_handler>:
10001418:	4b05      	ldr	r3, [pc, #20]	@ (10001430 <irq_has_shared_handler+0x18>)
1000141a:	3010      	adds	r0, #16
1000141c:	689b      	ldr	r3, [r3, #8]
1000141e:	0080      	lsls	r0, r0, #2
10001420:	58c3      	ldr	r3, [r0, r3]
10001422:	4a04      	ldr	r2, [pc, #16]	@ (10001434 <irq_has_shared_handler+0x1c>)
10001424:	2000      	movs	r0, #0
10001426:	1a9b      	subs	r3, r3, r2
10001428:	2247      	movs	r2, #71	@ 0x47
1000142a:	429a      	cmp	r2, r3
1000142c:	4140      	adcs	r0, r0
1000142e:	4770      	bx	lr
10001430:	e000ed00 	.word	0xe000ed00
10001434:	20000f4c 	.word	0x20000f4c

10001438 <irq_set_exclusive_handler>:
10001438:	b510      	push	{r4, lr}
1000143a:	f3ef 8c10 	mrs	ip, PRIMASK
1000143e:	b672      	cpsid	i
10001440:	4a0f      	ldr	r2, [pc, #60]	@ (10001480 <irq_set_exclusive_handler+0x48>)
10001442:	6813      	ldr	r3, [r2, #0]
10001444:	2b00      	cmp	r3, #0
10001446:	d0fc      	beq.n	10001442 <irq_set_exclusive_handler+0xa>
10001448:	f3bf 8f5f 	dmb	sy
1000144c:	4b0d      	ldr	r3, [pc, #52]	@ (10001484 <irq_set_exclusive_handler+0x4c>)
1000144e:	3010      	adds	r0, #16
10001450:	689b      	ldr	r3, [r3, #8]
10001452:	0080      	lsls	r0, r0, #2
10001454:	581b      	ldr	r3, [r3, r0]
10001456:	4a0c      	ldr	r2, [pc, #48]	@ (10001488 <irq_set_exclusive_handler+0x50>)
10001458:	4293      	cmp	r3, r2
1000145a:	d001      	beq.n	10001460 <irq_set_exclusive_handler+0x28>
1000145c:	4299      	cmp	r1, r3
1000145e:	d10c      	bne.n	1000147a <irq_set_exclusive_handler+0x42>
10001460:	4b08      	ldr	r3, [pc, #32]	@ (10001484 <irq_set_exclusive_handler+0x4c>)
10001462:	689b      	ldr	r3, [r3, #8]
10001464:	5019      	str	r1, [r3, r0]
10001466:	f3bf 8f5f 	dmb	sy
1000146a:	f3bf 8f5f 	dmb	sy
1000146e:	2200      	movs	r2, #0
10001470:	4b03      	ldr	r3, [pc, #12]	@ (10001480 <irq_set_exclusive_handler+0x48>)
10001472:	601a      	str	r2, [r3, #0]
10001474:	f38c 8810 	msr	PRIMASK, ip
10001478:	bd10      	pop	{r4, pc}
1000147a:	f001 f8ad 	bl	100025d8 <hard_assertion_failure>
1000147e:	46c0      	nop			@ (mov r8, r8)
10001480:	d0000124 	.word	0xd0000124
10001484:	e000ed00 	.word	0xe000ed00
10001488:	100001c1 	.word	0x100001c1

1000148c <irq_add_shared_handler>:
1000148c:	b5f0      	push	{r4, r5, r6, r7, lr}
1000148e:	46de      	mov	lr, fp
10001490:	4657      	mov	r7, sl
10001492:	464e      	mov	r6, r9
10001494:	4645      	mov	r5, r8
10001496:	b5e0      	push	{r5, r6, r7, lr}
10001498:	468b      	mov	fp, r1
1000149a:	b085      	sub	sp, #20
1000149c:	f3ef 8810 	mrs	r8, PRIMASK
100014a0:	b672      	cpsid	i
100014a2:	0016      	movs	r6, r2
100014a4:	4a5b      	ldr	r2, [pc, #364]	@ (10001614 <irq_add_shared_handler+0x188>)
100014a6:	6813      	ldr	r3, [r2, #0]
100014a8:	2b00      	cmp	r3, #0
100014aa:	d0fc      	beq.n	100014a6 <irq_add_shared_handler+0x1a>
100014ac:	46b2      	mov	sl, r6
100014ae:	f3bf 8f5f 	dmb	sy
100014b2:	2500      	movs	r5, #0
100014b4:	4958      	ldr	r1, [pc, #352]	@ (10001618 <irq_add_shared_handler+0x18c>)
100014b6:	574d      	ldrsb	r5, [r1, r5]
100014b8:	2d00      	cmp	r5, #0
100014ba:	da00      	bge.n	100014be <irq_add_shared_handler+0x32>
100014bc:	e0a8      	b.n	10001610 <irq_add_shared_handler+0x184>
100014be:	006b      	lsls	r3, r5, #1
100014c0:	4a56      	ldr	r2, [pc, #344]	@ (1000161c <irq_add_shared_handler+0x190>)
100014c2:	9301      	str	r3, [sp, #4]
100014c4:	195b      	adds	r3, r3, r5
100014c6:	009b      	lsls	r3, r3, #2
100014c8:	18d4      	adds	r4, r2, r3
100014ca:	79a7      	ldrb	r7, [r4, #6]
100014cc:	3010      	adds	r0, #16
100014ce:	700f      	strb	r7, [r1, #0]
100014d0:	4953      	ldr	r1, [pc, #332]	@ (10001620 <irq_add_shared_handler+0x194>)
100014d2:	0080      	lsls	r0, r0, #2
100014d4:	6889      	ldr	r1, [r1, #8]
100014d6:	4684      	mov	ip, r0
100014d8:	580f      	ldr	r7, [r1, r0]
100014da:	1ab9      	subs	r1, r7, r2
100014dc:	2947      	cmp	r1, #71	@ 0x47
100014de:	d833      	bhi.n	10001548 <irq_add_shared_handler+0xbc>
100014e0:	2001      	movs	r0, #1
100014e2:	0039      	movs	r1, r7
100014e4:	4381      	bics	r1, r0
100014e6:	79ce      	ldrb	r6, [r1, #7]
100014e8:	4556      	cmp	r6, sl
100014ea:	d800      	bhi.n	100014ee <irq_add_shared_handler+0x62>
100014ec:	e06a      	b.n	100015c4 <irq_add_shared_handler+0x138>
100014ee:	46a1      	mov	r9, r4
100014f0:	4656      	mov	r6, sl
100014f2:	9303      	str	r3, [sp, #12]
100014f4:	e007      	b.n	10001506 <irq_add_shared_handler+0x7a>
100014f6:	0058      	lsls	r0, r3, #1
100014f8:	18c0      	adds	r0, r0, r3
100014fa:	0080      	lsls	r0, r0, #2
100014fc:	1810      	adds	r0, r2, r0
100014fe:	79c4      	ldrb	r4, [r0, #7]
10001500:	42b4      	cmp	r4, r6
10001502:	d94d      	bls.n	100015a0 <irq_add_shared_handler+0x114>
10001504:	0001      	movs	r1, r0
10001506:	2306      	movs	r3, #6
10001508:	56cb      	ldrsb	r3, [r1, r3]
1000150a:	2b00      	cmp	r3, #0
1000150c:	daf3      	bge.n	100014f6 <irq_add_shared_handler+0x6a>
1000150e:	1d08      	adds	r0, r1, #4
10001510:	464c      	mov	r4, r9
10001512:	46b2      	mov	sl, r6
10001514:	4681      	mov	r9, r0
10001516:	9302      	str	r3, [sp, #8]
10001518:	4b42      	ldr	r3, [pc, #264]	@ (10001624 <irq_add_shared_handler+0x198>)
1000151a:	464e      	mov	r6, r9
1000151c:	3c04      	subs	r4, #4
1000151e:	1ba4      	subs	r4, r4, r6
10001520:	0524      	lsls	r4, r4, #20
10001522:	4e41      	ldr	r6, [pc, #260]	@ (10001628 <irq_add_shared_handler+0x19c>)
10001524:	0d64      	lsrs	r4, r4, #21
10001526:	4334      	orrs	r4, r6
10001528:	808c      	strh	r4, [r1, #4]
1000152a:	718d      	strb	r5, [r1, #6]
1000152c:	9901      	ldr	r1, [sp, #4]
1000152e:	1949      	adds	r1, r1, r5
10001530:	0089      	lsls	r1, r1, #2
10001532:	1852      	adds	r2, r2, r1
10001534:	8093      	strh	r3, [r2, #4]
10001536:	9b02      	ldr	r3, [sp, #8]
10001538:	493c      	ldr	r1, [pc, #240]	@ (1000162c <irq_add_shared_handler+0x1a0>)
1000153a:	7193      	strb	r3, [r2, #6]
1000153c:	4653      	mov	r3, sl
1000153e:	71d3      	strb	r3, [r2, #7]
10001540:	465b      	mov	r3, fp
10001542:	6011      	str	r1, [r2, #0]
10001544:	6093      	str	r3, [r2, #8]
10001546:	e017      	b.n	10001578 <irq_add_shared_handler+0xec>
10001548:	4939      	ldr	r1, [pc, #228]	@ (10001630 <irq_add_shared_handler+0x1a4>)
1000154a:	428f      	cmp	r7, r1
1000154c:	d160      	bne.n	10001610 <irq_add_shared_handler+0x184>
1000154e:	4939      	ldr	r1, [pc, #228]	@ (10001634 <irq_add_shared_handler+0x1a8>)
10001550:	2701      	movs	r7, #1
10001552:	52d1      	strh	r1, [r2, r3]
10001554:	4938      	ldr	r1, [pc, #224]	@ (10001638 <irq_add_shared_handler+0x1ac>)
10001556:	3302      	adds	r3, #2
10001558:	18d3      	adds	r3, r2, r3
1000155a:	3904      	subs	r1, #4
1000155c:	1acb      	subs	r3, r1, r3
1000155e:	4a32      	ldr	r2, [pc, #200]	@ (10001628 <irq_add_shared_handler+0x19c>)
10001560:	051b      	lsls	r3, r3, #20
10001562:	0d5b      	lsrs	r3, r3, #21
10001564:	4313      	orrs	r3, r2
10001566:	8063      	strh	r3, [r4, #2]
10001568:	4b34      	ldr	r3, [pc, #208]	@ (1000163c <irq_add_shared_handler+0x1b0>)
1000156a:	71e6      	strb	r6, [r4, #7]
1000156c:	80a3      	strh	r3, [r4, #4]
1000156e:	23ff      	movs	r3, #255	@ 0xff
10001570:	71a3      	strb	r3, [r4, #6]
10001572:	465b      	mov	r3, fp
10001574:	4327      	orrs	r7, r4
10001576:	60a3      	str	r3, [r4, #8]
10001578:	4662      	mov	r2, ip
1000157a:	4b29      	ldr	r3, [pc, #164]	@ (10001620 <irq_add_shared_handler+0x194>)
1000157c:	689b      	ldr	r3, [r3, #8]
1000157e:	509f      	str	r7, [r3, r2]
10001580:	f3bf 8f5f 	dmb	sy
10001584:	f3bf 8f5f 	dmb	sy
10001588:	2200      	movs	r2, #0
1000158a:	4b22      	ldr	r3, [pc, #136]	@ (10001614 <irq_add_shared_handler+0x188>)
1000158c:	601a      	str	r2, [r3, #0]
1000158e:	f388 8810 	msr	PRIMASK, r8
10001592:	b005      	add	sp, #20
10001594:	bcf0      	pop	{r4, r5, r6, r7}
10001596:	46bb      	mov	fp, r7
10001598:	46b2      	mov	sl, r6
1000159a:	46a9      	mov	r9, r5
1000159c:	46a0      	mov	r8, r4
1000159e:	bdf0      	pop	{r4, r5, r6, r7, pc}
100015a0:	46b2      	mov	sl, r6
100015a2:	1d0e      	adds	r6, r1, #4
100015a4:	464c      	mov	r4, r9
100015a6:	46b1      	mov	r9, r6
100015a8:	8888      	ldrh	r0, [r1, #4]
100015aa:	9302      	str	r3, [sp, #8]
100015ac:	9b03      	ldr	r3, [sp, #12]
100015ae:	0540      	lsls	r0, r0, #21
100015b0:	1500      	asrs	r0, r0, #20
100015b2:	3304      	adds	r3, #4
100015b4:	4448      	add	r0, r9
100015b6:	18d3      	adds	r3, r2, r3
100015b8:	1ac3      	subs	r3, r0, r3
100015ba:	051b      	lsls	r3, r3, #20
100015bc:	481a      	ldr	r0, [pc, #104]	@ (10001628 <irq_add_shared_handler+0x19c>)
100015be:	0d5b      	lsrs	r3, r3, #21
100015c0:	4303      	orrs	r3, r0
100015c2:	e7aa      	b.n	1000151a <irq_add_shared_handler+0x8e>
100015c4:	1c9e      	adds	r6, r3, #2
100015c6:	46b1      	mov	r9, r6
100015c8:	4491      	add	r9, r2
100015ca:	464e      	mov	r6, r9
100015cc:	000f      	movs	r7, r1
100015ce:	4d1c      	ldr	r5, [pc, #112]	@ (10001640 <irq_add_shared_handler+0x1b4>)
100015d0:	1abf      	subs	r7, r7, r2
100015d2:	417f      	adcs	r7, r7
100015d4:	437d      	muls	r5, r7
100015d6:	0d2d      	lsrs	r5, r5, #20
100015d8:	4f16      	ldr	r7, [pc, #88]	@ (10001634 <irq_add_shared_handler+0x1a8>)
100015da:	71a5      	strb	r5, [r4, #6]
100015dc:	52d7      	strh	r7, [r2, r3]
100015de:	4f16      	ldr	r7, [pc, #88]	@ (10001638 <irq_add_shared_handler+0x1ac>)
100015e0:	3304      	adds	r3, #4
100015e2:	3f04      	subs	r7, #4
100015e4:	18d3      	adds	r3, r2, r3
100015e6:	1bbf      	subs	r7, r7, r6
100015e8:	1acb      	subs	r3, r1, r3
100015ea:	053f      	lsls	r7, r7, #20
100015ec:	3b04      	subs	r3, #4
100015ee:	0d7e      	lsrs	r6, r7, #21
100015f0:	051b      	lsls	r3, r3, #20
100015f2:	4f0d      	ldr	r7, [pc, #52]	@ (10001628 <irq_add_shared_handler+0x19c>)
100015f4:	0d5b      	lsrs	r3, r3, #21
100015f6:	433e      	orrs	r6, r7
100015f8:	431f      	orrs	r7, r3
100015fa:	4653      	mov	r3, sl
100015fc:	71e3      	strb	r3, [r4, #7]
100015fe:	465b      	mov	r3, fp
10001600:	60a3      	str	r3, [r4, #8]
10001602:	4b0a      	ldr	r3, [pc, #40]	@ (1000162c <irq_add_shared_handler+0x1a0>)
10001604:	80a7      	strh	r7, [r4, #4]
10001606:	8066      	strh	r6, [r4, #2]
10001608:	4304      	orrs	r4, r0
1000160a:	0027      	movs	r7, r4
1000160c:	600b      	str	r3, [r1, #0]
1000160e:	e7b3      	b.n	10001578 <irq_add_shared_handler+0xec>
10001610:	f000 ffe2 	bl	100025d8 <hard_assertion_failure>
10001614:	d0000124 	.word	0xd0000124
10001618:	20001d2f 	.word	0x20001d2f
1000161c:	20000f4c 	.word	0x20000f4c
10001620:	e000ed00 	.word	0xe000ed00
10001624:	0000bd01 	.word	0x0000bd01
10001628:	ffffe000 	.word	0xffffe000
1000162c:	47804801 	.word	0x47804801
10001630:	100001c1 	.word	0x100001c1
10001634:	ffffa100 	.word	0xffffa100
10001638:	20000f94 	.word	0x20000f94
1000163c:	ffffbd01 	.word	0xffffbd01
10001640:	0000aaaa 	.word	0x0000aaaa

10001644 <irq_add_tail_to_free_list>:
10001644:	2301      	movs	r3, #1
10001646:	4303      	orrs	r3, r0
10001648:	b570      	push	{r4, r5, r6, lr}
1000164a:	469c      	mov	ip, r3
1000164c:	f3ef 8105 	mrs	r1, IPSR
10001650:	f3ef 8510 	mrs	r5, PRIMASK
10001654:	b672      	cpsid	i
10001656:	4a27      	ldr	r2, [pc, #156]	@ (100016f4 <irq_add_tail_to_free_list+0xb0>)
10001658:	6813      	ldr	r3, [r2, #0]
1000165a:	2b00      	cmp	r3, #0
1000165c:	d0fc      	beq.n	10001658 <irq_add_tail_to_free_list+0x14>
1000165e:	f3bf 8f5f 	dmb	sy
10001662:	4a25      	ldr	r2, [pc, #148]	@ (100016f8 <irq_add_tail_to_free_list+0xb4>)
10001664:	0004      	movs	r4, r0
10001666:	4b25      	ldr	r3, [pc, #148]	@ (100016fc <irq_add_tail_to_free_list+0xb8>)
10001668:	1aa4      	subs	r4, r4, r2
1000166a:	4164      	adcs	r4, r4
1000166c:	4363      	muls	r3, r4
1000166e:	0d1b      	lsrs	r3, r3, #20
10001670:	4c23      	ldr	r4, [pc, #140]	@ (10001700 <irq_add_tail_to_free_list+0xbc>)
10001672:	0089      	lsls	r1, r1, #2
10001674:	68a6      	ldr	r6, [r4, #8]
10001676:	b25b      	sxtb	r3, r3
10001678:	5876      	ldr	r6, [r6, r1]
1000167a:	4566      	cmp	r6, ip
1000167c:	d024      	beq.n	100016c8 <irq_add_tail_to_free_list+0x84>
1000167e:	2106      	movs	r1, #6
10001680:	5651      	ldrsb	r1, [r2, r1]
10001682:	4299      	cmp	r1, r3
10001684:	d024      	beq.n	100016d0 <irq_add_tail_to_free_list+0x8c>
10001686:	2112      	movs	r1, #18
10001688:	5651      	ldrsb	r1, [r2, r1]
1000168a:	4299      	cmp	r1, r3
1000168c:	d02a      	beq.n	100016e4 <irq_add_tail_to_free_list+0xa0>
1000168e:	211e      	movs	r1, #30
10001690:	5651      	ldrsb	r1, [r2, r1]
10001692:	4299      	cmp	r1, r3
10001694:	d028      	beq.n	100016e8 <irq_add_tail_to_free_list+0xa4>
10001696:	212a      	movs	r1, #42	@ 0x2a
10001698:	5651      	ldrsb	r1, [r2, r1]
1000169a:	4299      	cmp	r1, r3
1000169c:	d026      	beq.n	100016ec <irq_add_tail_to_free_list+0xa8>
1000169e:	2136      	movs	r1, #54	@ 0x36
100016a0:	5651      	ldrsb	r1, [r2, r1]
100016a2:	4299      	cmp	r1, r3
100016a4:	d024      	beq.n	100016f0 <irq_add_tail_to_free_list+0xac>
100016a6:	2142      	movs	r1, #66	@ 0x42
100016a8:	5651      	ldrsb	r1, [r2, r1]
100016aa:	2405      	movs	r4, #5
100016ac:	4299      	cmp	r1, r3
100016ae:	d010      	beq.n	100016d2 <irq_add_tail_to_free_list+0x8e>
100016b0:	4a14      	ldr	r2, [pc, #80]	@ (10001704 <irq_add_tail_to_free_list+0xc0>)
100016b2:	7811      	ldrb	r1, [r2, #0]
100016b4:	7013      	strb	r3, [r2, #0]
100016b6:	7181      	strb	r1, [r0, #6]
100016b8:	f3bf 8f5f 	dmb	sy
100016bc:	2200      	movs	r2, #0
100016be:	4b0d      	ldr	r3, [pc, #52]	@ (100016f4 <irq_add_tail_to_free_list+0xb0>)
100016c0:	601a      	str	r2, [r3, #0]
100016c2:	f385 8810 	msr	PRIMASK, r5
100016c6:	bd70      	pop	{r4, r5, r6, pc}
100016c8:	68a2      	ldr	r2, [r4, #8]
100016ca:	4c0f      	ldr	r4, [pc, #60]	@ (10001708 <irq_add_tail_to_free_list+0xc4>)
100016cc:	5054      	str	r4, [r2, r1]
100016ce:	e7ef      	b.n	100016b0 <irq_add_tail_to_free_list+0x6c>
100016d0:	2400      	movs	r4, #0
100016d2:	0061      	lsls	r1, r4, #1
100016d4:	1909      	adds	r1, r1, r4
100016d6:	0089      	lsls	r1, r1, #2
100016d8:	1852      	adds	r2, r2, r1
100016da:	21ff      	movs	r1, #255	@ 0xff
100016dc:	7191      	strb	r1, [r2, #6]
100016de:	490b      	ldr	r1, [pc, #44]	@ (1000170c <irq_add_tail_to_free_list+0xc8>)
100016e0:	8091      	strh	r1, [r2, #4]
100016e2:	e7e5      	b.n	100016b0 <irq_add_tail_to_free_list+0x6c>
100016e4:	2401      	movs	r4, #1
100016e6:	e7f4      	b.n	100016d2 <irq_add_tail_to_free_list+0x8e>
100016e8:	2402      	movs	r4, #2
100016ea:	e7f2      	b.n	100016d2 <irq_add_tail_to_free_list+0x8e>
100016ec:	2403      	movs	r4, #3
100016ee:	e7f0      	b.n	100016d2 <irq_add_tail_to_free_list+0x8e>
100016f0:	2404      	movs	r4, #4
100016f2:	e7ee      	b.n	100016d2 <irq_add_tail_to_free_list+0x8e>
100016f4:	d0000124 	.word	0xd0000124
100016f8:	20000f4c 	.word	0x20000f4c
100016fc:	0000aaaa 	.word	0x0000aaaa
10001700:	e000ed00 	.word	0xe000ed00
10001704:	20001d2f 	.word	0x20001d2f
10001708:	100001c1 	.word	0x100001c1
1000170c:	ffffbd01 	.word	0xffffbd01

10001710 <user_irq_claim_unused>:
10001710:	b500      	push	{lr}
10001712:	4b07      	ldr	r3, [pc, #28]	@ (10001730 <user_irq_claim_unused+0x20>)
10001714:	b083      	sub	sp, #12
10001716:	0001      	movs	r1, r0
10001718:	9300      	str	r3, [sp, #0]
1000171a:	2200      	movs	r2, #0
1000171c:	2305      	movs	r3, #5
1000171e:	4805      	ldr	r0, [pc, #20]	@ (10001734 <user_irq_claim_unused+0x24>)
10001720:	f7ff fdc2 	bl	100012a8 <hw_claim_unused_from_range>
10001724:	2800      	cmp	r0, #0
10001726:	db01      	blt.n	1000172c <user_irq_claim_unused+0x1c>
10001728:	231f      	movs	r3, #31
1000172a:	1a18      	subs	r0, r3, r0
1000172c:	b003      	add	sp, #12
1000172e:	bd00      	pop	{pc}
10001730:	10007a1c 	.word	0x10007a1c
10001734:	20001d35 	.word	0x20001d35

10001738 <lock_init>:
10001738:	4b02      	ldr	r3, [pc, #8]	@ (10001744 <lock_init+0xc>)
1000173a:	18c9      	adds	r1, r1, r3
1000173c:	0089      	lsls	r1, r1, #2
1000173e:	6001      	str	r1, [r0, #0]
10001740:	4770      	bx	lr
10001742:	46c0      	nop			@ (mov r8, r8)
10001744:	34000040 	.word	0x34000040

10001748 <runtime_init_mutex>:
10001748:	b570      	push	{r4, r5, r6, lr}
1000174a:	4c11      	ldr	r4, [pc, #68]	@ (10001790 <runtime_init_mutex+0x48>)
1000174c:	4d11      	ldr	r5, [pc, #68]	@ (10001794 <runtime_init_mutex+0x4c>)
1000174e:	42ac      	cmp	r4, r5
10001750:	d20f      	bcs.n	10001772 <runtime_init_mutex+0x2a>
10001752:	26ff      	movs	r6, #255	@ 0xff
10001754:	6823      	ldr	r3, [r4, #0]
10001756:	2b00      	cmp	r3, #0
10001758:	d00c      	beq.n	10001774 <runtime_init_mutex+0x2c>
1000175a:	f7ff fde9 	bl	10001330 <next_striped_spin_lock_num>
1000175e:	0001      	movs	r1, r0
10001760:	0020      	movs	r0, r4
10001762:	f7ff ffe9 	bl	10001738 <lock_init>
10001766:	80a6      	strh	r6, [r4, #4]
10001768:	f3bf 8f5f 	dmb	sy
1000176c:	3408      	adds	r4, #8
1000176e:	42ac      	cmp	r4, r5
10001770:	d3f0      	bcc.n	10001754 <runtime_init_mutex+0xc>
10001772:	bd70      	pop	{r4, r5, r6, pc}
10001774:	f7ff fddc 	bl	10001330 <next_striped_spin_lock_num>
10001778:	0001      	movs	r1, r0
1000177a:	0020      	movs	r0, r4
1000177c:	f7ff ffdc 	bl	10001738 <lock_init>
10001780:	7126      	strb	r6, [r4, #4]
10001782:	f3bf 8f5f 	dmb	sy
10001786:	3408      	adds	r4, #8
10001788:	42ac      	cmp	r4, r5
1000178a:	d3e3      	bcc.n	10001754 <runtime_init_mutex+0xc>
1000178c:	e7f1      	b.n	10001772 <runtime_init_mutex+0x2a>
1000178e:	46c0      	nop			@ (mov r8, r8)
10001790:	20001038 	.word	0x20001038
10001794:	20001040 	.word	0x20001040

10001798 <mutex_init>:
10001798:	b510      	push	{r4, lr}
1000179a:	0004      	movs	r4, r0
1000179c:	f7ff fdc8 	bl	10001330 <next_striped_spin_lock_num>
100017a0:	0001      	movs	r1, r0
100017a2:	0020      	movs	r0, r4
100017a4:	f7ff ffc8 	bl	10001738 <lock_init>
100017a8:	23ff      	movs	r3, #255	@ 0xff
100017aa:	7123      	strb	r3, [r4, #4]
100017ac:	f3bf 8f5f 	dmb	sy
100017b0:	bd10      	pop	{r4, pc}
100017b2:	46c0      	nop			@ (mov r8, r8)

100017b4 <critical_section_init>:
100017b4:	b510      	push	{r4, lr}
100017b6:	0004      	movs	r4, r0
100017b8:	2001      	movs	r0, #1
100017ba:	f7ff fdc5 	bl	10001348 <spin_lock_claim_unused>
100017be:	4b03      	ldr	r3, [pc, #12]	@ (100017cc <critical_section_init+0x18>)
100017c0:	18c0      	adds	r0, r0, r3
100017c2:	0080      	lsls	r0, r0, #2
100017c4:	6020      	str	r0, [r4, #0]
100017c6:	f3bf 8f5f 	dmb	sy
100017ca:	bd10      	pop	{r4, pc}
100017cc:	34000040 	.word	0x34000040

100017d0 <critical_section_init_with_lock_num>:
100017d0:	4b03      	ldr	r3, [pc, #12]	@ (100017e0 <critical_section_init_with_lock_num+0x10>)
100017d2:	18c9      	adds	r1, r1, r3
100017d4:	0089      	lsls	r1, r1, #2
100017d6:	6001      	str	r1, [r0, #0]
100017d8:	f3bf 8f5f 	dmb	sy
100017dc:	4770      	bx	lr
100017de:	46c0      	nop			@ (mov r8, r8)
100017e0:	34000040 	.word	0x34000040

100017e4 <sleep_until_callback>:
100017e4:	4b0a      	ldr	r3, [pc, #40]	@ (10001810 <sleep_until_callback+0x2c>)
100017e6:	6819      	ldr	r1, [r3, #0]
100017e8:	f3ef 8010 	mrs	r0, PRIMASK
100017ec:	b672      	cpsid	i
100017ee:	680a      	ldr	r2, [r1, #0]
100017f0:	2a00      	cmp	r2, #0
100017f2:	d0fc      	beq.n	100017ee <sleep_until_callback+0xa>
100017f4:	f3bf 8f5f 	dmb	sy
100017f8:	681b      	ldr	r3, [r3, #0]
100017fa:	f3bf 8f5f 	dmb	sy
100017fe:	2200      	movs	r2, #0
10001800:	601a      	str	r2, [r3, #0]
10001802:	f380 8810 	msr	PRIMASK, r0
10001806:	bf40      	sev
10001808:	2000      	movs	r0, #0
1000180a:	2100      	movs	r1, #0
1000180c:	4770      	bx	lr
1000180e:	46c0      	nop			@ (mov r8, r8)
10001810:	20001c3c 	.word	0x20001c3c

10001814 <alarm_pool_irq_handler>:
10001814:	b5f0      	push	{r4, r5, r6, r7, lr}
10001816:	46de      	mov	lr, fp
10001818:	4657      	mov	r7, sl
1000181a:	464e      	mov	r6, r9
1000181c:	4645      	mov	r5, r8
1000181e:	b5e0      	push	{r5, r6, r7, lr}
10001820:	b085      	sub	sp, #20
10001822:	f3ef 8305 	mrs	r3, IPSR
10001826:	2203      	movs	r2, #3
10001828:	401a      	ands	r2, r3
1000182a:	4bb3      	ldr	r3, [pc, #716]	@ (10001af8 <alarm_pool_irq_handler+0x2e4>)
1000182c:	0091      	lsls	r1, r2, #2
1000182e:	585f      	ldr	r7, [r3, r1]
10001830:	2301      	movs	r3, #1
10001832:	4093      	lsls	r3, r2
10001834:	469b      	mov	fp, r3
10001836:	9202      	str	r2, [sp, #8]
10001838:	465a      	mov	r2, fp
1000183a:	4688      	mov	r8, r1
1000183c:	4baf      	ldr	r3, [pc, #700]	@ (10001afc <alarm_pool_irq_handler+0x2e8>)
1000183e:	601a      	str	r2, [r3, #0]
10001840:	4baf      	ldr	r3, [pc, #700]	@ (10001b00 <alarm_pool_irq_handler+0x2ec>)
10001842:	9303      	str	r3, [sp, #12]
10001844:	465b      	mov	r3, fp
10001846:	48af      	ldr	r0, [pc, #700]	@ (10001b04 <alarm_pool_irq_handler+0x2f0>)
10001848:	6343      	str	r3, [r0, #52]	@ 0x34
1000184a:	2308      	movs	r3, #8
1000184c:	5efe      	ldrsh	r6, [r7, r3]
1000184e:	2e00      	cmp	r6, #0
10001850:	da37      	bge.n	100018c2 <alarm_pool_irq_handler+0xae>
10001852:	88bb      	ldrh	r3, [r7, #4]
10001854:	b21b      	sxth	r3, r3
10001856:	2b00      	cmp	r3, #0
10001858:	db00      	blt.n	1000185c <alarm_pool_irq_handler+0x48>
1000185a:	e0a4      	b.n	100019a6 <alarm_pool_irq_handler+0x192>
1000185c:	79bb      	ldrb	r3, [r7, #6]
1000185e:	2b00      	cmp	r3, #0
10001860:	d000      	beq.n	10001864 <alarm_pool_irq_handler+0x50>
10001862:	e0e5      	b.n	10001a30 <alarm_pool_irq_handler+0x21c>
10001864:	2308      	movs	r3, #8
10001866:	5ef9      	ldrsh	r1, [r7, r3]
10001868:	2900      	cmp	r1, #0
1000186a:	db20      	blt.n	100018ae <alarm_pool_irq_handler+0x9a>
1000186c:	004b      	lsls	r3, r1, #1
1000186e:	697a      	ldr	r2, [r7, #20]
10001870:	185b      	adds	r3, r3, r1
10001872:	00db      	lsls	r3, r3, #3
10001874:	18d3      	adds	r3, r2, r3
10001876:	689d      	ldr	r5, [r3, #8]
10001878:	68dc      	ldr	r4, [r3, #12]
1000187a:	1c6b      	adds	r3, r5, #1
1000187c:	d100      	bne.n	10001880 <alarm_pool_irq_handler+0x6c>
1000187e:	e104      	b.n	10001a8a <alarm_pool_irq_handler+0x276>
10001880:	48a0      	ldr	r0, [pc, #640]	@ (10001b04 <alarm_pool_irq_handler+0x2f0>)
10001882:	0001      	movs	r1, r0
10001884:	4441      	add	r1, r8
10001886:	6a82      	ldr	r2, [r0, #40]	@ 0x28
10001888:	690b      	ldr	r3, [r1, #16]
1000188a:	1aae      	subs	r6, r5, r2
1000188c:	1a9b      	subs	r3, r3, r2
1000188e:	429e      	cmp	r6, r3
10001890:	d315      	bcc.n	100018be <alarm_pool_irq_handler+0xaa>
10001892:	2301      	movs	r3, #1
10001894:	6a02      	ldr	r2, [r0, #32]
10001896:	9802      	ldr	r0, [sp, #8]
10001898:	4083      	lsls	r3, r0
1000189a:	421a      	tst	r2, r3
1000189c:	d00f      	beq.n	100018be <alarm_pool_irq_handler+0xaa>
1000189e:	4899      	ldr	r0, [pc, #612]	@ (10001b04 <alarm_pool_irq_handler+0x2f0>)
100018a0:	f000 fc36 	bl	10002110 <timer_time_us_64>
100018a4:	428c      	cmp	r4, r1
100018a6:	dc02      	bgt.n	100018ae <alarm_pool_irq_handler+0x9a>
100018a8:	d1cc      	bne.n	10001844 <alarm_pool_irq_handler+0x30>
100018aa:	4285      	cmp	r5, r0
100018ac:	d9ca      	bls.n	10001844 <alarm_pool_irq_handler+0x30>
100018ae:	bf40      	sev
100018b0:	b005      	add	sp, #20
100018b2:	bcf0      	pop	{r4, r5, r6, r7}
100018b4:	46bb      	mov	fp, r7
100018b6:	46b2      	mov	sl, r6
100018b8:	46a9      	mov	r9, r5
100018ba:	46a0      	mov	r8, r4
100018bc:	bdf0      	pop	{r4, r5, r6, r7, pc}
100018be:	610d      	str	r5, [r1, #16]
100018c0:	e7ed      	b.n	1000189e <alarm_pool_irq_handler+0x8a>
100018c2:	697a      	ldr	r2, [r7, #20]
100018c4:	0073      	lsls	r3, r6, #1
100018c6:	4691      	mov	r9, r2
100018c8:	199b      	adds	r3, r3, r6
100018ca:	00db      	lsls	r3, r3, #3
100018cc:	4499      	add	r9, r3
100018ce:	464b      	mov	r3, r9
100018d0:	689c      	ldr	r4, [r3, #8]
100018d2:	68dd      	ldr	r5, [r3, #12]
100018d4:	f000 fc1c 	bl	10002110 <timer_time_us_64>
100018d8:	428d      	cmp	r5, r1
100018da:	dcba      	bgt.n	10001852 <alarm_pool_irq_handler+0x3e>
100018dc:	d100      	bne.n	100018e0 <alarm_pool_irq_handler+0xcc>
100018de:	e0f6      	b.n	10001ace <alarm_pool_irq_handler+0x2ba>
100018e0:	2d00      	cmp	r5, #0
100018e2:	da00      	bge.n	100018e6 <alarm_pool_irq_handler+0xd2>
100018e4:	e0db      	b.n	10001a9e <alarm_pool_irq_handler+0x28a>
100018e6:	464a      	mov	r2, r9
100018e8:	464b      	mov	r3, r9
100018ea:	6952      	ldr	r2, [r2, #20]
100018ec:	691b      	ldr	r3, [r3, #16]
100018ee:	4692      	mov	sl, r2
100018f0:	9a03      	ldr	r2, [sp, #12]
100018f2:	4293      	cmp	r3, r2
100018f4:	d100      	bne.n	100018f8 <alarm_pool_irq_handler+0xe4>
100018f6:	e0cc      	b.n	10001a92 <alarm_pool_irq_handler+0x27e>
100018f8:	464a      	mov	r2, r9
100018fa:	2108      	movs	r1, #8
100018fc:	5e78      	ldrsh	r0, [r7, r1]
100018fe:	8852      	ldrh	r2, [r2, #2]
10001900:	0400      	lsls	r0, r0, #16
10001902:	4651      	mov	r1, sl
10001904:	4310      	orrs	r0, r2
10001906:	4798      	blx	r3
10001908:	9000      	str	r0, [sp, #0]
1000190a:	9101      	str	r1, [sp, #4]
1000190c:	9900      	ldr	r1, [sp, #0]
1000190e:	9a01      	ldr	r2, [sp, #4]
10001910:	000b      	movs	r3, r1
10001912:	4313      	orrs	r3, r2
10001914:	d100      	bne.n	10001918 <alarm_pool_irq_handler+0x104>
10001916:	e0c2      	b.n	10001a9e <alarm_pool_irq_handler+0x28a>
10001918:	0013      	movs	r3, r2
1000191a:	000a      	movs	r2, r1
1000191c:	2b00      	cmp	r3, #0
1000191e:	db00      	blt.n	10001922 <alarm_pool_irq_handler+0x10e>
10001920:	e0d9      	b.n	10001ad6 <alarm_pool_irq_handler+0x2c2>
10001922:	0020      	movs	r0, r4
10001924:	0029      	movs	r1, r5
10001926:	1a80      	subs	r0, r0, r2
10001928:	4199      	sbcs	r1, r3
1000192a:	464b      	mov	r3, r9
1000192c:	6098      	str	r0, [r3, #8]
1000192e:	60d9      	str	r1, [r3, #12]
10001930:	2200      	movs	r2, #0
10001932:	5e9b      	ldrsh	r3, [r3, r2]
10001934:	2b00      	cmp	r3, #0
10001936:	da00      	bge.n	1000193a <alarm_pool_irq_handler+0x126>
10001938:	e78b      	b.n	10001852 <alarm_pool_irq_handler+0x3e>
1000193a:	005d      	lsls	r5, r3, #1
1000193c:	697c      	ldr	r4, [r7, #20]
1000193e:	18ea      	adds	r2, r5, r3
10001940:	00d2      	lsls	r2, r2, #3
10001942:	18a2      	adds	r2, r4, r2
10001944:	9400      	str	r4, [sp, #0]
10001946:	6894      	ldr	r4, [r2, #8]
10001948:	68d2      	ldr	r2, [r2, #12]
1000194a:	46a2      	mov	sl, r4
1000194c:	428a      	cmp	r2, r1
1000194e:	dd00      	ble.n	10001952 <alarm_pool_irq_handler+0x13e>
10001950:	e77f      	b.n	10001852 <alarm_pool_irq_handler+0x3e>
10001952:	d102      	bne.n	1000195a <alarm_pool_irq_handler+0x146>
10001954:	4284      	cmp	r4, r0
10001956:	d900      	bls.n	1000195a <alarm_pool_irq_handler+0x146>
10001958:	e77b      	b.n	10001852 <alarm_pool_irq_handler+0x3e>
1000195a:	2408      	movs	r4, #8
1000195c:	46a4      	mov	ip, r4
1000195e:	813b      	strh	r3, [r7, #8]
10001960:	44bc      	add	ip, r7
10001962:	9c00      	ldr	r4, [sp, #0]
10001964:	9700      	str	r7, [sp, #0]
10001966:	002f      	movs	r7, r5
10001968:	4665      	mov	r5, ip
1000196a:	46b4      	mov	ip, r6
1000196c:	003e      	movs	r6, r7
1000196e:	e006      	b.n	1000197e <alarm_pool_irq_handler+0x16a>
10001970:	005e      	lsls	r6, r3, #1
10001972:	18f2      	adds	r2, r6, r3
10001974:	00d2      	lsls	r2, r2, #3
10001976:	18a2      	adds	r2, r4, r2
10001978:	6897      	ldr	r7, [r2, #8]
1000197a:	68d2      	ldr	r2, [r2, #12]
1000197c:	46ba      	mov	sl, r7
1000197e:	428a      	cmp	r2, r1
10001980:	dc07      	bgt.n	10001992 <alarm_pool_irq_handler+0x17e>
10001982:	d100      	bne.n	10001986 <alarm_pool_irq_handler+0x172>
10001984:	e0b4      	b.n	10001af0 <alarm_pool_irq_handler+0x2dc>
10001986:	18f3      	adds	r3, r6, r3
10001988:	00db      	lsls	r3, r3, #3
1000198a:	18e5      	adds	r5, r4, r3
1000198c:	5ee3      	ldrsh	r3, [r4, r3]
1000198e:	2b00      	cmp	r3, #0
10001990:	daee      	bge.n	10001970 <alarm_pool_irq_handler+0x15c>
10001992:	4666      	mov	r6, ip
10001994:	464a      	mov	r2, r9
10001996:	9f00      	ldr	r7, [sp, #0]
10001998:	8013      	strh	r3, [r2, #0]
1000199a:	802e      	strh	r6, [r5, #0]
1000199c:	88bb      	ldrh	r3, [r7, #4]
1000199e:	b21b      	sxth	r3, r3
100019a0:	2b00      	cmp	r3, #0
100019a2:	da00      	bge.n	100019a6 <alarm_pool_irq_handler+0x192>
100019a4:	e75a      	b.n	1000185c <alarm_pool_irq_handler+0x48>
100019a6:	693a      	ldr	r2, [r7, #16]
100019a8:	f3ef 8110 	mrs	r1, PRIMASK
100019ac:	b672      	cpsid	i
100019ae:	6813      	ldr	r3, [r2, #0]
100019b0:	2b00      	cmp	r3, #0
100019b2:	d0fc      	beq.n	100019ae <alarm_pool_irq_handler+0x19a>
100019b4:	f3bf 8f5f 	dmb	sy
100019b8:	2301      	movs	r3, #1
100019ba:	88be      	ldrh	r6, [r7, #4]
100019bc:	425b      	negs	r3, r3
100019be:	80bb      	strh	r3, [r7, #4]
100019c0:	b236      	sxth	r6, r6
100019c2:	693b      	ldr	r3, [r7, #16]
100019c4:	f3bf 8f5f 	dmb	sy
100019c8:	2200      	movs	r2, #0
100019ca:	601a      	str	r2, [r3, #0]
100019cc:	f381 8810 	msr	PRIMASK, r1
100019d0:	2e00      	cmp	r6, #0
100019d2:	da00      	bge.n	100019d6 <alarm_pool_irq_handler+0x1c2>
100019d4:	e742      	b.n	1000185c <alarm_pool_irq_handler+0x48>
100019d6:	003b      	movs	r3, r7
100019d8:	3308      	adds	r3, #8
100019da:	003a      	movs	r2, r7
100019dc:	4699      	mov	r9, r3
100019de:	697d      	ldr	r5, [r7, #20]
100019e0:	0073      	lsls	r3, r6, #1
100019e2:	199b      	adds	r3, r3, r6
100019e4:	2408      	movs	r4, #8
100019e6:	5f11      	ldrsh	r1, [r2, r4]
100019e8:	00db      	lsls	r3, r3, #3
100019ea:	4648      	mov	r0, r9
100019ec:	18eb      	adds	r3, r5, r3
100019ee:	2900      	cmp	r1, #0
100019f0:	db13      	blt.n	10001a1a <alarm_pool_irq_handler+0x206>
100019f2:	689c      	ldr	r4, [r3, #8]
100019f4:	9300      	str	r3, [sp, #0]
100019f6:	46a4      	mov	ip, r4
100019f8:	68dc      	ldr	r4, [r3, #12]
100019fa:	e006      	b.n	10001a0a <alarm_pool_irq_handler+0x1f6>
100019fc:	42a3      	cmp	r3, r4
100019fe:	d040      	beq.n	10001a82 <alarm_pool_irq_handler+0x26e>
10001a00:	2300      	movs	r3, #0
10001a02:	5ef9      	ldrsh	r1, [r7, r3]
10001a04:	0038      	movs	r0, r7
10001a06:	2900      	cmp	r1, #0
10001a08:	db06      	blt.n	10001a18 <alarm_pool_irq_handler+0x204>
10001a0a:	004f      	lsls	r7, r1, #1
10001a0c:	187f      	adds	r7, r7, r1
10001a0e:	00ff      	lsls	r7, r7, #3
10001a10:	19ef      	adds	r7, r5, r7
10001a12:	68fb      	ldr	r3, [r7, #12]
10001a14:	42a3      	cmp	r3, r4
10001a16:	ddf1      	ble.n	100019fc <alarm_pool_irq_handler+0x1e8>
10001a18:	9b00      	ldr	r3, [sp, #0]
10001a1a:	8006      	strh	r6, [r0, #0]
10001a1c:	2000      	movs	r0, #0
10001a1e:	5e1e      	ldrsh	r6, [r3, r0]
10001a20:	8019      	strh	r1, [r3, #0]
10001a22:	2e00      	cmp	r6, #0
10001a24:	dadc      	bge.n	100019e0 <alarm_pool_irq_handler+0x1cc>
10001a26:	0017      	movs	r7, r2
10001a28:	79bb      	ldrb	r3, [r7, #6]
10001a2a:	2b00      	cmp	r3, #0
10001a2c:	d100      	bne.n	10001a30 <alarm_pool_irq_handler+0x21c>
10001a2e:	e719      	b.n	10001864 <alarm_pool_irq_handler+0x50>
10001a30:	2300      	movs	r3, #0
10001a32:	71bb      	strb	r3, [r7, #6]
10001a34:	2308      	movs	r3, #8
10001a36:	5ef9      	ldrsh	r1, [r7, r3]
10001a38:	1c4b      	adds	r3, r1, #1
10001a3a:	d100      	bne.n	10001a3e <alarm_pool_irq_handler+0x22a>
10001a3c:	e737      	b.n	100018ae <alarm_pool_irq_handler+0x9a>
10001a3e:	003d      	movs	r5, r7
10001a40:	3508      	adds	r5, #8
10001a42:	46ac      	mov	ip, r5
10001a44:	697c      	ldr	r4, [r7, #20]
10001a46:	e003      	b.n	10001a50 <alarm_pool_irq_handler+0x23c>
10001a48:	4684      	mov	ip, r0
10001a4a:	1c4b      	adds	r3, r1, #1
10001a4c:	d100      	bne.n	10001a50 <alarm_pool_irq_handler+0x23c>
10001a4e:	e709      	b.n	10001864 <alarm_pool_irq_handler+0x50>
10001a50:	004b      	lsls	r3, r1, #1
10001a52:	185b      	adds	r3, r3, r1
10001a54:	00db      	lsls	r3, r3, #3
10001a56:	18e0      	adds	r0, r4, r3
10001a58:	000a      	movs	r2, r1
10001a5a:	5ee1      	ldrsh	r1, [r4, r3]
10001a5c:	8843      	ldrh	r3, [r0, #2]
10001a5e:	b21b      	sxth	r3, r3
10001a60:	2b00      	cmp	r3, #0
10001a62:	daf1      	bge.n	10001a48 <alarm_pool_irq_handler+0x234>
10001a64:	2501      	movs	r5, #1
10001a66:	426d      	negs	r5, r5
10001a68:	17ee      	asrs	r6, r5, #31
10001a6a:	6085      	str	r5, [r0, #8]
10001a6c:	60c6      	str	r6, [r0, #12]
10001a6e:	2508      	movs	r5, #8
10001a70:	5f7b      	ldrsh	r3, [r7, r5]
10001a72:	4293      	cmp	r3, r2
10001a74:	d0e9      	beq.n	10001a4a <alarm_pool_irq_handler+0x236>
10001a76:	4663      	mov	r3, ip
10001a78:	8019      	strh	r1, [r3, #0]
10001a7a:	893b      	ldrh	r3, [r7, #8]
10001a7c:	8003      	strh	r3, [r0, #0]
10001a7e:	813a      	strh	r2, [r7, #8]
10001a80:	e7e3      	b.n	10001a4a <alarm_pool_irq_handler+0x236>
10001a82:	68bb      	ldr	r3, [r7, #8]
10001a84:	4563      	cmp	r3, ip
10001a86:	d9bb      	bls.n	10001a00 <alarm_pool_irq_handler+0x1ec>
10001a88:	e7c6      	b.n	10001a18 <alarm_pool_irq_handler+0x204>
10001a8a:	1c63      	adds	r3, r4, #1
10001a8c:	d000      	beq.n	10001a90 <alarm_pool_irq_handler+0x27c>
10001a8e:	e6f7      	b.n	10001880 <alarm_pool_irq_handler+0x6c>
10001a90:	e705      	b.n	1000189e <alarm_pool_irq_handler+0x8a>
10001a92:	4653      	mov	r3, sl
10001a94:	4650      	mov	r0, sl
10001a96:	691b      	ldr	r3, [r3, #16]
10001a98:	4798      	blx	r3
10001a9a:	2800      	cmp	r0, #0
10001a9c:	d123      	bne.n	10001ae6 <alarm_pool_irq_handler+0x2d2>
10001a9e:	464b      	mov	r3, r9
10001aa0:	881b      	ldrh	r3, [r3, #0]
10001aa2:	693a      	ldr	r2, [r7, #16]
10001aa4:	813b      	strh	r3, [r7, #8]
10001aa6:	f3ef 8310 	mrs	r3, PRIMASK
10001aaa:	b672      	cpsid	i
10001aac:	6811      	ldr	r1, [r2, #0]
10001aae:	2900      	cmp	r1, #0
10001ab0:	d0fc      	beq.n	10001aac <alarm_pool_irq_handler+0x298>
10001ab2:	f3bf 8f5f 	dmb	sy
10001ab6:	4649      	mov	r1, r9
10001ab8:	887a      	ldrh	r2, [r7, #2]
10001aba:	800a      	strh	r2, [r1, #0]
10001abc:	693a      	ldr	r2, [r7, #16]
10001abe:	807e      	strh	r6, [r7, #2]
10001ac0:	f3bf 8f5f 	dmb	sy
10001ac4:	2100      	movs	r1, #0
10001ac6:	6011      	str	r1, [r2, #0]
10001ac8:	f383 8810 	msr	PRIMASK, r3
10001acc:	e6c1      	b.n	10001852 <alarm_pool_irq_handler+0x3e>
10001ace:	4284      	cmp	r4, r0
10001ad0:	d800      	bhi.n	10001ad4 <alarm_pool_irq_handler+0x2c0>
10001ad2:	e705      	b.n	100018e0 <alarm_pool_irq_handler+0xcc>
10001ad4:	e6bd      	b.n	10001852 <alarm_pool_irq_handler+0x3e>
10001ad6:	480b      	ldr	r0, [pc, #44]	@ (10001b04 <alarm_pool_irq_handler+0x2f0>)
10001ad8:	f000 fb1a 	bl	10002110 <timer_time_us_64>
10001adc:	9b00      	ldr	r3, [sp, #0]
10001ade:	9c01      	ldr	r4, [sp, #4]
10001ae0:	18c0      	adds	r0, r0, r3
10001ae2:	4161      	adcs	r1, r4
10001ae4:	e721      	b.n	1000192a <alarm_pool_irq_handler+0x116>
10001ae6:	4653      	mov	r3, sl
10001ae8:	cb0c      	ldmia	r3, {r2, r3}
10001aea:	9200      	str	r2, [sp, #0]
10001aec:	9301      	str	r3, [sp, #4]
10001aee:	e70d      	b.n	1000190c <alarm_pool_irq_handler+0xf8>
10001af0:	4582      	cmp	sl, r0
10001af2:	d800      	bhi.n	10001af6 <alarm_pool_irq_handler+0x2e2>
10001af4:	e747      	b.n	10001986 <alarm_pool_irq_handler+0x172>
10001af6:	e74c      	b.n	10001992 <alarm_pool_irq_handler+0x17e>
10001af8:	20001c20 	.word	0x20001c20
10001afc:	4005703c 	.word	0x4005703c
10001b00:	10001815 	.word	0x10001815
10001b04:	40054000 	.word	0x40054000

10001b08 <runtime_init_default_alarm_pool>:
10001b08:	b570      	push	{r4, r5, r6, lr}
10001b0a:	4c2d      	ldr	r4, [pc, #180]	@ (10001bc0 <runtime_init_default_alarm_pool+0xb8>)
10001b0c:	6925      	ldr	r5, [r4, #16]
10001b0e:	2d00      	cmp	r5, #0
10001b10:	d004      	beq.n	10001b1c <runtime_init_default_alarm_pool+0x14>
10001b12:	210a      	movs	r1, #10
10001b14:	482b      	ldr	r0, [pc, #172]	@ (10001bc4 <runtime_init_default_alarm_pool+0xbc>)
10001b16:	f7ff fe0f 	bl	10001738 <lock_init>
10001b1a:	bd70      	pop	{r4, r5, r6, pc}
10001b1c:	4e2a      	ldr	r6, [pc, #168]	@ (10001bc8 <runtime_init_default_alarm_pool+0xc0>)
10001b1e:	2103      	movs	r1, #3
10001b20:	4829      	ldr	r0, [pc, #164]	@ (10001bc8 <runtime_init_default_alarm_pool+0xc0>)
10001b22:	f000 faeb 	bl	100020fc <timer_hardware_alarm_claim>
10001b26:	60e6      	str	r6, [r4, #12]
10001b28:	f7ff fc02 	bl	10001330 <next_striped_spin_lock_num>
10001b2c:	4b27      	ldr	r3, [pc, #156]	@ (10001bcc <runtime_init_default_alarm_pool+0xc4>)
10001b2e:	2203      	movs	r2, #3
10001b30:	18c0      	adds	r0, r0, r3
10001b32:	23d0      	movs	r3, #208	@ 0xd0
10001b34:	7022      	strb	r2, [r4, #0]
10001b36:	061b      	lsls	r3, r3, #24
10001b38:	681b      	ldr	r3, [r3, #0]
10001b3a:	2101      	movs	r1, #1
10001b3c:	7063      	strb	r3, [r4, #1]
10001b3e:	4b24      	ldr	r3, [pc, #144]	@ (10001bd0 <runtime_init_default_alarm_pool+0xc8>)
10001b40:	0080      	lsls	r0, r0, #2
10001b42:	60a3      	str	r3, [r4, #8]
10001b44:	230f      	movs	r3, #15
10001b46:	6120      	str	r0, [r4, #16]
10001b48:	2002      	movs	r0, #2
10001b4a:	8063      	strh	r3, [r4, #2]
10001b4c:	6963      	ldr	r3, [r4, #20]
10001b4e:	4249      	negs	r1, r1
10001b50:	80a1      	strh	r1, [r4, #4]
10001b52:	8019      	strh	r1, [r3, #0]
10001b54:	3102      	adds	r1, #2
10001b56:	8619      	strh	r1, [r3, #48]	@ 0x30
10001b58:	3147      	adds	r1, #71	@ 0x47
10001b5a:	831d      	strh	r5, [r3, #24]
10001b5c:	5258      	strh	r0, [r3, r1]
10001b5e:	3118      	adds	r1, #24
10001b60:	525a      	strh	r2, [r3, r1]
10001b62:	3275      	adds	r2, #117	@ 0x75
10001b64:	395c      	subs	r1, #92	@ 0x5c
10001b66:	5299      	strh	r1, [r3, r2]
10001b68:	3218      	adds	r2, #24
10001b6a:	3101      	adds	r1, #1
10001b6c:	5299      	strh	r1, [r3, r2]
10001b6e:	3218      	adds	r2, #24
10001b70:	3101      	adds	r1, #1
10001b72:	5299      	strh	r1, [r3, r2]
10001b74:	3218      	adds	r2, #24
10001b76:	3101      	adds	r1, #1
10001b78:	5299      	strh	r1, [r3, r2]
10001b7a:	3508      	adds	r5, #8
10001b7c:	3218      	adds	r2, #24
10001b7e:	529d      	strh	r5, [r3, r2]
10001b80:	3102      	adds	r1, #2
10001b82:	3218      	adds	r2, #24
10001b84:	5299      	strh	r1, [r3, r2]
10001b86:	3218      	adds	r2, #24
10001b88:	3101      	adds	r1, #1
10001b8a:	5299      	strh	r1, [r3, r2]
10001b8c:	3218      	adds	r2, #24
10001b8e:	3101      	adds	r1, #1
10001b90:	5299      	strh	r1, [r3, r2]
10001b92:	3218      	adds	r2, #24
10001b94:	3101      	adds	r1, #1
10001b96:	5299      	strh	r1, [r3, r2]
10001b98:	3218      	adds	r2, #24
10001b9a:	3101      	adds	r1, #1
10001b9c:	5299      	strh	r1, [r3, r2]
10001b9e:	3218      	adds	r2, #24
10001ba0:	3101      	adds	r1, #1
10001ba2:	5299      	strh	r1, [r3, r2]
10001ba4:	4b0b      	ldr	r3, [pc, #44]	@ (10001bd4 <runtime_init_default_alarm_pool+0xcc>)
10001ba6:	490c      	ldr	r1, [pc, #48]	@ (10001bd8 <runtime_init_default_alarm_pool+0xd0>)
10001ba8:	60dc      	str	r4, [r3, #12]
10001baa:	3001      	adds	r0, #1
10001bac:	6235      	str	r5, [r6, #32]
10001bae:	f7ff fc43 	bl	10001438 <irq_set_exclusive_handler>
10001bb2:	2101      	movs	r1, #1
10001bb4:	2003      	movs	r0, #3
10001bb6:	f7ff fc09 	bl	100013cc <irq_set_enabled>
10001bba:	4b08      	ldr	r3, [pc, #32]	@ (10001bdc <runtime_init_default_alarm_pool+0xd4>)
10001bbc:	601d      	str	r5, [r3, #0]
10001bbe:	e7a8      	b.n	10001b12 <runtime_init_default_alarm_pool+0xa>
10001bc0:	20000fb8 	.word	0x20000fb8
10001bc4:	20001c3c 	.word	0x20001c3c
10001bc8:	40054000 	.word	0x40054000
10001bcc:	34000040 	.word	0x34000040
10001bd0:	0010ffff 	.word	0x0010ffff
10001bd4:	20001c20 	.word	0x20001c20
10001bd8:	10001815 	.word	0x10001815
10001bdc:	40056038 	.word	0x40056038

10001be0 <alarm_pool_get_default>:
10001be0:	4800      	ldr	r0, [pc, #0]	@ (10001be4 <alarm_pool_get_default+0x4>)
10001be2:	4770      	bx	lr
10001be4:	20000fb8 	.word	0x20000fb8

10001be8 <alarm_pool_add_alarm_at>:
10001be8:	b5f8      	push	{r3, r4, r5, r6, r7, lr}
10001bea:	001f      	movs	r7, r3
10001bec:	ab08      	add	r3, sp, #32
10001bee:	781b      	ldrb	r3, [r3, #0]
10001bf0:	0004      	movs	r4, r0
10001bf2:	0016      	movs	r6, r2
10001bf4:	2b00      	cmp	r3, #0
10001bf6:	d107      	bne.n	10001c08 <alarm_pool_add_alarm_at+0x20>
10001bf8:	f000 fa92 	bl	10002120 <time_us_64>
10001bfc:	0032      	movs	r2, r6
10001bfe:	003b      	movs	r3, r7
10001c00:	1a12      	subs	r2, r2, r0
10001c02:	418b      	sbcs	r3, r1
10001c04:	2b00      	cmp	r3, #0
10001c06:	db51      	blt.n	10001cac <alarm_pool_add_alarm_at+0xc4>
10001c08:	6922      	ldr	r2, [r4, #16]
10001c0a:	f3ef 8c10 	mrs	ip, PRIMASK
10001c0e:	b672      	cpsid	i
10001c10:	6813      	ldr	r3, [r2, #0]
10001c12:	2b00      	cmp	r3, #0
10001c14:	d0fc      	beq.n	10001c10 <alarm_pool_add_alarm_at+0x28>
10001c16:	f3bf 8f5f 	dmb	sy
10001c1a:	2302      	movs	r3, #2
10001c1c:	5ee1      	ldrsh	r1, [r4, r3]
10001c1e:	6925      	ldr	r5, [r4, #16]
10001c20:	2900      	cmp	r1, #0
10001c22:	db3a      	blt.n	10001c9a <alarm_pool_add_alarm_at+0xb2>
10001c24:	004b      	lsls	r3, r1, #1
10001c26:	6960      	ldr	r0, [r4, #20]
10001c28:	185b      	adds	r3, r3, r1
10001c2a:	00db      	lsls	r3, r3, #3
10001c2c:	18c2      	adds	r2, r0, r3
10001c2e:	5ac3      	ldrh	r3, [r0, r3]
10001c30:	8063      	strh	r3, [r4, #2]
10001c32:	f3bf 8f5f 	dmb	sy
10001c36:	2300      	movs	r3, #0
10001c38:	602b      	str	r3, [r5, #0]
10001c3a:	f38c 8810 	msr	PRIMASK, ip
10001c3e:	9b06      	ldr	r3, [sp, #24]
10001c40:	6096      	str	r6, [r2, #8]
10001c42:	60d7      	str	r7, [r2, #12]
10001c44:	6113      	str	r3, [r2, #16]
10001c46:	9b07      	ldr	r3, [sp, #28]
10001c48:	6153      	str	r3, [r2, #20]
10001c4a:	8853      	ldrh	r3, [r2, #2]
10001c4c:	3301      	adds	r3, #1
10001c4e:	045b      	lsls	r3, r3, #17
10001c50:	0c5b      	lsrs	r3, r3, #17
10001c52:	1c18      	adds	r0, r3, #0
10001c54:	2b00      	cmp	r3, #0
10001c56:	d01e      	beq.n	10001c96 <alarm_pool_add_alarm_at+0xae>
10001c58:	b283      	uxth	r3, r0
10001c5a:	8050      	strh	r0, [r2, #2]
10001c5c:	0408      	lsls	r0, r1, #16
10001c5e:	4318      	orrs	r0, r3
10001c60:	6925      	ldr	r5, [r4, #16]
10001c62:	f3ef 8610 	mrs	r6, PRIMASK
10001c66:	b672      	cpsid	i
10001c68:	682b      	ldr	r3, [r5, #0]
10001c6a:	2b00      	cmp	r3, #0
10001c6c:	d0fc      	beq.n	10001c68 <alarm_pool_add_alarm_at+0x80>
10001c6e:	f3bf 8f5f 	dmb	sy
10001c72:	88a3      	ldrh	r3, [r4, #4]
10001c74:	8013      	strh	r3, [r2, #0]
10001c76:	80a1      	strh	r1, [r4, #4]
10001c78:	6923      	ldr	r3, [r4, #16]
10001c7a:	f3bf 8f5f 	dmb	sy
10001c7e:	2200      	movs	r2, #0
10001c80:	601a      	str	r2, [r3, #0]
10001c82:	f386 8810 	msr	PRIMASK, r6
10001c86:	7823      	ldrb	r3, [r4, #0]
10001c88:	3201      	adds	r2, #1
10001c8a:	409a      	lsls	r2, r3
10001c8c:	4908      	ldr	r1, [pc, #32]	@ (10001cb0 <alarm_pool_add_alarm_at+0xc8>)
10001c8e:	68e3      	ldr	r3, [r4, #12]
10001c90:	185b      	adds	r3, r3, r1
10001c92:	601a      	str	r2, [r3, #0]
10001c94:	bdf8      	pop	{r3, r4, r5, r6, r7, pc}
10001c96:	2001      	movs	r0, #1
10001c98:	e7de      	b.n	10001c58 <alarm_pool_add_alarm_at+0x70>
10001c9a:	f3bf 8f5f 	dmb	sy
10001c9e:	2300      	movs	r3, #0
10001ca0:	602b      	str	r3, [r5, #0]
10001ca2:	f38c 8810 	msr	PRIMASK, ip
10001ca6:	2001      	movs	r0, #1
10001ca8:	4240      	negs	r0, r0
10001caa:	e7f3      	b.n	10001c94 <alarm_pool_add_alarm_at+0xac>
10001cac:	2000      	movs	r0, #0
10001cae:	e7f1      	b.n	10001c94 <alarm_pool_add_alarm_at+0xac>
10001cb0:	0000203c 	.word	0x0000203c

10001cb4 <alarm_pool_add_alarm_at_force_in_context>:
10001cb4:	b570      	push	{r4, r5, r6, lr}
10001cb6:	b082      	sub	sp, #8
10001cb8:	9200      	str	r2, [sp, #0]
10001cba:	9301      	str	r3, [sp, #4]
10001cbc:	0001      	movs	r1, r0
10001cbe:	6902      	ldr	r2, [r0, #16]
10001cc0:	f3ef 8410 	mrs	r4, PRIMASK
10001cc4:	b672      	cpsid	i
10001cc6:	6813      	ldr	r3, [r2, #0]
10001cc8:	2b00      	cmp	r3, #0
10001cca:	d0fc      	beq.n	10001cc6 <alarm_pool_add_alarm_at_force_in_context+0x12>
10001ccc:	f3bf 8f5f 	dmb	sy
10001cd0:	2302      	movs	r3, #2
10001cd2:	5ec8      	ldrsh	r0, [r1, r3]
10001cd4:	690d      	ldr	r5, [r1, #16]
10001cd6:	2800      	cmp	r0, #0
10001cd8:	db3f      	blt.n	10001d5a <alarm_pool_add_alarm_at_force_in_context+0xa6>
10001cda:	694a      	ldr	r2, [r1, #20]
10001cdc:	0043      	lsls	r3, r0, #1
10001cde:	0016      	movs	r6, r2
10001ce0:	181b      	adds	r3, r3, r0
10001ce2:	00db      	lsls	r3, r3, #3
10001ce4:	18d2      	adds	r2, r2, r3
10001ce6:	5af3      	ldrh	r3, [r6, r3]
10001ce8:	804b      	strh	r3, [r1, #2]
10001cea:	f3bf 8f5f 	dmb	sy
10001cee:	2300      	movs	r3, #0
10001cf0:	602b      	str	r3, [r5, #0]
10001cf2:	f384 8810 	msr	PRIMASK, r4
10001cf6:	9b06      	ldr	r3, [sp, #24]
10001cf8:	6113      	str	r3, [r2, #16]
10001cfa:	9b07      	ldr	r3, [sp, #28]
10001cfc:	6153      	str	r3, [r2, #20]
10001cfe:	9b00      	ldr	r3, [sp, #0]
10001d00:	9c01      	ldr	r4, [sp, #4]
10001d02:	6093      	str	r3, [r2, #8]
10001d04:	60d4      	str	r4, [r2, #12]
10001d06:	8853      	ldrh	r3, [r2, #2]
10001d08:	3301      	adds	r3, #1
10001d0a:	045b      	lsls	r3, r3, #17
10001d0c:	0c5b      	lsrs	r3, r3, #17
10001d0e:	1c1d      	adds	r5, r3, #0
10001d10:	2b00      	cmp	r3, #0
10001d12:	d020      	beq.n	10001d56 <alarm_pool_add_alarm_at_force_in_context+0xa2>
10001d14:	b2ac      	uxth	r4, r5
10001d16:	0403      	lsls	r3, r0, #16
10001d18:	8055      	strh	r5, [r2, #2]
10001d1a:	4323      	orrs	r3, r4
10001d1c:	690d      	ldr	r5, [r1, #16]
10001d1e:	f3ef 8c10 	mrs	ip, PRIMASK
10001d22:	b672      	cpsid	i
10001d24:	682c      	ldr	r4, [r5, #0]
10001d26:	2c00      	cmp	r4, #0
10001d28:	d0fc      	beq.n	10001d24 <alarm_pool_add_alarm_at_force_in_context+0x70>
10001d2a:	f3bf 8f5f 	dmb	sy
10001d2e:	888c      	ldrh	r4, [r1, #4]
10001d30:	8014      	strh	r4, [r2, #0]
10001d32:	8088      	strh	r0, [r1, #4]
10001d34:	690a      	ldr	r2, [r1, #16]
10001d36:	f3bf 8f5f 	dmb	sy
10001d3a:	2000      	movs	r0, #0
10001d3c:	6010      	str	r0, [r2, #0]
10001d3e:	f38c 8810 	msr	PRIMASK, ip
10001d42:	780a      	ldrb	r2, [r1, #0]
10001d44:	3001      	adds	r0, #1
10001d46:	4090      	lsls	r0, r2
10001d48:	68ca      	ldr	r2, [r1, #12]
10001d4a:	4908      	ldr	r1, [pc, #32]	@ (10001d6c <alarm_pool_add_alarm_at_force_in_context+0xb8>)
10001d4c:	1852      	adds	r2, r2, r1
10001d4e:	6010      	str	r0, [r2, #0]
10001d50:	0018      	movs	r0, r3
10001d52:	b002      	add	sp, #8
10001d54:	bd70      	pop	{r4, r5, r6, pc}
10001d56:	2501      	movs	r5, #1
10001d58:	e7dc      	b.n	10001d14 <alarm_pool_add_alarm_at_force_in_context+0x60>
10001d5a:	f3bf 8f5f 	dmb	sy
10001d5e:	2300      	movs	r3, #0
10001d60:	602b      	str	r3, [r5, #0]
10001d62:	f384 8810 	msr	PRIMASK, r4
10001d66:	3b01      	subs	r3, #1
10001d68:	e7f2      	b.n	10001d50 <alarm_pool_add_alarm_at_force_in_context+0x9c>
10001d6a:	46c0      	nop			@ (mov r8, r8)
10001d6c:	0000203c 	.word	0x0000203c

10001d70 <alarm_pool_cancel_alarm>:
10001d70:	b510      	push	{r4, lr}
10001d72:	8943      	ldrh	r3, [r0, #10]
10001d74:	140a      	asrs	r2, r1, #16
10001d76:	4293      	cmp	r3, r2
10001d78:	dd1a      	ble.n	10001db0 <alarm_pool_cancel_alarm+0x40>
10001d7a:	0053      	lsls	r3, r2, #1
10001d7c:	189b      	adds	r3, r3, r2
10001d7e:	6942      	ldr	r2, [r0, #20]
10001d80:	00db      	lsls	r3, r3, #3
10001d82:	18d3      	adds	r3, r2, r3
10001d84:	6904      	ldr	r4, [r0, #16]
10001d86:	f3ef 8c10 	mrs	ip, PRIMASK
10001d8a:	b672      	cpsid	i
10001d8c:	6822      	ldr	r2, [r4, #0]
10001d8e:	2a00      	cmp	r2, #0
10001d90:	d0fc      	beq.n	10001d8c <alarm_pool_cancel_alarm+0x1c>
10001d92:	f3bf 8f5f 	dmb	sy
10001d96:	885a      	ldrh	r2, [r3, #2]
10001d98:	0409      	lsls	r1, r1, #16
10001d9a:	b294      	uxth	r4, r2
10001d9c:	0c09      	lsrs	r1, r1, #16
10001d9e:	428a      	cmp	r2, r1
10001da0:	d008      	beq.n	10001db4 <alarm_pool_cancel_alarm+0x44>
10001da2:	6903      	ldr	r3, [r0, #16]
10001da4:	f3bf 8f5f 	dmb	sy
10001da8:	2200      	movs	r2, #0
10001daa:	601a      	str	r2, [r3, #0]
10001dac:	f38c 8810 	msr	PRIMASK, ip
10001db0:	2000      	movs	r0, #0
10001db2:	bd10      	pop	{r4, pc}
10001db4:	4a09      	ldr	r2, [pc, #36]	@ (10001ddc <alarm_pool_cancel_alarm+0x6c>)
10001db6:	4322      	orrs	r2, r4
10001db8:	805a      	strh	r2, [r3, #2]
10001dba:	2301      	movs	r3, #1
10001dbc:	6902      	ldr	r2, [r0, #16]
10001dbe:	7183      	strb	r3, [r0, #6]
10001dc0:	f3bf 8f5f 	dmb	sy
10001dc4:	2100      	movs	r1, #0
10001dc6:	6011      	str	r1, [r2, #0]
10001dc8:	f38c 8810 	msr	PRIMASK, ip
10001dcc:	7802      	ldrb	r2, [r0, #0]
10001dce:	4904      	ldr	r1, [pc, #16]	@ (10001de0 <alarm_pool_cancel_alarm+0x70>)
10001dd0:	4093      	lsls	r3, r2
10001dd2:	68c2      	ldr	r2, [r0, #12]
10001dd4:	2001      	movs	r0, #1
10001dd6:	1852      	adds	r2, r2, r1
10001dd8:	6013      	str	r3, [r2, #0]
10001dda:	e7ea      	b.n	10001db2 <alarm_pool_cancel_alarm+0x42>
10001ddc:	ffff8000 	.word	0xffff8000
10001de0:	0000203c 	.word	0x0000203c

10001de4 <alarm_pool_core_num>:
10001de4:	7840      	ldrb	r0, [r0, #1]
10001de6:	4770      	bx	lr

10001de8 <sleep_us>:
10001de8:	b5f0      	push	{r4, r5, r6, r7, lr}
10001dea:	46c6      	mov	lr, r8
10001dec:	b500      	push	{lr}
10001dee:	b082      	sub	sp, #8
10001df0:	0004      	movs	r4, r0
10001df2:	000d      	movs	r5, r1
10001df4:	f000 f994 	bl	10002120 <time_us_64>
10001df8:	1824      	adds	r4, r4, r0
10001dfa:	414d      	adcs	r5, r1
10001dfc:	2d00      	cmp	r5, #0
10001dfe:	da02      	bge.n	10001e06 <sleep_us+0x1e>
10001e00:	2401      	movs	r4, #1
10001e02:	4d2f      	ldr	r5, [pc, #188]	@ (10001ec0 <sleep_us+0xd8>)
10001e04:	4264      	negs	r4, r4
10001e06:	2606      	movs	r6, #6
10001e08:	4276      	negs	r6, r6
10001e0a:	17f7      	asrs	r7, r6, #31
10001e0c:	1936      	adds	r6, r6, r4
10001e0e:	416f      	adcs	r7, r5
10001e10:	42af      	cmp	r7, r5
10001e12:	d814      	bhi.n	10001e3e <sleep_us+0x56>
10001e14:	d011      	beq.n	10001e3a <sleep_us+0x52>
10001e16:	f000 f983 	bl	10002120 <time_us_64>
10001e1a:	0032      	movs	r2, r6
10001e1c:	003b      	movs	r3, r7
10001e1e:	1a12      	subs	r2, r2, r0
10001e20:	418b      	sbcs	r3, r1
10001e22:	2b00      	cmp	r3, #0
10001e24:	dc15      	bgt.n	10001e52 <sleep_us+0x6a>
10001e26:	2b00      	cmp	r3, #0
10001e28:	d046      	beq.n	10001eb8 <sleep_us+0xd0>
10001e2a:	0020      	movs	r0, r4
10001e2c:	0029      	movs	r1, r5
10001e2e:	f000 f981 	bl	10002134 <busy_wait_until>
10001e32:	b002      	add	sp, #8
10001e34:	bc80      	pop	{r7}
10001e36:	46b8      	mov	r8, r7
10001e38:	bdf0      	pop	{r4, r5, r6, r7, pc}
10001e3a:	42a6      	cmp	r6, r4
10001e3c:	d9eb      	bls.n	10001e16 <sleep_us+0x2e>
10001e3e:	2600      	movs	r6, #0
10001e40:	2700      	movs	r7, #0
10001e42:	f000 f96d 	bl	10002120 <time_us_64>
10001e46:	0032      	movs	r2, r6
10001e48:	003b      	movs	r3, r7
10001e4a:	1a12      	subs	r2, r2, r0
10001e4c:	418b      	sbcs	r3, r1
10001e4e:	2b00      	cmp	r3, #0
10001e50:	dde9      	ble.n	10001e26 <sleep_us+0x3e>
10001e52:	f000 f965 	bl	10002120 <time_us_64>
10001e56:	0032      	movs	r2, r6
10001e58:	003b      	movs	r3, r7
10001e5a:	1a12      	subs	r2, r2, r0
10001e5c:	418b      	sbcs	r3, r1
10001e5e:	2b00      	cmp	r3, #0
10001e60:	db0a      	blt.n	10001e78 <sleep_us+0x90>
10001e62:	2300      	movs	r3, #0
10001e64:	9301      	str	r3, [sp, #4]
10001e66:	4b17      	ldr	r3, [pc, #92]	@ (10001ec4 <sleep_us+0xdc>)
10001e68:	0032      	movs	r2, r6
10001e6a:	9300      	str	r3, [sp, #0]
10001e6c:	4816      	ldr	r0, [pc, #88]	@ (10001ec8 <sleep_us+0xe0>)
10001e6e:	003b      	movs	r3, r7
10001e70:	f7ff ff20 	bl	10001cb4 <alarm_pool_add_alarm_at_force_in_context>
10001e74:	3001      	adds	r0, #1
10001e76:	d0d8      	beq.n	10001e2a <sleep_us+0x42>
10001e78:	2300      	movs	r3, #0
10001e7a:	0039      	movs	r1, r7
10001e7c:	46b0      	mov	r8, r6
10001e7e:	469c      	mov	ip, r3
10001e80:	4a12      	ldr	r2, [pc, #72]	@ (10001ecc <sleep_us+0xe4>)
10001e82:	4813      	ldr	r0, [pc, #76]	@ (10001ed0 <sleep_us+0xe8>)
10001e84:	6a53      	ldr	r3, [r2, #36]	@ 0x24
10001e86:	4299      	cmp	r1, r3
10001e88:	d804      	bhi.n	10001e94 <sleep_us+0xac>
10001e8a:	6a96      	ldr	r6, [r2, #40]	@ 0x28
10001e8c:	4546      	cmp	r6, r8
10001e8e:	d2cc      	bcs.n	10001e2a <sleep_us+0x42>
10001e90:	4299      	cmp	r1, r3
10001e92:	d1ca      	bne.n	10001e2a <sleep_us+0x42>
10001e94:	6806      	ldr	r6, [r0, #0]
10001e96:	f3ef 8710 	mrs	r7, PRIMASK
10001e9a:	b672      	cpsid	i
10001e9c:	6833      	ldr	r3, [r6, #0]
10001e9e:	2b00      	cmp	r3, #0
10001ea0:	d0fc      	beq.n	10001e9c <sleep_us+0xb4>
10001ea2:	f3bf 8f5f 	dmb	sy
10001ea6:	6803      	ldr	r3, [r0, #0]
10001ea8:	f3bf 8f5f 	dmb	sy
10001eac:	4666      	mov	r6, ip
10001eae:	601e      	str	r6, [r3, #0]
10001eb0:	f387 8810 	msr	PRIMASK, r7
10001eb4:	bf20      	wfe
10001eb6:	e7e5      	b.n	10001e84 <sleep_us+0x9c>
10001eb8:	2a00      	cmp	r2, #0
10001eba:	d0b6      	beq.n	10001e2a <sleep_us+0x42>
10001ebc:	e7c9      	b.n	10001e52 <sleep_us+0x6a>
10001ebe:	46c0      	nop			@ (mov r8, r8)
10001ec0:	7fffffff 	.word	0x7fffffff
10001ec4:	100017e5 	.word	0x100017e5
10001ec8:	20000fb8 	.word	0x20000fb8
10001ecc:	40054000 	.word	0x40054000
10001ed0:	20001c3c 	.word	0x20001c3c

10001ed4 <sleep_ms>:
10001ed4:	b5f0      	push	{r4, r5, r6, r7, lr}
10001ed6:	46c6      	mov	lr, r8
10001ed8:	b500      	push	{lr}
10001eda:	b082      	sub	sp, #8
10001edc:	0004      	movs	r4, r0
10001ede:	f000 f91f 	bl	10002120 <time_us_64>
10001ee2:	22fa      	movs	r2, #250	@ 0xfa
10001ee4:	0006      	movs	r6, r0
10001ee6:	000f      	movs	r7, r1
10001ee8:	0020      	movs	r0, r4
10001eea:	2300      	movs	r3, #0
10001eec:	2100      	movs	r1, #0
10001eee:	0092      	lsls	r2, r2, #2
10001ef0:	f001 fae8 	bl	100034c4 <__wrap___aeabi_lmul>
10001ef4:	1980      	adds	r0, r0, r6
10001ef6:	4179      	adcs	r1, r7
10001ef8:	0004      	movs	r4, r0
10001efa:	1e0d      	subs	r5, r1, #0
10001efc:	da02      	bge.n	10001f04 <sleep_ms+0x30>
10001efe:	2401      	movs	r4, #1
10001f00:	4d2e      	ldr	r5, [pc, #184]	@ (10001fbc <sleep_ms+0xe8>)
10001f02:	4264      	negs	r4, r4
10001f04:	2606      	movs	r6, #6
10001f06:	4276      	negs	r6, r6
10001f08:	17f7      	asrs	r7, r6, #31
10001f0a:	1936      	adds	r6, r6, r4
10001f0c:	416f      	adcs	r7, r5
10001f0e:	42af      	cmp	r7, r5
10001f10:	d814      	bhi.n	10001f3c <sleep_ms+0x68>
10001f12:	d011      	beq.n	10001f38 <sleep_ms+0x64>
10001f14:	f000 f904 	bl	10002120 <time_us_64>
10001f18:	0032      	movs	r2, r6
10001f1a:	003b      	movs	r3, r7
10001f1c:	1a12      	subs	r2, r2, r0
10001f1e:	418b      	sbcs	r3, r1
10001f20:	2b00      	cmp	r3, #0
10001f22:	dc15      	bgt.n	10001f50 <sleep_ms+0x7c>
10001f24:	2b00      	cmp	r3, #0
10001f26:	d046      	beq.n	10001fb6 <sleep_ms+0xe2>
10001f28:	0020      	movs	r0, r4
10001f2a:	0029      	movs	r1, r5
10001f2c:	f000 f902 	bl	10002134 <busy_wait_until>
10001f30:	b002      	add	sp, #8
10001f32:	bc80      	pop	{r7}
10001f34:	46b8      	mov	r8, r7
10001f36:	bdf0      	pop	{r4, r5, r6, r7, pc}
10001f38:	42a6      	cmp	r6, r4
10001f3a:	d9eb      	bls.n	10001f14 <sleep_ms+0x40>
10001f3c:	2600      	movs	r6, #0
10001f3e:	2700      	movs	r7, #0
10001f40:	f000 f8ee 	bl	10002120 <time_us_64>
10001f44:	0032      	movs	r2, r6
10001f46:	003b      	movs	r3, r7
10001f48:	1a12      	subs	r2, r2, r0
10001f4a:	418b      	sbcs	r3, r1
10001f4c:	2b00      	cmp	r3, #0
10001f4e:	dde9      	ble.n	10001f24 <sleep_ms+0x50>
10001f50:	f000 f8e6 	bl	10002120 <time_us_64>
10001f54:	0032      	movs	r2, r6
10001f56:	003b      	movs	r3, r7
10001f58:	1a12      	subs	r2, r2, r0
10001f5a:	418b      	sbcs	r3, r1
10001f5c:	2b00      	cmp	r3, #0
10001f5e:	db0a      	blt.n	10001f76 <sleep_ms+0xa2>
10001f60:	2300      	movs	r3, #0
10001f62:	9301      	str	r3, [sp, #4]
10001f64:	4b16      	ldr	r3, [pc, #88]	@ (10001fc0 <sleep_ms+0xec>)
10001f66:	0032      	movs	r2, r6
10001f68:	9300      	str	r3, [sp, #0]
10001f6a:	4816      	ldr	r0, [pc, #88]	@ (10001fc4 <sleep_ms+0xf0>)
10001f6c:	003b      	movs	r3, r7
10001f6e:	f7ff fea1 	bl	10001cb4 <alarm_pool_add_alarm_at_force_in_context>
10001f72:	3001      	adds	r0, #1
10001f74:	d0d8      	beq.n	10001f28 <sleep_ms+0x54>
10001f76:	2300      	movs	r3, #0
10001f78:	0039      	movs	r1, r7
10001f7a:	46b0      	mov	r8, r6
10001f7c:	469c      	mov	ip, r3
10001f7e:	4a12      	ldr	r2, [pc, #72]	@ (10001fc8 <sleep_ms+0xf4>)
10001f80:	4812      	ldr	r0, [pc, #72]	@ (10001fcc <sleep_ms+0xf8>)
10001f82:	6a53      	ldr	r3, [r2, #36]	@ 0x24
10001f84:	4299      	cmp	r1, r3
10001f86:	d804      	bhi.n	10001f92 <sleep_ms+0xbe>
10001f88:	6a96      	ldr	r6, [r2, #40]	@ 0x28
10001f8a:	4546      	cmp	r6, r8
10001f8c:	d2cc      	bcs.n	10001f28 <sleep_ms+0x54>
10001f8e:	4299      	cmp	r1, r3
10001f90:	d1ca      	bne.n	10001f28 <sleep_ms+0x54>
10001f92:	6806      	ldr	r6, [r0, #0]
10001f94:	f3ef 8710 	mrs	r7, PRIMASK
10001f98:	b672      	cpsid	i
10001f9a:	6833      	ldr	r3, [r6, #0]
10001f9c:	2b00      	cmp	r3, #0
10001f9e:	d0fc      	beq.n	10001f9a <sleep_ms+0xc6>
10001fa0:	f3bf 8f5f 	dmb	sy
10001fa4:	6803      	ldr	r3, [r0, #0]
10001fa6:	f3bf 8f5f 	dmb	sy
10001faa:	4666      	mov	r6, ip
10001fac:	601e      	str	r6, [r3, #0]
10001fae:	f387 8810 	msr	PRIMASK, r7
10001fb2:	bf20      	wfe
10001fb4:	e7e5      	b.n	10001f82 <sleep_ms+0xae>
10001fb6:	2a00      	cmp	r2, #0
10001fb8:	d0b6      	beq.n	10001f28 <sleep_ms+0x54>
10001fba:	e7c9      	b.n	10001f50 <sleep_ms+0x7c>
10001fbc:	7fffffff 	.word	0x7fffffff
10001fc0:	100017e5 	.word	0x100017e5
10001fc4:	20000fb8 	.word	0x20000fb8
10001fc8:	40054000 	.word	0x40054000
10001fcc:	20001c3c 	.word	0x20001c3c

10001fd0 <best_effort_wfe_or_timeout>:
10001fd0:	b5f0      	push	{r4, r5, r6, r7, lr}
10001fd2:	46ce      	mov	lr, r9
10001fd4:	4647      	mov	r7, r8
10001fd6:	b580      	push	{r7, lr}
10001fd8:	0004      	movs	r4, r0
10001fda:	000d      	movs	r5, r1
10001fdc:	b085      	sub	sp, #20
10001fde:	f3ef 8305 	mrs	r3, IPSR
10001fe2:	4689      	mov	r9, r1
10001fe4:	2b00      	cmp	r3, #0
10001fe6:	d132      	bne.n	1000204e <best_effort_wfe_or_timeout+0x7e>
10001fe8:	4e40      	ldr	r6, [pc, #256]	@ (100020ec <best_effort_wfe_or_timeout+0x11c>)
10001fea:	6833      	ldr	r3, [r6, #0]
10001fec:	4283      	cmp	r3, r0
10001fee:	d02a      	beq.n	10002046 <best_effort_wfe_or_timeout+0x76>
10001ff0:	4f3f      	ldr	r7, [pc, #252]	@ (100020f0 <best_effort_wfe_or_timeout+0x120>)
10001ff2:	68fb      	ldr	r3, [r7, #12]
10001ff4:	783a      	ldrb	r2, [r7, #0]
10001ff6:	4698      	mov	r8, r3
10001ff8:	0018      	movs	r0, r3
10001ffa:	9203      	str	r2, [sp, #12]
10001ffc:	f000 f888 	bl	10002110 <timer_time_us_64>
10002000:	9a03      	ldr	r2, [sp, #12]
10002002:	1d13      	adds	r3, r2, #4
10002004:	4642      	mov	r2, r8
10002006:	009b      	lsls	r3, r3, #2
10002008:	589b      	ldr	r3, [r3, r2]
1000200a:	0022      	movs	r2, r4
1000200c:	1a1b      	subs	r3, r3, r0
1000200e:	469c      	mov	ip, r3
10002010:	002b      	movs	r3, r5
10002012:	1a12      	subs	r2, r2, r0
10002014:	418b      	sbcs	r3, r1
10002016:	0019      	movs	r1, r3
10002018:	2300      	movs	r3, #0
1000201a:	0010      	movs	r0, r2
1000201c:	428b      	cmp	r3, r1
1000201e:	dc25      	bgt.n	1000206c <best_effort_wfe_or_timeout+0x9c>
10002020:	d022      	beq.n	10002068 <best_effort_wfe_or_timeout+0x98>
10002022:	bf20      	wfe
10002024:	4b33      	ldr	r3, [pc, #204]	@ (100020f4 <best_effort_wfe_or_timeout+0x124>)
10002026:	6a58      	ldr	r0, [r3, #36]	@ 0x24
10002028:	4548      	cmp	r0, r9
1000202a:	d32b      	bcc.n	10002084 <best_effort_wfe_or_timeout+0xb4>
1000202c:	1b40      	subs	r0, r0, r5
1000202e:	6a9a      	ldr	r2, [r3, #40]	@ 0x28
10002030:	1e43      	subs	r3, r0, #1
10002032:	4198      	sbcs	r0, r3
10002034:	2300      	movs	r3, #0
10002036:	42a2      	cmp	r2, r4
10002038:	415b      	adcs	r3, r3
1000203a:	4318      	orrs	r0, r3
1000203c:	b005      	add	sp, #20
1000203e:	bcc0      	pop	{r6, r7}
10002040:	46b9      	mov	r9, r7
10002042:	46b0      	mov	r8, r6
10002044:	bdf0      	pop	{r4, r5, r6, r7, pc}
10002046:	6873      	ldr	r3, [r6, #4]
10002048:	428b      	cmp	r3, r1
1000204a:	d1d1      	bne.n	10001ff0 <best_effort_wfe_or_timeout+0x20>
1000204c:	e7e9      	b.n	10002022 <best_effort_wfe_or_timeout+0x52>
1000204e:	4929      	ldr	r1, [pc, #164]	@ (100020f4 <best_effort_wfe_or_timeout+0x124>)
10002050:	2000      	movs	r0, #0
10002052:	6a4b      	ldr	r3, [r1, #36]	@ 0x24
10002054:	42ab      	cmp	r3, r5
10002056:	d3f1      	bcc.n	1000203c <best_effort_wfe_or_timeout+0x6c>
10002058:	6a8a      	ldr	r2, [r1, #40]	@ 0x28
1000205a:	1b5b      	subs	r3, r3, r5
1000205c:	1e59      	subs	r1, r3, #1
1000205e:	418b      	sbcs	r3, r1
10002060:	42a2      	cmp	r2, r4
10002062:	4140      	adcs	r0, r0
10002064:	4318      	orrs	r0, r3
10002066:	e7e9      	b.n	1000203c <best_effort_wfe_or_timeout+0x6c>
10002068:	4584      	cmp	ip, r0
1000206a:	d9da      	bls.n	10002022 <best_effort_wfe_or_timeout+0x52>
1000206c:	f000 f858 	bl	10002120 <time_us_64>
10002070:	0022      	movs	r2, r4
10002072:	002b      	movs	r3, r5
10002074:	1a12      	subs	r2, r2, r0
10002076:	418b      	sbcs	r3, r1
10002078:	2b00      	cmp	r3, #0
1000207a:	da05      	bge.n	10002088 <best_effort_wfe_or_timeout+0xb8>
1000207c:	4a1d      	ldr	r2, [pc, #116]	@ (100020f4 <best_effort_wfe_or_timeout+0x124>)
1000207e:	6a53      	ldr	r3, [r2, #36]	@ 0x24
10002080:	454b      	cmp	r3, r9
10002082:	d229      	bcs.n	100020d8 <best_effort_wfe_or_timeout+0x108>
10002084:	2000      	movs	r0, #0
10002086:	e7d9      	b.n	1000203c <best_effort_wfe_or_timeout+0x6c>
10002088:	2300      	movs	r3, #0
1000208a:	9301      	str	r3, [sp, #4]
1000208c:	4b1a      	ldr	r3, [pc, #104]	@ (100020f8 <best_effort_wfe_or_timeout+0x128>)
1000208e:	0022      	movs	r2, r4
10002090:	9300      	str	r3, [sp, #0]
10002092:	0038      	movs	r0, r7
10002094:	002b      	movs	r3, r5
10002096:	f7ff fe0d 	bl	10001cb4 <alarm_pool_add_alarm_at_force_in_context>
1000209a:	2800      	cmp	r0, #0
1000209c:	ddee      	ble.n	1000207c <best_effort_wfe_or_timeout+0xac>
1000209e:	4b15      	ldr	r3, [pc, #84]	@ (100020f4 <best_effort_wfe_or_timeout+0x124>)
100020a0:	c630      	stmia	r6!, {r4, r5}
100020a2:	6a5a      	ldr	r2, [r3, #36]	@ 0x24
100020a4:	454a      	cmp	r2, r9
100020a6:	d315      	bcc.n	100020d4 <best_effort_wfe_or_timeout+0x104>
100020a8:	6a9b      	ldr	r3, [r3, #40]	@ 0x28
100020aa:	42a3      	cmp	r3, r4
100020ac:	d310      	bcc.n	100020d0 <best_effort_wfe_or_timeout+0x100>
100020ae:	0001      	movs	r1, r0
100020b0:	0038      	movs	r0, r7
100020b2:	f7ff fe5d 	bl	10001d70 <alarm_pool_cancel_alarm>
100020b6:	4a0f      	ldr	r2, [pc, #60]	@ (100020f4 <best_effort_wfe_or_timeout+0x124>)
100020b8:	2000      	movs	r0, #0
100020ba:	6a53      	ldr	r3, [r2, #36]	@ 0x24
100020bc:	454b      	cmp	r3, r9
100020be:	d3bd      	bcc.n	1000203c <best_effort_wfe_or_timeout+0x6c>
100020c0:	6a92      	ldr	r2, [r2, #40]	@ 0x28
100020c2:	1b5b      	subs	r3, r3, r5
100020c4:	1e59      	subs	r1, r3, #1
100020c6:	418b      	sbcs	r3, r1
100020c8:	42a2      	cmp	r2, r4
100020ca:	4140      	adcs	r0, r0
100020cc:	4318      	orrs	r0, r3
100020ce:	e7b5      	b.n	1000203c <best_effort_wfe_or_timeout+0x6c>
100020d0:	454a      	cmp	r2, r9
100020d2:	d1ec      	bne.n	100020ae <best_effort_wfe_or_timeout+0xde>
100020d4:	bf20      	wfe
100020d6:	e7ea      	b.n	100020ae <best_effort_wfe_or_timeout+0xde>
100020d8:	2000      	movs	r0, #0
100020da:	6a92      	ldr	r2, [r2, #40]	@ 0x28
100020dc:	1b5b      	subs	r3, r3, r5
100020de:	42a2      	cmp	r2, r4
100020e0:	4140      	adcs	r0, r0
100020e2:	1e5a      	subs	r2, r3, #1
100020e4:	4193      	sbcs	r3, r2
100020e6:	4318      	orrs	r0, r3
100020e8:	e7a8      	b.n	1000203c <best_effort_wfe_or_timeout+0x6c>
100020ea:	46c0      	nop			@ (mov r8, r8)
100020ec:	20000fb0 	.word	0x20000fb0
100020f0:	20000fb8 	.word	0x20000fb8
100020f4:	40054000 	.word	0x40054000
100020f8:	100017e5 	.word	0x100017e5

100020fc <timer_hardware_alarm_claim>:
100020fc:	b510      	push	{r4, lr}
100020fe:	4a02      	ldr	r2, [pc, #8]	@ (10002108 <timer_hardware_alarm_claim+0xc>)
10002100:	4802      	ldr	r0, [pc, #8]	@ (1000210c <timer_hardware_alarm_claim+0x10>)
10002102:	f7ff f8a9 	bl	10001258 <hw_claim_or_assert>
10002106:	bd10      	pop	{r4, pc}
10002108:	10007a38 	.word	0x10007a38
1000210c:	200017a8 	.word	0x200017a8

10002110 <timer_time_us_64>:
10002110:	0003      	movs	r3, r0
10002112:	6a41      	ldr	r1, [r0, #36]	@ 0x24
10002114:	000a      	movs	r2, r1
10002116:	6a98      	ldr	r0, [r3, #40]	@ 0x28
10002118:	6a59      	ldr	r1, [r3, #36]	@ 0x24
1000211a:	428a      	cmp	r2, r1
1000211c:	d1fa      	bne.n	10002114 <timer_time_us_64+0x4>
1000211e:	4770      	bx	lr

10002120 <time_us_64>:
10002120:	4b03      	ldr	r3, [pc, #12]	@ (10002130 <time_us_64+0x10>)
10002122:	6a59      	ldr	r1, [r3, #36]	@ 0x24
10002124:	000a      	movs	r2, r1
10002126:	6a98      	ldr	r0, [r3, #40]	@ 0x28
10002128:	6a59      	ldr	r1, [r3, #36]	@ 0x24
1000212a:	4291      	cmp	r1, r2
1000212c:	d1fa      	bne.n	10002124 <time_us_64+0x4>
1000212e:	4770      	bx	lr
10002130:	40054000 	.word	0x40054000

10002134 <busy_wait_until>:
10002134:	4a06      	ldr	r2, [pc, #24]	@ (10002150 <busy_wait_until+0x1c>)
10002136:	6a53      	ldr	r3, [r2, #36]	@ 0x24
10002138:	4299      	cmp	r1, r3
1000213a:	d8fc      	bhi.n	10002136 <busy_wait_until+0x2>
1000213c:	d107      	bne.n	1000214e <busy_wait_until+0x1a>
1000213e:	4b04      	ldr	r3, [pc, #16]	@ (10002150 <busy_wait_until+0x1c>)
10002140:	e002      	b.n	10002148 <busy_wait_until+0x14>
10002142:	6a5a      	ldr	r2, [r3, #36]	@ 0x24
10002144:	4291      	cmp	r1, r2
10002146:	d102      	bne.n	1000214e <busy_wait_until+0x1a>
10002148:	6a9a      	ldr	r2, [r3, #40]	@ 0x28
1000214a:	4290      	cmp	r0, r2
1000214c:	d8f9      	bhi.n	10002142 <busy_wait_until+0xe>
1000214e:	4770      	bx	lr
10002150:	40054000 	.word	0x40054000

10002154 <clock_configure_int_divider>:
10002154:	b5f8      	push	{r3, r4, r5, r6, r7, lr}
10002156:	46de      	mov	lr, fp
10002158:	464e      	mov	r6, r9
1000215a:	4645      	mov	r5, r8
1000215c:	4657      	mov	r7, sl
1000215e:	b5e0      	push	{r5, r6, r7, lr}
10002160:	0005      	movs	r5, r0
10002162:	468b      	mov	fp, r1
10002164:	0018      	movs	r0, r3
10002166:	990a      	ldr	r1, [sp, #40]	@ 0x28
10002168:	4691      	mov	r9, r2
1000216a:	f000 fb87 	bl	1000287c <__wrap___aeabi_uidiv>
1000216e:	9b0a      	ldr	r3, [sp, #40]	@ 0x28
10002170:	006c      	lsls	r4, r5, #1
10002172:	021e      	lsls	r6, r3, #8
10002174:	1964      	adds	r4, r4, r5
10002176:	4b30      	ldr	r3, [pc, #192]	@ (10002238 <clock_configure_int_divider+0xe4>)
10002178:	00a4      	lsls	r4, r4, #2
1000217a:	18e4      	adds	r4, r4, r3
1000217c:	6863      	ldr	r3, [r4, #4]
1000217e:	4680      	mov	r8, r0
10002180:	429e      	cmp	r6, r3
10002182:	d900      	bls.n	10002186 <clock_configure_int_divider+0x32>
10002184:	6066      	str	r6, [r4, #4]
10002186:	1f2f      	subs	r7, r5, #4
10002188:	b2fb      	uxtb	r3, r7
1000218a:	469a      	mov	sl, r3
1000218c:	2b01      	cmp	r3, #1
1000218e:	d92f      	bls.n	100021f0 <clock_configure_int_divider+0x9c>
10002190:	23c0      	movs	r3, #192	@ 0xc0
10002192:	2280      	movs	r2, #128	@ 0x80
10002194:	4f29      	ldr	r7, [pc, #164]	@ (1000223c <clock_configure_int_divider+0xe8>)
10002196:	00ad      	lsls	r5, r5, #2
10002198:	019b      	lsls	r3, r3, #6
1000219a:	5979      	ldr	r1, [r7, r5]
1000219c:	0112      	lsls	r2, r2, #4
1000219e:	18e3      	adds	r3, r4, r3
100021a0:	601a      	str	r2, [r3, #0]
100021a2:	2900      	cmp	r1, #0
100021a4:	d11b      	bne.n	100021de <clock_configure_int_divider+0x8a>
100021a6:	464b      	mov	r3, r9
100021a8:	6822      	ldr	r2, [r4, #0]
100021aa:	015b      	lsls	r3, r3, #5
100021ac:	4053      	eors	r3, r2
100021ae:	22e0      	movs	r2, #224	@ 0xe0
100021b0:	4013      	ands	r3, r2
100021b2:	2280      	movs	r2, #128	@ 0x80
100021b4:	0152      	lsls	r2, r2, #5
100021b6:	18a2      	adds	r2, r4, r2
100021b8:	6013      	str	r3, [r2, #0]
100021ba:	4653      	mov	r3, sl
100021bc:	2b01      	cmp	r3, #1
100021be:	d92f      	bls.n	10002220 <clock_configure_int_divider+0xcc>
100021c0:	2380      	movs	r3, #128	@ 0x80
100021c2:	2280      	movs	r2, #128	@ 0x80
100021c4:	019b      	lsls	r3, r3, #6
100021c6:	18e3      	adds	r3, r4, r3
100021c8:	0112      	lsls	r2, r2, #4
100021ca:	601a      	str	r2, [r3, #0]
100021cc:	4643      	mov	r3, r8
100021ce:	6066      	str	r6, [r4, #4]
100021d0:	517b      	str	r3, [r7, r5]
100021d2:	bcf0      	pop	{r4, r5, r6, r7}
100021d4:	46bb      	mov	fp, r7
100021d6:	46b2      	mov	sl, r6
100021d8:	46a9      	mov	r9, r5
100021da:	46a0      	mov	r8, r4
100021dc:	bdf8      	pop	{r3, r4, r5, r6, r7, pc}
100021de:	6978      	ldr	r0, [r7, #20]
100021e0:	f000 fb4c 	bl	1000287c <__wrap___aeabi_uidiv>
100021e4:	3001      	adds	r0, #1
100021e6:	0043      	lsls	r3, r0, #1
100021e8:	181b      	adds	r3, r3, r0
100021ea:	3b03      	subs	r3, #3
100021ec:	d2fd      	bcs.n	100021ea <clock_configure_int_divider+0x96>
100021ee:	e7da      	b.n	100021a6 <clock_configure_int_divider+0x52>
100021f0:	465b      	mov	r3, fp
100021f2:	2b01      	cmp	r3, #1
100021f4:	d1cc      	bne.n	10002190 <clock_configure_int_divider+0x3c>
100021f6:	23c0      	movs	r3, #192	@ 0xc0
100021f8:	2203      	movs	r2, #3
100021fa:	019b      	lsls	r3, r3, #6
100021fc:	18e3      	adds	r3, r4, r3
100021fe:	601a      	str	r2, [r3, #0]
10002200:	3a02      	subs	r2, #2
10002202:	68a3      	ldr	r3, [r4, #8]
10002204:	421a      	tst	r2, r3
10002206:	d0fc      	beq.n	10002202 <clock_configure_int_divider+0xae>
10002208:	464a      	mov	r2, r9
1000220a:	6823      	ldr	r3, [r4, #0]
1000220c:	0152      	lsls	r2, r2, #5
1000220e:	405a      	eors	r2, r3
10002210:	23e0      	movs	r3, #224	@ 0xe0
10002212:	4013      	ands	r3, r2
10002214:	2280      	movs	r2, #128	@ 0x80
10002216:	0152      	lsls	r2, r2, #5
10002218:	18a2      	adds	r2, r4, r2
1000221a:	4f08      	ldr	r7, [pc, #32]	@ (1000223c <clock_configure_int_divider+0xe8>)
1000221c:	6013      	str	r3, [r2, #0]
1000221e:	00ad      	lsls	r5, r5, #2
10002220:	4658      	mov	r0, fp
10002222:	2303      	movs	r3, #3
10002224:	6821      	ldr	r1, [r4, #0]
10002226:	4041      	eors	r1, r0
10002228:	400b      	ands	r3, r1
1000222a:	6013      	str	r3, [r2, #0]
1000222c:	2201      	movs	r2, #1
1000222e:	4082      	lsls	r2, r0
10002230:	68a3      	ldr	r3, [r4, #8]
10002232:	421a      	tst	r2, r3
10002234:	d0fc      	beq.n	10002230 <clock_configure_int_divider+0xdc>
10002236:	e7c3      	b.n	100021c0 <clock_configure_int_divider+0x6c>
10002238:	40008000 	.word	0x40008000
1000223c:	200017ac 	.word	0x200017ac

10002240 <clock_configure_undivided>:
10002240:	b5f0      	push	{r4, r5, r6, r7, lr}
10002242:	46d6      	mov	lr, sl
10002244:	464f      	mov	r7, r9
10002246:	4646      	mov	r6, r8
10002248:	0044      	lsls	r4, r0, #1
1000224a:	4698      	mov	r8, r3
1000224c:	1824      	adds	r4, r4, r0
1000224e:	4b32      	ldr	r3, [pc, #200]	@ (10002318 <clock_configure_undivided+0xd8>)
10002250:	00a4      	lsls	r4, r4, #2
10002252:	18e4      	adds	r4, r4, r3
10002254:	6863      	ldr	r3, [r4, #4]
10002256:	468a      	mov	sl, r1
10002258:	4691      	mov	r9, r2
1000225a:	b5c0      	push	{r6, r7, lr}
1000225c:	2bff      	cmp	r3, #255	@ 0xff
1000225e:	d802      	bhi.n	10002266 <clock_configure_undivided+0x26>
10002260:	2380      	movs	r3, #128	@ 0x80
10002262:	005b      	lsls	r3, r3, #1
10002264:	6063      	str	r3, [r4, #4]
10002266:	1f06      	subs	r6, r0, #4
10002268:	b2f6      	uxtb	r6, r6
1000226a:	2e01      	cmp	r6, #1
1000226c:	d92f      	bls.n	100022ce <clock_configure_undivided+0x8e>
1000226e:	23c0      	movs	r3, #192	@ 0xc0
10002270:	2280      	movs	r2, #128	@ 0x80
10002272:	4f2a      	ldr	r7, [pc, #168]	@ (1000231c <clock_configure_undivided+0xdc>)
10002274:	0085      	lsls	r5, r0, #2
10002276:	019b      	lsls	r3, r3, #6
10002278:	5979      	ldr	r1, [r7, r5]
1000227a:	0112      	lsls	r2, r2, #4
1000227c:	18e3      	adds	r3, r4, r3
1000227e:	601a      	str	r2, [r3, #0]
10002280:	2900      	cmp	r1, #0
10002282:	d11b      	bne.n	100022bc <clock_configure_undivided+0x7c>
10002284:	464b      	mov	r3, r9
10002286:	6822      	ldr	r2, [r4, #0]
10002288:	015b      	lsls	r3, r3, #5
1000228a:	4053      	eors	r3, r2
1000228c:	22e0      	movs	r2, #224	@ 0xe0
1000228e:	4013      	ands	r3, r2
10002290:	2280      	movs	r2, #128	@ 0x80
10002292:	0152      	lsls	r2, r2, #5
10002294:	18a2      	adds	r2, r4, r2
10002296:	6013      	str	r3, [r2, #0]
10002298:	2e01      	cmp	r6, #1
1000229a:	d930      	bls.n	100022fe <clock_configure_undivided+0xbe>
1000229c:	2380      	movs	r3, #128	@ 0x80
1000229e:	2280      	movs	r2, #128	@ 0x80
100022a0:	019b      	lsls	r3, r3, #6
100022a2:	18e3      	adds	r3, r4, r3
100022a4:	0112      	lsls	r2, r2, #4
100022a6:	601a      	str	r2, [r3, #0]
100022a8:	2380      	movs	r3, #128	@ 0x80
100022aa:	005b      	lsls	r3, r3, #1
100022ac:	6063      	str	r3, [r4, #4]
100022ae:	4643      	mov	r3, r8
100022b0:	517b      	str	r3, [r7, r5]
100022b2:	bce0      	pop	{r5, r6, r7}
100022b4:	46ba      	mov	sl, r7
100022b6:	46b1      	mov	r9, r6
100022b8:	46a8      	mov	r8, r5
100022ba:	bdf0      	pop	{r4, r5, r6, r7, pc}
100022bc:	6978      	ldr	r0, [r7, #20]
100022be:	f000 fadd 	bl	1000287c <__wrap___aeabi_uidiv>
100022c2:	3001      	adds	r0, #1
100022c4:	0043      	lsls	r3, r0, #1
100022c6:	181b      	adds	r3, r3, r0
100022c8:	3b03      	subs	r3, #3
100022ca:	d2fd      	bcs.n	100022c8 <clock_configure_undivided+0x88>
100022cc:	e7da      	b.n	10002284 <clock_configure_undivided+0x44>
100022ce:	4653      	mov	r3, sl
100022d0:	2b01      	cmp	r3, #1
100022d2:	d1cc      	bne.n	1000226e <clock_configure_undivided+0x2e>
100022d4:	23c0      	movs	r3, #192	@ 0xc0
100022d6:	2203      	movs	r2, #3
100022d8:	019b      	lsls	r3, r3, #6
100022da:	18e3      	adds	r3, r4, r3
100022dc:	601a      	str	r2, [r3, #0]
100022de:	3a02      	subs	r2, #2
100022e0:	68a3      	ldr	r3, [r4, #8]
100022e2:	421a      	tst	r2, r3
100022e4:	d0fc      	beq.n	100022e0 <clock_configure_undivided+0xa0>
100022e6:	464a      	mov	r2, r9
100022e8:	6823      	ldr	r3, [r4, #0]
100022ea:	0152      	lsls	r2, r2, #5
100022ec:	405a      	eors	r2, r3
100022ee:	23e0      	movs	r3, #224	@ 0xe0
100022f0:	4013      	ands	r3, r2
100022f2:	2280      	movs	r2, #128	@ 0x80
100022f4:	0152      	lsls	r2, r2, #5
100022f6:	18a2      	adds	r2, r4, r2
100022f8:	4f08      	ldr	r7, [pc, #32]	@ (1000231c <clock_configure_undivided+0xdc>)
100022fa:	6013      	str	r3, [r2, #0]
100022fc:	0085      	lsls	r5, r0, #2
100022fe:	4650      	mov	r0, sl
10002300:	2303      	movs	r3, #3
10002302:	6821      	ldr	r1, [r4, #0]
10002304:	4041      	eors	r1, r0
10002306:	400b      	ands	r3, r1
10002308:	6013      	str	r3, [r2, #0]
1000230a:	2201      	movs	r2, #1
1000230c:	4082      	lsls	r2, r0
1000230e:	68a3      	ldr	r3, [r4, #8]
10002310:	421a      	tst	r2, r3
10002312:	d0fc      	beq.n	1000230e <clock_configure_undivided+0xce>
10002314:	e7c2      	b.n	1000229c <clock_configure_undivided+0x5c>
10002316:	46c0      	nop			@ (mov r8, r8)
10002318:	40008000 	.word	0x40008000
1000231c:	200017ac 	.word	0x200017ac

10002320 <clock_get_hz>:
10002320:	4b01      	ldr	r3, [pc, #4]	@ (10002328 <clock_get_hz+0x8>)
10002322:	0080      	lsls	r0, r0, #2
10002324:	58c0      	ldr	r0, [r0, r3]
10002326:	4770      	bx	lr
10002328:	200017ac 	.word	0x200017ac

1000232c <pll_init>:
1000232c:	b5f0      	push	{r4, r5, r6, r7, lr}
1000232e:	46c6      	mov	lr, r8
10002330:	0004      	movs	r4, r0
10002332:	b500      	push	{lr}
10002334:	4823      	ldr	r0, [pc, #140]	@ (100023c4 <pll_init+0x98>)
10002336:	0016      	movs	r6, r2
10002338:	4698      	mov	r8, r3
1000233a:	000d      	movs	r5, r1
1000233c:	f000 fa9e 	bl	1000287c <__wrap___aeabi_uidiv>
10002340:	0001      	movs	r1, r0
10002342:	0030      	movs	r0, r6
10002344:	f000 fa9a 	bl	1000287c <__wrap___aeabi_uidiv>
10002348:	4643      	mov	r3, r8
1000234a:	9a06      	ldr	r2, [sp, #24]
1000234c:	041b      	lsls	r3, r3, #16
1000234e:	0312      	lsls	r2, r2, #12
10002350:	4313      	orrs	r3, r2
10002352:	469c      	mov	ip, r3
10002354:	6823      	ldr	r3, [r4, #0]
10002356:	0006      	movs	r6, r0
10002358:	2b00      	cmp	r3, #0
1000235a:	db22      	blt.n	100023a2 <pll_init+0x76>
1000235c:	4b1a      	ldr	r3, [pc, #104]	@ (100023c8 <pll_init+0x9c>)
1000235e:	481b      	ldr	r0, [pc, #108]	@ (100023cc <pll_init+0xa0>)
10002360:	18e2      	adds	r2, r4, r3
10002362:	1e53      	subs	r3, r2, #1
10002364:	419a      	sbcs	r2, r3
10002366:	2380      	movs	r3, #128	@ 0x80
10002368:	4252      	negs	r2, r2
1000236a:	0b12      	lsrs	r2, r2, #12
1000236c:	019b      	lsls	r3, r3, #6
1000236e:	0312      	lsls	r2, r2, #12
10002370:	18d2      	adds	r2, r2, r3
10002372:	4b17      	ldr	r3, [pc, #92]	@ (100023d0 <pll_init+0xa4>)
10002374:	601a      	str	r2, [r3, #0]
10002376:	4b17      	ldr	r3, [pc, #92]	@ (100023d4 <pll_init+0xa8>)
10002378:	601a      	str	r2, [r3, #0]
1000237a:	0013      	movs	r3, r2
1000237c:	6801      	ldr	r1, [r0, #0]
1000237e:	438b      	bics	r3, r1
10002380:	d1fb      	bne.n	1000237a <pll_init+0x4e>
10002382:	2221      	movs	r2, #33	@ 0x21
10002384:	4b14      	ldr	r3, [pc, #80]	@ (100023d8 <pll_init+0xac>)
10002386:	6025      	str	r5, [r4, #0]
10002388:	18e3      	adds	r3, r4, r3
1000238a:	60a6      	str	r6, [r4, #8]
1000238c:	601a      	str	r2, [r3, #0]
1000238e:	6822      	ldr	r2, [r4, #0]
10002390:	2a00      	cmp	r2, #0
10002392:	dafc      	bge.n	1000238e <pll_init+0x62>
10002394:	4662      	mov	r2, ip
10002396:	60e2      	str	r2, [r4, #12]
10002398:	2208      	movs	r2, #8
1000239a:	601a      	str	r2, [r3, #0]
1000239c:	bc80      	pop	{r7}
1000239e:	46b8      	mov	r8, r7
100023a0:	bdf0      	pop	{r4, r5, r6, r7, pc}
100023a2:	233f      	movs	r3, #63	@ 0x3f
100023a4:	6822      	ldr	r2, [r4, #0]
100023a6:	4013      	ands	r3, r2
100023a8:	42ab      	cmp	r3, r5
100023aa:	d1d7      	bne.n	1000235c <pll_init+0x30>
100023ac:	68a3      	ldr	r3, [r4, #8]
100023ae:	051b      	lsls	r3, r3, #20
100023b0:	0d1b      	lsrs	r3, r3, #20
100023b2:	4283      	cmp	r3, r0
100023b4:	d1d2      	bne.n	1000235c <pll_init+0x30>
100023b6:	22ee      	movs	r2, #238	@ 0xee
100023b8:	68e3      	ldr	r3, [r4, #12]
100023ba:	02d2      	lsls	r2, r2, #11
100023bc:	4013      	ands	r3, r2
100023be:	4563      	cmp	r3, ip
100023c0:	d1cc      	bne.n	1000235c <pll_init+0x30>
100023c2:	e7eb      	b.n	1000239c <pll_init+0x70>
100023c4:	00b71b00 	.word	0x00b71b00
100023c8:	bffd4000 	.word	0xbffd4000
100023cc:	4000c008 	.word	0x4000c008
100023d0:	4000e000 	.word	0x4000e000
100023d4:	4000f000 	.word	0x4000f000
100023d8:	00003004 	.word	0x00003004

100023dc <watchdog_update>:
100023dc:	4b02      	ldr	r3, [pc, #8]	@ (100023e8 <watchdog_update+0xc>)
100023de:	681a      	ldr	r2, [r3, #0]
100023e0:	4b02      	ldr	r3, [pc, #8]	@ (100023ec <watchdog_update+0x10>)
100023e2:	605a      	str	r2, [r3, #4]
100023e4:	4770      	bx	lr
100023e6:	46c0      	nop			@ (mov r8, r8)
100023e8:	20001c10 	.word	0x20001c10
100023ec:	40058000 	.word	0x40058000

100023f0 <watchdog_enable>:
100023f0:	4b19      	ldr	r3, [pc, #100]	@ (10002458 <watchdog_enable+0x68>)
100023f2:	4a1a      	ldr	r2, [pc, #104]	@ (1000245c <watchdog_enable+0x6c>)
100023f4:	b510      	push	{r4, lr}
100023f6:	61da      	str	r2, [r3, #28]
100023f8:	2280      	movs	r2, #128	@ 0x80
100023fa:	4b19      	ldr	r3, [pc, #100]	@ (10002460 <watchdog_enable+0x70>)
100023fc:	05d2      	lsls	r2, r2, #23
100023fe:	601a      	str	r2, [r3, #0]
10002400:	4c18      	ldr	r4, [pc, #96]	@ (10002464 <watchdog_enable+0x74>)
10002402:	4a19      	ldr	r2, [pc, #100]	@ (10002468 <watchdog_enable+0x78>)
10002404:	6014      	str	r4, [r2, #0]
10002406:	2900      	cmp	r1, #0
10002408:	d00a      	beq.n	10002420 <watchdog_enable+0x30>
1000240a:	22e0      	movs	r2, #224	@ 0xe0
1000240c:	4b17      	ldr	r3, [pc, #92]	@ (1000246c <watchdog_enable+0x7c>)
1000240e:	04d2      	lsls	r2, r2, #19
10002410:	601a      	str	r2, [r3, #0]
10002412:	2800      	cmp	r0, #0
10002414:	d109      	bne.n	1000242a <watchdog_enable+0x3a>
10002416:	2280      	movs	r2, #128	@ 0x80
10002418:	4b14      	ldr	r3, [pc, #80]	@ (1000246c <watchdog_enable+0x7c>)
1000241a:	0612      	lsls	r2, r2, #24
1000241c:	601a      	str	r2, [r3, #0]
1000241e:	bd10      	pop	{r4, pc}
10002420:	22e0      	movs	r2, #224	@ 0xe0
10002422:	04d2      	lsls	r2, r2, #19
10002424:	601a      	str	r2, [r3, #0]
10002426:	2800      	cmp	r0, #0
10002428:	d0f5      	beq.n	10002416 <watchdog_enable+0x26>
1000242a:	0143      	lsls	r3, r0, #5
1000242c:	1a1b      	subs	r3, r3, r0
1000242e:	009b      	lsls	r3, r3, #2
10002430:	1818      	adds	r0, r3, r0
10002432:	2380      	movs	r3, #128	@ 0x80
10002434:	0100      	lsls	r0, r0, #4
10002436:	045b      	lsls	r3, r3, #17
10002438:	4298      	cmp	r0, r3
1000243a:	d209      	bcs.n	10002450 <watchdog_enable+0x60>
1000243c:	0003      	movs	r3, r0
1000243e:	4a0c      	ldr	r2, [pc, #48]	@ (10002470 <watchdog_enable+0x80>)
10002440:	6013      	str	r3, [r2, #0]
10002442:	2280      	movs	r2, #128	@ 0x80
10002444:	4b04      	ldr	r3, [pc, #16]	@ (10002458 <watchdog_enable+0x68>)
10002446:	05d2      	lsls	r2, r2, #23
10002448:	6058      	str	r0, [r3, #4]
1000244a:	4b08      	ldr	r3, [pc, #32]	@ (1000246c <watchdog_enable+0x7c>)
1000244c:	601a      	str	r2, [r3, #0]
1000244e:	e7e6      	b.n	1000241e <watchdog_enable+0x2e>
10002450:	4b08      	ldr	r3, [pc, #32]	@ (10002474 <watchdog_enable+0x84>)
10002452:	0018      	movs	r0, r3
10002454:	e7f3      	b.n	1000243e <watchdog_enable+0x4e>
10002456:	46c0      	nop			@ (mov r8, r8)
10002458:	40058000 	.word	0x40058000
1000245c:	6ab73121 	.word	0x6ab73121
10002460:	4005b000 	.word	0x4005b000
10002464:	0001fffc 	.word	0x0001fffc
10002468:	40012008 	.word	0x40012008
1000246c:	4005a000 	.word	0x4005a000
10002470:	20001c10 	.word	0x20001c10
10002474:	00ffffff 	.word	0x00ffffff

10002478 <watchdog_reboot>:
10002478:	b510      	push	{r4, lr}
1000247a:	2480      	movs	r4, #128	@ 0x80
1000247c:	4b1c      	ldr	r3, [pc, #112]	@ (100024f0 <watchdog_reboot+0x78>)
1000247e:	05e4      	lsls	r4, r4, #23
10002480:	601c      	str	r4, [r3, #0]
10002482:	2800      	cmp	r0, #0
10002484:	d01a      	beq.n	100024bc <watchdog_reboot+0x44>
10002486:	2301      	movs	r3, #1
10002488:	4c1a      	ldr	r4, [pc, #104]	@ (100024f4 <watchdog_reboot+0x7c>)
1000248a:	4318      	orrs	r0, r3
1000248c:	4b1a      	ldr	r3, [pc, #104]	@ (100024f8 <watchdog_reboot+0x80>)
1000248e:	61dc      	str	r4, [r3, #28]
10002490:	4c1a      	ldr	r4, [pc, #104]	@ (100024fc <watchdog_reboot+0x84>)
10002492:	4044      	eors	r4, r0
10002494:	621c      	str	r4, [r3, #32]
10002496:	6259      	str	r1, [r3, #36]	@ 0x24
10002498:	6298      	str	r0, [r3, #40]	@ 0x28
1000249a:	2180      	movs	r1, #128	@ 0x80
1000249c:	4b14      	ldr	r3, [pc, #80]	@ (100024f0 <watchdog_reboot+0x78>)
1000249e:	05c9      	lsls	r1, r1, #23
100024a0:	6019      	str	r1, [r3, #0]
100024a2:	4817      	ldr	r0, [pc, #92]	@ (10002500 <watchdog_reboot+0x88>)
100024a4:	4917      	ldr	r1, [pc, #92]	@ (10002504 <watchdog_reboot+0x8c>)
100024a6:	6008      	str	r0, [r1, #0]
100024a8:	21e0      	movs	r1, #224	@ 0xe0
100024aa:	04c9      	lsls	r1, r1, #19
100024ac:	6019      	str	r1, [r3, #0]
100024ae:	2a00      	cmp	r2, #0
100024b0:	d107      	bne.n	100024c2 <watchdog_reboot+0x4a>
100024b2:	2280      	movs	r2, #128	@ 0x80
100024b4:	4b14      	ldr	r3, [pc, #80]	@ (10002508 <watchdog_reboot+0x90>)
100024b6:	0612      	lsls	r2, r2, #24
100024b8:	601a      	str	r2, [r3, #0]
100024ba:	bd10      	pop	{r4, pc}
100024bc:	4b0e      	ldr	r3, [pc, #56]	@ (100024f8 <watchdog_reboot+0x80>)
100024be:	61d8      	str	r0, [r3, #28]
100024c0:	e7eb      	b.n	1000249a <watchdog_reboot+0x22>
100024c2:	0153      	lsls	r3, r2, #5
100024c4:	1a9b      	subs	r3, r3, r2
100024c6:	009b      	lsls	r3, r3, #2
100024c8:	189a      	adds	r2, r3, r2
100024ca:	2380      	movs	r3, #128	@ 0x80
100024cc:	0112      	lsls	r2, r2, #4
100024ce:	045b      	lsls	r3, r3, #17
100024d0:	429a      	cmp	r2, r3
100024d2:	d209      	bcs.n	100024e8 <watchdog_reboot+0x70>
100024d4:	0013      	movs	r3, r2
100024d6:	490d      	ldr	r1, [pc, #52]	@ (1000250c <watchdog_reboot+0x94>)
100024d8:	600b      	str	r3, [r1, #0]
100024da:	4b07      	ldr	r3, [pc, #28]	@ (100024f8 <watchdog_reboot+0x80>)
100024dc:	605a      	str	r2, [r3, #4]
100024de:	2280      	movs	r2, #128	@ 0x80
100024e0:	4b09      	ldr	r3, [pc, #36]	@ (10002508 <watchdog_reboot+0x90>)
100024e2:	05d2      	lsls	r2, r2, #23
100024e4:	601a      	str	r2, [r3, #0]
100024e6:	e7e8      	b.n	100024ba <watchdog_reboot+0x42>
100024e8:	4b09      	ldr	r3, [pc, #36]	@ (10002510 <watchdog_reboot+0x98>)
100024ea:	001a      	movs	r2, r3
100024ec:	e7f3      	b.n	100024d6 <watchdog_reboot+0x5e>
100024ee:	46c0      	nop			@ (mov r8, r8)
100024f0:	4005b000 	.word	0x4005b000
100024f4:	b007c0d3 	.word	0xb007c0d3
100024f8:	40058000 	.word	0x40058000
100024fc:	4ff83f2d 	.word	0x4ff83f2d
10002500:	0001fffc 	.word	0x0001fffc
10002504:	40012008 	.word	0x40012008
10002508:	4005a000 	.word	0x4005a000
1000250c:	20001c10 	.word	0x20001c10
10002510:	00ffffff 	.word	0x00ffffff

10002514 <tick_start>:
10002514:	2380      	movs	r3, #128	@ 0x80
10002516:	4a02      	ldr	r2, [pc, #8]	@ (10002520 <tick_start+0xc>)
10002518:	009b      	lsls	r3, r3, #2
1000251a:	430b      	orrs	r3, r1
1000251c:	62d3      	str	r3, [r2, #44]	@ 0x2c
1000251e:	4770      	bx	lr
10002520:	40058000 	.word	0x40058000

10002524 <rom_func_lookup>:
10002524:	2300      	movs	r3, #0
10002526:	b510      	push	{r4, lr}
10002528:	0001      	movs	r1, r0
1000252a:	8a98      	ldrh	r0, [r3, #20]
1000252c:	8b1b      	ldrh	r3, [r3, #24]
1000252e:	4798      	blx	r3
10002530:	bd10      	pop	{r4, pc}
10002532:	46c0      	nop			@ (mov r8, r8)

10002534 <rom_data_lookup>:
10002534:	2316      	movs	r3, #22
10002536:	b510      	push	{r4, lr}
10002538:	0001      	movs	r1, r0
1000253a:	8818      	ldrh	r0, [r3, #0]
1000253c:	885b      	ldrh	r3, [r3, #2]
1000253e:	4798      	blx	r3
10002540:	bd10      	pop	{r4, pc}
10002542:	46c0      	nop			@ (mov r8, r8)

10002544 <rom_funcs_lookup>:
10002544:	b5f8      	push	{r3, r4, r5, r6, r7, lr}
10002546:	4647      	mov	r7, r8
10002548:	46ce      	mov	lr, r9
1000254a:	b580      	push	{r7, lr}
1000254c:	1e0f      	subs	r7, r1, #0
1000254e:	d018      	beq.n	10002582 <rom_funcs_lookup+0x3e>
10002550:	2314      	movs	r3, #20
10002552:	4699      	mov	r9, r3
10002554:	3304      	adds	r3, #4
10002556:	0004      	movs	r4, r0
10002558:	2500      	movs	r5, #0
1000255a:	2601      	movs	r6, #1
1000255c:	4698      	mov	r8, r3
1000255e:	464b      	mov	r3, r9
10002560:	8818      	ldrh	r0, [r3, #0]
10002562:	4643      	mov	r3, r8
10002564:	6821      	ldr	r1, [r4, #0]
10002566:	881b      	ldrh	r3, [r3, #0]
10002568:	4798      	blx	r3
1000256a:	c401      	stmia	r4!, {r0}
1000256c:	1e43      	subs	r3, r0, #1
1000256e:	4198      	sbcs	r0, r3
10002570:	3501      	adds	r5, #1
10002572:	4006      	ands	r6, r0
10002574:	42af      	cmp	r7, r5
10002576:	d1f2      	bne.n	1000255e <rom_funcs_lookup+0x1a>
10002578:	0030      	movs	r0, r6
1000257a:	bcc0      	pop	{r6, r7}
1000257c:	46b9      	mov	r9, r7
1000257e:	46b0      	mov	r8, r6
10002580:	bdf8      	pop	{r3, r4, r5, r6, r7, pc}
10002582:	2601      	movs	r6, #1
10002584:	e7f8      	b.n	10002578 <rom_funcs_lookup+0x34>
10002586:	46c0      	nop			@ (mov r8, r8)

10002588 <rom_reset_usb_boot_extra>:
10002588:	2300      	movs	r3, #0
1000258a:	b570      	push	{r4, r5, r6, lr}
1000258c:	0004      	movs	r4, r0
1000258e:	000d      	movs	r5, r1
10002590:	8a98      	ldrh	r0, [r3, #20]
10002592:	4905      	ldr	r1, [pc, #20]	@ (100025a8 <rom_reset_usb_boot_extra+0x20>)
10002594:	8b1b      	ldrh	r3, [r3, #24]
10002596:	4798      	blx	r3
10002598:	0003      	movs	r3, r0
1000259a:	2000      	movs	r0, #0
1000259c:	2c00      	cmp	r4, #0
1000259e:	db01      	blt.n	100025a4 <rom_reset_usb_boot_extra+0x1c>
100025a0:	3001      	adds	r0, #1
100025a2:	40a0      	lsls	r0, r4
100025a4:	0029      	movs	r1, r5
100025a6:	4798      	blx	r3
100025a8:	00004255 	.word	0x00004255

100025ac <xosc_init>:
100025ac:	23aa      	movs	r3, #170	@ 0xaa
100025ae:	4a06      	ldr	r2, [pc, #24]	@ (100025c8 <xosc_init+0x1c>)
100025b0:	011b      	lsls	r3, r3, #4
100025b2:	6013      	str	r3, [r2, #0]
100025b4:	238d      	movs	r3, #141	@ 0x8d
100025b6:	005b      	lsls	r3, r3, #1
100025b8:	60d3      	str	r3, [r2, #12]
100025ba:	4904      	ldr	r1, [pc, #16]	@ (100025cc <xosc_init+0x20>)
100025bc:	4b04      	ldr	r3, [pc, #16]	@ (100025d0 <xosc_init+0x24>)
100025be:	6019      	str	r1, [r3, #0]
100025c0:	6853      	ldr	r3, [r2, #4]
100025c2:	2b00      	cmp	r3, #0
100025c4:	dafc      	bge.n	100025c0 <xosc_init+0x14>
100025c6:	4770      	bx	lr
100025c8:	40024000 	.word	0x40024000
100025cc:	00fab000 	.word	0x00fab000
100025d0:	40026000 	.word	0x40026000

100025d4 <first_per_core_initializer>:
100025d4:	4770      	bx	lr
100025d6:	46c0      	nop			@ (mov r8, r8)

100025d8 <hard_assertion_failure>:
100025d8:	b510      	push	{r4, lr}
100025da:	4801      	ldr	r0, [pc, #4]	@ (100025e0 <hard_assertion_failure+0x8>)
100025dc:	f7fe fe24 	bl	10001228 <panic>
100025e0:	10007a5c 	.word	0x10007a5c

100025e4 <runtime_run_initializers>:
100025e4:	b570      	push	{r4, r5, r6, lr}
100025e6:	4d07      	ldr	r5, [pc, #28]	@ (10002604 <runtime_run_initializers+0x20>)
100025e8:	4e07      	ldr	r6, [pc, #28]	@ (10002608 <runtime_run_initializers+0x24>)
100025ea:	42b5      	cmp	r5, r6
100025ec:	d209      	bcs.n	10002602 <runtime_run_initializers+0x1e>
100025ee:	2400      	movs	r4, #0
100025f0:	3e01      	subs	r6, #1
100025f2:	1b76      	subs	r6, r6, r5
100025f4:	08b6      	lsrs	r6, r6, #2
100025f6:	3601      	adds	r6, #1
100025f8:	cd08      	ldmia	r5!, {r3}
100025fa:	3401      	adds	r4, #1
100025fc:	4798      	blx	r3
100025fe:	42b4      	cmp	r4, r6
10002600:	d1fa      	bne.n	100025f8 <runtime_run_initializers+0x14>
10002602:	bd70      	pop	{r4, r5, r6, pc}
10002604:	100078f8 	.word	0x100078f8
10002608:	10007934 	.word	0x10007934

1000260c <runtime_init_early_resets>:
1000260c:	4b05      	ldr	r3, [pc, #20]	@ (10002624 <runtime_init_early_resets+0x18>)
1000260e:	4a06      	ldr	r2, [pc, #24]	@ (10002628 <runtime_init_early_resets+0x1c>)
10002610:	4906      	ldr	r1, [pc, #24]	@ (1000262c <runtime_init_early_resets+0x20>)
10002612:	601a      	str	r2, [r3, #0]
10002614:	4a06      	ldr	r2, [pc, #24]	@ (10002630 <runtime_init_early_resets+0x24>)
10002616:	4b07      	ldr	r3, [pc, #28]	@ (10002634 <runtime_init_early_resets+0x28>)
10002618:	601a      	str	r2, [r3, #0]
1000261a:	0010      	movs	r0, r2
1000261c:	680b      	ldr	r3, [r1, #0]
1000261e:	4398      	bics	r0, r3
10002620:	d1fb      	bne.n	1000261a <runtime_init_early_resets+0xe>
10002622:	4770      	bx	lr
10002624:	4000e000 	.word	0x4000e000
10002628:	fefbcdbf 	.word	0xfefbcdbf
1000262c:	4000c008 	.word	0x4000c008
10002630:	003c7ffe 	.word	0x003c7ffe
10002634:	4000f000 	.word	0x4000f000

10002638 <runtime_init_usb_power_down>:
10002638:	4b04      	ldr	r3, [pc, #16]	@ (1000264c <runtime_init_usb_power_down+0x14>)
1000263a:	6cdb      	ldr	r3, [r3, #76]	@ 0x4c
1000263c:	2b00      	cmp	r3, #0
1000263e:	d103      	bne.n	10002648 <runtime_init_usb_power_down+0x10>
10002640:	2280      	movs	r2, #128	@ 0x80
10002642:	4b03      	ldr	r3, [pc, #12]	@ (10002650 <runtime_init_usb_power_down+0x18>)
10002644:	02d2      	lsls	r2, r2, #11
10002646:	601a      	str	r2, [r3, #0]
10002648:	4770      	bx	lr
1000264a:	46c0      	nop			@ (mov r8, r8)
1000264c:	50110000 	.word	0x50110000
10002650:	5011204c 	.word	0x5011204c

10002654 <runtime_init_post_clock_resets>:
10002654:	4a04      	ldr	r2, [pc, #16]	@ (10002668 <runtime_init_post_clock_resets+0x14>)
10002656:	4b05      	ldr	r3, [pc, #20]	@ (1000266c <runtime_init_post_clock_resets+0x18>)
10002658:	601a      	str	r2, [r3, #0]
1000265a:	4a05      	ldr	r2, [pc, #20]	@ (10002670 <runtime_init_post_clock_resets+0x1c>)
1000265c:	6813      	ldr	r3, [r2, #0]
1000265e:	01db      	lsls	r3, r3, #7
10002660:	3380      	adds	r3, #128	@ 0x80
10002662:	d1fb      	bne.n	1000265c <runtime_init_post_clock_resets+0x8>
10002664:	4770      	bx	lr
10002666:	46c0      	nop			@ (mov r8, r8)
10002668:	01ffffff 	.word	0x01ffffff
1000266c:	4000f000 	.word	0x4000f000
10002670:	4000c008 	.word	0x4000c008

10002674 <runtime_init_rp2040_gpio_ie_disable>:
10002674:	2240      	movs	r2, #64	@ 0x40
10002676:	4b03      	ldr	r3, [pc, #12]	@ (10002684 <runtime_init_rp2040_gpio_ie_disable+0x10>)
10002678:	679a      	str	r2, [r3, #120]	@ 0x78
1000267a:	675a      	str	r2, [r3, #116]	@ 0x74
1000267c:	671a      	str	r2, [r3, #112]	@ 0x70
1000267e:	66da      	str	r2, [r3, #108]	@ 0x6c
10002680:	4770      	bx	lr
10002682:	46c0      	nop			@ (mov r8, r8)
10002684:	4001f000 	.word	0x4001f000

10002688 <runtime_init_spin_locks_reset>:
10002688:	b510      	push	{r4, lr}
1000268a:	f7fe fe6d 	bl	10001368 <spin_locks_reset>
1000268e:	bd10      	pop	{r4, pc}

10002690 <runtime_init_install_ram_vector_table>:
10002690:	b570      	push	{r4, r5, r6, lr}
10002692:	4927      	ldr	r1, [pc, #156]	@ (10002730 <runtime_init_install_ram_vector_table+0xa0>)
10002694:	4e27      	ldr	r6, [pc, #156]	@ (10002734 <runtime_init_install_ram_vector_table+0xa4>)
10002696:	4d28      	ldr	r5, [pc, #160]	@ (10002738 <runtime_init_install_ram_vector_table+0xa8>)
10002698:	1a76      	subs	r6, r6, r1
1000269a:	08b4      	lsrs	r4, r6, #2
1000269c:	0022      	movs	r2, r4
1000269e:	2c30      	cmp	r4, #48	@ 0x30
100026a0:	d900      	bls.n	100026a4 <runtime_init_install_ram_vector_table+0x14>
100026a2:	2230      	movs	r2, #48	@ 0x30
100026a4:	0028      	movs	r0, r5
100026a6:	0092      	lsls	r2, r2, #2
100026a8:	f001 f81e 	bl	100036e8 <__wrap___aeabi_memcpy>
100026ac:	2c2f      	cmp	r4, #47	@ 0x2f
100026ae:	d83b      	bhi.n	10002728 <runtime_init_install_ram_vector_table+0x98>
100026b0:	0023      	movs	r3, r4
100026b2:	3b2a      	subs	r3, #42	@ 0x2a
100026b4:	4a21      	ldr	r2, [pc, #132]	@ (1000273c <runtime_init_install_ram_vector_table+0xac>)
100026b6:	2b05      	cmp	r3, #5
100026b8:	d91b      	bls.n	100026f2 <runtime_init_install_ram_vector_table+0x62>
100026ba:	2030      	movs	r0, #48	@ 0x30
100026bc:	19ae      	adds	r6, r5, r6
100026be:	0771      	lsls	r1, r6, #29
100026c0:	1b00      	subs	r0, r0, r4
100026c2:	0026      	movs	r6, r4
100026c4:	0fcb      	lsrs	r3, r1, #31
100026c6:	2900      	cmp	r1, #0
100026c8:	da02      	bge.n	100026d0 <runtime_init_install_ram_vector_table+0x40>
100026ca:	00a1      	lsls	r1, r4, #2
100026cc:	506a      	str	r2, [r5, r1]
100026ce:	1c66      	adds	r6, r4, #1
100026d0:	1ac0      	subs	r0, r0, r3
100026d2:	18e3      	adds	r3, r4, r3
100026d4:	009b      	lsls	r3, r3, #2
100026d6:	0841      	lsrs	r1, r0, #1
100026d8:	18eb      	adds	r3, r5, r3
100026da:	00c9      	lsls	r1, r1, #3
100026dc:	18c9      	adds	r1, r1, r3
100026de:	601a      	str	r2, [r3, #0]
100026e0:	605a      	str	r2, [r3, #4]
100026e2:	3308      	adds	r3, #8
100026e4:	428b      	cmp	r3, r1
100026e6:	d1fa      	bne.n	100026de <runtime_init_install_ram_vector_table+0x4e>
100026e8:	2301      	movs	r3, #1
100026ea:	4203      	tst	r3, r0
100026ec:	d01c      	beq.n	10002728 <runtime_init_install_ram_vector_table+0x98>
100026ee:	4398      	bics	r0, r3
100026f0:	1984      	adds	r4, r0, r6
100026f2:	00a3      	lsls	r3, r4, #2
100026f4:	50ea      	str	r2, [r5, r3]
100026f6:	1c63      	adds	r3, r4, #1
100026f8:	2c2f      	cmp	r4, #47	@ 0x2f
100026fa:	d015      	beq.n	10002728 <runtime_init_install_ram_vector_table+0x98>
100026fc:	009b      	lsls	r3, r3, #2
100026fe:	50ea      	str	r2, [r5, r3]
10002700:	1ca3      	adds	r3, r4, #2
10002702:	2c2e      	cmp	r4, #46	@ 0x2e
10002704:	d010      	beq.n	10002728 <runtime_init_install_ram_vector_table+0x98>
10002706:	009b      	lsls	r3, r3, #2
10002708:	50ea      	str	r2, [r5, r3]
1000270a:	1ce3      	adds	r3, r4, #3
1000270c:	2c2d      	cmp	r4, #45	@ 0x2d
1000270e:	d00b      	beq.n	10002728 <runtime_init_install_ram_vector_table+0x98>
10002710:	009b      	lsls	r3, r3, #2
10002712:	50ea      	str	r2, [r5, r3]
10002714:	1d23      	adds	r3, r4, #4
10002716:	2c2c      	cmp	r4, #44	@ 0x2c
10002718:	d006      	beq.n	10002728 <runtime_init_install_ram_vector_table+0x98>
1000271a:	009b      	lsls	r3, r3, #2
1000271c:	50ea      	str	r2, [r5, r3]
1000271e:	1d63      	adds	r3, r4, #5
10002720:	2c2b      	cmp	r4, #43	@ 0x2b
10002722:	d001      	beq.n	10002728 <runtime_init_install_ram_vector_table+0x98>
10002724:	009b      	lsls	r3, r3, #2
10002726:	50ea      	str	r2, [r5, r3]
10002728:	4b05      	ldr	r3, [pc, #20]	@ (10002740 <runtime_init_install_ram_vector_table+0xb0>)
1000272a:	609d      	str	r5, [r3, #8]
1000272c:	bd70      	pop	{r4, r5, r6, pc}
1000272e:	46c0      	nop			@ (mov r8, r8)
10002730:	10000100 	.word	0x10000100
10002734:	100001c0 	.word	0x100001c0
10002738:	20000000 	.word	0x20000000
1000273c:	100001c1 	.word	0x100001c1
10002740:	e000ed00 	.word	0xe000ed00

10002744 <runtime_init_clocks>:
10002744:	2300      	movs	r3, #0
10002746:	b510      	push	{r4, lr}
10002748:	4c29      	ldr	r4, [pc, #164]	@ (100027f0 <runtime_init_clocks+0xac>)
1000274a:	b082      	sub	sp, #8
1000274c:	67a3      	str	r3, [r4, #120]	@ 0x78
1000274e:	f7ff ff2d 	bl	100025ac <xosc_init>
10002752:	2201      	movs	r2, #1
10002754:	4b27      	ldr	r3, [pc, #156]	@ (100027f4 <runtime_init_clocks+0xb0>)
10002756:	601a      	str	r2, [r3, #0]
10002758:	6c63      	ldr	r3, [r4, #68]	@ 0x44
1000275a:	2b01      	cmp	r3, #1
1000275c:	d1fc      	bne.n	10002758 <runtime_init_clocks+0x14>
1000275e:	2203      	movs	r2, #3
10002760:	4b25      	ldr	r3, [pc, #148]	@ (100027f8 <runtime_init_clocks+0xb4>)
10002762:	601a      	str	r2, [r3, #0]
10002764:	4a22      	ldr	r2, [pc, #136]	@ (100027f0 <runtime_init_clocks+0xac>)
10002766:	6b93      	ldr	r3, [r2, #56]	@ 0x38
10002768:	2b01      	cmp	r3, #1
1000276a:	d1fc      	bne.n	10002766 <runtime_init_clocks+0x22>
1000276c:	3301      	adds	r3, #1
1000276e:	9300      	str	r3, [sp, #0]
10002770:	2101      	movs	r1, #1
10002772:	4a22      	ldr	r2, [pc, #136]	@ (100027fc <runtime_init_clocks+0xb8>)
10002774:	4822      	ldr	r0, [pc, #136]	@ (10002800 <runtime_init_clocks+0xbc>)
10002776:	3304      	adds	r3, #4
10002778:	f7ff fdd8 	bl	1000232c <pll_init>
1000277c:	2305      	movs	r3, #5
1000277e:	2101      	movs	r1, #1
10002780:	9300      	str	r3, [sp, #0]
10002782:	4a20      	ldr	r2, [pc, #128]	@ (10002804 <runtime_init_clocks+0xc0>)
10002784:	4820      	ldr	r0, [pc, #128]	@ (10002808 <runtime_init_clocks+0xc4>)
10002786:	f7ff fdd1 	bl	1000232c <pll_init>
1000278a:	2200      	movs	r2, #0
1000278c:	2102      	movs	r1, #2
1000278e:	2004      	movs	r0, #4
10002790:	4b1e      	ldr	r3, [pc, #120]	@ (1000280c <runtime_init_clocks+0xc8>)
10002792:	f7ff fd55 	bl	10002240 <clock_configure_undivided>
10002796:	2200      	movs	r2, #0
10002798:	2101      	movs	r1, #1
1000279a:	2005      	movs	r0, #5
1000279c:	4b1c      	ldr	r3, [pc, #112]	@ (10002810 <runtime_init_clocks+0xcc>)
1000279e:	f7ff fd4f 	bl	10002240 <clock_configure_undivided>
100027a2:	2200      	movs	r2, #0
100027a4:	2100      	movs	r1, #0
100027a6:	2007      	movs	r0, #7
100027a8:	4b1a      	ldr	r3, [pc, #104]	@ (10002814 <runtime_init_clocks+0xd0>)
100027aa:	f7ff fd49 	bl	10002240 <clock_configure_undivided>
100027ae:	2200      	movs	r2, #0
100027b0:	2100      	movs	r1, #0
100027b2:	2008      	movs	r0, #8
100027b4:	4b17      	ldr	r3, [pc, #92]	@ (10002814 <runtime_init_clocks+0xd0>)
100027b6:	f7ff fd43 	bl	10002240 <clock_configure_undivided>
100027ba:	2380      	movs	r3, #128	@ 0x80
100027bc:	00db      	lsls	r3, r3, #3
100027be:	9300      	str	r3, [sp, #0]
100027c0:	2200      	movs	r2, #0
100027c2:	2100      	movs	r1, #0
100027c4:	2009      	movs	r0, #9
100027c6:	4b13      	ldr	r3, [pc, #76]	@ (10002814 <runtime_init_clocks+0xd0>)
100027c8:	f7ff fcc4 	bl	10002154 <clock_configure_int_divider>
100027cc:	2200      	movs	r2, #0
100027ce:	4b10      	ldr	r3, [pc, #64]	@ (10002810 <runtime_init_clocks+0xcc>)
100027d0:	2100      	movs	r1, #0
100027d2:	2006      	movs	r0, #6
100027d4:	f7ff fd34 	bl	10002240 <clock_configure_undivided>
100027d8:	2004      	movs	r0, #4
100027da:	f7ff fda1 	bl	10002320 <clock_get_hz>
100027de:	490e      	ldr	r1, [pc, #56]	@ (10002818 <runtime_init_clocks+0xd4>)
100027e0:	f000 f84c 	bl	1000287c <__wrap___aeabi_uidiv>
100027e4:	0001      	movs	r1, r0
100027e6:	2000      	movs	r0, #0
100027e8:	f7ff fe94 	bl	10002514 <tick_start>
100027ec:	b002      	add	sp, #8
100027ee:	bd10      	pop	{r4, pc}
100027f0:	40008000 	.word	0x40008000
100027f4:	4000b03c 	.word	0x4000b03c
100027f8:	4000b030 	.word	0x4000b030
100027fc:	59682f00 	.word	0x59682f00
10002800:	40028000 	.word	0x40028000
10002804:	47868c00 	.word	0x47868c00
10002808:	4002c000 	.word	0x4002c000
1000280c:	00b71b00 	.word	0x00b71b00
10002810:	07735940 	.word	0x07735940
10002814:	02dc6c00 	.word	0x02dc6c00
10002818:	000f4240 	.word	0x000f4240

1000281c <__aeabi_bits_init>:
1000281c:	4801      	ldr	r0, [pc, #4]	@ (10002824 <__aeabi_bits_init+0x8>)
1000281e:	2104      	movs	r1, #4
10002820:	4b01      	ldr	r3, [pc, #4]	@ (10002828 <__aeabi_bits_init+0xc>)
10002822:	4718      	bx	r3
10002824:	20000fd0 	.word	0x20000fd0
10002828:	10002545 	.word	0x10002545

1000282c <__wrap___aeabi_idiv>:
1000282c:	4a12      	ldr	r2, [pc, #72]	@ (10002878 <divmod_s32s32_savestate+0x18>)
1000282e:	6f93      	ldr	r3, [r2, #120]	@ 0x78
10002830:	089b      	lsrs	r3, r3, #2
10002832:	d215      	bcs.n	10002860 <divmod_s32s32_savestate>

10002834 <divmod_s32s32_core>:
10002834:	6690      	str	r0, [r2, #104]	@ 0x68
10002836:	66d1      	str	r1, [r2, #108]	@ 0x6c
10002838:	2900      	cmp	r1, #0
1000283a:	d005      	beq.n	10002848 <divmod_s32s32_core+0x14>
1000283c:	e7ff      	b.n	1000283e <divmod_s32s32_core+0xa>
1000283e:	e7ff      	b.n	10002840 <divmod_s32s32_core+0xc>
10002840:	e7ff      	b.n	10002842 <divmod_s32s32_core+0xe>
10002842:	6f51      	ldr	r1, [r2, #116]	@ 0x74
10002844:	6f10      	ldr	r0, [r2, #112]	@ 0x70
10002846:	4770      	bx	lr
10002848:	b504      	push	{r2, lr}
1000284a:	2180      	movs	r1, #128	@ 0x80
1000284c:	0609      	lsls	r1, r1, #24
1000284e:	17c2      	asrs	r2, r0, #31
10002850:	4051      	eors	r1, r2
10002852:	2800      	cmp	r0, #0
10002854:	d000      	beq.n	10002858 <divmod_s32s32_core+0x24>
10002856:	43c8      	mvns	r0, r1
10002858:	f005 f806 	bl	10007868 <____aeabi_idiv0_veneer>
1000285c:	2100      	movs	r1, #0
1000285e:	bd04      	pop	{r2, pc}

10002860 <divmod_s32s32_savestate>:
10002860:	b5f0      	push	{r4, r5, r6, r7, lr}
10002862:	6e14      	ldr	r4, [r2, #96]	@ 0x60
10002864:	6e55      	ldr	r5, [r2, #100]	@ 0x64
10002866:	6f57      	ldr	r7, [r2, #116]	@ 0x74
10002868:	6f16      	ldr	r6, [r2, #112]	@ 0x70
1000286a:	f7ff ffe3 	bl	10002834 <divmod_s32s32_core>
1000286e:	6614      	str	r4, [r2, #96]	@ 0x60
10002870:	6655      	str	r5, [r2, #100]	@ 0x64
10002872:	6757      	str	r7, [r2, #116]	@ 0x74
10002874:	6716      	str	r6, [r2, #112]	@ 0x70
10002876:	bdf0      	pop	{r4, r5, r6, r7, pc}
10002878:	d0000000 	.word	0xd0000000

1000287c <__wrap___aeabi_uidiv>:
1000287c:	4a11      	ldr	r2, [pc, #68]	@ (100028c4 <divmod_u32u32_savestate+0x18>)
1000287e:	6f93      	ldr	r3, [r2, #120]	@ 0x78
10002880:	089b      	lsrs	r3, r3, #2
10002882:	d213      	bcs.n	100028ac <divmod_u32u32_savestate>

10002884 <divmod_u32u32_core>:
10002884:	6610      	str	r0, [r2, #96]	@ 0x60
10002886:	6651      	str	r1, [r2, #100]	@ 0x64
10002888:	2900      	cmp	r1, #0
1000288a:	d005      	beq.n	10002898 <divmod_u32u32_core+0x14>
1000288c:	e7ff      	b.n	1000288e <divmod_u32u32_core+0xa>
1000288e:	e7ff      	b.n	10002890 <divmod_u32u32_core+0xc>
10002890:	e7ff      	b.n	10002892 <divmod_u32u32_core+0xe>
10002892:	6f51      	ldr	r1, [r2, #116]	@ 0x74
10002894:	6f10      	ldr	r0, [r2, #112]	@ 0x70
10002896:	4770      	bx	lr
10002898:	b504      	push	{r2, lr}
1000289a:	2800      	cmp	r0, #0
1000289c:	d001      	beq.n	100028a2 <divmod_u32u32_core+0x1e>
1000289e:	2000      	movs	r0, #0
100028a0:	43c0      	mvns	r0, r0
100028a2:	f004 ffe1 	bl	10007868 <____aeabi_idiv0_veneer>
100028a6:	2100      	movs	r1, #0
100028a8:	bd04      	pop	{r2, pc}
100028aa:	46c0      	nop			@ (mov r8, r8)

100028ac <divmod_u32u32_savestate>:
100028ac:	b5f0      	push	{r4, r5, r6, r7, lr}
100028ae:	6e14      	ldr	r4, [r2, #96]	@ 0x60
100028b0:	6e55      	ldr	r5, [r2, #100]	@ 0x64
100028b2:	6f57      	ldr	r7, [r2, #116]	@ 0x74
100028b4:	6f16      	ldr	r6, [r2, #112]	@ 0x70
100028b6:	f7ff ffe5 	bl	10002884 <divmod_u32u32_core>
100028ba:	6614      	str	r4, [r2, #96]	@ 0x60
100028bc:	6655      	str	r5, [r2, #100]	@ 0x64
100028be:	6757      	str	r7, [r2, #116]	@ 0x74
100028c0:	6716      	str	r6, [r2, #112]	@ 0x70
100028c2:	bdf0      	pop	{r4, r5, r6, r7, pc}
100028c4:	d0000000 	.word	0xd0000000

100028c8 <__wrap___aeabi_ldivmod>:
100028c8:	4694      	mov	ip, r2
100028ca:	4a4a      	ldr	r2, [pc, #296]	@ (100029f4 <udiv0+0x1a>)
100028cc:	6f92      	ldr	r2, [r2, #120]	@ 0x78
100028ce:	0892      	lsrs	r2, r2, #2
100028d0:	4662      	mov	r2, ip
100028d2:	d201      	bcs.n	100028d8 <divmod_s64s64_savestate>
100028d4:	e028      	b.n	10002928 <divmod_s64s64_unsafe>
100028d6:	46c0      	nop			@ (mov r8, r8)

100028d8 <divmod_s64s64_savestate>:
100028d8:	b5f0      	push	{r4, r5, r6, r7, lr}
100028da:	4e46      	ldr	r6, [pc, #280]	@ (100029f4 <udiv0+0x1a>)
100028dc:	6e34      	ldr	r4, [r6, #96]	@ 0x60
100028de:	6e75      	ldr	r5, [r6, #100]	@ 0x64
100028e0:	6f77      	ldr	r7, [r6, #116]	@ 0x74
100028e2:	6f36      	ldr	r6, [r6, #112]	@ 0x70
100028e4:	f000 f820 	bl	10002928 <divmod_s64s64_unsafe>
100028e8:	4694      	mov	ip, r2
100028ea:	4a42      	ldr	r2, [pc, #264]	@ (100029f4 <udiv0+0x1a>)
100028ec:	6614      	str	r4, [r2, #96]	@ 0x60
100028ee:	6655      	str	r5, [r2, #100]	@ 0x64
100028f0:	6757      	str	r7, [r2, #116]	@ 0x74
100028f2:	6716      	str	r6, [r2, #112]	@ 0x70
100028f4:	4662      	mov	r2, ip
100028f6:	bdf0      	pop	{r4, r5, r6, r7, pc}

100028f8 <__wrap___aeabi_uldivmod>:
100028f8:	4694      	mov	ip, r2
100028fa:	4a3e      	ldr	r2, [pc, #248]	@ (100029f4 <udiv0+0x1a>)
100028fc:	6f92      	ldr	r2, [r2, #120]	@ 0x78
100028fe:	0892      	lsrs	r2, r2, #2
10002900:	4662      	mov	r2, ip
10002902:	d201      	bcs.n	10002908 <divmod_u64u64_savestate>
10002904:	e054      	b.n	100029b0 <divmod_u64u64_unsafe>
10002906:	46c0      	nop			@ (mov r8, r8)

10002908 <divmod_u64u64_savestate>:
10002908:	b5f0      	push	{r4, r5, r6, r7, lr}
1000290a:	4e3a      	ldr	r6, [pc, #232]	@ (100029f4 <udiv0+0x1a>)
1000290c:	6e34      	ldr	r4, [r6, #96]	@ 0x60
1000290e:	6e75      	ldr	r5, [r6, #100]	@ 0x64
10002910:	6f77      	ldr	r7, [r6, #116]	@ 0x74
10002912:	6f36      	ldr	r6, [r6, #112]	@ 0x70
10002914:	f000 f84c 	bl	100029b0 <divmod_u64u64_unsafe>
10002918:	4694      	mov	ip, r2
1000291a:	4a36      	ldr	r2, [pc, #216]	@ (100029f4 <udiv0+0x1a>)
1000291c:	6614      	str	r4, [r2, #96]	@ 0x60
1000291e:	6655      	str	r5, [r2, #100]	@ 0x64
10002920:	6757      	str	r7, [r2, #116]	@ 0x74
10002922:	6716      	str	r6, [r2, #112]	@ 0x70
10002924:	4662      	mov	r2, ip
10002926:	bdf0      	pop	{r4, r5, r6, r7, pc}

10002928 <divmod_s64s64_unsafe>:
10002928:	2b00      	cmp	r3, #0
1000292a:	db24      	blt.n	10002976 <l46_1+0x26>
1000292c:	d011      	beq.n	10002952 <l46_1+0x2>
1000292e:	2900      	cmp	r1, #0
10002930:	da3e      	bge.n	100029b0 <divmod_u64u64_unsafe>
10002932:	b500      	push	{lr}
10002934:	43c9      	mvns	r1, r1
10002936:	4240      	negs	r0, r0
10002938:	d100      	bne.n	1000293c <l44_1>
1000293a:	3101      	adds	r1, #1

1000293c <l44_1>:
1000293c:	f000 f838 	bl	100029b0 <divmod_u64u64_unsafe>
10002940:	43c9      	mvns	r1, r1
10002942:	4240      	negs	r0, r0
10002944:	d100      	bne.n	10002948 <l45_1>
10002946:	3101      	adds	r1, #1

10002948 <l45_1>:
10002948:	43db      	mvns	r3, r3
1000294a:	4252      	negs	r2, r2
1000294c:	d100      	bne.n	10002950 <l46_1>
1000294e:	3301      	adds	r3, #1

10002950 <l46_1>:
10002950:	bd00      	pop	{pc}
10002952:	2a00      	cmp	r2, #0
10002954:	d1eb      	bne.n	1000292e <divmod_s64s64_unsafe+0x6>
10002956:	2800      	cmp	r0, #0
10002958:	d101      	bne.n	1000295e <l46_1+0xe>
1000295a:	2900      	cmp	r1, #0
1000295c:	d005      	beq.n	1000296a <l46_1+0x1a>
1000295e:	2000      	movs	r0, #0
10002960:	0fc9      	lsrs	r1, r1, #31
10002962:	07c9      	lsls	r1, r1, #31
10002964:	d101      	bne.n	1000296a <l46_1+0x1a>
10002966:	43c0      	mvns	r0, r0
10002968:	0841      	lsrs	r1, r0, #1
1000296a:	b500      	push	{lr}
1000296c:	f004 ff64 	bl	10007838 <____aeabi_ldiv0_veneer>
10002970:	2200      	movs	r2, #0
10002972:	2300      	movs	r3, #0
10002974:	bd00      	pop	{pc}
10002976:	b500      	push	{lr}
10002978:	2900      	cmp	r1, #0
1000297a:	db0a      	blt.n	10002992 <l48_1+0x2>
1000297c:	43db      	mvns	r3, r3
1000297e:	4252      	negs	r2, r2
10002980:	d100      	bne.n	10002984 <l47_1>
10002982:	3301      	adds	r3, #1

10002984 <l47_1>:
10002984:	f000 f814 	bl	100029b0 <divmod_u64u64_unsafe>
10002988:	43c9      	mvns	r1, r1
1000298a:	4240      	negs	r0, r0
1000298c:	d100      	bne.n	10002990 <l48_1>
1000298e:	3101      	adds	r1, #1

10002990 <l48_1>:
10002990:	bd00      	pop	{pc}
10002992:	43c9      	mvns	r1, r1
10002994:	4240      	negs	r0, r0
10002996:	d100      	bne.n	1000299a <l49_1>
10002998:	3101      	adds	r1, #1

1000299a <l49_1>:
1000299a:	43db      	mvns	r3, r3
1000299c:	4252      	negs	r2, r2
1000299e:	d100      	bne.n	100029a2 <l50_1>
100029a0:	3301      	adds	r3, #1

100029a2 <l50_1>:
100029a2:	f000 f805 	bl	100029b0 <divmod_u64u64_unsafe>
100029a6:	43db      	mvns	r3, r3
100029a8:	4252      	negs	r2, r2
100029aa:	d100      	bne.n	100029ae <l51_1>
100029ac:	3301      	adds	r3, #1

100029ae <l51_1>:
100029ae:	bd00      	pop	{pc}

100029b0 <divmod_u64u64_unsafe>:
100029b0:	2900      	cmp	r1, #0
100029b2:	d123      	bne.n	100029fc <y64>
100029b4:	2b00      	cmp	r3, #0
100029b6:	d118      	bne.n	100029ea <udiv0+0x10>
100029b8:	2a00      	cmp	r2, #0
100029ba:	d00c      	beq.n	100029d6 <divmod_u64u64_unsafe+0x26>
100029bc:	46bc      	mov	ip, r7
100029be:	4f0d      	ldr	r7, [pc, #52]	@ (100029f4 <udiv0+0x1a>)
100029c0:	6638      	str	r0, [r7, #96]	@ 0x60
100029c2:	667a      	str	r2, [r7, #100]	@ 0x64
100029c4:	2100      	movs	r1, #0
100029c6:	2300      	movs	r3, #0
100029c8:	e7ff      	b.n	100029ca <divmod_u64u64_unsafe+0x1a>
100029ca:	e7ff      	b.n	100029cc <divmod_u64u64_unsafe+0x1c>
100029cc:	e7ff      	b.n	100029ce <divmod_u64u64_unsafe+0x1e>
100029ce:	6f7a      	ldr	r2, [r7, #116]	@ 0x74
100029d0:	6f38      	ldr	r0, [r7, #112]	@ 0x70
100029d2:	4667      	mov	r7, ip
100029d4:	4770      	bx	lr
100029d6:	2800      	cmp	r0, #0
100029d8:	d001      	beq.n	100029de <udiv0+0x4>

100029da <udiv0>:
100029da:	4807      	ldr	r0, [pc, #28]	@ (100029f8 <udiv0+0x1e>)
100029dc:	0001      	movs	r1, r0
100029de:	b500      	push	{lr}
100029e0:	f004 ff2a 	bl	10007838 <____aeabi_ldiv0_veneer>
100029e4:	2200      	movs	r2, #0
100029e6:	2300      	movs	r3, #0
100029e8:	bd00      	pop	{pc}
100029ea:	0002      	movs	r2, r0
100029ec:	000b      	movs	r3, r1
100029ee:	2000      	movs	r0, #0
100029f0:	2100      	movs	r1, #0
100029f2:	4770      	bx	lr
100029f4:	d0000000 	.word	0xd0000000
100029f8:	ffffffff 	.word	0xffffffff

100029fc <y64>:
100029fc:	2b00      	cmp	r3, #0
100029fe:	d000      	beq.n	10002a02 <y64+0x6>
10002a00:	e0bf      	b.n	10002b82 <y64_x48>
10002a02:	0c13      	lsrs	r3, r2, #16
10002a04:	d128      	bne.n	10002a58 <y64_x32>
10002a06:	2a00      	cmp	r2, #0
10002a08:	d0e7      	beq.n	100029da <udiv0>
10002a0a:	b480      	push	{r7}
10002a0c:	4f11      	ldr	r7, [pc, #68]	@ (10002a54 <y64+0x58>)
10002a0e:	6639      	str	r1, [r7, #96]	@ 0x60
10002a10:	667a      	str	r2, [r7, #100]	@ 0x64
10002a12:	e7ff      	b.n	10002a14 <y64+0x18>
10002a14:	e7ff      	b.n	10002a16 <y64+0x1a>
10002a16:	b430      	push	{r4, r5}
10002a18:	0c04      	lsrs	r4, r0, #16
10002a1a:	6f7b      	ldr	r3, [r7, #116]	@ 0x74
10002a1c:	6f39      	ldr	r1, [r7, #112]	@ 0x70
10002a1e:	041b      	lsls	r3, r3, #16
10002a20:	4323      	orrs	r3, r4
10002a22:	663b      	str	r3, [r7, #96]	@ 0x60
10002a24:	667a      	str	r2, [r7, #100]	@ 0x64
10002a26:	e7ff      	b.n	10002a28 <y64+0x2c>
10002a28:	e7ff      	b.n	10002a2a <y64+0x2e>
10002a2a:	e7ff      	b.n	10002a2c <y64+0x30>
10002a2c:	46c0      	nop			@ (mov r8, r8)
10002a2e:	b284      	uxth	r4, r0
10002a30:	6f7b      	ldr	r3, [r7, #116]	@ 0x74
10002a32:	6f3d      	ldr	r5, [r7, #112]	@ 0x70
10002a34:	041b      	lsls	r3, r3, #16
10002a36:	4323      	orrs	r3, r4
10002a38:	663b      	str	r3, [r7, #96]	@ 0x60
10002a3a:	667a      	str	r2, [r7, #100]	@ 0x64
10002a3c:	e7ff      	b.n	10002a3e <y64+0x42>
10002a3e:	e7ff      	b.n	10002a40 <y64+0x44>
10002a40:	46c0      	nop			@ (mov r8, r8)
10002a42:	2300      	movs	r3, #0
10002a44:	042c      	lsls	r4, r5, #16
10002a46:	0c2d      	lsrs	r5, r5, #16
10002a48:	6f7a      	ldr	r2, [r7, #116]	@ 0x74
10002a4a:	6f38      	ldr	r0, [r7, #112]	@ 0x70
10002a4c:	1900      	adds	r0, r0, r4
10002a4e:	4169      	adcs	r1, r5
10002a50:	bcb0      	pop	{r4, r5, r7}
10002a52:	4770      	bx	lr
10002a54:	d0000000 	.word	0xd0000000

10002a58 <y64_x32>:
10002a58:	b5f0      	push	{r4, r5, r6, r7, lr}
10002a5a:	4694      	mov	ip, r2
10002a5c:	2500      	movs	r5, #0
10002a5e:	0e14      	lsrs	r4, r2, #24
10002a60:	d101      	bne.n	10002a66 <y64_x32+0xe>
10002a62:	0212      	lsls	r2, r2, #8
10002a64:	3508      	adds	r5, #8
10002a66:	0f14      	lsrs	r4, r2, #28
10002a68:	d101      	bne.n	10002a6e <y64_x32+0x16>
10002a6a:	0112      	lsls	r2, r2, #4
10002a6c:	3504      	adds	r5, #4
10002a6e:	0f94      	lsrs	r4, r2, #30
10002a70:	d101      	bne.n	10002a76 <y64_x32+0x1e>
10002a72:	0092      	lsls	r2, r2, #2
10002a74:	3502      	adds	r5, #2
10002a76:	0fd4      	lsrs	r4, r2, #31
10002a78:	d101      	bne.n	10002a7e <y64_x32+0x26>
10002a7a:	0052      	lsls	r2, r2, #1
10002a7c:	3501      	adds	r5, #1
10002a7e:	0bd4      	lsrs	r4, r2, #15
10002a80:	3401      	adds	r4, #1
10002a82:	4f25      	ldr	r7, [pc, #148]	@ (10002b18 <y64_x32+0xc0>)
10002a84:	667c      	str	r4, [r7, #100]	@ 0x64
10002a86:	4c25      	ldr	r4, [pc, #148]	@ (10002b1c <y64_x32+0xc4>)
10002a88:	663c      	str	r4, [r7, #96]	@ 0x60
10002a8a:	0c0e      	lsrs	r6, r1, #16
10002a8c:	b293      	uxth	r3, r2
10002a8e:	e7ff      	b.n	10002a90 <y64_x32+0x38>
10002a90:	e7ff      	b.n	10002a92 <y64_x32+0x3a>
10002a92:	e7ff      	b.n	10002a94 <y64_x32+0x3c>
10002a94:	6f3c      	ldr	r4, [r7, #112]	@ 0x70
10002a96:	4366      	muls	r6, r4
10002a98:	0c36      	lsrs	r6, r6, #16
10002a9a:	0377      	lsls	r7, r6, #13
10002a9c:	46be      	mov	lr, r7
10002a9e:	4373      	muls	r3, r6
10002aa0:	0bdf      	lsrs	r7, r3, #15
10002aa2:	045b      	lsls	r3, r3, #17
10002aa4:	1ac0      	subs	r0, r0, r3
10002aa6:	41b9      	sbcs	r1, r7
10002aa8:	0c13      	lsrs	r3, r2, #16
10002aaa:	4373      	muls	r3, r6
10002aac:	18db      	adds	r3, r3, r3
10002aae:	1ac9      	subs	r1, r1, r3
10002ab0:	08ce      	lsrs	r6, r1, #3
10002ab2:	4366      	muls	r6, r4
10002ab4:	0c36      	lsrs	r6, r6, #16
10002ab6:	44b6      	add	lr, r6
10002ab8:	b293      	uxth	r3, r2
10002aba:	4373      	muls	r3, r6
10002abc:	0f1f      	lsrs	r7, r3, #28
10002abe:	011b      	lsls	r3, r3, #4
10002ac0:	1ac0      	subs	r0, r0, r3
10002ac2:	41b9      	sbcs	r1, r7
10002ac4:	0c13      	lsrs	r3, r2, #16
10002ac6:	4373      	muls	r3, r6
10002ac8:	0b1f      	lsrs	r7, r3, #12
10002aca:	051b      	lsls	r3, r3, #20
10002acc:	1ac0      	subs	r0, r0, r3
10002ace:	41b9      	sbcs	r1, r7
10002ad0:	0d86      	lsrs	r6, r0, #22
10002ad2:	028f      	lsls	r7, r1, #10
10002ad4:	433e      	orrs	r6, r7
10002ad6:	4366      	muls	r6, r4
10002ad8:	0c36      	lsrs	r6, r6, #16
10002ada:	2d09      	cmp	r5, #9
10002adc:	db24      	blt.n	10002b28 <last0>
10002ade:	0a52      	lsrs	r2, r2, #9
10002ae0:	4372      	muls	r2, r6
10002ae2:	1a80      	subs	r0, r0, r2
10002ae4:	0377      	lsls	r7, r6, #13
10002ae6:	0a46      	lsrs	r6, r0, #9
10002ae8:	4366      	muls	r6, r4
10002aea:	0c36      	lsrs	r6, r6, #16
10002aec:	2316      	movs	r3, #22
10002aee:	1b5b      	subs	r3, r3, r5
10002af0:	40de      	lsrs	r6, r3
10002af2:	40df      	lsrs	r7, r3
10002af4:	19bf      	adds	r7, r7, r6
10002af6:	4664      	mov	r4, ip
10002af8:	4366      	muls	r6, r4
10002afa:	1b82      	subs	r2, r0, r6
10002afc:	4670      	mov	r0, lr
10002afe:	3504      	adds	r5, #4
10002b00:	3306      	adds	r3, #6
10002b02:	0001      	movs	r1, r0
10002b04:	40d9      	lsrs	r1, r3
10002b06:	40a8      	lsls	r0, r5
10002b08:	19c0      	adds	r0, r0, r7
10002b0a:	d300      	bcc.n	10002b0e <y64_x32+0xb6>
10002b0c:	3101      	adds	r1, #1
10002b0e:	42a2      	cmp	r2, r4
10002b10:	d206      	bcs.n	10002b20 <y64_x32+0xc8>
10002b12:	2300      	movs	r3, #0
10002b14:	bdf0      	pop	{r4, r5, r6, r7, pc}
10002b16:	0000      	.short	0x0000
10002b18:	d0000000 	.word	0xd0000000
10002b1c:	ffffffff 	.word	0xffffffff
10002b20:	1b12      	subs	r2, r2, r4
10002b22:	3001      	adds	r0, #1
10002b24:	d3f3      	bcc.n	10002b0e <y64_x32+0xb6>
10002b26:	e7f1      	b.n	10002b0c <y64_x32+0xb4>

10002b28 <last0>:
10002b28:	2709      	movs	r7, #9
10002b2a:	1b7f      	subs	r7, r7, r5
10002b2c:	40fe      	lsrs	r6, r7
10002b2e:	4664      	mov	r4, ip
10002b30:	b2a2      	uxth	r2, r4
10002b32:	4372      	muls	r2, r6
10002b34:	1a80      	subs	r0, r0, r2
10002b36:	d200      	bcs.n	10002b3a <last0+0x12>
10002b38:	3901      	subs	r1, #1
10002b3a:	0c22      	lsrs	r2, r4, #16
10002b3c:	4372      	muls	r2, r6
10002b3e:	0c13      	lsrs	r3, r2, #16
10002b40:	0412      	lsls	r2, r2, #16
10002b42:	1a82      	subs	r2, r0, r2
10002b44:	4199      	sbcs	r1, r3
10002b46:	000b      	movs	r3, r1
10002b48:	4670      	mov	r0, lr
10002b4a:	3504      	adds	r5, #4
10002b4c:	3713      	adds	r7, #19
10002b4e:	0001      	movs	r1, r0
10002b50:	40f9      	lsrs	r1, r7
10002b52:	40a8      	lsls	r0, r5
10002b54:	1980      	adds	r0, r0, r6
10002b56:	d300      	bcc.n	10002b5a <last0+0x32>
10002b58:	3101      	adds	r1, #1
10002b5a:	2b00      	cmp	r3, #0
10002b5c:	d102      	bne.n	10002b64 <last0+0x3c>
10002b5e:	42a2      	cmp	r2, r4
10002b60:	d20a      	bcs.n	10002b78 <last0+0x50>
10002b62:	bdf0      	pop	{r4, r5, r6, r7, pc}
10002b64:	3001      	adds	r0, #1
10002b66:	d300      	bcc.n	10002b6a <last0+0x42>
10002b68:	3101      	adds	r1, #1
10002b6a:	1b12      	subs	r2, r2, r4
10002b6c:	d2fa      	bcs.n	10002b64 <last0+0x3c>
10002b6e:	3b01      	subs	r3, #1
10002b70:	d1f8      	bne.n	10002b64 <last0+0x3c>
10002b72:	42a2      	cmp	r2, r4
10002b74:	d200      	bcs.n	10002b78 <last0+0x50>
10002b76:	bdf0      	pop	{r4, r5, r6, r7, pc}
10002b78:	3001      	adds	r0, #1
10002b7a:	d300      	bcc.n	10002b7e <last0+0x56>
10002b7c:	3101      	adds	r1, #1
10002b7e:	1b12      	subs	r2, r2, r4
10002b80:	e7f7      	b.n	10002b72 <last0+0x4a>

10002b82 <y64_x48>:
10002b82:	b5f0      	push	{r4, r5, r6, r7, lr}
10002b84:	0c1c      	lsrs	r4, r3, #16
10002b86:	d000      	beq.n	10002b8a <y64_x48+0x8>
10002b88:	e080      	b.n	10002c8c <y64_x64>
10002b8a:	b40c      	push	{r2, r3}
10002b8c:	2500      	movs	r5, #0
10002b8e:	0a1c      	lsrs	r4, r3, #8
10002b90:	d104      	bne.n	10002b9c <y64_x48+0x1a>
10002b92:	021b      	lsls	r3, r3, #8
10002b94:	0e16      	lsrs	r6, r2, #24
10002b96:	4333      	orrs	r3, r6
10002b98:	0212      	lsls	r2, r2, #8
10002b9a:	3508      	adds	r5, #8
10002b9c:	0b1c      	lsrs	r4, r3, #12
10002b9e:	d104      	bne.n	10002baa <y64_x48+0x28>
10002ba0:	011b      	lsls	r3, r3, #4
10002ba2:	0f16      	lsrs	r6, r2, #28
10002ba4:	4333      	orrs	r3, r6
10002ba6:	0112      	lsls	r2, r2, #4
10002ba8:	3504      	adds	r5, #4
10002baa:	0b9c      	lsrs	r4, r3, #14
10002bac:	d104      	bne.n	10002bb8 <y64_x48+0x36>
10002bae:	009b      	lsls	r3, r3, #2
10002bb0:	0f96      	lsrs	r6, r2, #30
10002bb2:	4333      	orrs	r3, r6
10002bb4:	0092      	lsls	r2, r2, #2
10002bb6:	3502      	adds	r5, #2
10002bb8:	0bdc      	lsrs	r4, r3, #15
10002bba:	d102      	bne.n	10002bc2 <y64_x48+0x40>
10002bbc:	1892      	adds	r2, r2, r2
10002bbe:	415b      	adcs	r3, r3
10002bc0:	3501      	adds	r5, #1
10002bc2:	001c      	movs	r4, r3
10002bc4:	1897      	adds	r7, r2, r2
10002bc6:	4164      	adcs	r4, r4
10002bc8:	3401      	adds	r4, #1
10002bca:	4f46      	ldr	r7, [pc, #280]	@ (10002ce4 <y64_x64+0x58>)
10002bcc:	667c      	str	r4, [r7, #100]	@ 0x64
10002bce:	4c46      	ldr	r4, [pc, #280]	@ (10002ce8 <y64_x64+0x5c>)
10002bd0:	663c      	str	r4, [r7, #96]	@ 0x60
10002bd2:	0c0e      	lsrs	r6, r1, #16
10002bd4:	e7ff      	b.n	10002bd6 <y64_x48+0x54>
10002bd6:	e7ff      	b.n	10002bd8 <y64_x48+0x56>
10002bd8:	e7ff      	b.n	10002bda <y64_x48+0x58>
10002bda:	46c0      	nop			@ (mov r8, r8)
10002bdc:	6f3c      	ldr	r4, [r7, #112]	@ 0x70
10002bde:	4366      	muls	r6, r4
10002be0:	0c36      	lsrs	r6, r6, #16
10002be2:	0377      	lsls	r7, r6, #13
10002be4:	46be      	mov	lr, r7
10002be6:	b297      	uxth	r7, r2
10002be8:	4377      	muls	r7, r6
10002bea:	1bc0      	subs	r0, r0, r7
10002bec:	d200      	bcs.n	10002bf0 <y64_x48+0x6e>
10002bee:	3901      	subs	r1, #1
10002bf0:	1bc0      	subs	r0, r0, r7
10002bf2:	d200      	bcs.n	10002bf6 <y64_x48+0x74>
10002bf4:	3901      	subs	r1, #1
10002bf6:	b29f      	uxth	r7, r3
10002bf8:	4377      	muls	r7, r6
10002bfa:	1bc9      	subs	r1, r1, r7
10002bfc:	1bc9      	subs	r1, r1, r7
10002bfe:	0c17      	lsrs	r7, r2, #16
10002c00:	4377      	muls	r7, r6
10002c02:	047e      	lsls	r6, r7, #17
10002c04:	0bff      	lsrs	r7, r7, #15
10002c06:	1b80      	subs	r0, r0, r6
10002c08:	41b9      	sbcs	r1, r7
10002c0a:	08ce      	lsrs	r6, r1, #3
10002c0c:	4366      	muls	r6, r4
10002c0e:	0c36      	lsrs	r6, r6, #16
10002c10:	2d0c      	cmp	r5, #12
10002c12:	db33      	blt.n	10002c7c <last1>
10002c14:	44b6      	add	lr, r6
10002c16:	0b12      	lsrs	r2, r2, #12
10002c18:	051f      	lsls	r7, r3, #20
10002c1a:	433a      	orrs	r2, r7
10002c1c:	0b1b      	lsrs	r3, r3, #12
10002c1e:	b297      	uxth	r7, r2
10002c20:	4377      	muls	r7, r6
10002c22:	1bc0      	subs	r0, r0, r7
10002c24:	d200      	bcs.n	10002c28 <y64_x48+0xa6>
10002c26:	3901      	subs	r1, #1
10002c28:	b29f      	uxth	r7, r3
10002c2a:	4377      	muls	r7, r6
10002c2c:	1bc9      	subs	r1, r1, r7
10002c2e:	0c17      	lsrs	r7, r2, #16
10002c30:	4377      	muls	r7, r6
10002c32:	043e      	lsls	r6, r7, #16
10002c34:	0c3f      	lsrs	r7, r7, #16
10002c36:	1b80      	subs	r0, r0, r6
10002c38:	41b9      	sbcs	r1, r7
10002c3a:	0d86      	lsrs	r6, r0, #22
10002c3c:	028f      	lsls	r7, r1, #10
10002c3e:	433e      	orrs	r6, r7
10002c40:	4366      	muls	r6, r4
10002c42:	2729      	movs	r7, #41	@ 0x29
10002c44:	1b7f      	subs	r7, r7, r5
10002c46:	40fe      	lsrs	r6, r7
10002c48:	3d0c      	subs	r5, #12
10002c4a:	4677      	mov	r7, lr
10002c4c:	40af      	lsls	r7, r5
10002c4e:	19bf      	adds	r7, r7, r6
10002c50:	bc30      	pop	{r4, r5}
10002c52:	b2a2      	uxth	r2, r4
10002c54:	b2ab      	uxth	r3, r5
10002c56:	4372      	muls	r2, r6
10002c58:	4373      	muls	r3, r6
10002c5a:	1a80      	subs	r0, r0, r2
10002c5c:	4199      	sbcs	r1, r3
10002c5e:	0c22      	lsrs	r2, r4, #16
10002c60:	4372      	muls	r2, r6
10002c62:	0c13      	lsrs	r3, r2, #16
10002c64:	0412      	lsls	r2, r2, #16
10002c66:	1a80      	subs	r0, r0, r2
10002c68:	4199      	sbcs	r1, r3
10002c6a:	0002      	movs	r2, r0
10002c6c:	000b      	movs	r3, r1
10002c6e:	3701      	adds	r7, #1
10002c70:	1b00      	subs	r0, r0, r4
10002c72:	41a9      	sbcs	r1, r5
10002c74:	d2f9      	bcs.n	10002c6a <y64_x48+0xe8>
10002c76:	1e78      	subs	r0, r7, #1
10002c78:	2100      	movs	r1, #0
10002c7a:	bdf0      	pop	{r4, r5, r6, r7, pc}

10002c7c <last1>:
10002c7c:	270c      	movs	r7, #12
10002c7e:	1b7f      	subs	r7, r7, r5
10002c80:	40fe      	lsrs	r6, r7
10002c82:	4677      	mov	r7, lr
10002c84:	0b7f      	lsrs	r7, r7, #13
10002c86:	40af      	lsls	r7, r5
10002c88:	19ff      	adds	r7, r7, r7
10002c8a:	e7e0      	b.n	10002c4e <y64_x48+0xcc>

10002c8c <y64_x64>:
10002c8c:	2400      	movs	r4, #0
10002c8e:	1c5d      	adds	r5, r3, #1
10002c90:	d007      	beq.n	10002ca2 <y64_x64+0x16>
10002c92:	4f14      	ldr	r7, [pc, #80]	@ (10002ce4 <y64_x64+0x58>)
10002c94:	667d      	str	r5, [r7, #100]	@ 0x64
10002c96:	6639      	str	r1, [r7, #96]	@ 0x60
10002c98:	e7ff      	b.n	10002c9a <y64_x64+0xe>
10002c9a:	e7ff      	b.n	10002c9c <y64_x64+0x10>
10002c9c:	e7ff      	b.n	10002c9e <y64_x64+0x12>
10002c9e:	e7ff      	b.n	10002ca0 <y64_x64+0x14>
10002ca0:	6f3c      	ldr	r4, [r7, #112]	@ 0x70
10002ca2:	b295      	uxth	r5, r2
10002ca4:	b29e      	uxth	r6, r3
10002ca6:	4365      	muls	r5, r4
10002ca8:	4366      	muls	r6, r4
10002caa:	1b40      	subs	r0, r0, r5
10002cac:	41b1      	sbcs	r1, r6
10002cae:	0c15      	lsrs	r5, r2, #16
10002cb0:	0c1e      	lsrs	r6, r3, #16
10002cb2:	4365      	muls	r5, r4
10002cb4:	4366      	muls	r6, r4
10002cb6:	0436      	lsls	r6, r6, #16
10002cb8:	0c2f      	lsrs	r7, r5, #16
10002cba:	433e      	orrs	r6, r7
10002cbc:	042d      	lsls	r5, r5, #16
10002cbe:	1b40      	subs	r0, r0, r5
10002cc0:	41b1      	sbcs	r1, r6
10002cc2:	4299      	cmp	r1, r3
10002cc4:	d204      	bcs.n	10002cd0 <y64_x64+0x44>
10002cc6:	0002      	movs	r2, r0
10002cc8:	000b      	movs	r3, r1
10002cca:	0020      	movs	r0, r4
10002ccc:	2100      	movs	r1, #0
10002cce:	bdf0      	pop	{r4, r5, r6, r7, pc}
10002cd0:	d101      	bne.n	10002cd6 <y64_x64+0x4a>
10002cd2:	4290      	cmp	r0, r2
10002cd4:	d3f7      	bcc.n	10002cc6 <y64_x64+0x3a>
10002cd6:	1a80      	subs	r0, r0, r2
10002cd8:	4199      	sbcs	r1, r3
10002cda:	3401      	adds	r4, #1
10002cdc:	4299      	cmp	r1, r3
10002cde:	d3f2      	bcc.n	10002cc6 <y64_x64+0x3a>
10002ce0:	e7f6      	b.n	10002cd0 <y64_x64+0x44>
10002ce2:	0000      	.short	0x0000
10002ce4:	d0000000 	.word	0xd0000000
10002ce8:	ffffffff 	.word	0xffffffff

10002cec <__wrap___aeabi_drsub>:
10002cec:	4048      	eors	r0, r1
10002cee:	4041      	eors	r1, r0
10002cf0:	4048      	eors	r0, r1

10002cf2 <__wrap___aeabi_dsub>:
10002cf2:	b418      	push	{r3, r4}
10002cf4:	4b1b      	ldr	r3, [pc, #108]	@ (10002d64 <__wrap___aeabi_dmul+0x12>)
10002cf6:	685b      	ldr	r3, [r3, #4]
10002cf8:	46fc      	mov	ip, pc
10002cfa:	9301      	str	r3, [sp, #4]
10002cfc:	bd08      	pop	{r3, pc}
10002cfe:	df04      	.short	0xdf04
10002d00:	10002f97 	.word	0x10002f97

10002d04 <__wrap___aeabi_dadd>:
10002d04:	b418      	push	{r3, r4}
10002d06:	4b17      	ldr	r3, [pc, #92]	@ (10002d64 <__wrap___aeabi_dmul+0x12>)
10002d08:	681b      	ldr	r3, [r3, #0]
10002d0a:	46fc      	mov	ip, pc
10002d0c:	9301      	str	r3, [sp, #4]
10002d0e:	bd08      	pop	{r3, pc}
10002d10:	2fa1df00 	.word	0x2fa1df00
10002d14:	1000      	.short	0x1000

10002d16 <__wrap___aeabi_ddiv>:
10002d16:	4694      	mov	ip, r2
10002d18:	4a13      	ldr	r2, [pc, #76]	@ (10002d68 <__wrap___aeabi_dmul+0x16>)
10002d1a:	6f92      	ldr	r2, [r2, #120]	@ 0x78
10002d1c:	0892      	lsrs	r2, r2, #2
10002d1e:	d209      	bcs.n	10002d34 <ddiv_save_state>
10002d20:	4662      	mov	r2, ip

10002d22 <ddiv_shim_call>:
10002d22:	b418      	push	{r3, r4}
10002d24:	4b0f      	ldr	r3, [pc, #60]	@ (10002d64 <__wrap___aeabi_dmul+0x12>)
10002d26:	68db      	ldr	r3, [r3, #12]
10002d28:	46fc      	mov	ip, pc
10002d2a:	9301      	str	r3, [sp, #4]
10002d2c:	bd08      	pop	{r3, pc}
10002d2e:	df0c      	.short	0xdf0c
10002d30:	10003259 	.word	0x10003259

10002d34 <ddiv_save_state>:
10002d34:	4a0c      	ldr	r2, [pc, #48]	@ (10002d68 <__wrap___aeabi_dmul+0x16>)
10002d36:	b5f0      	push	{r4, r5, r6, r7, lr}
10002d38:	6e14      	ldr	r4, [r2, #96]	@ 0x60
10002d3a:	6e55      	ldr	r5, [r2, #100]	@ 0x64
10002d3c:	6f57      	ldr	r7, [r2, #116]	@ 0x74
10002d3e:	6f16      	ldr	r6, [r2, #112]	@ 0x70
10002d40:	4662      	mov	r2, ip
10002d42:	f7ff ffee 	bl	10002d22 <ddiv_shim_call>
10002d46:	4a08      	ldr	r2, [pc, #32]	@ (10002d68 <__wrap___aeabi_dmul+0x16>)
10002d48:	6614      	str	r4, [r2, #96]	@ 0x60
10002d4a:	6655      	str	r5, [r2, #100]	@ 0x64
10002d4c:	6757      	str	r7, [r2, #116]	@ 0x74
10002d4e:	6716      	str	r6, [r2, #112]	@ 0x70
10002d50:	bdf0      	pop	{r4, r5, r6, r7, pc}

10002d52 <__wrap___aeabi_dmul>:
10002d52:	b418      	push	{r3, r4}
10002d54:	4b03      	ldr	r3, [pc, #12]	@ (10002d64 <__wrap___aeabi_dmul+0x12>)
10002d56:	689b      	ldr	r3, [r3, #8]
10002d58:	46fc      	mov	ip, pc
10002d5a:	9301      	str	r3, [sp, #4]
10002d5c:	bd08      	pop	{r3, pc}
10002d5e:	df08      	.short	0xdf08
10002d60:	100030fd 	.word	0x100030fd
10002d64:	20001298 	.word	0x20001298
10002d68:	d0000000 	.word	0xd0000000

10002d6c <__wrap___aeabi_cdrcmple>:
10002d6c:	b5ff      	push	{r0, r1, r2, r3, r4, r5, r6, r7, lr}
10002d6e:	4050      	eors	r0, r2
10002d70:	4042      	eors	r2, r0
10002d72:	4050      	eors	r0, r2
10002d74:	4059      	eors	r1, r3
10002d76:	404b      	eors	r3, r1
10002d78:	4059      	eors	r1, r3
10002d7a:	e000      	b.n	10002d7e <__aeabi_dfcmple_guts>

10002d7c <__wrap___aeabi_cdcmpeq>:
10002d7c:	b5ff      	push	{r0, r1, r2, r3, r4, r5, r6, r7, lr}

10002d7e <__aeabi_dfcmple_guts>:
10002d7e:	4f15      	ldr	r7, [pc, #84]	@ (10002dd4 <__aeabi_dfcmple_guts+0x56>)
10002d80:	004c      	lsls	r4, r1, #1
10002d82:	0d64      	lsrs	r4, r4, #21
10002d84:	d003      	beq.n	10002d8e <__aeabi_dfcmple_guts+0x10>
10002d86:	42bc      	cmp	r4, r7
10002d88:	d104      	bne.n	10002d94 <__aeabi_dfcmple_guts+0x16>
10002d8a:	030c      	lsls	r4, r1, #12
10002d8c:	d814      	bhi.n	10002db8 <__aeabi_dfcmple_guts+0x3a>
10002d8e:	2000      	movs	r0, #0
10002d90:	0d09      	lsrs	r1, r1, #20
10002d92:	0509      	lsls	r1, r1, #20
10002d94:	005c      	lsls	r4, r3, #1
10002d96:	0d64      	lsrs	r4, r4, #21
10002d98:	d003      	beq.n	10002da2 <__aeabi_dfcmple_guts+0x24>
10002d9a:	42bc      	cmp	r4, r7
10002d9c:	d104      	bne.n	10002da8 <__aeabi_dfcmple_guts+0x2a>
10002d9e:	031c      	lsls	r4, r3, #12
10002da0:	d80a      	bhi.n	10002db8 <__aeabi_dfcmple_guts+0x3a>
10002da2:	2200      	movs	r2, #0
10002da4:	0d1b      	lsrs	r3, r3, #20
10002da6:	051b      	lsls	r3, r3, #20
10002da8:	2601      	movs	r6, #1
10002daa:	404b      	eors	r3, r1
10002dac:	d409      	bmi.n	10002dc2 <__aeabi_dfcmple_guts+0x44>
10002dae:	404b      	eors	r3, r1
10002db0:	d503      	bpl.n	10002dba <__aeabi_dfcmple_guts+0x3c>
10002db2:	428b      	cmp	r3, r1
10002db4:	d100      	bne.n	10002db8 <__aeabi_dfcmple_guts+0x3a>
10002db6:	4282      	cmp	r2, r0
10002db8:	bdff      	pop	{r0, r1, r2, r3, r4, r5, r6, r7, pc}
10002dba:	4299      	cmp	r1, r3
10002dbc:	d1fc      	bne.n	10002db8 <__aeabi_dfcmple_guts+0x3a>
10002dbe:	4290      	cmp	r0, r2
10002dc0:	bdff      	pop	{r0, r1, r2, r3, r4, r5, r6, r7, pc}
10002dc2:	430b      	orrs	r3, r1
10002dc4:	18db      	adds	r3, r3, r3
10002dc6:	4303      	orrs	r3, r0
10002dc8:	4313      	orrs	r3, r2
10002dca:	d0f5      	beq.n	10002db8 <__aeabi_dfcmple_guts+0x3a>
10002dcc:	43c9      	mvns	r1, r1
10002dce:	1849      	adds	r1, r1, r1
10002dd0:	bdff      	pop	{r0, r1, r2, r3, r4, r5, r6, r7, pc}
10002dd2:	0000      	.short	0x0000
10002dd4:	000007ff 	.word	0x000007ff

10002dd8 <__wrap___aeabi_dcmplt>:
10002dd8:	b500      	push	{lr}
10002dda:	f7ff ffcf 	bl	10002d7c <__wrap___aeabi_cdcmpeq>
10002dde:	4180      	sbcs	r0, r0
10002de0:	bd00      	pop	{pc}
10002de2:	46c0      	nop			@ (mov r8, r8)

10002de4 <__wrap___aeabi_dcmple>:
10002de4:	b500      	push	{lr}
10002de6:	f7ff ffc9 	bl	10002d7c <__wrap___aeabi_cdcmpeq>
10002dea:	d901      	bls.n	10002df0 <__wrap___aeabi_dcmple+0xc>
10002dec:	2000      	movs	r0, #0
10002dee:	bd00      	pop	{pc}
10002df0:	2001      	movs	r0, #1
10002df2:	bd00      	pop	{pc}

10002df4 <__wrap___aeabi_dcmpge>:
10002df4:	b500      	push	{lr}
10002df6:	f7ff ffb9 	bl	10002d6c <__wrap___aeabi_cdrcmple>
10002dfa:	d901      	bls.n	10002e00 <__wrap___aeabi_dcmpge+0xc>
10002dfc:	2000      	movs	r0, #0
10002dfe:	bd00      	pop	{pc}
10002e00:	2001      	movs	r0, #1
10002e02:	bd00      	pop	{pc}

10002e04 <__wrap___aeabi_dcmpgt>:
10002e04:	b500      	push	{lr}
10002e06:	f7ff ffb1 	bl	10002d6c <__wrap___aeabi_cdrcmple>
10002e0a:	4180      	sbcs	r0, r0
10002e0c:	bd00      	pop	{pc}

10002e0e <__wrap___aeabi_dcmpun>:
10002e0e:	2001      	movs	r0, #1
10002e10:	0540      	lsls	r0, r0, #21
10002e12:	004a      	lsls	r2, r1, #1
10002e14:	1812      	adds	r2, r2, r0
10002e16:	d804      	bhi.n	10002e22 <__wrap___aeabi_dcmpun+0x14>
10002e18:	005a      	lsls	r2, r3, #1
10002e1a:	1812      	adds	r2, r2, r0
10002e1c:	d801      	bhi.n	10002e22 <__wrap___aeabi_dcmpun+0x14>
10002e1e:	2000      	movs	r0, #0
10002e20:	4770      	bx	lr
10002e22:	2001      	movs	r0, #1
10002e24:	4770      	bx	lr
	...

10002e28 <__wrap___aeabi_ui2d>:
10002e28:	2100      	movs	r1, #0
10002e2a:	2800      	cmp	r0, #0
10002e2c:	d105      	bne.n	10002e3a <__wrap___aeabi_i2d+0xa>
10002e2e:	4770      	bx	lr

10002e30 <__wrap___aeabi_i2d>:
10002e30:	17c1      	asrs	r1, r0, #31
10002e32:	4048      	eors	r0, r1
10002e34:	1a40      	subs	r0, r0, r1
10002e36:	d0fa      	beq.n	10002e2e <__wrap___aeabi_ui2d+0x6>
10002e38:	07c9      	lsls	r1, r1, #31
10002e3a:	b513      	push	{r0, r1, r4, lr}
10002e3c:	4b06      	ldr	r3, [pc, #24]	@ (10002e58 <__wrap___aeabi_i2d+0x28>)
10002e3e:	681b      	ldr	r3, [r3, #0]
10002e40:	4798      	blx	r3
10002e42:	bc0c      	pop	{r2, r3}
10002e44:	1c44      	adds	r4, r0, #1
10002e46:	40a2      	lsls	r2, r4
10002e48:	0510      	lsls	r0, r2, #20
10002e4a:	0b12      	lsrs	r2, r2, #12
10002e4c:	4903      	ldr	r1, [pc, #12]	@ (10002e5c <__wrap___aeabi_i2d+0x2c>)
10002e4e:	1b09      	subs	r1, r1, r4
10002e50:	0509      	lsls	r1, r1, #20
10002e52:	4319      	orrs	r1, r3
10002e54:	4311      	orrs	r1, r2
10002e56:	bd10      	pop	{r4, pc}
10002e58:	20001c38 	.word	0x20001c38
10002e5c:	0000041f 	.word	0x0000041f

10002e60 <__wrap___aeabi_d2iz>:
10002e60:	b510      	push	{r4, lr}
10002e62:	004c      	lsls	r4, r1, #1
10002e64:	0d62      	lsrs	r2, r4, #21
10002e66:	2380      	movs	r3, #128	@ 0x80
10002e68:	18d2      	adds	r2, r2, r3
10002e6a:	00db      	lsls	r3, r3, #3
10002e6c:	1ad2      	subs	r2, r2, r3
10002e6e:	055b      	lsls	r3, r3, #21
10002e70:	2a7e      	cmp	r2, #126	@ 0x7e
10002e72:	dd10      	ble.n	10002e96 <__wrap___aeabi_d2iz+0x36>
10002e74:	3a9e      	subs	r2, #158	@ 0x9e
10002e76:	da13      	bge.n	10002ea0 <__wrap___aeabi_d2iz+0x40>
10002e78:	17cc      	asrs	r4, r1, #31
10002e7a:	0309      	lsls	r1, r1, #12
10002e7c:	0849      	lsrs	r1, r1, #1
10002e7e:	4319      	orrs	r1, r3
10002e80:	4252      	negs	r2, r2
10002e82:	40d1      	lsrs	r1, r2
10002e84:	0064      	lsls	r4, r4, #1
10002e86:	3401      	adds	r4, #1
10002e88:	3215      	adds	r2, #21
10002e8a:	2a20      	cmp	r2, #32
10002e8c:	da05      	bge.n	10002e9a <__wrap___aeabi_d2iz+0x3a>
10002e8e:	40d0      	lsrs	r0, r2
10002e90:	4308      	orrs	r0, r1
10002e92:	4360      	muls	r0, r4
10002e94:	bd10      	pop	{r4, pc}
10002e96:	2000      	movs	r0, #0
10002e98:	bd10      	pop	{r4, pc}
10002e9a:	4608      	mov	r0, r1
10002e9c:	4360      	muls	r0, r4
10002e9e:	bd10      	pop	{r4, pc}
10002ea0:	0fc8      	lsrs	r0, r1, #31
10002ea2:	18c0      	adds	r0, r0, r3
10002ea4:	3801      	subs	r0, #1
10002ea6:	bd10      	pop	{r4, pc}

10002ea8 <__wrap___aeabi_d2uiz>:
10002ea8:	b418      	push	{r3, r4}
10002eaa:	4b04      	ldr	r3, [pc, #16]	@ (10002ebc <__wrap___aeabi_d2uiz+0x14>)
10002eac:	6a5b      	ldr	r3, [r3, #36]	@ 0x24
10002eae:	46fc      	mov	ip, pc
10002eb0:	9301      	str	r3, [sp, #4]
10002eb2:	bd08      	pop	{r3, pc}
10002eb4:	3409df24 	.word	0x3409df24
10002eb8:	00001000 	.word	0x00001000
10002ebc:	20001298 	.word	0x20001298

10002ec0 <__aeabi_double_init>:
10002ec0:	2313      	movs	r3, #19
10002ec2:	b570      	push	{r4, r5, r6, lr}
10002ec4:	781d      	ldrb	r5, [r3, #0]
10002ec6:	2d01      	cmp	r5, #1
10002ec8:	d019      	beq.n	10002efe <__aeabi_double_init+0x3e>
10002eca:	dd14      	ble.n	10002ef6 <__aeabi_double_init+0x36>
10002ecc:	481f      	ldr	r0, [pc, #124]	@ (10002f4c <__aeabi_double_init+0x8c>)
10002ece:	f7ff fb31 	bl	10002534 <rom_data_lookup>
10002ed2:	0006      	movs	r6, r0
10002ed4:	481e      	ldr	r0, [pc, #120]	@ (10002f50 <__aeabi_double_init+0x90>)
10002ed6:	f7ff fb2d 	bl	10002534 <rom_data_lookup>
10002eda:	4c1e      	ldr	r4, [pc, #120]	@ (10002f54 <__aeabi_double_init+0x94>)
10002edc:	2280      	movs	r2, #128	@ 0x80
10002ede:	0031      	movs	r1, r6
10002ee0:	0020      	movs	r0, r4
10002ee2:	f000 fc01 	bl	100036e8 <__wrap___aeabi_memcpy>
10002ee6:	2d02      	cmp	r5, #2
10002ee8:	d02d      	beq.n	10002f46 <__aeabi_double_init+0x86>
10002eea:	481b      	ldr	r0, [pc, #108]	@ (10002f58 <__aeabi_double_init+0x98>)
10002eec:	f7ff fb1a 	bl	10002524 <rom_func_lookup>
10002ef0:	4b1a      	ldr	r3, [pc, #104]	@ (10002f5c <__aeabi_double_init+0x9c>)
10002ef2:	6018      	str	r0, [r3, #0]
10002ef4:	bd70      	pop	{r4, r5, r6, pc}
10002ef6:	4b1a      	ldr	r3, [pc, #104]	@ (10002f60 <__aeabi_double_init+0xa0>)
10002ef8:	4c16      	ldr	r4, [pc, #88]	@ (10002f54 <__aeabi_double_init+0x94>)
10002efa:	64a3      	str	r3, [r4, #72]	@ 0x48
10002efc:	e7f5      	b.n	10002eea <__aeabi_double_init+0x2a>
10002efe:	4b18      	ldr	r3, [pc, #96]	@ (10002f60 <__aeabi_double_init+0xa0>)
10002f00:	4c14      	ldr	r4, [pc, #80]	@ (10002f54 <__aeabi_double_init+0x94>)
10002f02:	6023      	str	r3, [r4, #0]
10002f04:	6063      	str	r3, [r4, #4]
10002f06:	60a3      	str	r3, [r4, #8]
10002f08:	60e3      	str	r3, [r4, #12]
10002f0a:	6123      	str	r3, [r4, #16]
10002f0c:	6163      	str	r3, [r4, #20]
10002f0e:	61a3      	str	r3, [r4, #24]
10002f10:	61e3      	str	r3, [r4, #28]
10002f12:	6223      	str	r3, [r4, #32]
10002f14:	6263      	str	r3, [r4, #36]	@ 0x24
10002f16:	62a3      	str	r3, [r4, #40]	@ 0x28
10002f18:	62e3      	str	r3, [r4, #44]	@ 0x2c
10002f1a:	6323      	str	r3, [r4, #48]	@ 0x30
10002f1c:	6363      	str	r3, [r4, #52]	@ 0x34
10002f1e:	63a3      	str	r3, [r4, #56]	@ 0x38
10002f20:	63e3      	str	r3, [r4, #60]	@ 0x3c
10002f22:	6423      	str	r3, [r4, #64]	@ 0x40
10002f24:	6463      	str	r3, [r4, #68]	@ 0x44
10002f26:	64a3      	str	r3, [r4, #72]	@ 0x48
10002f28:	64e3      	str	r3, [r4, #76]	@ 0x4c
10002f2a:	6523      	str	r3, [r4, #80]	@ 0x50
10002f2c:	6563      	str	r3, [r4, #84]	@ 0x54
10002f2e:	65a3      	str	r3, [r4, #88]	@ 0x58
10002f30:	65e3      	str	r3, [r4, #92]	@ 0x5c
10002f32:	6623      	str	r3, [r4, #96]	@ 0x60
10002f34:	6663      	str	r3, [r4, #100]	@ 0x64
10002f36:	66a3      	str	r3, [r4, #104]	@ 0x68
10002f38:	66e3      	str	r3, [r4, #108]	@ 0x6c
10002f3a:	6723      	str	r3, [r4, #112]	@ 0x70
10002f3c:	6763      	str	r3, [r4, #116]	@ 0x74
10002f3e:	67a3      	str	r3, [r4, #120]	@ 0x78
10002f40:	67e3      	str	r3, [r4, #124]	@ 0x7c
10002f42:	64a3      	str	r3, [r4, #72]	@ 0x48
10002f44:	e7d1      	b.n	10002eea <__aeabi_double_init+0x2a>
10002f46:	4b06      	ldr	r3, [pc, #24]	@ (10002f60 <__aeabi_double_init+0xa0>)
10002f48:	64a3      	str	r3, [r4, #72]	@ 0x48
10002f4a:	e7ce      	b.n	10002eea <__aeabi_double_init+0x2a>
10002f4c:	00004453 	.word	0x00004453
10002f50:	00004653 	.word	0x00004653
10002f54:	20001298 	.word	0x20001298
10002f58:	0000334c 	.word	0x0000334c
10002f5c:	20001c38 	.word	0x20001c38
10002f60:	10002f65 	.word	0x10002f65

10002f64 <double_table_shim_on_use_helper>:
10002f64:	b507      	push	{r0, r1, r2, lr}
10002f66:	4660      	mov	r0, ip
10002f68:	8801      	ldrh	r1, [r0, #0]
10002f6a:	0a0a      	lsrs	r2, r1, #8
10002f6c:	3002      	adds	r0, #2
10002f6e:	2adf      	cmp	r2, #223	@ 0xdf
10002f70:	d1fa      	bne.n	10002f68 <double_table_shim_on_use_helper+0x4>
10002f72:	b2c9      	uxtb	r1, r1
10002f74:	0882      	lsrs	r2, r0, #2
10002f76:	d304      	bcc.n	10002f82 <double_table_shim_on_use_helper+0x1e>
10002f78:	8802      	ldrh	r2, [r0, #0]
10002f7a:	8840      	ldrh	r0, [r0, #2]
10002f7c:	0400      	lsls	r0, r0, #16
10002f7e:	4310      	orrs	r0, r2
10002f80:	e000      	b.n	10002f84 <double_table_shim_on_use_helper+0x20>
10002f82:	6800      	ldr	r0, [r0, #0]
10002f84:	4a01      	ldr	r2, [pc, #4]	@ (10002f8c <double_table_shim_on_use_helper+0x28>)
10002f86:	5050      	str	r0, [r2, r1]
10002f88:	9003      	str	r0, [sp, #12]
10002f8a:	bd07      	pop	{r0, r1, r2, pc}
10002f8c:	20001298 	.word	0x20001298

10002f90 <drsub_shim>:
10002f90:	b40f      	push	{r0, r1, r2, r3}
10002f92:	bc03      	pop	{r0, r1}
10002f94:	bc0c      	pop	{r2, r3}

10002f96 <dsub_shim>:
10002f96:	b5f0      	push	{r4, r5, r6, r7, lr}
10002f98:	2401      	movs	r4, #1
10002f9a:	07e4      	lsls	r4, r4, #31
10002f9c:	4063      	eors	r3, r4
10002f9e:	e000      	b.n	10002fa2 <da_entry>

10002fa0 <dadd_shim>:
10002fa0:	b5f0      	push	{r4, r5, r6, r7, lr}

10002fa2 <da_entry>:
10002fa2:	0d0c      	lsrs	r4, r1, #20
10002fa4:	0fcf      	lsrs	r7, r1, #31
10002fa6:	1e66      	subs	r6, r4, #1
10002fa8:	0536      	lsls	r6, r6, #20
10002faa:	1b89      	subs	r1, r1, r6
10002fac:	0564      	lsls	r4, r4, #21
10002fae:	d303      	bcc.n	10002fb8 <l8_1>
10002fb0:	43c9      	mvns	r1, r1
10002fb2:	4240      	negs	r0, r0
10002fb4:	d300      	bcc.n	10002fb8 <l8_1>
10002fb6:	3101      	adds	r1, #1

10002fb8 <l8_1>:
10002fb8:	0d64      	lsrs	r4, r4, #21
10002fba:	d003      	beq.n	10002fc4 <l8_2>
10002fbc:	1c66      	adds	r6, r4, #1
10002fbe:	0af6      	lsrs	r6, r6, #11
10002fc0:	d007      	beq.n	10002fd2 <l8_3>
10002fc2:	1be4      	subs	r4, r4, r7

10002fc4 <l8_2>:
10002fc4:	2000      	movs	r0, #0
10002fc6:	007f      	lsls	r7, r7, #1
10002fc8:	1c79      	adds	r1, r7, #1
10002fca:	0789      	lsls	r1, r1, #30
10002fcc:	1289      	asrs	r1, r1, #10
10002fce:	3c80      	subs	r4, #128	@ 0x80
10002fd0:	0324      	lsls	r4, r4, #12

10002fd2 <l8_3>:
10002fd2:	0d1d      	lsrs	r5, r3, #20
10002fd4:	0fdf      	lsrs	r7, r3, #31
10002fd6:	1e6e      	subs	r6, r5, #1
10002fd8:	0536      	lsls	r6, r6, #20
10002fda:	1b9b      	subs	r3, r3, r6
10002fdc:	056d      	lsls	r5, r5, #21
10002fde:	d303      	bcc.n	10002fe8 <l9_1>
10002fe0:	43db      	mvns	r3, r3
10002fe2:	4252      	negs	r2, r2
10002fe4:	d300      	bcc.n	10002fe8 <l9_1>
10002fe6:	3301      	adds	r3, #1

10002fe8 <l9_1>:
10002fe8:	0d6d      	lsrs	r5, r5, #21
10002fea:	d003      	beq.n	10002ff4 <l9_2>
10002fec:	1c6e      	adds	r6, r5, #1
10002fee:	0af6      	lsrs	r6, r6, #11
10002ff0:	d007      	beq.n	10003002 <l9_3>
10002ff2:	1bed      	subs	r5, r5, r7

10002ff4 <l9_2>:
10002ff4:	2200      	movs	r2, #0
10002ff6:	007f      	lsls	r7, r7, #1
10002ff8:	1c7b      	adds	r3, r7, #1
10002ffa:	079b      	lsls	r3, r3, #30
10002ffc:	129b      	asrs	r3, r3, #10
10002ffe:	3d80      	subs	r5, #128	@ 0x80
10003000:	032d      	lsls	r5, r5, #12

10003002 <l9_3>:
10003002:	1b2f      	subs	r7, r5, r4
10003004:	1b66      	subs	r6, r4, r5
10003006:	d458      	bmi.n	100030ba <da_ygtx>
10003008:	46a4      	mov	ip, r4
1000300a:	2e20      	cmp	r6, #32
1000300c:	da46      	bge.n	1000309c <da_xrgty>
1000300e:	3720      	adds	r7, #32
10003010:	0014      	movs	r4, r2
10003012:	40bc      	lsls	r4, r7

10003014 <da_xgty0>:
10003014:	001d      	movs	r5, r3
10003016:	40bd      	lsls	r5, r7
10003018:	40f2      	lsrs	r2, r6
1000301a:	4133      	asrs	r3, r6
1000301c:	432a      	orrs	r2, r5

1000301e <da_add>:
1000301e:	1880      	adds	r0, r0, r2
10003020:	4159      	adcs	r1, r3

10003022 <da_pack>:
10003022:	0fcb      	lsrs	r3, r1, #31
10003024:	d005      	beq.n	10003032 <da_pack+0x10>
10003026:	43c9      	mvns	r1, r1
10003028:	43c0      	mvns	r0, r0
1000302a:	2200      	movs	r2, #0
1000302c:	4264      	negs	r4, r4
1000302e:	4150      	adcs	r0, r2
10003030:	4151      	adcs	r1, r2
10003032:	4662      	mov	r2, ip
10003034:	0d4d      	lsrs	r5, r1, #21
10003036:	d128      	bne.n	1000308a <da_0>
10003038:	0d0d      	lsrs	r5, r1, #20
1000303a:	d107      	bne.n	1000304c <da_1>
1000303c:	2800      	cmp	r0, #0
1000303e:	d01f      	beq.n	10003080 <da_5>

10003040 <da_2>:
10003040:	1924      	adds	r4, r4, r4
10003042:	4140      	adcs	r0, r0
10003044:	4149      	adcs	r1, r1
10003046:	3a01      	subs	r2, #1
10003048:	0d0d      	lsrs	r5, r1, #20
1000304a:	d0f9      	beq.n	10003040 <da_2>

1000304c <da_1>:
1000304c:	0064      	lsls	r4, r4, #1
1000304e:	d306      	bcc.n	1000305e <da_3>

10003050 <da_4>:
10003050:	3001      	adds	r0, #1
10003052:	d300      	bcc.n	10003056 <da_4+0x6>
10003054:	3101      	adds	r1, #1
10003056:	2c00      	cmp	r4, #0
10003058:	d101      	bne.n	1000305e <da_3>
1000305a:	0840      	lsrs	r0, r0, #1
1000305c:	0040      	lsls	r0, r0, #1

1000305e <da_3>:
1000305e:	3a01      	subs	r2, #1
10003060:	d40b      	bmi.n	1000307a <da_6>
10003062:	1c94      	adds	r4, r2, #2
10003064:	0ae4      	lsrs	r4, r4, #11
10003066:	d104      	bne.n	10003072 <da_7>
10003068:	0512      	lsls	r2, r2, #20
1000306a:	4411      	add	r1, r2
1000306c:	07db      	lsls	r3, r3, #31
1000306e:	4419      	add	r1, r3
10003070:	bdf0      	pop	{r4, r5, r6, r7, pc}

10003072 <da_7>:
10003072:	07d9      	lsls	r1, r3, #31
10003074:	4b20      	ldr	r3, [pc, #128]	@ (100030f8 <da_xmgty+0x4>)
10003076:	4319      	orrs	r1, r3
10003078:	e000      	b.n	1000307c <da_6+0x2>

1000307a <da_6>:
1000307a:	07d9      	lsls	r1, r3, #31
1000307c:	2000      	movs	r0, #0
1000307e:	bdf0      	pop	{r4, r5, r6, r7, pc}

10003080 <da_5>:
10003080:	2900      	cmp	r1, #0
10003082:	d1dd      	bne.n	10003040 <da_2>
10003084:	2c00      	cmp	r4, #0
10003086:	d1db      	bne.n	10003040 <da_2>
10003088:	bdf0      	pop	{r4, r5, r6, r7, pc}

1000308a <da_0>:
1000308a:	3201      	adds	r2, #1
1000308c:	07c6      	lsls	r6, r0, #31
1000308e:	0840      	lsrs	r0, r0, #1
10003090:	07cd      	lsls	r5, r1, #31
10003092:	4328      	orrs	r0, r5
10003094:	0849      	lsrs	r1, r1, #1
10003096:	2e00      	cmp	r6, #0
10003098:	d0e1      	beq.n	1000305e <da_3>
1000309a:	e7d9      	b.n	10003050 <da_4>

1000309c <da_xrgty>:
1000309c:	2e3c      	cmp	r6, #60	@ 0x3c
1000309e:	da29      	bge.n	100030f4 <da_xmgty>
100030a0:	3e20      	subs	r6, #32
100030a2:	3740      	adds	r7, #64	@ 0x40
100030a4:	0014      	movs	r4, r2
100030a6:	40bc      	lsls	r4, r7
100030a8:	d000      	beq.n	100030ac <da_xrgty+0x10>
100030aa:	2401      	movs	r4, #1
100030ac:	40f2      	lsrs	r2, r6
100030ae:	4314      	orrs	r4, r2
100030b0:	001a      	movs	r2, r3
100030b2:	40bb      	lsls	r3, r7
100030b4:	431c      	orrs	r4, r3
100030b6:	17d3      	asrs	r3, r2, #31
100030b8:	e7ac      	b.n	10003014 <da_xgty0>

100030ba <da_ygtx>:
100030ba:	46ac      	mov	ip, r5
100030bc:	2f20      	cmp	r7, #32
100030be:	da08      	bge.n	100030d2 <da_yrgtx>
100030c0:	3620      	adds	r6, #32
100030c2:	0004      	movs	r4, r0
100030c4:	40b4      	lsls	r4, r6

100030c6 <da_ygtx0>:
100030c6:	000d      	movs	r5, r1
100030c8:	40b5      	lsls	r5, r6
100030ca:	40f8      	lsrs	r0, r7
100030cc:	4139      	asrs	r1, r7
100030ce:	4328      	orrs	r0, r5
100030d0:	e7a5      	b.n	1000301e <da_add>

100030d2 <da_yrgtx>:
100030d2:	2f3c      	cmp	r7, #60	@ 0x3c
100030d4:	da0c      	bge.n	100030f0 <da_ymgtx>
100030d6:	3f20      	subs	r7, #32
100030d8:	3640      	adds	r6, #64	@ 0x40
100030da:	0004      	movs	r4, r0
100030dc:	40b4      	lsls	r4, r6
100030de:	d000      	beq.n	100030e2 <da_yrgtx+0x10>
100030e0:	2401      	movs	r4, #1
100030e2:	40f8      	lsrs	r0, r7
100030e4:	4304      	orrs	r4, r0
100030e6:	0008      	movs	r0, r1
100030e8:	40b1      	lsls	r1, r6
100030ea:	430c      	orrs	r4, r1
100030ec:	17c1      	asrs	r1, r0, #31
100030ee:	e7ea      	b.n	100030c6 <da_ygtx0>

100030f0 <da_ymgtx>:
100030f0:	0010      	movs	r0, r2
100030f2:	0019      	movs	r1, r3

100030f4 <da_xmgty>:
100030f4:	2400      	movs	r4, #0
100030f6:	e794      	b.n	10003022 <da_pack>
100030f8:	7ff00000 	.word	0x7ff00000

100030fc <dmul_shim>:
100030fc:	b5f0      	push	{r4, r5, r6, r7, lr}
100030fe:	0d0c      	lsrs	r4, r1, #20
10003100:	1e66      	subs	r6, r4, #1
10003102:	0536      	lsls	r6, r6, #20
10003104:	1b89      	subs	r1, r1, r6
10003106:	0ae6      	lsrs	r6, r4, #11
10003108:	0564      	lsls	r4, r4, #21
1000310a:	0d64      	lsrs	r4, r4, #21
1000310c:	d002      	beq.n	10003114 <l12_1>
1000310e:	1c65      	adds	r5, r4, #1
10003110:	0aed      	lsrs	r5, r5, #11
10003112:	d004      	beq.n	1000311e <l12_2>

10003114 <l12_1>:
10003114:	2000      	movs	r0, #0
10003116:	2101      	movs	r1, #1
10003118:	0509      	lsls	r1, r1, #20
1000311a:	3c80      	subs	r4, #128	@ 0x80
1000311c:	0324      	lsls	r4, r4, #12

1000311e <l12_2>:
1000311e:	46a4      	mov	ip, r4
10003120:	0d1c      	lsrs	r4, r3, #20
10003122:	1e67      	subs	r7, r4, #1
10003124:	053f      	lsls	r7, r7, #20
10003126:	1bdb      	subs	r3, r3, r7
10003128:	0ae7      	lsrs	r7, r4, #11
1000312a:	0564      	lsls	r4, r4, #21
1000312c:	0d64      	lsrs	r4, r4, #21
1000312e:	d002      	beq.n	10003136 <l13_1>
10003130:	1c65      	adds	r5, r4, #1
10003132:	0aed      	lsrs	r5, r5, #11
10003134:	d004      	beq.n	10003140 <l13_2>

10003136 <l13_1>:
10003136:	2200      	movs	r2, #0
10003138:	2301      	movs	r3, #1
1000313a:	051b      	lsls	r3, r3, #20
1000313c:	3c80      	subs	r4, #128	@ 0x80
1000313e:	0324      	lsls	r4, r4, #12

10003140 <l13_2>:
10003140:	4077      	eors	r7, r6
10003142:	4464      	add	r4, ip
10003144:	b497      	push	{r0, r1, r2, r4, r7}
10003146:	b284      	uxth	r4, r0
10003148:	b296      	uxth	r6, r2
1000314a:	4374      	muls	r4, r6
1000314c:	0c07      	lsrs	r7, r0, #16
1000314e:	437e      	muls	r6, r7
10003150:	0c15      	lsrs	r5, r2, #16
10003152:	436f      	muls	r7, r5
10003154:	b280      	uxth	r0, r0
10003156:	4368      	muls	r0, r5
10003158:	1836      	adds	r6, r6, r0
1000315a:	d302      	bcc.n	10003162 <l14_1>
1000315c:	2001      	movs	r0, #1
1000315e:	0400      	lsls	r0, r0, #16
10003160:	183f      	adds	r7, r7, r0

10003162 <l14_1>:
10003162:	0430      	lsls	r0, r6, #16
10003164:	0c35      	lsrs	r5, r6, #16
10003166:	1900      	adds	r0, r0, r4
10003168:	417d      	adcs	r5, r7
1000316a:	4684      	mov	ip, r0
1000316c:	b288      	uxth	r0, r1
1000316e:	b29a      	uxth	r2, r3
10003170:	4350      	muls	r0, r2
10003172:	0c0c      	lsrs	r4, r1, #16
10003174:	4362      	muls	r2, r4
10003176:	0c1f      	lsrs	r7, r3, #16
10003178:	437c      	muls	r4, r7
1000317a:	b28e      	uxth	r6, r1
1000317c:	437e      	muls	r6, r7
1000317e:	1992      	adds	r2, r2, r6
10003180:	d302      	bcc.n	10003188 <l15_1>
10003182:	2601      	movs	r6, #1
10003184:	0436      	lsls	r6, r6, #16
10003186:	19a4      	adds	r4, r4, r6

10003188 <l15_1>:
10003188:	0416      	lsls	r6, r2, #16
1000318a:	0c17      	lsrs	r7, r2, #16
1000318c:	1836      	adds	r6, r6, r0
1000318e:	4167      	adcs	r7, r4
10003190:	bc01      	pop	{r0}
10003192:	b281      	uxth	r1, r0
10003194:	b29a      	uxth	r2, r3
10003196:	4351      	muls	r1, r2
10003198:	0c04      	lsrs	r4, r0, #16
1000319a:	4362      	muls	r2, r4
1000319c:	0c1b      	lsrs	r3, r3, #16
1000319e:	435c      	muls	r4, r3
100031a0:	b280      	uxth	r0, r0
100031a2:	4358      	muls	r0, r3
100031a4:	1812      	adds	r2, r2, r0
100031a6:	d302      	bcc.n	100031ae <l16_1>
100031a8:	2001      	movs	r0, #1
100031aa:	0400      	lsls	r0, r0, #16
100031ac:	1824      	adds	r4, r4, r0

100031ae <l16_1>:
100031ae:	0410      	lsls	r0, r2, #16
100031b0:	0c13      	lsrs	r3, r2, #16
100031b2:	1840      	adds	r0, r0, r1
100031b4:	4163      	adcs	r3, r4
100031b6:	182d      	adds	r5, r5, r0
100031b8:	415e      	adcs	r6, r3
100031ba:	2000      	movs	r0, #0
100031bc:	4147      	adcs	r7, r0
100031be:	bc06      	pop	{r1, r2}
100031c0:	b288      	uxth	r0, r1
100031c2:	b293      	uxth	r3, r2
100031c4:	4358      	muls	r0, r3
100031c6:	0c0c      	lsrs	r4, r1, #16
100031c8:	4363      	muls	r3, r4
100031ca:	0c12      	lsrs	r2, r2, #16
100031cc:	4354      	muls	r4, r2
100031ce:	b289      	uxth	r1, r1
100031d0:	4351      	muls	r1, r2
100031d2:	185b      	adds	r3, r3, r1
100031d4:	d302      	bcc.n	100031dc <l17_1>
100031d6:	2101      	movs	r1, #1
100031d8:	0409      	lsls	r1, r1, #16
100031da:	1864      	adds	r4, r4, r1

100031dc <l17_1>:
100031dc:	0419      	lsls	r1, r3, #16
100031de:	0c1a      	lsrs	r2, r3, #16
100031e0:	1809      	adds	r1, r1, r0
100031e2:	4162      	adcs	r2, r4
100031e4:	186d      	adds	r5, r5, r1
100031e6:	4156      	adcs	r6, r2
100031e8:	2000      	movs	r0, #0
100031ea:	4147      	adcs	r7, r0
100031ec:	bc18      	pop	{r3, r4}
100031ee:	02f9      	lsls	r1, r7, #11
100031f0:	0d72      	lsrs	r2, r6, #21
100031f2:	4311      	orrs	r1, r2
100031f4:	02f0      	lsls	r0, r6, #11
100031f6:	0d6a      	lsrs	r2, r5, #21
100031f8:	4310      	orrs	r0, r2
100031fa:	02ed      	lsls	r5, r5, #11
100031fc:	0d0a      	lsrs	r2, r1, #20
100031fe:	d103      	bne.n	10003208 <l17_1+0x2c>
10003200:	196d      	adds	r5, r5, r5
10003202:	4140      	adcs	r0, r0
10003204:	4149      	adcs	r1, r1
10003206:	3b01      	subs	r3, #1
10003208:	4e12      	ldr	r6, [pc, #72]	@ (10003254 <dm_1+0xa>)
1000320a:	1b9b      	subs	r3, r3, r6
1000320c:	0076      	lsls	r6, r6, #1
1000320e:	42b3      	cmp	r3, r6
10003210:	d20e      	bcs.n	10003230 <dm_0>
10003212:	006d      	lsls	r5, r5, #1
10003214:	d307      	bcc.n	10003226 <l17_1+0x4a>
10003216:	3001      	adds	r0, #1
10003218:	2600      	movs	r6, #0
1000321a:	4171      	adcs	r1, r6
1000321c:	4666      	mov	r6, ip
1000321e:	4335      	orrs	r5, r6
10003220:	d101      	bne.n	10003226 <l17_1+0x4a>
10003222:	0840      	lsrs	r0, r0, #1
10003224:	0040      	lsls	r0, r0, #1
10003226:	051b      	lsls	r3, r3, #20
10003228:	18c9      	adds	r1, r1, r3

1000322a <dm_2>:
1000322a:	07e4      	lsls	r4, r4, #31
1000322c:	4421      	add	r1, r4
1000322e:	bdf0      	pop	{r4, r5, r6, r7, pc}

10003230 <dm_0>:
10003230:	da0b      	bge.n	1000324a <dm_1>
10003232:	3301      	adds	r3, #1
10003234:	d106      	bne.n	10003244 <dm_0+0x14>
10003236:	3001      	adds	r0, #1
10003238:	d104      	bne.n	10003244 <dm_0+0x14>
1000323a:	3101      	adds	r1, #1
1000323c:	0d4f      	lsrs	r7, r1, #21
1000323e:	d001      	beq.n	10003244 <dm_0+0x14>
10003240:	0849      	lsrs	r1, r1, #1
10003242:	e7f2      	b.n	1000322a <dm_2>
10003244:	07e1      	lsls	r1, r4, #31
10003246:	2000      	movs	r0, #0
10003248:	bdf0      	pop	{r4, r5, r6, r7, pc}

1000324a <dm_1>:
1000324a:	3601      	adds	r6, #1
1000324c:	0531      	lsls	r1, r6, #20
1000324e:	2000      	movs	r0, #0
10003250:	e7eb      	b.n	1000322a <dm_2>
10003252:	0000      	.short	0x0000
10003254:	000003ff 	.word	0x000003ff

10003258 <ddiv_shim>:
10003258:	b5f0      	push	{r4, r5, r6, r7, lr}

1000325a <ddiv0>:
1000325a:	0d1c      	lsrs	r4, r3, #20
1000325c:	1e67      	subs	r7, r4, #1
1000325e:	053f      	lsls	r7, r7, #20
10003260:	1bdb      	subs	r3, r3, r7
10003262:	0ae7      	lsrs	r7, r4, #11
10003264:	0564      	lsls	r4, r4, #21
10003266:	0d64      	lsrs	r4, r4, #21
10003268:	d002      	beq.n	10003270 <l20_1>
1000326a:	1c66      	adds	r6, r4, #1
1000326c:	0af6      	lsrs	r6, r6, #11
1000326e:	d004      	beq.n	1000327a <l20_2>

10003270 <l20_1>:
10003270:	2200      	movs	r2, #0
10003272:	2301      	movs	r3, #1
10003274:	051b      	lsls	r3, r3, #20
10003276:	3c80      	subs	r4, #128	@ 0x80
10003278:	0324      	lsls	r4, r4, #12

1000327a <l20_2>:
1000327a:	25d0      	movs	r5, #208	@ 0xd0
1000327c:	062d      	lsls	r5, r5, #24
1000327e:	2600      	movs	r6, #0
10003280:	43f6      	mvns	r6, r6
10003282:	662e      	str	r6, [r5, #96]	@ 0x60
10003284:	091e      	lsrs	r6, r3, #4
10003286:	666e      	str	r6, [r5, #100]	@ 0x64
10003288:	0fce      	lsrs	r6, r1, #31
1000328a:	19f6      	adds	r6, r6, r7
1000328c:	46b4      	mov	ip, r6
1000328e:	0049      	lsls	r1, r1, #1
10003290:	0d4f      	lsrs	r7, r1, #21
10003292:	d002      	beq.n	1000329a <l20_2+0x20>
10003294:	1c7e      	adds	r6, r7, #1
10003296:	0af6      	lsrs	r6, r6, #11
10003298:	d003      	beq.n	100032a2 <l20_2+0x28>
1000329a:	2000      	movs	r0, #0
1000329c:	2100      	movs	r1, #0
1000329e:	3f40      	subs	r7, #64	@ 0x40
100032a0:	033f      	lsls	r7, r7, #12
100032a2:	1b3e      	subs	r6, r7, r4
100032a4:	00b6      	lsls	r6, r6, #2
100032a6:	44b4      	add	ip, r6
100032a8:	3f01      	subs	r7, #1
100032aa:	057f      	lsls	r7, r7, #21
100032ac:	1bc9      	subs	r1, r1, r7
100032ae:	0849      	lsrs	r1, r1, #1
100032b0:	6f2e      	ldr	r6, [r5, #112]	@ 0x70
100032b2:	3601      	adds	r6, #1
100032b4:	0876      	lsrs	r6, r6, #1
100032b6:	029c      	lsls	r4, r3, #10
100032b8:	0d95      	lsrs	r5, r2, #22
100032ba:	4325      	orrs	r5, r4
100032bc:	4375      	muls	r5, r6
100032be:	13ed      	asrs	r5, r5, #15
100032c0:	4375      	muls	r5, r6
100032c2:	13ad      	asrs	r5, r5, #14
100032c4:	3501      	adds	r5, #1
100032c6:	106d      	asrs	r5, r5, #1
100032c8:	03f6      	lsls	r6, r6, #15
100032ca:	1b76      	subs	r6, r6, r5
100032cc:	b40c      	push	{r2, r3}
100032ce:	02cc      	lsls	r4, r1, #11
100032d0:	0d45      	lsrs	r5, r0, #21
100032d2:	432c      	orrs	r4, r5
100032d4:	b2a2      	uxth	r2, r4
100032d6:	b2b3      	uxth	r3, r6
100032d8:	435a      	muls	r2, r3
100032da:	0c27      	lsrs	r7, r4, #16
100032dc:	437b      	muls	r3, r7
100032de:	0c35      	lsrs	r5, r6, #16
100032e0:	436f      	muls	r7, r5
100032e2:	b2a4      	uxth	r4, r4
100032e4:	436c      	muls	r4, r5
100032e6:	191b      	adds	r3, r3, r4
100032e8:	d302      	bcc.n	100032f0 <l21_1>
100032ea:	2401      	movs	r4, #1
100032ec:	0424      	lsls	r4, r4, #16
100032ee:	193f      	adds	r7, r7, r4

100032f0 <l21_1>:
100032f0:	041c      	lsls	r4, r3, #16
100032f2:	0c1d      	lsrs	r5, r3, #16
100032f4:	18a4      	adds	r4, r4, r2
100032f6:	417d      	adcs	r5, r7
100032f8:	1924      	adds	r4, r4, r4
100032fa:	416d      	adcs	r5, r5
100032fc:	9a00      	ldr	r2, [sp, #0]
100032fe:	b291      	uxth	r1, r2
10003300:	b2ac      	uxth	r4, r5
10003302:	4361      	muls	r1, r4
10003304:	0c17      	lsrs	r7, r2, #16
10003306:	437c      	muls	r4, r7
10003308:	0c2b      	lsrs	r3, r5, #16
1000330a:	435f      	muls	r7, r3
1000330c:	b292      	uxth	r2, r2
1000330e:	435a      	muls	r2, r3
10003310:	18a4      	adds	r4, r4, r2
10003312:	d302      	bcc.n	1000331a <l22_1>
10003314:	2201      	movs	r2, #1
10003316:	0412      	lsls	r2, r2, #16
10003318:	18bf      	adds	r7, r7, r2

1000331a <l22_1>:
1000331a:	0422      	lsls	r2, r4, #16
1000331c:	0c23      	lsrs	r3, r4, #16
1000331e:	1852      	adds	r2, r2, r1
10003320:	417b      	adcs	r3, r7
10003322:	9c01      	ldr	r4, [sp, #4]
10003324:	436c      	muls	r4, r5
10003326:	191b      	adds	r3, r3, r4
10003328:	0e52      	lsrs	r2, r2, #25
1000332a:	01d9      	lsls	r1, r3, #7
1000332c:	430a      	orrs	r2, r1
1000332e:	0144      	lsls	r4, r0, #5
10003330:	1aa0      	subs	r0, r4, r2
10003332:	b281      	uxth	r1, r0
10003334:	b2b2      	uxth	r2, r6
10003336:	4351      	muls	r1, r2
10003338:	1403      	asrs	r3, r0, #16
1000333a:	435a      	muls	r2, r3
1000333c:	0c36      	lsrs	r6, r6, #16
1000333e:	4373      	muls	r3, r6
10003340:	b287      	uxth	r7, r0
10003342:	4377      	muls	r7, r6
10003344:	17d6      	asrs	r6, r2, #31
10003346:	19d2      	adds	r2, r2, r7
10003348:	2700      	movs	r7, #0
1000334a:	417e      	adcs	r6, r7
1000334c:	0436      	lsls	r6, r6, #16
1000334e:	199b      	adds	r3, r3, r6
10003350:	0417      	lsls	r7, r2, #16
10003352:	0c16      	lsrs	r6, r2, #16
10003354:	187f      	adds	r7, r7, r1
10003356:	415e      	adcs	r6, r3
10003358:	1673      	asrs	r3, r6, #25
1000335a:	18ed      	adds	r5, r5, r3
1000335c:	01f3      	lsls	r3, r6, #7
1000335e:	2600      	movs	r6, #0
10003360:	3380      	adds	r3, #128	@ 0x80
10003362:	4175      	adcs	r5, r6
10003364:	0fa9      	lsrs	r1, r5, #30
10003366:	d106      	bne.n	10003376 <dd_0>
10003368:	0064      	lsls	r4, r4, #1
1000336a:	0a69      	lsrs	r1, r5, #9
1000336c:	05e8      	lsls	r0, r5, #23
1000336e:	0a5b      	lsrs	r3, r3, #9
10003370:	4318      	orrs	r0, r3
10003372:	d209      	bcs.n	10003388 <dd_1>
10003374:	e02f      	b.n	100033d6 <dd_2>

10003376 <dd_0>:
10003376:	2204      	movs	r2, #4
10003378:	4494      	add	ip, r2
1000337a:	3380      	adds	r3, #128	@ 0x80
1000337c:	4175      	adcs	r5, r6
1000337e:	0aa9      	lsrs	r1, r5, #10
10003380:	05a8      	lsls	r0, r5, #22
10003382:	0a9b      	lsrs	r3, r3, #10
10003384:	4318      	orrs	r0, r3
10003386:	d326      	bcc.n	100033d6 <dd_2>

10003388 <dd_1>:
10003388:	4140      	adcs	r0, r0
1000338a:	4149      	adcs	r1, r1
1000338c:	0424      	lsls	r4, r4, #16
1000338e:	9a00      	ldr	r2, [sp, #0]
10003390:	9b01      	ldr	r3, [sp, #4]
10003392:	000d      	movs	r5, r1
10003394:	4355      	muls	r5, r2
10003396:	1b64      	subs	r4, r4, r5
10003398:	4343      	muls	r3, r0
1000339a:	1ae4      	subs	r4, r4, r3
1000339c:	b295      	uxth	r5, r2
1000339e:	b286      	uxth	r6, r0
100033a0:	4375      	muls	r5, r6
100033a2:	0c17      	lsrs	r7, r2, #16
100033a4:	437e      	muls	r6, r7
100033a6:	0c03      	lsrs	r3, r0, #16
100033a8:	435f      	muls	r7, r3
100033aa:	b292      	uxth	r2, r2
100033ac:	435a      	muls	r2, r3
100033ae:	18b6      	adds	r6, r6, r2
100033b0:	d302      	bcc.n	100033b8 <l24_1>
100033b2:	2201      	movs	r2, #1
100033b4:	0412      	lsls	r2, r2, #16
100033b6:	18bf      	adds	r7, r7, r2

100033b8 <l24_1>:
100033b8:	0432      	lsls	r2, r6, #16
100033ba:	0c33      	lsrs	r3, r6, #16
100033bc:	1952      	adds	r2, r2, r5
100033be:	417b      	adcs	r3, r7
100033c0:	4252      	negs	r2, r2
100033c2:	419c      	sbcs	r4, r3
100033c4:	2c00      	cmp	r4, #0
100033c6:	d402      	bmi.n	100033ce <l24_1+0x16>
100033c8:	2200      	movs	r2, #0
100033ca:	3001      	adds	r0, #1
100033cc:	4151      	adcs	r1, r2
100033ce:	0840      	lsrs	r0, r0, #1
100033d0:	07ca      	lsls	r2, r1, #31
100033d2:	4310      	orrs	r0, r2
100033d4:	0849      	lsrs	r1, r1, #1

100033d6 <dd_2>:
100033d6:	b002      	add	sp, #8
100033d8:	4662      	mov	r2, ip
100033da:	07d7      	lsls	r7, r2, #31
100033dc:	1092      	asrs	r2, r2, #2
100033de:	4b08      	ldr	r3, [pc, #32]	@ (10003400 <dd_4+0x6>)
100033e0:	18d2      	adds	r2, r2, r3
100033e2:	4b08      	ldr	r3, [pc, #32]	@ (10003404 <dd_4+0xa>)
100033e4:	429a      	cmp	r2, r3
100033e6:	d203      	bcs.n	100033f0 <dd_3>
100033e8:	0512      	lsls	r2, r2, #20
100033ea:	1889      	adds	r1, r1, r2

100033ec <dd_5>:
100033ec:	19c9      	adds	r1, r1, r7
100033ee:	bdf0      	pop	{r4, r5, r6, r7, pc}

100033f0 <dd_3>:
100033f0:	2000      	movs	r0, #0
100033f2:	2a00      	cmp	r2, #0
100033f4:	dc01      	bgt.n	100033fa <dd_4>
100033f6:	0039      	movs	r1, r7
100033f8:	bdf0      	pop	{r4, r5, r6, r7, pc}

100033fa <dd_4>:
100033fa:	3301      	adds	r3, #1
100033fc:	0519      	lsls	r1, r3, #20
100033fe:	e7f5      	b.n	100033ec <dd_5>
10003400:	000003fd 	.word	0x000003fd
10003404:	000007fe 	.word	0x000007fe

10003408 <double2uint_shim>:
10003408:	2200      	movs	r2, #0

1000340a <double2ufix_shim>:
1000340a:	b500      	push	{lr}
1000340c:	3220      	adds	r2, #32
1000340e:	f000 f804 	bl	1000341a <double2ufix64_shim>
10003412:	0008      	movs	r0, r1
10003414:	bd00      	pop	{pc}
	...

10003418 <double2uint64_shim>:
10003418:	2200      	movs	r2, #0

1000341a <double2ufix64_shim>:
1000341a:	150b      	asrs	r3, r1, #20
1000341c:	d40a      	bmi.n	10003434 <ret_dzero>

1000341e <d2fix>:
1000341e:	b510      	push	{r4, lr}
10003420:	4694      	mov	ip, r2
10003422:	f000 f831 	bl	10003488 <dunpacks>
10003426:	1414      	asrs	r4, r2, #16
10003428:	3401      	adds	r4, #1
1000342a:	da00      	bge.n	1000342e <d2fix+0x10>
1000342c:	2100      	movs	r1, #0
1000342e:	17cb      	asrs	r3, r1, #31
10003430:	4c14      	ldr	r4, [pc, #80]	@ (10003484 <d2fix_a+0x4a>)
10003432:	4720      	bx	r4

10003434 <ret_dzero>:
10003434:	2000      	movs	r0, #0
10003436:	2100      	movs	r1, #0
10003438:	4770      	bx	lr

1000343a <d2fix_a>:
1000343a:	4462      	add	r2, ip
1000343c:	3a34      	subs	r2, #52	@ 0x34
1000343e:	d40c      	bmi.n	1000345a <d2fix_a+0x20>
10003440:	2a0c      	cmp	r2, #12
10003442:	da07      	bge.n	10003454 <d2fix_a+0x1a>
10003444:	0004      	movs	r4, r0
10003446:	4091      	lsls	r1, r2
10003448:	4090      	lsls	r0, r2
1000344a:	4252      	negs	r2, r2
1000344c:	3220      	adds	r2, #32
1000344e:	40d4      	lsrs	r4, r2
10003450:	4321      	orrs	r1, r4
10003452:	bd10      	pop	{r4, pc}
10003454:	43d8      	mvns	r0, r3
10003456:	43d9      	mvns	r1, r3
10003458:	bd10      	pop	{r4, pc}
1000345a:	3220      	adds	r2, #32
1000345c:	d407      	bmi.n	1000346e <d2fix_a+0x34>
1000345e:	460c      	mov	r4, r1
10003460:	4094      	lsls	r4, r2
10003462:	4252      	negs	r2, r2
10003464:	3220      	adds	r2, #32
10003466:	4111      	asrs	r1, r2
10003468:	40d0      	lsrs	r0, r2
1000346a:	4320      	orrs	r0, r4
1000346c:	bd10      	pop	{r4, pc}
1000346e:	0008      	movs	r0, r1
10003470:	17c9      	asrs	r1, r1, #31
10003472:	3220      	adds	r2, #32
10003474:	d403      	bmi.n	1000347e <d2fix_a+0x44>
10003476:	4252      	negs	r2, r2
10003478:	3220      	adds	r2, #32
1000347a:	4110      	asrs	r0, r2
1000347c:	bd10      	pop	{r4, pc}
1000347e:	0018      	movs	r0, r3
10003480:	0019      	movs	r1, r3
10003482:	bd10      	pop	{r4, pc}
10003484:	1000343b 	.word	0x1000343b

10003488 <dunpacks>:
10003488:	0d0a      	lsrs	r2, r1, #20
1000348a:	0fcc      	lsrs	r4, r1, #31
1000348c:	1e53      	subs	r3, r2, #1
1000348e:	051b      	lsls	r3, r3, #20
10003490:	1ac9      	subs	r1, r1, r3
10003492:	0552      	lsls	r2, r2, #21
10003494:	d303      	bcc.n	1000349e <l60_1>
10003496:	43c9      	mvns	r1, r1
10003498:	4240      	negs	r0, r0
1000349a:	d300      	bcc.n	1000349e <l60_1>
1000349c:	3101      	adds	r1, #1

1000349e <l60_1>:
1000349e:	0d52      	lsrs	r2, r2, #21
100034a0:	d003      	beq.n	100034aa <l60_2>
100034a2:	1c53      	adds	r3, r2, #1
100034a4:	0adb      	lsrs	r3, r3, #11
100034a6:	d007      	beq.n	100034b8 <l60_3>
100034a8:	1b12      	subs	r2, r2, r4

100034aa <l60_2>:
100034aa:	2000      	movs	r0, #0
100034ac:	0064      	lsls	r4, r4, #1
100034ae:	1c61      	adds	r1, r4, #1
100034b0:	0789      	lsls	r1, r1, #30
100034b2:	1289      	asrs	r1, r1, #10
100034b4:	3a80      	subs	r2, #128	@ 0x80
100034b6:	0312      	lsls	r2, r2, #12

100034b8 <l60_3>:
100034b8:	4b01      	ldr	r3, [pc, #4]	@ (100034c0 <l60_3+0x8>)
100034ba:	1ad2      	subs	r2, r2, r3
100034bc:	4770      	bx	lr
100034be:	0000      	.short	0x0000
100034c0:	000003ff 	.word	0x000003ff

100034c4 <__wrap___aeabi_lmul>:
100034c4:	4351      	muls	r1, r2
100034c6:	4343      	muls	r3, r0
100034c8:	18c9      	adds	r1, r1, r3
100034ca:	468c      	mov	ip, r1
100034cc:	0c11      	lsrs	r1, r2, #16
100034ce:	b283      	uxth	r3, r0
100034d0:	434b      	muls	r3, r1
100034d2:	b410      	push	{r4}
100034d4:	0c04      	lsrs	r4, r0, #16
100034d6:	4361      	muls	r1, r4
100034d8:	b292      	uxth	r2, r2
100034da:	b280      	uxth	r0, r0
100034dc:	4350      	muls	r0, r2
100034de:	4362      	muls	r2, r4
100034e0:	041c      	lsls	r4, r3, #16
100034e2:	0c1b      	lsrs	r3, r3, #16
100034e4:	1900      	adds	r0, r0, r4
100034e6:	bc10      	pop	{r4}
100034e8:	4159      	adcs	r1, r3
100034ea:	0413      	lsls	r3, r2, #16
100034ec:	0c12      	lsrs	r2, r2, #16
100034ee:	18c0      	adds	r0, r0, r3
100034f0:	4151      	adcs	r1, r2
100034f2:	4461      	add	r1, ip
100034f4:	4770      	bx	lr
	...

100034f8 <__wrap___aeabi_frsub>:
100034f8:	4048      	eors	r0, r1
100034fa:	4041      	eors	r1, r0
100034fc:	4048      	eors	r0, r1

100034fe <__wrap___aeabi_fsub>:
100034fe:	4b0e      	ldr	r3, [pc, #56]	@ (10003538 <__wrap___aeabi_fmul+0x6>)
10003500:	685b      	ldr	r3, [r3, #4]
10003502:	4718      	bx	r3

10003504 <__wrap___aeabi_fadd>:
10003504:	4b0c      	ldr	r3, [pc, #48]	@ (10003538 <__wrap___aeabi_fmul+0x6>)
10003506:	681b      	ldr	r3, [r3, #0]
10003508:	4718      	bx	r3

1000350a <__wrap___aeabi_fdiv>:
1000350a:	4a0c      	ldr	r2, [pc, #48]	@ (1000353c <__wrap___aeabi_fmul+0xa>)
1000350c:	6f93      	ldr	r3, [r2, #120]	@ 0x78
1000350e:	089b      	lsrs	r3, r3, #2
10003510:	d202      	bcs.n	10003518 <fdiv_save_state>

10003512 <fdiv_shim_call>:
10003512:	4b09      	ldr	r3, [pc, #36]	@ (10003538 <__wrap___aeabi_fmul+0x6>)
10003514:	68db      	ldr	r3, [r3, #12]
10003516:	4718      	bx	r3

10003518 <fdiv_save_state>:
10003518:	b5f0      	push	{r4, r5, r6, r7, lr}
1000351a:	6e14      	ldr	r4, [r2, #96]	@ 0x60
1000351c:	6e55      	ldr	r5, [r2, #100]	@ 0x64
1000351e:	6f57      	ldr	r7, [r2, #116]	@ 0x74
10003520:	6f16      	ldr	r6, [r2, #112]	@ 0x70
10003522:	f7ff fff6 	bl	10003512 <fdiv_shim_call>
10003526:	4a05      	ldr	r2, [pc, #20]	@ (1000353c <__wrap___aeabi_fmul+0xa>)
10003528:	6614      	str	r4, [r2, #96]	@ 0x60
1000352a:	6655      	str	r5, [r2, #100]	@ 0x64
1000352c:	6757      	str	r7, [r2, #116]	@ 0x74
1000352e:	6716      	str	r6, [r2, #112]	@ 0x70
10003530:	bdf0      	pop	{r4, r5, r6, r7, pc}

10003532 <__wrap___aeabi_fmul>:
10003532:	4b01      	ldr	r3, [pc, #4]	@ (10003538 <__wrap___aeabi_fmul+0x6>)
10003534:	689b      	ldr	r3, [r3, #8]
10003536:	4718      	bx	r3
10003538:	20001398 	.word	0x20001398
1000353c:	d0000000 	.word	0xd0000000

10003540 <__wrap___aeabi_cfrcmple>:
10003540:	b507      	push	{r0, r1, r2, lr}
10003542:	4048      	eors	r0, r1
10003544:	4041      	eors	r1, r0
10003546:	4048      	eors	r0, r1
10003548:	e001      	b.n	1000354e <__aeabi_cfcmple_guts>
1000354a:	46c0      	nop			@ (mov r8, r8)

1000354c <__wrap___aeabi_cfcmpeq>:
1000354c:	b507      	push	{r0, r1, r2, lr}

1000354e <__aeabi_cfcmple_guts>:
1000354e:	0042      	lsls	r2, r0, #1
10003550:	0e12      	lsrs	r2, r2, #24
10003552:	d003      	beq.n	1000355c <__aeabi_cfcmple_guts+0xe>
10003554:	2aff      	cmp	r2, #255	@ 0xff
10003556:	d103      	bne.n	10003560 <__aeabi_cfcmple_guts+0x12>
10003558:	0242      	lsls	r2, r0, #9
1000355a:	d818      	bhi.n	1000358e <__aeabi_cfcmple_guts+0x40>
1000355c:	0dc0      	lsrs	r0, r0, #23
1000355e:	05c0      	lsls	r0, r0, #23
10003560:	004a      	lsls	r2, r1, #1
10003562:	0e12      	lsrs	r2, r2, #24
10003564:	d003      	beq.n	1000356e <__aeabi_cfcmple_guts+0x20>
10003566:	2aff      	cmp	r2, #255	@ 0xff
10003568:	d103      	bne.n	10003572 <__aeabi_cfcmple_guts+0x24>
1000356a:	024a      	lsls	r2, r1, #9
1000356c:	d80f      	bhi.n	1000358e <__aeabi_cfcmple_guts+0x40>
1000356e:	0dc9      	lsrs	r1, r1, #23
10003570:	05c9      	lsls	r1, r1, #23
10003572:	2201      	movs	r2, #1
10003574:	4041      	eors	r1, r0
10003576:	d405      	bmi.n	10003584 <__aeabi_cfcmple_guts+0x36>
10003578:	4041      	eors	r1, r0
1000357a:	d501      	bpl.n	10003580 <__aeabi_cfcmple_guts+0x32>
1000357c:	4281      	cmp	r1, r0
1000357e:	bd07      	pop	{r0, r1, r2, pc}
10003580:	4288      	cmp	r0, r1
10003582:	bd07      	pop	{r0, r1, r2, pc}
10003584:	4301      	orrs	r1, r0
10003586:	1849      	adds	r1, r1, r1
10003588:	d001      	beq.n	1000358e <__aeabi_cfcmple_guts+0x40>
1000358a:	43c0      	mvns	r0, r0
1000358c:	1800      	adds	r0, r0, r0
1000358e:	bd07      	pop	{r0, r1, r2, pc}

10003590 <__wrap___aeabi_fcmple>:
10003590:	b500      	push	{lr}
10003592:	f7ff ffdb 	bl	1000354c <__wrap___aeabi_cfcmpeq>
10003596:	d901      	bls.n	1000359c <__wrap___aeabi_fcmple+0xc>
10003598:	2000      	movs	r0, #0
1000359a:	bd00      	pop	{pc}
1000359c:	2001      	movs	r0, #1
1000359e:	bd00      	pop	{pc}

100035a0 <__wrap___aeabi_fcmpge>:
100035a0:	b500      	push	{lr}
100035a2:	f7ff ffcd 	bl	10003540 <__wrap___aeabi_cfrcmple>
100035a6:	d901      	bls.n	100035ac <__wrap___aeabi_fcmpge+0xc>
100035a8:	2000      	movs	r0, #0
100035aa:	bd00      	pop	{pc}
100035ac:	2001      	movs	r0, #1
100035ae:	bd00      	pop	{pc}

100035b0 <__wrap___aeabi_i2f>:
100035b0:	0fc1      	lsrs	r1, r0, #31
100035b2:	07c9      	lsls	r1, r1, #31
100035b4:	d500      	bpl.n	100035b8 <__wrap___aeabi_i2f+0x8>
100035b6:	4240      	negs	r0, r0
100035b8:	2800      	cmp	r0, #0
100035ba:	d017      	beq.n	100035ec <__aeabi_i2f_main+0x30>

100035bc <__aeabi_i2f_main>:
100035bc:	46f4      	mov	ip, lr
100035be:	b403      	push	{r0, r1}
100035c0:	4b0b      	ldr	r3, [pc, #44]	@ (100035f0 <__aeabi_i2f_main+0x34>)
100035c2:	681b      	ldr	r3, [r3, #0]
100035c4:	4798      	blx	r3
100035c6:	bc06      	pop	{r1, r2}
100035c8:	4081      	lsls	r1, r0
100035ca:	389e      	subs	r0, #158	@ 0x9e
100035cc:	4240      	negs	r0, r0
100035ce:	3180      	adds	r1, #128	@ 0x80
100035d0:	d207      	bcs.n	100035e2 <__aeabi_i2f_main+0x26>
100035d2:	060b      	lsls	r3, r1, #24
100035d4:	d007      	beq.n	100035e6 <__aeabi_i2f_main+0x2a>
100035d6:	0049      	lsls	r1, r1, #1
100035d8:	0a49      	lsrs	r1, r1, #9
100035da:	05c0      	lsls	r0, r0, #23
100035dc:	4310      	orrs	r0, r2
100035de:	4308      	orrs	r0, r1
100035e0:	4760      	bx	ip
100035e2:	3001      	adds	r0, #1
100035e4:	e7f8      	b.n	100035d8 <__aeabi_i2f_main+0x1c>
100035e6:	0a49      	lsrs	r1, r1, #9
100035e8:	0289      	lsls	r1, r1, #10
100035ea:	e7f5      	b.n	100035d8 <__aeabi_i2f_main+0x1c>
100035ec:	4770      	bx	lr
100035ee:	0000      	.short	0x0000
100035f0:	20001c38 	.word	0x20001c38

100035f4 <__wrap___aeabi_f2d>:
100035f4:	4b03      	ldr	r3, [pc, #12]	@ (10003604 <__wrap___aeabi_f2d+0x10>)
100035f6:	6fdb      	ldr	r3, [r3, #124]	@ 0x7c
100035f8:	46fc      	mov	ip, pc
100035fa:	4718      	bx	r3
100035fc:	369ddf7c 	.word	0x369ddf7c
10003600:	00001000 	.word	0x00001000
10003604:	20001398 	.word	0x20001398

10003608 <__aeabi_float_init>:
10003608:	2313      	movs	r3, #19
1000360a:	b510      	push	{r4, lr}
1000360c:	781c      	ldrb	r4, [r3, #0]
1000360e:	4813      	ldr	r0, [pc, #76]	@ (1000365c <__aeabi_float_init+0x54>)
10003610:	f7fe ff90 	bl	10002534 <rom_data_lookup>
10003614:	2c01      	cmp	r4, #1
10003616:	d00b      	beq.n	10003630 <__aeabi_float_init+0x28>
10003618:	dd04      	ble.n	10003624 <__aeabi_float_init+0x1c>
1000361a:	0001      	movs	r1, r0
1000361c:	2280      	movs	r2, #128	@ 0x80
1000361e:	4810      	ldr	r0, [pc, #64]	@ (10003660 <__aeabi_float_init+0x58>)
10003620:	f000 f862 	bl	100036e8 <__wrap___aeabi_memcpy>
10003624:	480f      	ldr	r0, [pc, #60]	@ (10003664 <__aeabi_float_init+0x5c>)
10003626:	f7fe ff7d 	bl	10002524 <rom_func_lookup>
1000362a:	4b0f      	ldr	r3, [pc, #60]	@ (10003668 <__aeabi_float_init+0x60>)
1000362c:	6018      	str	r0, [r3, #0]
1000362e:	bd10      	pop	{r4, pc}
10003630:	4c0b      	ldr	r4, [pc, #44]	@ (10003660 <__aeabi_float_init+0x58>)
10003632:	0001      	movs	r1, r0
10003634:	2254      	movs	r2, #84	@ 0x54
10003636:	0020      	movs	r0, r4
10003638:	f000 f856 	bl	100036e8 <__wrap___aeabi_memcpy>
1000363c:	4b0b      	ldr	r3, [pc, #44]	@ (1000366c <__aeabi_float_init+0x64>)
1000363e:	6563      	str	r3, [r4, #84]	@ 0x54
10003640:	65a3      	str	r3, [r4, #88]	@ 0x58
10003642:	65e3      	str	r3, [r4, #92]	@ 0x5c
10003644:	6623      	str	r3, [r4, #96]	@ 0x60
10003646:	6663      	str	r3, [r4, #100]	@ 0x64
10003648:	66a3      	str	r3, [r4, #104]	@ 0x68
1000364a:	66e3      	str	r3, [r4, #108]	@ 0x6c
1000364c:	6723      	str	r3, [r4, #112]	@ 0x70
1000364e:	6763      	str	r3, [r4, #116]	@ 0x74
10003650:	67a3      	str	r3, [r4, #120]	@ 0x78
10003652:	67e3      	str	r3, [r4, #124]	@ 0x7c
10003654:	6223      	str	r3, [r4, #32]
10003656:	61e3      	str	r3, [r4, #28]
10003658:	e7e4      	b.n	10003624 <__aeabi_float_init+0x1c>
1000365a:	46c0      	nop			@ (mov r8, r8)
1000365c:	00004653 	.word	0x00004653
10003660:	20001398 	.word	0x20001398
10003664:	0000334c 	.word	0x0000334c
10003668:	20001c38 	.word	0x20001c38
1000366c:	10003671 	.word	0x10003671

10003670 <float_table_shim_on_use_helper>:
10003670:	b507      	push	{r0, r1, r2, lr}
10003672:	4660      	mov	r0, ip
10003674:	8801      	ldrh	r1, [r0, #0]
10003676:	0a0a      	lsrs	r2, r1, #8
10003678:	3002      	adds	r0, #2
1000367a:	2adf      	cmp	r2, #223	@ 0xdf
1000367c:	d1fa      	bne.n	10003674 <float_table_shim_on_use_helper+0x4>
1000367e:	b2c9      	uxtb	r1, r1
10003680:	0882      	lsrs	r2, r0, #2
10003682:	d304      	bcc.n	1000368e <float_table_shim_on_use_helper+0x1e>
10003684:	8802      	ldrh	r2, [r0, #0]
10003686:	8840      	ldrh	r0, [r0, #2]
10003688:	0400      	lsls	r0, r0, #16
1000368a:	4310      	orrs	r0, r2
1000368c:	e000      	b.n	10003690 <float_table_shim_on_use_helper+0x20>
1000368e:	6800      	ldr	r0, [r0, #0]
10003690:	4a01      	ldr	r2, [pc, #4]	@ (10003698 <float_table_shim_on_use_helper+0x28>)
10003692:	5050      	str	r0, [r2, r1]
10003694:	9003      	str	r0, [sp, #12]
10003696:	bd07      	pop	{r0, r1, r2, pc}
10003698:	20001398 	.word	0x20001398

1000369c <float2double_shim>:
1000369c:	0fc3      	lsrs	r3, r0, #31
1000369e:	07db      	lsls	r3, r3, #31
100036a0:	0041      	lsls	r1, r0, #1
100036a2:	0e0a      	lsrs	r2, r1, #24
100036a4:	d007      	beq.n	100036b6 <float2double_shim+0x1a>
100036a6:	2aff      	cmp	r2, #255	@ 0xff
100036a8:	d008      	beq.n	100036bc <float2double_shim+0x20>
100036aa:	0909      	lsrs	r1, r1, #4
100036ac:	4a05      	ldr	r2, [pc, #20]	@ (100036c4 <float2double_shim+0x28>)
100036ae:	1889      	adds	r1, r1, r2
100036b0:	4319      	orrs	r1, r3
100036b2:	0740      	lsls	r0, r0, #29
100036b4:	4770      	bx	lr
100036b6:	0019      	movs	r1, r3
100036b8:	2000      	movs	r0, #0
100036ba:	4770      	bx	lr
100036bc:	4902      	ldr	r1, [pc, #8]	@ (100036c8 <float2double_shim+0x2c>)
100036be:	18c9      	adds	r1, r1, r3
100036c0:	e7fa      	b.n	100036b8 <float2double_shim+0x1c>
100036c2:	0000      	.short	0x0000
100036c4:	38000000 	.word	0x38000000
100036c8:	7ff00000 	.word	0x7ff00000

100036cc <__aeabi_mem_init>:
100036cc:	4801      	ldr	r0, [pc, #4]	@ (100036d4 <__aeabi_mem_init+0x8>)
100036ce:	2104      	movs	r1, #4
100036d0:	4b01      	ldr	r3, [pc, #4]	@ (100036d8 <__aeabi_mem_init+0xc>)
100036d2:	4718      	bx	r3
100036d4:	20000fe0 	.word	0x20000fe0
100036d8:	10002545 	.word	0x10002545

100036dc <__wrap_memset>:
100036dc:	4b01      	ldr	r3, [pc, #4]	@ (100036e4 <__wrap_memset+0x8>)
100036de:	681b      	ldr	r3, [r3, #0]
100036e0:	4718      	bx	r3
100036e2:	0000      	.short	0x0000
100036e4:	20000fe0 	.word	0x20000fe0

100036e8 <__wrap___aeabi_memcpy>:
100036e8:	4b01      	ldr	r3, [pc, #4]	@ (100036f0 <__wrap___aeabi_memcpy+0x8>)
100036ea:	685b      	ldr	r3, [r3, #4]
100036ec:	4718      	bx	r3
100036ee:	0000      	.short	0x0000
100036f0:	20000fe0 	.word	0x20000fe0

100036f4 <_out_buffer>:
100036f4:	429a      	cmp	r2, r3
100036f6:	d200      	bcs.n	100036fa <_out_buffer+0x6>
100036f8:	5488      	strb	r0, [r1, r2]
100036fa:	4770      	bx	lr

100036fc <_out_null>:
100036fc:	4770      	bx	lr
100036fe:	46c0      	nop			@ (mov r8, r8)

10003700 <_out_rev>:
10003700:	b5f8      	push	{r3, r4, r5, r6, r7, lr}
10003702:	46de      	mov	lr, fp
10003704:	4657      	mov	r7, sl
10003706:	464e      	mov	r6, r9
10003708:	4645      	mov	r5, r8
1000370a:	b5e0      	push	{r5, r6, r7, lr}
1000370c:	4699      	mov	r9, r3
1000370e:	9b0d      	ldr	r3, [sp, #52]	@ 0x34
10003710:	0007      	movs	r7, r0
10003712:	4688      	mov	r8, r1
10003714:	4693      	mov	fp, r2
10003716:	079b      	lsls	r3, r3, #30
10003718:	d028      	beq.n	1000376c <_out_rev+0x6c>
1000371a:	9b0b      	ldr	r3, [sp, #44]	@ 0x2c
1000371c:	2b00      	cmp	r3, #0
1000371e:	d03c      	beq.n	1000379a <_out_rev+0x9a>
10003720:	0016      	movs	r6, r2
10003722:	9c0b      	ldr	r4, [sp, #44]	@ 0x2c
10003724:	9d0a      	ldr	r5, [sp, #40]	@ 0x28
10003726:	1936      	adds	r6, r6, r4
10003728:	1b32      	subs	r2, r6, r4
1000372a:	3c01      	subs	r4, #1
1000372c:	464b      	mov	r3, r9
1000372e:	4641      	mov	r1, r8
10003730:	5d28      	ldrb	r0, [r5, r4]
10003732:	47b8      	blx	r7
10003734:	2c00      	cmp	r4, #0
10003736:	d1f7      	bne.n	10003728 <_out_rev+0x28>
10003738:	0035      	movs	r5, r6
1000373a:	9b0d      	ldr	r3, [sp, #52]	@ 0x34
1000373c:	079b      	lsls	r3, r3, #30
1000373e:	d50e      	bpl.n	1000375e <_out_rev+0x5e>
10003740:	465b      	mov	r3, fp
10003742:	1aec      	subs	r4, r5, r3
10003744:	9b0c      	ldr	r3, [sp, #48]	@ 0x30
10003746:	42a3      	cmp	r3, r4
10003748:	d909      	bls.n	1000375e <_out_rev+0x5e>
1000374a:	001e      	movs	r6, r3
1000374c:	002a      	movs	r2, r5
1000374e:	464b      	mov	r3, r9
10003750:	4641      	mov	r1, r8
10003752:	2020      	movs	r0, #32
10003754:	3401      	adds	r4, #1
10003756:	47b8      	blx	r7
10003758:	3501      	adds	r5, #1
1000375a:	42b4      	cmp	r4, r6
1000375c:	d3f6      	bcc.n	1000374c <_out_rev+0x4c>
1000375e:	0028      	movs	r0, r5
10003760:	bcf0      	pop	{r4, r5, r6, r7}
10003762:	46bb      	mov	fp, r7
10003764:	46b2      	mov	sl, r6
10003766:	46a9      	mov	r9, r5
10003768:	46a0      	mov	r8, r4
1000376a:	bdf8      	pop	{r3, r4, r5, r6, r7, pc}
1000376c:	9b0b      	ldr	r3, [sp, #44]	@ 0x2c
1000376e:	9a0c      	ldr	r2, [sp, #48]	@ 0x30
10003770:	4293      	cmp	r3, r2
10003772:	d214      	bcs.n	1000379e <_out_rev+0x9e>
10003774:	0013      	movs	r3, r2
10003776:	465d      	mov	r5, fp
10003778:	000c      	movs	r4, r1
1000377a:	9a0b      	ldr	r2, [sp, #44]	@ 0x2c
1000377c:	1a9e      	subs	r6, r3, r2
1000377e:	1976      	adds	r6, r6, r5
10003780:	002a      	movs	r2, r5
10003782:	464b      	mov	r3, r9
10003784:	3501      	adds	r5, #1
10003786:	0021      	movs	r1, r4
10003788:	2020      	movs	r0, #32
1000378a:	47b8      	blx	r7
1000378c:	42b5      	cmp	r5, r6
1000378e:	d1f7      	bne.n	10003780 <_out_rev+0x80>
10003790:	9b0b      	ldr	r3, [sp, #44]	@ 0x2c
10003792:	46a0      	mov	r8, r4
10003794:	2b00      	cmp	r3, #0
10003796:	d1c4      	bne.n	10003722 <_out_rev+0x22>
10003798:	e7e1      	b.n	1000375e <_out_rev+0x5e>
1000379a:	0015      	movs	r5, r2
1000379c:	e7cd      	b.n	1000373a <_out_rev+0x3a>
1000379e:	465e      	mov	r6, fp
100037a0:	2b00      	cmp	r3, #0
100037a2:	d1be      	bne.n	10003722 <_out_rev+0x22>
100037a4:	465d      	mov	r5, fp
100037a6:	e7da      	b.n	1000375e <_out_rev+0x5e>

100037a8 <_ntoa_format>:
100037a8:	b5f0      	push	{r4, r5, r6, r7, lr}
100037aa:	464f      	mov	r7, r9
100037ac:	46d6      	mov	lr, sl
100037ae:	4646      	mov	r6, r8
100037b0:	b5c0      	push	{r6, r7, lr}
100037b2:	b084      	sub	sp, #16
100037b4:	469c      	mov	ip, r3
100037b6:	ab0e      	add	r3, sp, #56	@ 0x38
100037b8:	781f      	ldrb	r7, [r3, #0]
100037ba:	9b12      	ldr	r3, [sp, #72]	@ 0x48
100037bc:	4691      	mov	r9, r2
100037be:	46ba      	mov	sl, r7
100037c0:	9c0d      	ldr	r4, [sp, #52]	@ 0x34
100037c2:	9e10      	ldr	r6, [sp, #64]	@ 0x40
100037c4:	9d11      	ldr	r5, [sp, #68]	@ 0x44
100037c6:	079b      	lsls	r3, r3, #30
100037c8:	d44c      	bmi.n	10003864 <_ntoa_format+0xbc>
100037ca:	2d00      	cmp	r5, #0
100037cc:	d141      	bne.n	10003852 <_ntoa_format+0xaa>
100037ce:	42b4      	cmp	r4, r6
100037d0:	d248      	bcs.n	10003864 <_ntoa_format+0xbc>
100037d2:	2301      	movs	r3, #1
100037d4:	9f12      	ldr	r7, [sp, #72]	@ 0x48
100037d6:	401f      	ands	r7, r3
100037d8:	46b8      	mov	r8, r7
100037da:	9b0c      	ldr	r3, [sp, #48]	@ 0x30
100037dc:	1e5f      	subs	r7, r3, #1
100037de:	2330      	movs	r3, #48	@ 0x30
100037e0:	e003      	b.n	100037ea <_ntoa_format+0x42>
100037e2:	3401      	adds	r4, #1
100037e4:	553b      	strb	r3, [r7, r4]
100037e6:	42a6      	cmp	r6, r4
100037e8:	d901      	bls.n	100037ee <_ntoa_format+0x46>
100037ea:	2c20      	cmp	r4, #32
100037ec:	d1f9      	bne.n	100037e2 <_ntoa_format+0x3a>
100037ee:	4643      	mov	r3, r8
100037f0:	2b00      	cmp	r3, #0
100037f2:	d100      	bne.n	100037f6 <_ntoa_format+0x4e>
100037f4:	e087      	b.n	10003906 <_ntoa_format+0x15e>
100037f6:	9b0c      	ldr	r3, [sp, #48]	@ 0x30
100037f8:	1e5f      	subs	r7, r3, #1
100037fa:	2330      	movs	r3, #48	@ 0x30
100037fc:	42a5      	cmp	r5, r4
100037fe:	d804      	bhi.n	1000380a <_ntoa_format+0x62>
10003800:	e030      	b.n	10003864 <_ntoa_format+0xbc>
10003802:	3401      	adds	r4, #1
10003804:	553b      	strb	r3, [r7, r4]
10003806:	42ac      	cmp	r4, r5
10003808:	d02c      	beq.n	10003864 <_ntoa_format+0xbc>
1000380a:	2c20      	cmp	r4, #32
1000380c:	d1f9      	bne.n	10003802 <_ntoa_format+0x5a>
1000380e:	9b12      	ldr	r3, [sp, #72]	@ 0x48
10003810:	06db      	lsls	r3, r3, #27
10003812:	d50d      	bpl.n	10003830 <_ntoa_format+0x88>
10003814:	9b12      	ldr	r3, [sp, #72]	@ 0x48
10003816:	055b      	lsls	r3, r3, #21
10003818:	d457      	bmi.n	100038ca <_ntoa_format+0x122>
1000381a:	42a6      	cmp	r6, r4
1000381c:	d067      	beq.n	100038ee <_ntoa_format+0x146>
1000381e:	42a5      	cmp	r5, r4
10003820:	d065      	beq.n	100038ee <_ntoa_format+0x146>
10003822:	9b0f      	ldr	r3, [sp, #60]	@ 0x3c
10003824:	2b10      	cmp	r3, #16
10003826:	d053      	beq.n	100038d0 <_ntoa_format+0x128>
10003828:	2b02      	cmp	r3, #2
1000382a:	d05b      	beq.n	100038e4 <_ntoa_format+0x13c>
1000382c:	2c20      	cmp	r4, #32
1000382e:	d136      	bne.n	1000389e <_ntoa_format+0xf6>
10003830:	2320      	movs	r3, #32
10003832:	9c12      	ldr	r4, [sp, #72]	@ 0x48
10003834:	9301      	str	r3, [sp, #4]
10003836:	9b0c      	ldr	r3, [sp, #48]	@ 0x30
10003838:	464a      	mov	r2, r9
1000383a:	9300      	str	r3, [sp, #0]
1000383c:	9403      	str	r4, [sp, #12]
1000383e:	4663      	mov	r3, ip
10003840:	9502      	str	r5, [sp, #8]
10003842:	f7ff ff5d 	bl	10003700 <_out_rev>
10003846:	b004      	add	sp, #16
10003848:	bce0      	pop	{r5, r6, r7}
1000384a:	46ba      	mov	sl, r7
1000384c:	46b1      	mov	r9, r6
1000384e:	46a8      	mov	r8, r5
10003850:	bdf0      	pop	{r4, r5, r6, r7, pc}
10003852:	2301      	movs	r3, #1
10003854:	9a12      	ldr	r2, [sp, #72]	@ 0x48
10003856:	4013      	ands	r3, r2
10003858:	4698      	mov	r8, r3
1000385a:	2301      	movs	r3, #1
1000385c:	4213      	tst	r3, r2
1000385e:	d12d      	bne.n	100038bc <_ntoa_format+0x114>
10003860:	42b4      	cmp	r4, r6
10003862:	d3ba      	bcc.n	100037da <_ntoa_format+0x32>
10003864:	9b12      	ldr	r3, [sp, #72]	@ 0x48
10003866:	06db      	lsls	r3, r3, #27
10003868:	d51e      	bpl.n	100038a8 <_ntoa_format+0x100>
1000386a:	9b12      	ldr	r3, [sp, #72]	@ 0x48
1000386c:	055b      	lsls	r3, r3, #21
1000386e:	d4d8      	bmi.n	10003822 <_ntoa_format+0x7a>
10003870:	2c00      	cmp	r4, #0
10003872:	d1d2      	bne.n	1000381a <_ntoa_format+0x72>
10003874:	9b0f      	ldr	r3, [sp, #60]	@ 0x3c
10003876:	2b10      	cmp	r3, #16
10003878:	d060      	beq.n	1000393c <_ntoa_format+0x194>
1000387a:	9b0f      	ldr	r3, [sp, #60]	@ 0x3c
1000387c:	2b02      	cmp	r3, #2
1000387e:	d071      	beq.n	10003964 <_ntoa_format+0x1bc>
10003880:	2330      	movs	r3, #48	@ 0x30
10003882:	2401      	movs	r4, #1
10003884:	9a0c      	ldr	r2, [sp, #48]	@ 0x30
10003886:	7013      	strb	r3, [r2, #0]
10003888:	4653      	mov	r3, sl
1000388a:	2b00      	cmp	r3, #0
1000388c:	d111      	bne.n	100038b2 <_ntoa_format+0x10a>
1000388e:	9b12      	ldr	r3, [sp, #72]	@ 0x48
10003890:	075b      	lsls	r3, r3, #29
10003892:	d540      	bpl.n	10003916 <_ntoa_format+0x16e>
10003894:	262b      	movs	r6, #43	@ 0x2b
10003896:	9a0c      	ldr	r2, [sp, #48]	@ 0x30
10003898:	1c63      	adds	r3, r4, #1
1000389a:	5516      	strb	r6, [r2, r4]
1000389c:	e7c9      	b.n	10003832 <_ntoa_format+0x8a>
1000389e:	0023      	movs	r3, r4
100038a0:	3401      	adds	r4, #1
100038a2:	2630      	movs	r6, #48	@ 0x30
100038a4:	9a0c      	ldr	r2, [sp, #48]	@ 0x30
100038a6:	54d6      	strb	r6, [r2, r3]
100038a8:	2c20      	cmp	r4, #32
100038aa:	d0c1      	beq.n	10003830 <_ntoa_format+0x88>
100038ac:	4653      	mov	r3, sl
100038ae:	2b00      	cmp	r3, #0
100038b0:	d0ed      	beq.n	1000388e <_ntoa_format+0xe6>
100038b2:	262d      	movs	r6, #45	@ 0x2d
100038b4:	9a0c      	ldr	r2, [sp, #48]	@ 0x30
100038b6:	1c63      	adds	r3, r4, #1
100038b8:	5516      	strb	r6, [r2, r4]
100038ba:	e7ba      	b.n	10003832 <_ntoa_format+0x8a>
100038bc:	2f00      	cmp	r7, #0
100038be:	d034      	beq.n	1000392a <_ntoa_format+0x182>
100038c0:	3d01      	subs	r5, #1
100038c2:	42b4      	cmp	r4, r6
100038c4:	d200      	bcs.n	100038c8 <_ntoa_format+0x120>
100038c6:	e788      	b.n	100037da <_ntoa_format+0x32>
100038c8:	e795      	b.n	100037f6 <_ntoa_format+0x4e>
100038ca:	9b0f      	ldr	r3, [sp, #60]	@ 0x3c
100038cc:	2b10      	cmp	r3, #16
100038ce:	d1af      	bne.n	10003830 <_ntoa_format+0x88>
100038d0:	9b12      	ldr	r3, [sp, #72]	@ 0x48
100038d2:	069b      	lsls	r3, r3, #26
100038d4:	d53c      	bpl.n	10003950 <_ntoa_format+0x1a8>
100038d6:	2c20      	cmp	r4, #32
100038d8:	d0aa      	beq.n	10003830 <_ntoa_format+0x88>
100038da:	2358      	movs	r3, #88	@ 0x58
100038dc:	9a0c      	ldr	r2, [sp, #48]	@ 0x30
100038de:	5513      	strb	r3, [r2, r4]
100038e0:	3401      	adds	r4, #1
100038e2:	e7a3      	b.n	1000382c <_ntoa_format+0x84>
100038e4:	2c20      	cmp	r4, #32
100038e6:	d0a3      	beq.n	10003830 <_ntoa_format+0x88>
100038e8:	0023      	movs	r3, r4
100038ea:	3401      	adds	r4, #1
100038ec:	e007      	b.n	100038fe <_ntoa_format+0x156>
100038ee:	1e63      	subs	r3, r4, #1
100038f0:	2c01      	cmp	r4, #1
100038f2:	d0bf      	beq.n	10003874 <_ntoa_format+0xcc>
100038f4:	9a0f      	ldr	r2, [sp, #60]	@ 0x3c
100038f6:	2a10      	cmp	r2, #16
100038f8:	d036      	beq.n	10003968 <_ntoa_format+0x1c0>
100038fa:	2a02      	cmp	r2, #2
100038fc:	d1d1      	bne.n	100038a2 <_ntoa_format+0xfa>
100038fe:	2662      	movs	r6, #98	@ 0x62
10003900:	9a0c      	ldr	r2, [sp, #48]	@ 0x30
10003902:	54d6      	strb	r6, [r2, r3]
10003904:	e792      	b.n	1000382c <_ntoa_format+0x84>
10003906:	9b12      	ldr	r3, [sp, #72]	@ 0x48
10003908:	06db      	lsls	r3, r3, #27
1000390a:	d5cd      	bpl.n	100038a8 <_ntoa_format+0x100>
1000390c:	9b12      	ldr	r3, [sp, #72]	@ 0x48
1000390e:	055b      	lsls	r3, r3, #21
10003910:	d400      	bmi.n	10003914 <_ntoa_format+0x16c>
10003912:	e782      	b.n	1000381a <_ntoa_format+0x72>
10003914:	e785      	b.n	10003822 <_ntoa_format+0x7a>
10003916:	9a12      	ldr	r2, [sp, #72]	@ 0x48
10003918:	0023      	movs	r3, r4
1000391a:	0716      	lsls	r6, r2, #28
1000391c:	d400      	bmi.n	10003920 <_ntoa_format+0x178>
1000391e:	e788      	b.n	10003832 <_ntoa_format+0x8a>
10003920:	2620      	movs	r6, #32
10003922:	9a0c      	ldr	r2, [sp, #48]	@ 0x30
10003924:	3301      	adds	r3, #1
10003926:	5516      	strb	r6, [r2, r4]
10003928:	e783      	b.n	10003832 <_ntoa_format+0x8a>
1000392a:	230c      	movs	r3, #12
1000392c:	4013      	ands	r3, r2
1000392e:	1e5f      	subs	r7, r3, #1
10003930:	41bb      	sbcs	r3, r7
10003932:	1aed      	subs	r5, r5, r3
10003934:	42b4      	cmp	r4, r6
10003936:	d200      	bcs.n	1000393a <_ntoa_format+0x192>
10003938:	e74f      	b.n	100037da <_ntoa_format+0x32>
1000393a:	e75c      	b.n	100037f6 <_ntoa_format+0x4e>
1000393c:	9b12      	ldr	r3, [sp, #72]	@ 0x48
1000393e:	069b      	lsls	r3, r3, #26
10003940:	d40e      	bmi.n	10003960 <_ntoa_format+0x1b8>
10003942:	2378      	movs	r3, #120	@ 0x78
10003944:	9a0c      	ldr	r2, [sp, #48]	@ 0x30
10003946:	2402      	movs	r4, #2
10003948:	7013      	strb	r3, [r2, #0]
1000394a:	2330      	movs	r3, #48	@ 0x30
1000394c:	7053      	strb	r3, [r2, #1]
1000394e:	e79b      	b.n	10003888 <_ntoa_format+0xe0>
10003950:	2c20      	cmp	r4, #32
10003952:	d100      	bne.n	10003956 <_ntoa_format+0x1ae>
10003954:	e76c      	b.n	10003830 <_ntoa_format+0x88>
10003956:	2378      	movs	r3, #120	@ 0x78
10003958:	9a0c      	ldr	r2, [sp, #48]	@ 0x30
1000395a:	5513      	strb	r3, [r2, r4]
1000395c:	3401      	adds	r4, #1
1000395e:	e765      	b.n	1000382c <_ntoa_format+0x84>
10003960:	2358      	movs	r3, #88	@ 0x58
10003962:	e7ef      	b.n	10003944 <_ntoa_format+0x19c>
10003964:	3360      	adds	r3, #96	@ 0x60
10003966:	e7ed      	b.n	10003944 <_ntoa_format+0x19c>
10003968:	9a0c      	ldr	r2, [sp, #48]	@ 0x30
1000396a:	1ea6      	subs	r6, r4, #2
1000396c:	18b6      	adds	r6, r6, r2
1000396e:	9a12      	ldr	r2, [sp, #72]	@ 0x48
10003970:	0692      	lsls	r2, r2, #26
10003972:	d502      	bpl.n	1000397a <_ntoa_format+0x1d2>
10003974:	2258      	movs	r2, #88	@ 0x58
10003976:	7032      	strb	r2, [r6, #0]
10003978:	e793      	b.n	100038a2 <_ntoa_format+0xfa>
1000397a:	2278      	movs	r2, #120	@ 0x78
1000397c:	7032      	strb	r2, [r6, #0]
1000397e:	e790      	b.n	100038a2 <_ntoa_format+0xfa>

10003980 <_out_char>:
10003980:	b510      	push	{r4, lr}
10003982:	2800      	cmp	r0, #0
10003984:	d100      	bne.n	10003988 <_out_char+0x8>
10003986:	bd10      	pop	{r4, pc}
10003988:	f001 fbbc 	bl	10005104 <__wrap_putchar>
1000398c:	e7fb      	b.n	10003986 <_out_char+0x6>
1000398e:	46c0      	nop			@ (mov r8, r8)

10003990 <_out_fct>:
10003990:	b510      	push	{r4, lr}
10003992:	2800      	cmp	r0, #0
10003994:	d003      	beq.n	1000399e <_out_fct+0xe>
10003996:	684a      	ldr	r2, [r1, #4]
10003998:	680b      	ldr	r3, [r1, #0]
1000399a:	0011      	movs	r1, r2
1000399c:	4798      	blx	r3
1000399e:	bd10      	pop	{r4, pc}

100039a0 <_ftoa>:
100039a0:	b5f0      	push	{r4, r5, r6, r7, lr}
100039a2:	464e      	mov	r6, r9
100039a4:	46de      	mov	lr, fp
100039a6:	4657      	mov	r7, sl
100039a8:	4645      	mov	r5, r8
100039aa:	b5e0      	push	{r5, r6, r7, lr}
100039ac:	b095      	sub	sp, #84	@ 0x54
100039ae:	4683      	mov	fp, r0
100039b0:	4689      	mov	r9, r1
100039b2:	4692      	mov	sl, r2
100039b4:	4698      	mov	r8, r3
100039b6:	9a1e      	ldr	r2, [sp, #120]	@ 0x78
100039b8:	9b1f      	ldr	r3, [sp, #124]	@ 0x7c
100039ba:	0010      	movs	r0, r2
100039bc:	0019      	movs	r1, r3
100039be:	9e20      	ldr	r6, [sp, #128]	@ 0x80
100039c0:	f7ff fa25 	bl	10002e0e <__wrap___aeabi_dcmpun>
100039c4:	2800      	cmp	r0, #0
100039c6:	d000      	beq.n	100039ca <_ftoa+0x2a>
100039c8:	e1d2      	b.n	10003d70 <_ftoa+0x3d0>
100039ca:	981e      	ldr	r0, [sp, #120]	@ 0x78
100039cc:	991f      	ldr	r1, [sp, #124]	@ 0x7c
100039ce:	2201      	movs	r2, #1
100039d0:	4bc4      	ldr	r3, [pc, #784]	@ (10003ce4 <_ftoa+0x344>)
100039d2:	4252      	negs	r2, r2
100039d4:	f7ff fa00 	bl	10002dd8 <__wrap___aeabi_dcmplt>
100039d8:	2800      	cmp	r0, #0
100039da:	d000      	beq.n	100039de <_ftoa+0x3e>
100039dc:	e101      	b.n	10003be2 <_ftoa+0x242>
100039de:	981e      	ldr	r0, [sp, #120]	@ 0x78
100039e0:	991f      	ldr	r1, [sp, #124]	@ 0x7c
100039e2:	2201      	movs	r2, #1
100039e4:	4bc0      	ldr	r3, [pc, #768]	@ (10003ce8 <_ftoa+0x348>)
100039e6:	4252      	negs	r2, r2
100039e8:	f7ff fa0c 	bl	10002e04 <__wrap___aeabi_dcmpgt>
100039ec:	2800      	cmp	r0, #0
100039ee:	d000      	beq.n	100039f2 <_ftoa+0x52>
100039f0:	e0d6      	b.n	10003ba0 <_ftoa+0x200>
100039f2:	981e      	ldr	r0, [sp, #120]	@ 0x78
100039f4:	991f      	ldr	r1, [sp, #124]	@ 0x7c
100039f6:	2200      	movs	r2, #0
100039f8:	4bbc      	ldr	r3, [pc, #752]	@ (10003cec <_ftoa+0x34c>)
100039fa:	f7ff fa03 	bl	10002e04 <__wrap___aeabi_dcmpgt>
100039fe:	2800      	cmp	r0, #0
10003a00:	d000      	beq.n	10003a04 <_ftoa+0x64>
10003a02:	e0b5      	b.n	10003b70 <_ftoa+0x1d0>
10003a04:	981e      	ldr	r0, [sp, #120]	@ 0x78
10003a06:	991f      	ldr	r1, [sp, #124]	@ 0x7c
10003a08:	2200      	movs	r2, #0
10003a0a:	4bb9      	ldr	r3, [pc, #740]	@ (10003cf0 <_ftoa+0x350>)
10003a0c:	f7ff f9e4 	bl	10002dd8 <__wrap___aeabi_dcmplt>
10003a10:	2800      	cmp	r0, #0
10003a12:	d000      	beq.n	10003a16 <_ftoa+0x76>
10003a14:	e0ac      	b.n	10003b70 <_ftoa+0x1d0>
10003a16:	981e      	ldr	r0, [sp, #120]	@ 0x78
10003a18:	991f      	ldr	r1, [sp, #124]	@ 0x7c
10003a1a:	2200      	movs	r2, #0
10003a1c:	2300      	movs	r3, #0
10003a1e:	f7ff f9db 	bl	10002dd8 <__wrap___aeabi_dcmplt>
10003a22:	2800      	cmp	r0, #0
10003a24:	d000      	beq.n	10003a28 <_ftoa+0x88>
10003a26:	e0d1      	b.n	10003bcc <_ftoa+0x22c>
10003a28:	2300      	movs	r3, #0
10003a2a:	930b      	str	r3, [sp, #44]	@ 0x2c
10003a2c:	9b22      	ldr	r3, [sp, #136]	@ 0x88
10003a2e:	055b      	lsls	r3, r3, #21
10003a30:	d400      	bmi.n	10003a34 <_ftoa+0x94>
10003a32:	2606      	movs	r6, #6
10003a34:	2400      	movs	r4, #0
10003a36:	2330      	movs	r3, #48	@ 0x30
10003a38:	e006      	b.n	10003a48 <_ftoa+0xa8>
10003a3a:	aa06      	add	r2, sp, #24
10003a3c:	3401      	adds	r4, #1
10003a3e:	3217      	adds	r2, #23
10003a40:	5513      	strb	r3, [r2, r4]
10003a42:	3e01      	subs	r6, #1
10003a44:	2c20      	cmp	r4, #32
10003a46:	d001      	beq.n	10003a4c <_ftoa+0xac>
10003a48:	2e09      	cmp	r6, #9
10003a4a:	d8f6      	bhi.n	10003a3a <_ftoa+0x9a>
10003a4c:	981e      	ldr	r0, [sp, #120]	@ 0x78
10003a4e:	991f      	ldr	r1, [sp, #124]	@ 0x7c
10003a50:	f7ff fa06 	bl	10002e60 <__wrap___aeabi_d2iz>
10003a54:	4ba7      	ldr	r3, [pc, #668]	@ (10003cf4 <_ftoa+0x354>)
10003a56:	00f2      	lsls	r2, r6, #3
10003a58:	189b      	adds	r3, r3, r2
10003a5a:	cb0c      	ldmia	r3, {r2, r3}
10003a5c:	0005      	movs	r5, r0
10003a5e:	9208      	str	r2, [sp, #32]
10003a60:	9309      	str	r3, [sp, #36]	@ 0x24
10003a62:	f7ff f9e5 	bl	10002e30 <__wrap___aeabi_i2d>
10003a66:	0002      	movs	r2, r0
10003a68:	000b      	movs	r3, r1
10003a6a:	981e      	ldr	r0, [sp, #120]	@ 0x78
10003a6c:	991f      	ldr	r1, [sp, #124]	@ 0x7c
10003a6e:	f7ff f940 	bl	10002cf2 <__wrap___aeabi_dsub>
10003a72:	9a08      	ldr	r2, [sp, #32]
10003a74:	9b09      	ldr	r3, [sp, #36]	@ 0x24
10003a76:	f7ff f96c 	bl	10002d52 <__wrap___aeabi_dmul>
10003a7a:	9006      	str	r0, [sp, #24]
10003a7c:	9107      	str	r1, [sp, #28]
10003a7e:	f7ff fa13 	bl	10002ea8 <__wrap___aeabi_d2uiz>
10003a82:	0007      	movs	r7, r0
10003a84:	f7ff f9d0 	bl	10002e28 <__wrap___aeabi_ui2d>
10003a88:	0002      	movs	r2, r0
10003a8a:	000b      	movs	r3, r1
10003a8c:	9806      	ldr	r0, [sp, #24]
10003a8e:	9907      	ldr	r1, [sp, #28]
10003a90:	f7ff f92f 	bl	10002cf2 <__wrap___aeabi_dsub>
10003a94:	2200      	movs	r2, #0
10003a96:	4b98      	ldr	r3, [pc, #608]	@ (10003cf8 <_ftoa+0x358>)
10003a98:	9006      	str	r0, [sp, #24]
10003a9a:	9107      	str	r1, [sp, #28]
10003a9c:	f7ff f9b2 	bl	10002e04 <__wrap___aeabi_dcmpgt>
10003aa0:	2800      	cmp	r0, #0
10003aa2:	d100      	bne.n	10003aa6 <_ftoa+0x106>
10003aa4:	e0e9      	b.n	10003c7a <_ftoa+0x2da>
10003aa6:	3701      	adds	r7, #1
10003aa8:	0038      	movs	r0, r7
10003aaa:	f7ff f9bd 	bl	10002e28 <__wrap___aeabi_ui2d>
10003aae:	0002      	movs	r2, r0
10003ab0:	000b      	movs	r3, r1
10003ab2:	9808      	ldr	r0, [sp, #32]
10003ab4:	9909      	ldr	r1, [sp, #36]	@ 0x24
10003ab6:	f7ff f995 	bl	10002de4 <__wrap___aeabi_dcmple>
10003aba:	2800      	cmp	r0, #0
10003abc:	d001      	beq.n	10003ac2 <_ftoa+0x122>
10003abe:	2700      	movs	r7, #0
10003ac0:	3501      	adds	r5, #1
10003ac2:	2e00      	cmp	r6, #0
10003ac4:	d100      	bne.n	10003ac8 <_ftoa+0x128>
10003ac6:	e0b7      	b.n	10003c38 <_ftoa+0x298>
10003ac8:	9506      	str	r5, [sp, #24]
10003aca:	e013      	b.n	10003af4 <_ftoa+0x154>
10003acc:	2317      	movs	r3, #23
10003ace:	aa06      	add	r2, sp, #24
10003ad0:	189b      	adds	r3, r3, r2
10003ad2:	210a      	movs	r1, #10
10003ad4:	0038      	movs	r0, r7
10003ad6:	3401      	adds	r4, #1
10003ad8:	191d      	adds	r5, r3, r4
10003ada:	f7fe fecf 	bl	1000287c <__wrap___aeabi_uidiv>
10003ade:	3130      	adds	r1, #48	@ 0x30
10003ae0:	7029      	strb	r1, [r5, #0]
10003ae2:	0038      	movs	r0, r7
10003ae4:	210a      	movs	r1, #10
10003ae6:	3e01      	subs	r6, #1
10003ae8:	f7fe fec8 	bl	1000287c <__wrap___aeabi_uidiv>
10003aec:	2f09      	cmp	r7, #9
10003aee:	d800      	bhi.n	10003af2 <_ftoa+0x152>
10003af0:	e0e1      	b.n	10003cb6 <_ftoa+0x316>
10003af2:	0007      	movs	r7, r0
10003af4:	2c20      	cmp	r4, #32
10003af6:	d1e9      	bne.n	10003acc <_ftoa+0x12c>
10003af8:	9d06      	ldr	r5, [sp, #24]
10003afa:	2420      	movs	r4, #32
10003afc:	ab0c      	add	r3, sp, #48	@ 0x30
10003afe:	9306      	str	r3, [sp, #24]
10003b00:	2717      	movs	r7, #23
10003b02:	ab06      	add	r3, sp, #24
10003b04:	18ff      	adds	r7, r7, r3
10003b06:	e00d      	b.n	10003b24 <_ftoa+0x184>
10003b08:	0028      	movs	r0, r5
10003b0a:	210a      	movs	r1, #10
10003b0c:	f7fe fe8e 	bl	1000282c <__wrap___aeabi_idiv>
10003b10:	3401      	adds	r4, #1
10003b12:	3130      	adds	r1, #48	@ 0x30
10003b14:	0028      	movs	r0, r5
10003b16:	5539      	strb	r1, [r7, r4]
10003b18:	210a      	movs	r1, #10
10003b1a:	f7fe fe87 	bl	1000282c <__wrap___aeabi_idiv>
10003b1e:	1e05      	subs	r5, r0, #0
10003b20:	d100      	bne.n	10003b24 <_ftoa+0x184>
10003b22:	e0b7      	b.n	10003c94 <_ftoa+0x2f4>
10003b24:	2c20      	cmp	r4, #32
10003b26:	d1ef      	bne.n	10003b08 <_ftoa+0x168>
10003b28:	2303      	movs	r3, #3
10003b2a:	9a22      	ldr	r2, [sp, #136]	@ 0x88
10003b2c:	4013      	ands	r3, r2
10003b2e:	2b01      	cmp	r3, #1
10003b30:	d117      	bne.n	10003b62 <_ftoa+0x1c2>
10003b32:	9b21      	ldr	r3, [sp, #132]	@ 0x84
10003b34:	2b00      	cmp	r3, #0
10003b36:	d014      	beq.n	10003b62 <_ftoa+0x1c2>
10003b38:	9b0b      	ldr	r3, [sp, #44]	@ 0x2c
10003b3a:	2b00      	cmp	r3, #0
10003b3c:	d100      	bne.n	10003b40 <_ftoa+0x1a0>
10003b3e:	e0e3      	b.n	10003d08 <_ftoa+0x368>
10003b40:	9b21      	ldr	r3, [sp, #132]	@ 0x84
10003b42:	3b01      	subs	r3, #1
10003b44:	9321      	str	r3, [sp, #132]	@ 0x84
10003b46:	2b20      	cmp	r3, #32
10003b48:	d90b      	bls.n	10003b62 <_ftoa+0x1c2>
10003b4a:	2330      	movs	r3, #48	@ 0x30
10003b4c:	9a21      	ldr	r2, [sp, #132]	@ 0x84
10003b4e:	e006      	b.n	10003b5e <_ftoa+0x1be>
10003b50:	a906      	add	r1, sp, #24
10003b52:	3401      	adds	r4, #1
10003b54:	3117      	adds	r1, #23
10003b56:	550b      	strb	r3, [r1, r4]
10003b58:	4294      	cmp	r4, r2
10003b5a:	d300      	bcc.n	10003b5e <_ftoa+0x1be>
10003b5c:	e0a0      	b.n	10003ca0 <_ftoa+0x300>
10003b5e:	2c20      	cmp	r4, #32
10003b60:	d1f6      	bne.n	10003b50 <_ftoa+0x1b0>
10003b62:	9b22      	ldr	r3, [sp, #136]	@ 0x88
10003b64:	9401      	str	r4, [sp, #4]
10003b66:	9303      	str	r3, [sp, #12]
10003b68:	9b21      	ldr	r3, [sp, #132]	@ 0x84
10003b6a:	9302      	str	r3, [sp, #8]
10003b6c:	9b06      	ldr	r3, [sp, #24]
10003b6e:	e021      	b.n	10003bb4 <_ftoa+0x214>
10003b70:	9b22      	ldr	r3, [sp, #136]	@ 0x88
10003b72:	4652      	mov	r2, sl
10003b74:	9304      	str	r3, [sp, #16]
10003b76:	9b21      	ldr	r3, [sp, #132]	@ 0x84
10003b78:	4649      	mov	r1, r9
10003b7a:	9303      	str	r3, [sp, #12]
10003b7c:	4658      	mov	r0, fp
10003b7e:	9b1e      	ldr	r3, [sp, #120]	@ 0x78
10003b80:	9c1f      	ldr	r4, [sp, #124]	@ 0x7c
10003b82:	9602      	str	r6, [sp, #8]
10003b84:	9300      	str	r3, [sp, #0]
10003b86:	9401      	str	r4, [sp, #4]
10003b88:	4643      	mov	r3, r8
10003b8a:	f000 f943 	bl	10003e14 <_etoa>
10003b8e:	0004      	movs	r4, r0
10003b90:	0020      	movs	r0, r4
10003b92:	b015      	add	sp, #84	@ 0x54
10003b94:	bcf0      	pop	{r4, r5, r6, r7}
10003b96:	46bb      	mov	fp, r7
10003b98:	46b2      	mov	sl, r6
10003b9a:	46a9      	mov	r9, r5
10003b9c:	46a0      	mov	r8, r4
10003b9e:	bdf0      	pop	{r4, r5, r6, r7, pc}
10003ba0:	9b22      	ldr	r3, [sp, #136]	@ 0x88
10003ba2:	075b      	lsls	r3, r3, #29
10003ba4:	d40f      	bmi.n	10003bc6 <_ftoa+0x226>
10003ba6:	2203      	movs	r2, #3
10003ba8:	4b54      	ldr	r3, [pc, #336]	@ (10003cfc <_ftoa+0x35c>)
10003baa:	9922      	ldr	r1, [sp, #136]	@ 0x88
10003bac:	9201      	str	r2, [sp, #4]
10003bae:	9103      	str	r1, [sp, #12]
10003bb0:	9921      	ldr	r1, [sp, #132]	@ 0x84
10003bb2:	9102      	str	r1, [sp, #8]
10003bb4:	9300      	str	r3, [sp, #0]
10003bb6:	4652      	mov	r2, sl
10003bb8:	4643      	mov	r3, r8
10003bba:	4649      	mov	r1, r9
10003bbc:	4658      	mov	r0, fp
10003bbe:	f7ff fd9f 	bl	10003700 <_out_rev>
10003bc2:	0004      	movs	r4, r0
10003bc4:	e7e4      	b.n	10003b90 <_ftoa+0x1f0>
10003bc6:	2204      	movs	r2, #4
10003bc8:	4b4d      	ldr	r3, [pc, #308]	@ (10003d00 <_ftoa+0x360>)
10003bca:	e7ee      	b.n	10003baa <_ftoa+0x20a>
10003bcc:	9a1e      	ldr	r2, [sp, #120]	@ 0x78
10003bce:	9b1f      	ldr	r3, [sp, #124]	@ 0x7c
10003bd0:	2000      	movs	r0, #0
10003bd2:	2100      	movs	r1, #0
10003bd4:	f7ff f88d 	bl	10002cf2 <__wrap___aeabi_dsub>
10003bd8:	2301      	movs	r3, #1
10003bda:	901e      	str	r0, [sp, #120]	@ 0x78
10003bdc:	911f      	str	r1, [sp, #124]	@ 0x7c
10003bde:	930b      	str	r3, [sp, #44]	@ 0x2c
10003be0:	e724      	b.n	10003a2c <_ftoa+0x8c>
10003be2:	2302      	movs	r3, #2
10003be4:	9a22      	ldr	r2, [sp, #136]	@ 0x88
10003be6:	4654      	mov	r4, sl
10003be8:	401a      	ands	r2, r3
10003bea:	9b22      	ldr	r3, [sp, #136]	@ 0x88
10003bec:	9206      	str	r2, [sp, #24]
10003bee:	079b      	lsls	r3, r3, #30
10003bf0:	d100      	bne.n	10003bf4 <_ftoa+0x254>
10003bf2:	e0ac      	b.n	10003d4e <_ftoa+0x3ae>
10003bf4:	0026      	movs	r6, r4
10003bf6:	4d43      	ldr	r5, [pc, #268]	@ (10003d04 <_ftoa+0x364>)
10003bf8:	9408      	str	r4, [sp, #32]
10003bfa:	1f2f      	subs	r7, r5, #4
10003bfc:	0032      	movs	r2, r6
10003bfe:	78e8      	ldrb	r0, [r5, #3]
10003c00:	4643      	mov	r3, r8
10003c02:	4649      	mov	r1, r9
10003c04:	3d01      	subs	r5, #1
10003c06:	47d8      	blx	fp
10003c08:	3601      	adds	r6, #1
10003c0a:	42bd      	cmp	r5, r7
10003c0c:	d1f6      	bne.n	10003bfc <_ftoa+0x25c>
10003c0e:	9c08      	ldr	r4, [sp, #32]
10003c10:	9b06      	ldr	r3, [sp, #24]
10003c12:	3404      	adds	r4, #4
10003c14:	2b00      	cmp	r3, #0
10003c16:	d0bb      	beq.n	10003b90 <_ftoa+0x1f0>
10003c18:	4657      	mov	r7, sl
10003c1a:	9a21      	ldr	r2, [sp, #132]	@ 0x84
10003c1c:	1be3      	subs	r3, r4, r7
10003c1e:	429a      	cmp	r2, r3
10003c20:	d9b6      	bls.n	10003b90 <_ftoa+0x1f0>
10003c22:	0015      	movs	r5, r2
10003c24:	0022      	movs	r2, r4
10003c26:	4643      	mov	r3, r8
10003c28:	4649      	mov	r1, r9
10003c2a:	2020      	movs	r0, #32
10003c2c:	3401      	adds	r4, #1
10003c2e:	47d8      	blx	fp
10003c30:	1be3      	subs	r3, r4, r7
10003c32:	42ab      	cmp	r3, r5
10003c34:	d3f6      	bcc.n	10003c24 <_ftoa+0x284>
10003c36:	e7ab      	b.n	10003b90 <_ftoa+0x1f0>
10003c38:	0028      	movs	r0, r5
10003c3a:	f7ff f8f9 	bl	10002e30 <__wrap___aeabi_i2d>
10003c3e:	0002      	movs	r2, r0
10003c40:	000b      	movs	r3, r1
10003c42:	981e      	ldr	r0, [sp, #120]	@ 0x78
10003c44:	991f      	ldr	r1, [sp, #124]	@ 0x7c
10003c46:	f7ff f854 	bl	10002cf2 <__wrap___aeabi_dsub>
10003c4a:	4b2b      	ldr	r3, [pc, #172]	@ (10003cf8 <_ftoa+0x358>)
10003c4c:	2200      	movs	r2, #0
10003c4e:	0006      	movs	r6, r0
10003c50:	000f      	movs	r7, r1
10003c52:	f7ff f8c1 	bl	10002dd8 <__wrap___aeabi_dcmplt>
10003c56:	ab0c      	add	r3, sp, #48	@ 0x30
10003c58:	9306      	str	r3, [sp, #24]
10003c5a:	2800      	cmp	r0, #0
10003c5c:	d000      	beq.n	10003c60 <_ftoa+0x2c0>
10003c5e:	e74f      	b.n	10003b00 <_ftoa+0x160>
10003c60:	2200      	movs	r2, #0
10003c62:	0030      	movs	r0, r6
10003c64:	0039      	movs	r1, r7
10003c66:	4b24      	ldr	r3, [pc, #144]	@ (10003cf8 <_ftoa+0x358>)
10003c68:	f7ff f8cc 	bl	10002e04 <__wrap___aeabi_dcmpgt>
10003c6c:	2800      	cmp	r0, #0
10003c6e:	d000      	beq.n	10003c72 <_ftoa+0x2d2>
10003c70:	e746      	b.n	10003b00 <_ftoa+0x160>
10003c72:	2301      	movs	r3, #1
10003c74:	3501      	adds	r5, #1
10003c76:	439d      	bics	r5, r3
10003c78:	e742      	b.n	10003b00 <_ftoa+0x160>
10003c7a:	2200      	movs	r2, #0
10003c7c:	9806      	ldr	r0, [sp, #24]
10003c7e:	9907      	ldr	r1, [sp, #28]
10003c80:	4b1d      	ldr	r3, [pc, #116]	@ (10003cf8 <_ftoa+0x358>)
10003c82:	f7ff f8a9 	bl	10002dd8 <__wrap___aeabi_dcmplt>
10003c86:	2800      	cmp	r0, #0
10003c88:	d000      	beq.n	10003c8c <_ftoa+0x2ec>
10003c8a:	e71a      	b.n	10003ac2 <_ftoa+0x122>
10003c8c:	2f00      	cmp	r7, #0
10003c8e:	d159      	bne.n	10003d44 <_ftoa+0x3a4>
10003c90:	3701      	adds	r7, #1
10003c92:	e716      	b.n	10003ac2 <_ftoa+0x122>
10003c94:	2303      	movs	r3, #3
10003c96:	9a22      	ldr	r2, [sp, #136]	@ 0x88
10003c98:	4013      	ands	r3, r2
10003c9a:	2b01      	cmp	r3, #1
10003c9c:	d100      	bne.n	10003ca0 <_ftoa+0x300>
10003c9e:	e0a6      	b.n	10003dee <_ftoa+0x44e>
10003ca0:	2c20      	cmp	r4, #32
10003ca2:	d100      	bne.n	10003ca6 <_ftoa+0x306>
10003ca4:	e75d      	b.n	10003b62 <_ftoa+0x1c2>
10003ca6:	9b0b      	ldr	r3, [sp, #44]	@ 0x2c
10003ca8:	2b00      	cmp	r3, #0
10003caa:	d03a      	beq.n	10003d22 <_ftoa+0x382>
10003cac:	232d      	movs	r3, #45	@ 0x2d
10003cae:	9a06      	ldr	r2, [sp, #24]
10003cb0:	5513      	strb	r3, [r2, r4]
10003cb2:	3401      	adds	r4, #1
10003cb4:	e755      	b.n	10003b62 <_ftoa+0x1c2>
10003cb6:	9d06      	ldr	r5, [sp, #24]
10003cb8:	2c20      	cmp	r4, #32
10003cba:	d100      	bne.n	10003cbe <_ftoa+0x31e>
10003cbc:	e71d      	b.n	10003afa <_ftoa+0x15a>
10003cbe:	2330      	movs	r3, #48	@ 0x30
10003cc0:	1936      	adds	r6, r6, r4
10003cc2:	e006      	b.n	10003cd2 <_ftoa+0x332>
10003cc4:	aa06      	add	r2, sp, #24
10003cc6:	3401      	adds	r4, #1
10003cc8:	3217      	adds	r2, #23
10003cca:	5513      	strb	r3, [r2, r4]
10003ccc:	2c20      	cmp	r4, #32
10003cce:	d100      	bne.n	10003cd2 <_ftoa+0x332>
10003cd0:	e713      	b.n	10003afa <_ftoa+0x15a>
10003cd2:	42a6      	cmp	r6, r4
10003cd4:	d1f6      	bne.n	10003cc4 <_ftoa+0x324>
10003cd6:	232e      	movs	r3, #46	@ 0x2e
10003cd8:	aa0c      	add	r2, sp, #48	@ 0x30
10003cda:	3401      	adds	r4, #1
10003cdc:	9206      	str	r2, [sp, #24]
10003cde:	5593      	strb	r3, [r2, r6]
10003ce0:	e70e      	b.n	10003b00 <_ftoa+0x160>
10003ce2:	46c0      	nop			@ (mov r8, r8)
10003ce4:	ffefffff 	.word	0xffefffff
10003ce8:	7fefffff 	.word	0x7fefffff
10003cec:	41cdcd65 	.word	0x41cdcd65
10003cf0:	c1cdcd65 	.word	0xc1cdcd65
10003cf4:	10007db0 	.word	0x10007db0
10003cf8:	3fe00000 	.word	0x3fe00000
10003cfc:	10007ab0 	.word	0x10007ab0
10003d00:	10007aa8 	.word	0x10007aa8
10003d04:	10007ab8 	.word	0x10007ab8
10003d08:	230c      	movs	r3, #12
10003d0a:	9a22      	ldr	r2, [sp, #136]	@ 0x88
10003d0c:	4213      	tst	r3, r2
10003d0e:	d057      	beq.n	10003dc0 <_ftoa+0x420>
10003d10:	9b21      	ldr	r3, [sp, #132]	@ 0x84
10003d12:	3b01      	subs	r3, #1
10003d14:	9321      	str	r3, [sp, #132]	@ 0x84
10003d16:	42a3      	cmp	r3, r4
10003d18:	d900      	bls.n	10003d1c <_ftoa+0x37c>
10003d1a:	e716      	b.n	10003b4a <_ftoa+0x1aa>
10003d1c:	2c20      	cmp	r4, #32
10003d1e:	d100      	bne.n	10003d22 <_ftoa+0x382>
10003d20:	e71f      	b.n	10003b62 <_ftoa+0x1c2>
10003d22:	9b22      	ldr	r3, [sp, #136]	@ 0x88
10003d24:	075b      	lsls	r3, r3, #29
10003d26:	d504      	bpl.n	10003d32 <_ftoa+0x392>
10003d28:	232b      	movs	r3, #43	@ 0x2b
10003d2a:	9a06      	ldr	r2, [sp, #24]
10003d2c:	5513      	strb	r3, [r2, r4]
10003d2e:	3401      	adds	r4, #1
10003d30:	e717      	b.n	10003b62 <_ftoa+0x1c2>
10003d32:	9b22      	ldr	r3, [sp, #136]	@ 0x88
10003d34:	071b      	lsls	r3, r3, #28
10003d36:	d400      	bmi.n	10003d3a <_ftoa+0x39a>
10003d38:	e713      	b.n	10003b62 <_ftoa+0x1c2>
10003d3a:	2320      	movs	r3, #32
10003d3c:	9a06      	ldr	r2, [sp, #24]
10003d3e:	5513      	strb	r3, [r2, r4]
10003d40:	3401      	adds	r4, #1
10003d42:	e70e      	b.n	10003b62 <_ftoa+0x1c2>
10003d44:	07fb      	lsls	r3, r7, #31
10003d46:	d400      	bmi.n	10003d4a <_ftoa+0x3aa>
10003d48:	e6bb      	b.n	10003ac2 <_ftoa+0x122>
10003d4a:	3701      	adds	r7, #1
10003d4c:	e6b9      	b.n	10003ac2 <_ftoa+0x122>
10003d4e:	9b21      	ldr	r3, [sp, #132]	@ 0x84
10003d50:	2b04      	cmp	r3, #4
10003d52:	d800      	bhi.n	10003d56 <_ftoa+0x3b6>
10003d54:	e74e      	b.n	10003bf4 <_ftoa+0x254>
10003d56:	4655      	mov	r5, sl
10003d58:	464f      	mov	r7, r9
10003d5a:	3c04      	subs	r4, #4
10003d5c:	18e4      	adds	r4, r4, r3
10003d5e:	002a      	movs	r2, r5
10003d60:	4643      	mov	r3, r8
10003d62:	3501      	adds	r5, #1
10003d64:	0039      	movs	r1, r7
10003d66:	2020      	movs	r0, #32
10003d68:	47d8      	blx	fp
10003d6a:	42ac      	cmp	r4, r5
10003d6c:	d1f7      	bne.n	10003d5e <_ftoa+0x3be>
10003d6e:	e741      	b.n	10003bf4 <_ftoa+0x254>
10003d70:	2702      	movs	r7, #2
10003d72:	9b22      	ldr	r3, [sp, #136]	@ 0x88
10003d74:	4655      	mov	r5, sl
10003d76:	401f      	ands	r7, r3
10003d78:	079b      	lsls	r3, r3, #30
10003d7a:	d026      	beq.n	10003dca <_ftoa+0x42a>
10003d7c:	9706      	str	r7, [sp, #24]
10003d7e:	465f      	mov	r7, fp
10003d80:	4e23      	ldr	r6, [pc, #140]	@ (10003e10 <_ftoa+0x470>)
10003d82:	1cec      	adds	r4, r5, #3
10003d84:	002a      	movs	r2, r5
10003d86:	78b0      	ldrb	r0, [r6, #2]
10003d88:	4643      	mov	r3, r8
10003d8a:	4649      	mov	r1, r9
10003d8c:	3501      	adds	r5, #1
10003d8e:	47b8      	blx	r7
10003d90:	3e01      	subs	r6, #1
10003d92:	42ac      	cmp	r4, r5
10003d94:	d1f6      	bne.n	10003d84 <_ftoa+0x3e4>
10003d96:	9f06      	ldr	r7, [sp, #24]
10003d98:	2f00      	cmp	r7, #0
10003d9a:	d100      	bne.n	10003d9e <_ftoa+0x3fe>
10003d9c:	e6f8      	b.n	10003b90 <_ftoa+0x1f0>
10003d9e:	4657      	mov	r7, sl
10003da0:	9a21      	ldr	r2, [sp, #132]	@ 0x84
10003da2:	1be3      	subs	r3, r4, r7
10003da4:	429a      	cmp	r2, r3
10003da6:	d800      	bhi.n	10003daa <_ftoa+0x40a>
10003da8:	e6f2      	b.n	10003b90 <_ftoa+0x1f0>
10003daa:	0015      	movs	r5, r2
10003dac:	0022      	movs	r2, r4
10003dae:	4643      	mov	r3, r8
10003db0:	4649      	mov	r1, r9
10003db2:	2020      	movs	r0, #32
10003db4:	3401      	adds	r4, #1
10003db6:	47d8      	blx	fp
10003db8:	1be3      	subs	r3, r4, r7
10003dba:	42ab      	cmp	r3, r5
10003dbc:	d3f6      	bcc.n	10003dac <_ftoa+0x40c>
10003dbe:	e6e7      	b.n	10003b90 <_ftoa+0x1f0>
10003dc0:	9b21      	ldr	r3, [sp, #132]	@ 0x84
10003dc2:	42a3      	cmp	r3, r4
10003dc4:	d900      	bls.n	10003dc8 <_ftoa+0x428>
10003dc6:	e6c0      	b.n	10003b4a <_ftoa+0x1aa>
10003dc8:	e6cb      	b.n	10003b62 <_ftoa+0x1c2>
10003dca:	9b21      	ldr	r3, [sp, #132]	@ 0x84
10003dcc:	2b03      	cmp	r3, #3
10003dce:	d9d5      	bls.n	10003d7c <_ftoa+0x3dc>
10003dd0:	9706      	str	r7, [sp, #24]
10003dd2:	4654      	mov	r4, sl
10003dd4:	464f      	mov	r7, r9
10003dd6:	3d03      	subs	r5, #3
10003dd8:	18ed      	adds	r5, r5, r3
10003dda:	0022      	movs	r2, r4
10003ddc:	4643      	mov	r3, r8
10003dde:	3401      	adds	r4, #1
10003de0:	0039      	movs	r1, r7
10003de2:	2020      	movs	r0, #32
10003de4:	47d8      	blx	fp
10003de6:	42a5      	cmp	r5, r4
10003de8:	d1f7      	bne.n	10003dda <_ftoa+0x43a>
10003dea:	9f06      	ldr	r7, [sp, #24]
10003dec:	e7c6      	b.n	10003d7c <_ftoa+0x3dc>
10003dee:	9b21      	ldr	r3, [sp, #132]	@ 0x84
10003df0:	2b00      	cmp	r3, #0
10003df2:	d100      	bne.n	10003df6 <_ftoa+0x456>
10003df4:	e754      	b.n	10003ca0 <_ftoa+0x300>
10003df6:	9b0b      	ldr	r3, [sp, #44]	@ 0x2c
10003df8:	2b00      	cmp	r3, #0
10003dfa:	d085      	beq.n	10003d08 <_ftoa+0x368>
10003dfc:	9b21      	ldr	r3, [sp, #132]	@ 0x84
10003dfe:	3b01      	subs	r3, #1
10003e00:	9321      	str	r3, [sp, #132]	@ 0x84
10003e02:	429c      	cmp	r4, r3
10003e04:	d200      	bcs.n	10003e08 <_ftoa+0x468>
10003e06:	e6a0      	b.n	10003b4a <_ftoa+0x1aa>
10003e08:	2c20      	cmp	r4, #32
10003e0a:	d000      	beq.n	10003e0e <_ftoa+0x46e>
10003e0c:	e74e      	b.n	10003cac <_ftoa+0x30c>
10003e0e:	e6a8      	b.n	10003b62 <_ftoa+0x1c2>
10003e10:	10007ab4 	.word	0x10007ab4

10003e14 <_etoa>:
10003e14:	b5f0      	push	{r4, r5, r6, r7, lr}
10003e16:	4645      	mov	r5, r8
10003e18:	46de      	mov	lr, fp
10003e1a:	4657      	mov	r7, sl
10003e1c:	464e      	mov	r6, r9
10003e1e:	b5e0      	push	{r5, r6, r7, lr}
10003e20:	b09b      	sub	sp, #108	@ 0x6c
10003e22:	9c24      	ldr	r4, [sp, #144]	@ 0x90
10003e24:	9d25      	ldr	r5, [sp, #148]	@ 0x94
10003e26:	4682      	mov	sl, r0
10003e28:	4688      	mov	r8, r1
10003e2a:	4693      	mov	fp, r2
10003e2c:	4699      	mov	r9, r3
10003e2e:	0022      	movs	r2, r4
10003e30:	002b      	movs	r3, r5
10003e32:	0020      	movs	r0, r4
10003e34:	0029      	movs	r1, r5
10003e36:	f7fe ffea 	bl	10002e0e <__wrap___aeabi_dcmpun>
10003e3a:	2800      	cmp	r0, #0
10003e3c:	d000      	beq.n	10003e40 <_etoa+0x2c>
10003e3e:	e0c1      	b.n	10003fc4 <_etoa+0x1b0>
10003e40:	2201      	movs	r2, #1
10003e42:	0020      	movs	r0, r4
10003e44:	0029      	movs	r1, r5
10003e46:	4b7c      	ldr	r3, [pc, #496]	@ (10004038 <_etoa+0x224>)
10003e48:	4252      	negs	r2, r2
10003e4a:	f7fe ffdb 	bl	10002e04 <__wrap___aeabi_dcmpgt>
10003e4e:	2800      	cmp	r0, #0
10003e50:	d000      	beq.n	10003e54 <_etoa+0x40>
10003e52:	e0b7      	b.n	10003fc4 <_etoa+0x1b0>
10003e54:	2201      	movs	r2, #1
10003e56:	0020      	movs	r0, r4
10003e58:	0029      	movs	r1, r5
10003e5a:	4b78      	ldr	r3, [pc, #480]	@ (1000403c <_etoa+0x228>)
10003e5c:	4252      	negs	r2, r2
10003e5e:	f7fe ffbb 	bl	10002dd8 <__wrap___aeabi_dcmplt>
10003e62:	2800      	cmp	r0, #0
10003e64:	d000      	beq.n	10003e68 <_etoa+0x54>
10003e66:	e0ad      	b.n	10003fc4 <_etoa+0x1b0>
10003e68:	2200      	movs	r2, #0
10003e6a:	2300      	movs	r3, #0
10003e6c:	0020      	movs	r0, r4
10003e6e:	0029      	movs	r1, r5
10003e70:	f7fe ffb2 	bl	10002dd8 <__wrap___aeabi_dcmplt>
10003e74:	2800      	cmp	r0, #0
10003e76:	d000      	beq.n	10003e7a <_etoa+0x66>
10003e78:	e1bb      	b.n	100041f2 <_etoa+0x3de>
10003e7a:	9408      	str	r4, [sp, #32]
10003e7c:	9509      	str	r5, [sp, #36]	@ 0x24
10003e7e:	9808      	ldr	r0, [sp, #32]
10003e80:	9909      	ldr	r1, [sp, #36]	@ 0x24
10003e82:	2380      	movs	r3, #128	@ 0x80
10003e84:	9a28      	ldr	r2, [sp, #160]	@ 0xa0
10003e86:	00db      	lsls	r3, r3, #3
10003e88:	401a      	ands	r2, r3
10003e8a:	920f      	str	r2, [sp, #60]	@ 0x3c
10003e8c:	2280      	movs	r2, #128	@ 0x80
10003e8e:	9e28      	ldr	r6, [sp, #160]	@ 0xa0
10003e90:	0112      	lsls	r2, r2, #4
10003e92:	4016      	ands	r6, r2
10003e94:	0032      	movs	r2, r6
10003e96:	960e      	str	r6, [sp, #56]	@ 0x38
10003e98:	9e28      	ldr	r6, [sp, #160]	@ 0xa0
10003e9a:	000f      	movs	r7, r1
10003e9c:	900a      	str	r0, [sp, #40]	@ 0x28
10003e9e:	421e      	tst	r6, r3
10003ea0:	d000      	beq.n	10003ea4 <_etoa+0x90>
10003ea2:	e0a4      	b.n	10003fee <_etoa+0x1da>
10003ea4:	000b      	movs	r3, r1
10003ea6:	4303      	orrs	r3, r0
10003ea8:	d000      	beq.n	10003eac <_etoa+0x98>
10003eaa:	e0cb      	b.n	10004044 <_etoa+0x230>
10003eac:	2a00      	cmp	r2, #0
10003eae:	d000      	beq.n	10003eb2 <_etoa+0x9e>
10003eb0:	e212      	b.n	100042d8 <_etoa+0x4c4>
10003eb2:	0032      	movs	r2, r6
10003eb4:	3306      	adds	r3, #6
10003eb6:	9326      	str	r3, [sp, #152]	@ 0x98
10003eb8:	2302      	movs	r3, #2
10003eba:	4013      	ands	r3, r2
10003ebc:	930c      	str	r3, [sp, #48]	@ 0x30
10003ebe:	2302      	movs	r3, #2
10003ec0:	4213      	tst	r3, r2
10003ec2:	d000      	beq.n	10003ec6 <_etoa+0xb2>
10003ec4:	e20a      	b.n	100042dc <_etoa+0x4c8>
10003ec6:	9b27      	ldr	r3, [sp, #156]	@ 0x9c
10003ec8:	2b04      	cmp	r3, #4
10003eca:	d200      	bcs.n	10003ece <_etoa+0xba>
10003ecc:	e215      	b.n	100042fa <_etoa+0x4e6>
10003ece:	2700      	movs	r7, #0
10003ed0:	2604      	movs	r6, #4
10003ed2:	3b04      	subs	r3, #4
10003ed4:	930e      	str	r3, [sp, #56]	@ 0x38
10003ed6:	2200      	movs	r2, #0
10003ed8:	2300      	movs	r3, #0
10003eda:	0020      	movs	r0, r4
10003edc:	0029      	movs	r1, r5
10003ede:	f7fe ff7b 	bl	10002dd8 <__wrap___aeabi_dcmplt>
10003ee2:	2800      	cmp	r0, #0
10003ee4:	d000      	beq.n	10003ee8 <_etoa+0xd4>
10003ee6:	e1c8      	b.n	1000427a <_etoa+0x466>
10003ee8:	4b55      	ldr	r3, [pc, #340]	@ (10004040 <_etoa+0x22c>)
10003eea:	9a28      	ldr	r2, [sp, #160]	@ 0xa0
10003eec:	4013      	ands	r3, r2
10003eee:	9304      	str	r3, [sp, #16]
10003ef0:	9b0e      	ldr	r3, [sp, #56]	@ 0x38
10003ef2:	9303      	str	r3, [sp, #12]
10003ef4:	9b26      	ldr	r3, [sp, #152]	@ 0x98
10003ef6:	9302      	str	r3, [sp, #8]
10003ef8:	9b08      	ldr	r3, [sp, #32]
10003efa:	9c09      	ldr	r4, [sp, #36]	@ 0x24
10003efc:	9300      	str	r3, [sp, #0]
10003efe:	9401      	str	r4, [sp, #4]
10003f00:	4641      	mov	r1, r8
10003f02:	464b      	mov	r3, r9
10003f04:	465a      	mov	r2, fp
10003f06:	4650      	mov	r0, sl
10003f08:	f7ff fd4a 	bl	100039a0 <_ftoa>
10003f0c:	0002      	movs	r2, r0
10003f0e:	2020      	movs	r0, #32
10003f10:	9b28      	ldr	r3, [sp, #160]	@ 0xa0
10003f12:	2500      	movs	r5, #0
10003f14:	4003      	ands	r3, r0
10003f16:	4259      	negs	r1, r3
10003f18:	414b      	adcs	r3, r1
10003f1a:	425b      	negs	r3, r3
10003f1c:	4018      	ands	r0, r3
10003f1e:	1c53      	adds	r3, r2, #1
10003f20:	9308      	str	r3, [sp, #32]
10003f22:	4641      	mov	r1, r8
10003f24:	464b      	mov	r3, r9
10003f26:	3045      	adds	r0, #69	@ 0x45
10003f28:	47d0      	blx	sl
10003f2a:	17fb      	asrs	r3, r7, #31
10003f2c:	18fc      	adds	r4, r7, r3
10003f2e:	405c      	eors	r4, r3
10003f30:	0ffb      	lsrs	r3, r7, #31
10003f32:	271f      	movs	r7, #31
10003f34:	930a      	str	r3, [sp, #40]	@ 0x28
10003f36:	1e73      	subs	r3, r6, #1
10003f38:	930e      	str	r3, [sp, #56]	@ 0x38
10003f3a:	ab0a      	add	r3, sp, #40	@ 0x28
10003f3c:	18ff      	adds	r7, r7, r3
10003f3e:	e006      	b.n	10003f4e <_etoa+0x13a>
10003f40:	0020      	movs	r0, r4
10003f42:	210a      	movs	r1, #10
10003f44:	f7fe fc9a 	bl	1000287c <__wrap___aeabi_uidiv>
10003f48:	0004      	movs	r4, r0
10003f4a:	2d20      	cmp	r5, #32
10003f4c:	d008      	beq.n	10003f60 <_etoa+0x14c>
10003f4e:	210a      	movs	r1, #10
10003f50:	0020      	movs	r0, r4
10003f52:	f7fe fc93 	bl	1000287c <__wrap___aeabi_uidiv>
10003f56:	3501      	adds	r5, #1
10003f58:	3130      	adds	r1, #48	@ 0x30
10003f5a:	5579      	strb	r1, [r7, r5]
10003f5c:	2c09      	cmp	r4, #9
10003f5e:	d8ef      	bhi.n	10003f40 <_etoa+0x12c>
10003f60:	2305      	movs	r3, #5
10003f62:	9306      	str	r3, [sp, #24]
10003f64:	9b0e      	ldr	r3, [sp, #56]	@ 0x38
10003f66:	4656      	mov	r6, sl
10003f68:	9305      	str	r3, [sp, #20]
10003f6a:	2300      	movs	r3, #0
10003f6c:	9304      	str	r3, [sp, #16]
10003f6e:	330a      	adds	r3, #10
10003f70:	9303      	str	r3, [sp, #12]
10003f72:	9b0a      	ldr	r3, [sp, #40]	@ 0x28
10003f74:	4641      	mov	r1, r8
10003f76:	9302      	str	r3, [sp, #8]
10003f78:	ab12      	add	r3, sp, #72	@ 0x48
10003f7a:	9300      	str	r3, [sp, #0]
10003f7c:	0030      	movs	r0, r6
10003f7e:	464b      	mov	r3, r9
10003f80:	9a08      	ldr	r2, [sp, #32]
10003f82:	9501      	str	r5, [sp, #4]
10003f84:	f7ff fc10 	bl	100037a8 <_ntoa_format>
10003f88:	9b0c      	ldr	r3, [sp, #48]	@ 0x30
10003f8a:	2b00      	cmp	r3, #0
10003f8c:	d028      	beq.n	10003fe0 <_etoa+0x1cc>
10003f8e:	465f      	mov	r7, fp
10003f90:	9b27      	ldr	r3, [sp, #156]	@ 0x9c
10003f92:	1bc4      	subs	r4, r0, r7
10003f94:	42a3      	cmp	r3, r4
10003f96:	d923      	bls.n	10003fe0 <_etoa+0x1cc>
10003f98:	4682      	mov	sl, r0
10003f9a:	001d      	movs	r5, r3
10003f9c:	193a      	adds	r2, r7, r4
10003f9e:	464b      	mov	r3, r9
10003fa0:	4641      	mov	r1, r8
10003fa2:	2020      	movs	r0, #32
10003fa4:	3401      	adds	r4, #1
10003fa6:	47b0      	blx	r6
10003fa8:	42a5      	cmp	r5, r4
10003faa:	d8f7      	bhi.n	10003f9c <_etoa+0x188>
10003fac:	4650      	mov	r0, sl
10003fae:	4659      	mov	r1, fp
10003fb0:	9c27      	ldr	r4, [sp, #156]	@ 0x9c
10003fb2:	1a42      	subs	r2, r0, r1
10003fb4:	3201      	adds	r2, #1
10003fb6:	2300      	movs	r3, #0
10003fb8:	4294      	cmp	r4, r2
10003fba:	d300      	bcc.n	10003fbe <_etoa+0x1aa>
10003fbc:	e195      	b.n	100042ea <_etoa+0x4d6>
10003fbe:	3001      	adds	r0, #1
10003fc0:	1818      	adds	r0, r3, r0
10003fc2:	e00d      	b.n	10003fe0 <_etoa+0x1cc>
10003fc4:	9b28      	ldr	r3, [sp, #160]	@ 0xa0
10003fc6:	9400      	str	r4, [sp, #0]
10003fc8:	9501      	str	r5, [sp, #4]
10003fca:	9304      	str	r3, [sp, #16]
10003fcc:	9b27      	ldr	r3, [sp, #156]	@ 0x9c
10003fce:	9303      	str	r3, [sp, #12]
10003fd0:	9b26      	ldr	r3, [sp, #152]	@ 0x98
10003fd2:	9302      	str	r3, [sp, #8]
10003fd4:	464b      	mov	r3, r9
10003fd6:	465a      	mov	r2, fp
10003fd8:	4641      	mov	r1, r8
10003fda:	4650      	mov	r0, sl
10003fdc:	f7ff fce0 	bl	100039a0 <_ftoa>
10003fe0:	b01b      	add	sp, #108	@ 0x6c
10003fe2:	bcf0      	pop	{r4, r5, r6, r7}
10003fe4:	46bb      	mov	fp, r7
10003fe6:	46b2      	mov	sl, r6
10003fe8:	46a9      	mov	r9, r5
10003fea:	46a0      	mov	r8, r4
10003fec:	bdf0      	pop	{r4, r5, r6, r7, pc}
10003fee:	4301      	orrs	r1, r0
10003ff0:	d12a      	bne.n	10004048 <_etoa+0x234>
10003ff2:	9b0e      	ldr	r3, [sp, #56]	@ 0x38
10003ff4:	0032      	movs	r2, r6
10003ff6:	2b00      	cmp	r3, #0
10003ff8:	d100      	bne.n	10003ffc <_etoa+0x1e8>
10003ffa:	e75d      	b.n	10003eb8 <_etoa+0xa4>
10003ffc:	2700      	movs	r7, #0
10003ffe:	9b26      	ldr	r3, [sp, #152]	@ 0x98
10004000:	2600      	movs	r6, #0
10004002:	42bb      	cmp	r3, r7
10004004:	dd00      	ble.n	10004008 <_etoa+0x1f4>
10004006:	e182      	b.n	1000430e <_etoa+0x4fa>
10004008:	2200      	movs	r2, #0
1000400a:	2300      	movs	r3, #0
1000400c:	0020      	movs	r0, r4
1000400e:	0029      	movs	r1, r5
10004010:	f7fe fee2 	bl	10002dd8 <__wrap___aeabi_dcmplt>
10004014:	2800      	cmp	r0, #0
10004016:	d000      	beq.n	1000401a <_etoa+0x206>
10004018:	e14b      	b.n	100042b2 <_etoa+0x49e>
1000401a:	9b28      	ldr	r3, [sp, #160]	@ 0xa0
1000401c:	4a08      	ldr	r2, [pc, #32]	@ (10004040 <_etoa+0x22c>)
1000401e:	9602      	str	r6, [sp, #8]
10004020:	401a      	ands	r2, r3
10004022:	2380      	movs	r3, #128	@ 0x80
10004024:	00db      	lsls	r3, r3, #3
10004026:	4313      	orrs	r3, r2
10004028:	9304      	str	r3, [sp, #16]
1000402a:	9b27      	ldr	r3, [sp, #156]	@ 0x9c
1000402c:	9303      	str	r3, [sp, #12]
1000402e:	9b08      	ldr	r3, [sp, #32]
10004030:	9c09      	ldr	r4, [sp, #36]	@ 0x24
10004032:	9300      	str	r3, [sp, #0]
10004034:	9401      	str	r4, [sp, #4]
10004036:	e7cd      	b.n	10003fd4 <_etoa+0x1c0>
10004038:	7fefffff 	.word	0x7fefffff
1000403c:	ffefffff 	.word	0xffefffff
10004040:	fffff7ff 	.word	0xfffff7ff
10004044:	2306      	movs	r3, #6
10004046:	9326      	str	r3, [sp, #152]	@ 0x98
10004048:	4bb2      	ldr	r3, [pc, #712]	@ (10004314 <_etoa+0x500>)
1000404a:	0078      	lsls	r0, r7, #1
1000404c:	0d40      	lsrs	r0, r0, #21
1000404e:	18c0      	adds	r0, r0, r3
10004050:	f7fe feee 	bl	10002e30 <__wrap___aeabi_i2d>
10004054:	4ab0      	ldr	r2, [pc, #704]	@ (10004318 <_etoa+0x504>)
10004056:	4bb1      	ldr	r3, [pc, #708]	@ (1000431c <_etoa+0x508>)
10004058:	f7fe fe7b 	bl	10002d52 <__wrap___aeabi_dmul>
1000405c:	4ab0      	ldr	r2, [pc, #704]	@ (10004320 <_etoa+0x50c>)
1000405e:	4bb1      	ldr	r3, [pc, #708]	@ (10004324 <_etoa+0x510>)
10004060:	f7fe fe50 	bl	10002d04 <__wrap___aeabi_dadd>
10004064:	033f      	lsls	r7, r7, #12
10004066:	4bb0      	ldr	r3, [pc, #704]	@ (10004328 <_etoa+0x514>)
10004068:	0b3f      	lsrs	r7, r7, #12
1000406a:	433b      	orrs	r3, r7
1000406c:	900c      	str	r0, [sp, #48]	@ 0x30
1000406e:	910d      	str	r1, [sp, #52]	@ 0x34
10004070:	2200      	movs	r2, #0
10004072:	980a      	ldr	r0, [sp, #40]	@ 0x28
10004074:	0019      	movs	r1, r3
10004076:	4bad      	ldr	r3, [pc, #692]	@ (1000432c <_etoa+0x518>)
10004078:	f7fe fe3b 	bl	10002cf2 <__wrap___aeabi_dsub>
1000407c:	4aac      	ldr	r2, [pc, #688]	@ (10004330 <_etoa+0x51c>)
1000407e:	4bad      	ldr	r3, [pc, #692]	@ (10004334 <_etoa+0x520>)
10004080:	f7fe fe67 	bl	10002d52 <__wrap___aeabi_dmul>
10004084:	0002      	movs	r2, r0
10004086:	000b      	movs	r3, r1
10004088:	980c      	ldr	r0, [sp, #48]	@ 0x30
1000408a:	990d      	ldr	r1, [sp, #52]	@ 0x34
1000408c:	f7fe fe3a 	bl	10002d04 <__wrap___aeabi_dadd>
10004090:	f7fe fee6 	bl	10002e60 <__wrap___aeabi_d2iz>
10004094:	0007      	movs	r7, r0
10004096:	f7fe fecb 	bl	10002e30 <__wrap___aeabi_i2d>
1000409a:	4aa7      	ldr	r2, [pc, #668]	@ (10004338 <_etoa+0x524>)
1000409c:	4ba7      	ldr	r3, [pc, #668]	@ (1000433c <_etoa+0x528>)
1000409e:	900a      	str	r0, [sp, #40]	@ 0x28
100040a0:	910b      	str	r1, [sp, #44]	@ 0x2c
100040a2:	f7fe fe56 	bl	10002d52 <__wrap___aeabi_dmul>
100040a6:	2200      	movs	r2, #0
100040a8:	4ba5      	ldr	r3, [pc, #660]	@ (10004340 <_etoa+0x52c>)
100040aa:	f7fe fe2b 	bl	10002d04 <__wrap___aeabi_dadd>
100040ae:	f7fe fed7 	bl	10002e60 <__wrap___aeabi_d2iz>
100040b2:	4aa4      	ldr	r2, [pc, #656]	@ (10004344 <_etoa+0x530>)
100040b4:	0006      	movs	r6, r0
100040b6:	980a      	ldr	r0, [sp, #40]	@ 0x28
100040b8:	990b      	ldr	r1, [sp, #44]	@ 0x2c
100040ba:	4ba3      	ldr	r3, [pc, #652]	@ (10004348 <_etoa+0x534>)
100040bc:	f7fe fe49 	bl	10002d52 <__wrap___aeabi_dmul>
100040c0:	900a      	str	r0, [sp, #40]	@ 0x28
100040c2:	910b      	str	r1, [sp, #44]	@ 0x2c
100040c4:	0030      	movs	r0, r6
100040c6:	f7fe feb3 	bl	10002e30 <__wrap___aeabi_i2d>
100040ca:	4aa0      	ldr	r2, [pc, #640]	@ (1000434c <_etoa+0x538>)
100040cc:	4ba0      	ldr	r3, [pc, #640]	@ (10004350 <_etoa+0x53c>)
100040ce:	f7fe fe40 	bl	10002d52 <__wrap___aeabi_dmul>
100040d2:	0002      	movs	r2, r0
100040d4:	000b      	movs	r3, r1
100040d6:	980a      	ldr	r0, [sp, #40]	@ 0x28
100040d8:	990b      	ldr	r1, [sp, #44]	@ 0x2c
100040da:	f7fe fe0a 	bl	10002cf2 <__wrap___aeabi_dsub>
100040de:	0002      	movs	r2, r0
100040e0:	000b      	movs	r3, r1
100040e2:	900a      	str	r0, [sp, #40]	@ 0x28
100040e4:	910b      	str	r1, [sp, #44]	@ 0x2c
100040e6:	f7fe fe34 	bl	10002d52 <__wrap___aeabi_dmul>
100040ea:	900c      	str	r0, [sp, #48]	@ 0x30
100040ec:	910d      	str	r1, [sp, #52]	@ 0x34
100040ee:	980a      	ldr	r0, [sp, #40]	@ 0x28
100040f0:	990b      	ldr	r1, [sp, #44]	@ 0x2c
100040f2:	0002      	movs	r2, r0
100040f4:	000b      	movs	r3, r1
100040f6:	f7fe fe05 	bl	10002d04 <__wrap___aeabi_dadd>
100040fa:	2200      	movs	r2, #0
100040fc:	9010      	str	r0, [sp, #64]	@ 0x40
100040fe:	9111      	str	r1, [sp, #68]	@ 0x44
10004100:	980c      	ldr	r0, [sp, #48]	@ 0x30
10004102:	990d      	ldr	r1, [sp, #52]	@ 0x34
10004104:	4b93      	ldr	r3, [pc, #588]	@ (10004354 <_etoa+0x540>)
10004106:	f7fe fe06 	bl	10002d16 <__wrap___aeabi_ddiv>
1000410a:	2200      	movs	r2, #0
1000410c:	4b92      	ldr	r3, [pc, #584]	@ (10004358 <_etoa+0x544>)
1000410e:	f7fe fdf9 	bl	10002d04 <__wrap___aeabi_dadd>
10004112:	0002      	movs	r2, r0
10004114:	000b      	movs	r3, r1
10004116:	980c      	ldr	r0, [sp, #48]	@ 0x30
10004118:	990d      	ldr	r1, [sp, #52]	@ 0x34
1000411a:	f7fe fdfc 	bl	10002d16 <__wrap___aeabi_ddiv>
1000411e:	2200      	movs	r2, #0
10004120:	4b8e      	ldr	r3, [pc, #568]	@ (1000435c <_etoa+0x548>)
10004122:	f7fe fdef 	bl	10002d04 <__wrap___aeabi_dadd>
10004126:	0002      	movs	r2, r0
10004128:	000b      	movs	r3, r1
1000412a:	980c      	ldr	r0, [sp, #48]	@ 0x30
1000412c:	990d      	ldr	r1, [sp, #52]	@ 0x34
1000412e:	f7fe fdf2 	bl	10002d16 <__wrap___aeabi_ddiv>
10004132:	9a0a      	ldr	r2, [sp, #40]	@ 0x28
10004134:	9b0b      	ldr	r3, [sp, #44]	@ 0x2c
10004136:	900c      	str	r0, [sp, #48]	@ 0x30
10004138:	910d      	str	r1, [sp, #52]	@ 0x34
1000413a:	2180      	movs	r1, #128	@ 0x80
1000413c:	2000      	movs	r0, #0
1000413e:	05c9      	lsls	r1, r1, #23
10004140:	f7fe fdd7 	bl	10002cf2 <__wrap___aeabi_dsub>
10004144:	0002      	movs	r2, r0
10004146:	000b      	movs	r3, r1
10004148:	980c      	ldr	r0, [sp, #48]	@ 0x30
1000414a:	990d      	ldr	r1, [sp, #52]	@ 0x34
1000414c:	f7fe fdda 	bl	10002d04 <__wrap___aeabi_dadd>
10004150:	0002      	movs	r2, r0
10004152:	000b      	movs	r3, r1
10004154:	9810      	ldr	r0, [sp, #64]	@ 0x40
10004156:	9911      	ldr	r1, [sp, #68]	@ 0x44
10004158:	f7fe fddd 	bl	10002d16 <__wrap___aeabi_ddiv>
1000415c:	2200      	movs	r2, #0
1000415e:	4b72      	ldr	r3, [pc, #456]	@ (10004328 <_etoa+0x514>)
10004160:	f7fe fdd0 	bl	10002d04 <__wrap___aeabi_dadd>
10004164:	4b7e      	ldr	r3, [pc, #504]	@ (10004360 <_etoa+0x54c>)
10004166:	2200      	movs	r2, #0
10004168:	18f6      	adds	r6, r6, r3
1000416a:	0533      	lsls	r3, r6, #20
1000416c:	f7fe fdf1 	bl	10002d52 <__wrap___aeabi_dmul>
10004170:	0002      	movs	r2, r0
10004172:	000b      	movs	r3, r1
10004174:	900a      	str	r0, [sp, #40]	@ 0x28
10004176:	910b      	str	r1, [sp, #44]	@ 0x2c
10004178:	9808      	ldr	r0, [sp, #32]
1000417a:	9909      	ldr	r1, [sp, #36]	@ 0x24
1000417c:	f7fe fe2c 	bl	10002dd8 <__wrap___aeabi_dcmplt>
10004180:	2800      	cmp	r0, #0
10004182:	d008      	beq.n	10004196 <_etoa+0x382>
10004184:	980a      	ldr	r0, [sp, #40]	@ 0x28
10004186:	990b      	ldr	r1, [sp, #44]	@ 0x2c
10004188:	2200      	movs	r2, #0
1000418a:	4b73      	ldr	r3, [pc, #460]	@ (10004358 <_etoa+0x544>)
1000418c:	f7fe fdc3 	bl	10002d16 <__wrap___aeabi_ddiv>
10004190:	900a      	str	r0, [sp, #40]	@ 0x28
10004192:	910b      	str	r1, [sp, #44]	@ 0x2c
10004194:	3f01      	subs	r7, #1
10004196:	990a      	ldr	r1, [sp, #40]	@ 0x28
10004198:	9a0b      	ldr	r2, [sp, #44]	@ 0x2c
1000419a:	000b      	movs	r3, r1
1000419c:	0011      	movs	r1, r2
1000419e:	003a      	movs	r2, r7
100041a0:	3263      	adds	r2, #99	@ 0x63
100041a2:	2ac6      	cmp	r2, #198	@ 0xc6
100041a4:	d812      	bhi.n	100041cc <_etoa+0x3b8>
100041a6:	2202      	movs	r2, #2
100041a8:	9828      	ldr	r0, [sp, #160]	@ 0xa0
100041aa:	2604      	movs	r6, #4
100041ac:	4010      	ands	r0, r2
100041ae:	9a0e      	ldr	r2, [sp, #56]	@ 0x38
100041b0:	900c      	str	r0, [sp, #48]	@ 0x30
100041b2:	2a00      	cmp	r2, #0
100041b4:	d126      	bne.n	10004204 <_etoa+0x3f0>
100041b6:	9b27      	ldr	r3, [sp, #156]	@ 0x9c
100041b8:	2b04      	cmp	r3, #4
100041ba:	d905      	bls.n	100041c8 <_etoa+0x3b4>
100041bc:	2800      	cmp	r0, #0
100041be:	d000      	beq.n	100041c2 <_etoa+0x3ae>
100041c0:	e0a1      	b.n	10004306 <_etoa+0x4f2>
100041c2:	9b27      	ldr	r3, [sp, #156]	@ 0x9c
100041c4:	3b04      	subs	r3, #4
100041c6:	930e      	str	r3, [sp, #56]	@ 0x38
100041c8:	2604      	movs	r6, #4
100041ca:	e042      	b.n	10004252 <_etoa+0x43e>
100041cc:	2202      	movs	r2, #2
100041ce:	9828      	ldr	r0, [sp, #160]	@ 0xa0
100041d0:	4010      	ands	r0, r2
100041d2:	9a0e      	ldr	r2, [sp, #56]	@ 0x38
100041d4:	900c      	str	r0, [sp, #48]	@ 0x30
100041d6:	2a00      	cmp	r2, #0
100041d8:	d113      	bne.n	10004202 <_etoa+0x3ee>
100041da:	9b27      	ldr	r3, [sp, #156]	@ 0x9c
100041dc:	2b05      	cmp	r3, #5
100041de:	d800      	bhi.n	100041e2 <_etoa+0x3ce>
100041e0:	e089      	b.n	100042f6 <_etoa+0x4e2>
100041e2:	2800      	cmp	r0, #0
100041e4:	d000      	beq.n	100041e8 <_etoa+0x3d4>
100041e6:	e084      	b.n	100042f2 <_etoa+0x4de>
100041e8:	9b27      	ldr	r3, [sp, #156]	@ 0x9c
100041ea:	2605      	movs	r6, #5
100041ec:	3b05      	subs	r3, #5
100041ee:	930e      	str	r3, [sp, #56]	@ 0x38
100041f0:	e032      	b.n	10004258 <_etoa+0x444>
100041f2:	2380      	movs	r3, #128	@ 0x80
100041f4:	061b      	lsls	r3, r3, #24
100041f6:	469c      	mov	ip, r3
100041f8:	44ac      	add	ip, r5
100041fa:	4663      	mov	r3, ip
100041fc:	9408      	str	r4, [sp, #32]
100041fe:	9309      	str	r3, [sp, #36]	@ 0x24
10004200:	e63d      	b.n	10003e7e <_etoa+0x6a>
10004202:	2605      	movs	r6, #5
10004204:	430b      	orrs	r3, r1
10004206:	d100      	bne.n	1000420a <_etoa+0x3f6>
10004208:	e6f9      	b.n	10003ffe <_etoa+0x1ea>
1000420a:	9808      	ldr	r0, [sp, #32]
1000420c:	9909      	ldr	r1, [sp, #36]	@ 0x24
1000420e:	4a55      	ldr	r2, [pc, #340]	@ (10004364 <_etoa+0x550>)
10004210:	4b55      	ldr	r3, [pc, #340]	@ (10004368 <_etoa+0x554>)
10004212:	f7fe fdef 	bl	10002df4 <__wrap___aeabi_dcmpge>
10004216:	2800      	cmp	r0, #0
10004218:	d008      	beq.n	1000422c <_etoa+0x418>
1000421a:	9808      	ldr	r0, [sp, #32]
1000421c:	9909      	ldr	r1, [sp, #36]	@ 0x24
1000421e:	2200      	movs	r2, #0
10004220:	4b52      	ldr	r3, [pc, #328]	@ (1000436c <_etoa+0x558>)
10004222:	f7fe fdd9 	bl	10002dd8 <__wrap___aeabi_dcmplt>
10004226:	2800      	cmp	r0, #0
10004228:	d000      	beq.n	1000422c <_etoa+0x418>
1000422a:	e6e8      	b.n	10003ffe <_etoa+0x1ea>
1000422c:	9b26      	ldr	r3, [sp, #152]	@ 0x98
1000422e:	2b00      	cmp	r3, #0
10004230:	d034      	beq.n	1000429c <_etoa+0x488>
10004232:	9b0f      	ldr	r3, [sp, #60]	@ 0x3c
10004234:	2b00      	cmp	r3, #0
10004236:	d031      	beq.n	1000429c <_etoa+0x488>
10004238:	9b26      	ldr	r3, [sp, #152]	@ 0x98
1000423a:	3b01      	subs	r3, #1
1000423c:	9326      	str	r3, [sp, #152]	@ 0x98
1000423e:	9b27      	ldr	r3, [sp, #156]	@ 0x9c
10004240:	42b3      	cmp	r3, r6
10004242:	d904      	bls.n	1000424e <_etoa+0x43a>
10004244:	9b0c      	ldr	r3, [sp, #48]	@ 0x30
10004246:	2b00      	cmp	r3, #0
10004248:	d059      	beq.n	100042fe <_etoa+0x4ea>
1000424a:	2302      	movs	r3, #2
1000424c:	930c      	str	r3, [sp, #48]	@ 0x30
1000424e:	2300      	movs	r3, #0
10004250:	930e      	str	r3, [sp, #56]	@ 0x38
10004252:	2f00      	cmp	r7, #0
10004254:	d100      	bne.n	10004258 <_etoa+0x444>
10004256:	e63e      	b.n	10003ed6 <_etoa+0xc2>
10004258:	9a0a      	ldr	r2, [sp, #40]	@ 0x28
1000425a:	9b0b      	ldr	r3, [sp, #44]	@ 0x2c
1000425c:	9808      	ldr	r0, [sp, #32]
1000425e:	9909      	ldr	r1, [sp, #36]	@ 0x24
10004260:	f7fe fd59 	bl	10002d16 <__wrap___aeabi_ddiv>
10004264:	2200      	movs	r2, #0
10004266:	9008      	str	r0, [sp, #32]
10004268:	9109      	str	r1, [sp, #36]	@ 0x24
1000426a:	2300      	movs	r3, #0
1000426c:	0020      	movs	r0, r4
1000426e:	0029      	movs	r1, r5
10004270:	f7fe fdb2 	bl	10002dd8 <__wrap___aeabi_dcmplt>
10004274:	2800      	cmp	r0, #0
10004276:	d100      	bne.n	1000427a <_etoa+0x466>
10004278:	e636      	b.n	10003ee8 <_etoa+0xd4>
1000427a:	9c08      	ldr	r4, [sp, #32]
1000427c:	9d09      	ldr	r5, [sp, #36]	@ 0x24
1000427e:	9a28      	ldr	r2, [sp, #160]	@ 0xa0
10004280:	2080      	movs	r0, #128	@ 0x80
10004282:	4b3b      	ldr	r3, [pc, #236]	@ (10004370 <_etoa+0x55c>)
10004284:	0600      	lsls	r0, r0, #24
10004286:	4013      	ands	r3, r2
10004288:	0022      	movs	r2, r4
1000428a:	9304      	str	r3, [sp, #16]
1000428c:	9b0e      	ldr	r3, [sp, #56]	@ 0x38
1000428e:	9303      	str	r3, [sp, #12]
10004290:	9b26      	ldr	r3, [sp, #152]	@ 0x98
10004292:	9302      	str	r3, [sp, #8]
10004294:	182b      	adds	r3, r5, r0
10004296:	9200      	str	r2, [sp, #0]
10004298:	9301      	str	r3, [sp, #4]
1000429a:	e631      	b.n	10003f00 <_etoa+0xec>
1000429c:	9b27      	ldr	r3, [sp, #156]	@ 0x9c
1000429e:	42b3      	cmp	r3, r6
100042a0:	d9d5      	bls.n	1000424e <_etoa+0x43a>
100042a2:	9b0c      	ldr	r3, [sp, #48]	@ 0x30
100042a4:	2b00      	cmp	r3, #0
100042a6:	d02a      	beq.n	100042fe <_etoa+0x4ea>
100042a8:	2300      	movs	r3, #0
100042aa:	930e      	str	r3, [sp, #56]	@ 0x38
100042ac:	3302      	adds	r3, #2
100042ae:	930c      	str	r3, [sp, #48]	@ 0x30
100042b0:	e7cf      	b.n	10004252 <_etoa+0x43e>
100042b2:	9b28      	ldr	r3, [sp, #160]	@ 0xa0
100042b4:	4a2e      	ldr	r2, [pc, #184]	@ (10004370 <_etoa+0x55c>)
100042b6:	2080      	movs	r0, #128	@ 0x80
100042b8:	9c08      	ldr	r4, [sp, #32]
100042ba:	9d09      	ldr	r5, [sp, #36]	@ 0x24
100042bc:	401a      	ands	r2, r3
100042be:	2380      	movs	r3, #128	@ 0x80
100042c0:	00db      	lsls	r3, r3, #3
100042c2:	4313      	orrs	r3, r2
100042c4:	0022      	movs	r2, r4
100042c6:	9304      	str	r3, [sp, #16]
100042c8:	9b27      	ldr	r3, [sp, #156]	@ 0x9c
100042ca:	0600      	lsls	r0, r0, #24
100042cc:	9303      	str	r3, [sp, #12]
100042ce:	182b      	adds	r3, r5, r0
100042d0:	9200      	str	r2, [sp, #0]
100042d2:	9301      	str	r3, [sp, #4]
100042d4:	9602      	str	r6, [sp, #8]
100042d6:	e67d      	b.n	10003fd4 <_etoa+0x1c0>
100042d8:	2605      	movs	r6, #5
100042da:	e695      	b.n	10004008 <_etoa+0x1f4>
100042dc:	2300      	movs	r3, #0
100042de:	930e      	str	r3, [sp, #56]	@ 0x38
100042e0:	3302      	adds	r3, #2
100042e2:	2700      	movs	r7, #0
100042e4:	2604      	movs	r6, #4
100042e6:	930c      	str	r3, [sp, #48]	@ 0x30
100042e8:	e5f5      	b.n	10003ed6 <_etoa+0xc2>
100042ea:	1e4b      	subs	r3, r1, #1
100042ec:	191b      	adds	r3, r3, r4
100042ee:	1a1b      	subs	r3, r3, r0
100042f0:	e665      	b.n	10003fbe <_etoa+0x1aa>
100042f2:	2302      	movs	r3, #2
100042f4:	930c      	str	r3, [sp, #48]	@ 0x30
100042f6:	2605      	movs	r6, #5
100042f8:	e7ae      	b.n	10004258 <_etoa+0x444>
100042fa:	2304      	movs	r3, #4
100042fc:	e5e7      	b.n	10003ece <_etoa+0xba>
100042fe:	9b27      	ldr	r3, [sp, #156]	@ 0x9c
10004300:	1b9b      	subs	r3, r3, r6
10004302:	930e      	str	r3, [sp, #56]	@ 0x38
10004304:	e7a5      	b.n	10004252 <_etoa+0x43e>
10004306:	2302      	movs	r3, #2
10004308:	2604      	movs	r6, #4
1000430a:	930c      	str	r3, [sp, #48]	@ 0x30
1000430c:	e7a1      	b.n	10004252 <_etoa+0x43e>
1000430e:	1bdb      	subs	r3, r3, r7
10004310:	1e5e      	subs	r6, r3, #1
10004312:	e679      	b.n	10004008 <_etoa+0x1f4>
10004314:	fffffc01 	.word	0xfffffc01
10004318:	509f79fb 	.word	0x509f79fb
1000431c:	3fd34413 	.word	0x3fd34413
10004320:	8b60c8b3 	.word	0x8b60c8b3
10004324:	3fc68a28 	.word	0x3fc68a28
10004328:	3ff00000 	.word	0x3ff00000
1000432c:	3ff80000 	.word	0x3ff80000
10004330:	636f4361 	.word	0x636f4361
10004334:	3fd287a7 	.word	0x3fd287a7
10004338:	0979a371 	.word	0x0979a371
1000433c:	400a934f 	.word	0x400a934f
10004340:	3fe00000 	.word	0x3fe00000
10004344:	bbb55516 	.word	0xbbb55516
10004348:	40026bb1 	.word	0x40026bb1
1000434c:	fefa39ef 	.word	0xfefa39ef
10004350:	3fe62e42 	.word	0x3fe62e42
10004354:	402c0000 	.word	0x402c0000
10004358:	40240000 	.word	0x40240000
1000435c:	40180000 	.word	0x40180000
10004360:	000003ff 	.word	0x000003ff
10004364:	eb1c432d 	.word	0xeb1c432d
10004368:	3f1a36e2 	.word	0x3f1a36e2
1000436c:	412e8480 	.word	0x412e8480
10004370:	fffff7ff 	.word	0xfffff7ff

10004374 <_vsnprintf>:
10004374:	b5f0      	push	{r4, r5, r6, r7, lr}
10004376:	4657      	mov	r7, sl
10004378:	46de      	mov	lr, fp
1000437a:	464e      	mov	r6, r9
1000437c:	4645      	mov	r5, r8
1000437e:	b5e0      	push	{r5, r6, r7, lr}
10004380:	b0a3      	sub	sp, #140	@ 0x8c
10004382:	001f      	movs	r7, r3
10004384:	9b2c      	ldr	r3, [sp, #176]	@ 0xb0
10004386:	4692      	mov	sl, r2
10004388:	930c      	str	r3, [sp, #48]	@ 0x30
1000438a:	4ac9      	ldr	r2, [pc, #804]	@ (100046b0 <_vsnprintf+0x33c>)
1000438c:	4bc9      	ldr	r3, [pc, #804]	@ (100046b4 <_vsnprintf+0x340>)
1000438e:	468b      	mov	fp, r1
10004390:	900b      	str	r0, [sp, #44]	@ 0x2c
10004392:	601a      	str	r2, [r3, #0]
10004394:	2900      	cmp	r1, #0
10004396:	d100      	bne.n	1000439a <_vsnprintf+0x26>
10004398:	e1bf      	b.n	1000471a <_vsnprintf+0x3a6>
1000439a:	2300      	movs	r3, #0
1000439c:	7838      	ldrb	r0, [r7, #0]
1000439e:	4699      	mov	r9, r3
100043a0:	2800      	cmp	r0, #0
100043a2:	d100      	bne.n	100043a6 <_vsnprintf+0x32>
100043a4:	e1c1      	b.n	1000472a <_vsnprintf+0x3b6>
100043a6:	4bc4      	ldr	r3, [pc, #784]	@ (100046b8 <_vsnprintf+0x344>)
100043a8:	464c      	mov	r4, r9
100043aa:	9309      	str	r3, [sp, #36]	@ 0x24
100043ac:	4bc3      	ldr	r3, [pc, #780]	@ (100046bc <_vsnprintf+0x348>)
100043ae:	930e      	str	r3, [sp, #56]	@ 0x38
100043b0:	465b      	mov	r3, fp
100043b2:	930a      	str	r3, [sp, #40]	@ 0x28
100043b4:	e008      	b.n	100043c8 <_vsnprintf+0x54>
100043b6:	0022      	movs	r2, r4
100043b8:	4653      	mov	r3, sl
100043ba:	990a      	ldr	r1, [sp, #40]	@ 0x28
100043bc:	9d0b      	ldr	r5, [sp, #44]	@ 0x2c
100043be:	47a8      	blx	r5
100043c0:	3401      	adds	r4, #1
100043c2:	7838      	ldrb	r0, [r7, #0]
100043c4:	2800      	cmp	r0, #0
100043c6:	d076      	beq.n	100044b6 <_vsnprintf+0x142>
100043c8:	3701      	adds	r7, #1
100043ca:	2825      	cmp	r0, #37	@ 0x25
100043cc:	d1f3      	bne.n	100043b6 <_vsnprintf+0x42>
100043ce:	2310      	movs	r3, #16
100043d0:	469b      	mov	fp, r3
100043d2:	3b08      	subs	r3, #8
100043d4:	4699      	mov	r9, r3
100043d6:	3b04      	subs	r3, #4
100043d8:	4698      	mov	r8, r3
100043da:	3b03      	subs	r3, #3
100043dc:	2600      	movs	r6, #0
100043de:	2502      	movs	r5, #2
100043e0:	469c      	mov	ip, r3
100043e2:	7838      	ldrb	r0, [r7, #0]
100043e4:	1c79      	adds	r1, r7, #1
100043e6:	0003      	movs	r3, r0
100043e8:	3b20      	subs	r3, #32
100043ea:	b2db      	uxtb	r3, r3
100043ec:	2b10      	cmp	r3, #16
100043ee:	d803      	bhi.n	100043f8 <_vsnprintf+0x84>
100043f0:	9a09      	ldr	r2, [sp, #36]	@ 0x24
100043f2:	009b      	lsls	r3, r3, #2
100043f4:	58d3      	ldr	r3, [r2, r3]
100043f6:	469f      	mov	pc, r3
100043f8:	0003      	movs	r3, r0
100043fa:	3b30      	subs	r3, #48	@ 0x30
100043fc:	2b09      	cmp	r3, #9
100043fe:	d936      	bls.n	1000446e <_vsnprintf+0xfa>
10004400:	2500      	movs	r5, #0
10004402:	282a      	cmp	r0, #42	@ 0x2a
10004404:	d100      	bne.n	10004408 <_vsnprintf+0x94>
10004406:	e0a7      	b.n	10004558 <_vsnprintf+0x1e4>
10004408:	2300      	movs	r3, #0
1000440a:	930d      	str	r3, [sp, #52]	@ 0x34
1000440c:	282e      	cmp	r0, #46	@ 0x2e
1000440e:	d03f      	beq.n	10004490 <_vsnprintf+0x11c>
10004410:	0003      	movs	r3, r0
10004412:	3b68      	subs	r3, #104	@ 0x68
10004414:	b2db      	uxtb	r3, r3
10004416:	2b12      	cmp	r3, #18
10004418:	d81b      	bhi.n	10004452 <_vsnprintf+0xde>
1000441a:	9a0e      	ldr	r2, [sp, #56]	@ 0x38
1000441c:	009b      	lsls	r3, r3, #2
1000441e:	58d3      	ldr	r3, [r2, r3]
10004420:	469f      	mov	pc, r3
10004422:	4663      	mov	r3, ip
10004424:	000f      	movs	r7, r1
10004426:	431e      	orrs	r6, r3
10004428:	e7db      	b.n	100043e2 <_vsnprintf+0x6e>
1000442a:	000f      	movs	r7, r1
1000442c:	432e      	orrs	r6, r5
1000442e:	e7d8      	b.n	100043e2 <_vsnprintf+0x6e>
10004430:	4643      	mov	r3, r8
10004432:	000f      	movs	r7, r1
10004434:	431e      	orrs	r6, r3
10004436:	e7d4      	b.n	100043e2 <_vsnprintf+0x6e>
10004438:	465b      	mov	r3, fp
1000443a:	000f      	movs	r7, r1
1000443c:	431e      	orrs	r6, r3
1000443e:	e7d0      	b.n	100043e2 <_vsnprintf+0x6e>
10004440:	464b      	mov	r3, r9
10004442:	000f      	movs	r7, r1
10004444:	431e      	orrs	r6, r3
10004446:	e7cc      	b.n	100043e2 <_vsnprintf+0x6e>
10004448:	2380      	movs	r3, #128	@ 0x80
1000444a:	7878      	ldrb	r0, [r7, #1]
1000444c:	005b      	lsls	r3, r3, #1
1000444e:	431e      	orrs	r6, r3
10004450:	3101      	adds	r1, #1
10004452:	000f      	movs	r7, r1
10004454:	2867      	cmp	r0, #103	@ 0x67
10004456:	d845      	bhi.n	100044e4 <_vsnprintf+0x170>
10004458:	2824      	cmp	r0, #36	@ 0x24
1000445a:	d9ac      	bls.n	100043b6 <_vsnprintf+0x42>
1000445c:	0003      	movs	r3, r0
1000445e:	3b25      	subs	r3, #37	@ 0x25
10004460:	b2db      	uxtb	r3, r3
10004462:	2b42      	cmp	r3, #66	@ 0x42
10004464:	d8a7      	bhi.n	100043b6 <_vsnprintf+0x42>
10004466:	4996      	ldr	r1, [pc, #600]	@ (100046c0 <_vsnprintf+0x34c>)
10004468:	009b      	lsls	r3, r3, #2
1000446a:	58cb      	ldr	r3, [r1, r3]
1000446c:	469f      	mov	pc, r3
1000446e:	2500      	movs	r5, #0
10004470:	00ab      	lsls	r3, r5, #2
10004472:	195d      	adds	r5, r3, r5
10004474:	006d      	lsls	r5, r5, #1
10004476:	182d      	adds	r5, r5, r0
10004478:	7808      	ldrb	r0, [r1, #0]
1000447a:	000f      	movs	r7, r1
1000447c:	0003      	movs	r3, r0
1000447e:	3b30      	subs	r3, #48	@ 0x30
10004480:	3d30      	subs	r5, #48	@ 0x30
10004482:	3101      	adds	r1, #1
10004484:	2b09      	cmp	r3, #9
10004486:	d9f3      	bls.n	10004470 <_vsnprintf+0xfc>
10004488:	2300      	movs	r3, #0
1000448a:	930d      	str	r3, [sp, #52]	@ 0x34
1000448c:	282e      	cmp	r0, #46	@ 0x2e
1000448e:	d1bf      	bne.n	10004410 <_vsnprintf+0x9c>
10004490:	2230      	movs	r2, #48	@ 0x30
10004492:	2080      	movs	r0, #128	@ 0x80
10004494:	4252      	negs	r2, r2
10004496:	4690      	mov	r8, r2
10004498:	00c0      	lsls	r0, r0, #3
1000449a:	4306      	orrs	r6, r0
1000449c:	7878      	ldrb	r0, [r7, #1]
1000449e:	000b      	movs	r3, r1
100044a0:	4480      	add	r8, r0
100044a2:	4642      	mov	r2, r8
100044a4:	2a09      	cmp	r2, #9
100044a6:	d800      	bhi.n	100044aa <_vsnprintf+0x136>
100044a8:	e151      	b.n	1000474e <_vsnprintf+0x3da>
100044aa:	282a      	cmp	r0, #42	@ 0x2a
100044ac:	d100      	bne.n	100044b0 <_vsnprintf+0x13c>
100044ae:	e15e      	b.n	1000476e <_vsnprintf+0x3fa>
100044b0:	000f      	movs	r7, r1
100044b2:	3101      	adds	r1, #1
100044b4:	e7ac      	b.n	10004410 <_vsnprintf+0x9c>
100044b6:	9b0a      	ldr	r3, [sp, #40]	@ 0x28
100044b8:	46a1      	mov	r9, r4
100044ba:	469b      	mov	fp, r3
100044bc:	45ca      	cmp	sl, r9
100044be:	d803      	bhi.n	100044c8 <_vsnprintf+0x154>
100044c0:	2301      	movs	r3, #1
100044c2:	425b      	negs	r3, r3
100044c4:	4453      	add	r3, sl
100044c6:	4699      	mov	r9, r3
100044c8:	4653      	mov	r3, sl
100044ca:	464a      	mov	r2, r9
100044cc:	4659      	mov	r1, fp
100044ce:	2000      	movs	r0, #0
100044d0:	9d0b      	ldr	r5, [sp, #44]	@ 0x2c
100044d2:	47a8      	blx	r5
100044d4:	0020      	movs	r0, r4
100044d6:	b023      	add	sp, #140	@ 0x8c
100044d8:	bcf0      	pop	{r4, r5, r6, r7}
100044da:	46bb      	mov	fp, r7
100044dc:	46b2      	mov	sl, r6
100044de:	46a9      	mov	r9, r5
100044e0:	46a0      	mov	r8, r4
100044e2:	bdf0      	pop	{r4, r5, r6, r7, pc}
100044e4:	0003      	movs	r3, r0
100044e6:	3b69      	subs	r3, #105	@ 0x69
100044e8:	b2db      	uxtb	r3, r3
100044ea:	2b0f      	cmp	r3, #15
100044ec:	d900      	bls.n	100044f0 <_vsnprintf+0x17c>
100044ee:	e762      	b.n	100043b6 <_vsnprintf+0x42>
100044f0:	2101      	movs	r1, #1
100044f2:	4099      	lsls	r1, r3
100044f4:	4688      	mov	r8, r1
100044f6:	4a73      	ldr	r2, [pc, #460]	@ (100046c4 <_vsnprintf+0x350>)
100044f8:	4011      	ands	r1, r2
100044fa:	468b      	mov	fp, r1
100044fc:	0011      	movs	r1, r2
100044fe:	4642      	mov	r2, r8
10004500:	420a      	tst	r2, r1
10004502:	d000      	beq.n	10004506 <_vsnprintf+0x192>
10004504:	e113      	b.n	1000472e <_vsnprintf+0x3ba>
10004506:	2b0a      	cmp	r3, #10
10004508:	d02f      	beq.n	1000456a <_vsnprintf+0x1f6>
1000450a:	2b07      	cmp	r3, #7
1000450c:	d000      	beq.n	10004510 <_vsnprintf+0x19c>
1000450e:	e752      	b.n	100043b6 <_vsnprintf+0x42>
10004510:	9d0c      	ldr	r5, [sp, #48]	@ 0x30
10004512:	cd01      	ldmia	r5!, {r0}
10004514:	2800      	cmp	r0, #0
10004516:	d100      	bne.n	1000451a <_vsnprintf+0x1a6>
10004518:	e134      	b.n	10004784 <_vsnprintf+0x410>
1000451a:	2321      	movs	r3, #33	@ 0x21
1000451c:	431e      	orrs	r6, r3
1000451e:	46b0      	mov	r8, r6
10004520:	261f      	movs	r6, #31
10004522:	9a0d      	ldr	r2, [sp, #52]	@ 0x34
10004524:	ab12      	add	r3, sp, #72	@ 0x48
10004526:	18f6      	adds	r6, r6, r3
10004528:	46a1      	mov	r9, r4
1000452a:	4694      	mov	ip, r2
1000452c:	4659      	mov	r1, fp
1000452e:	0034      	movs	r4, r6
10004530:	e002      	b.n	10004538 <_vsnprintf+0x1c4>
10004532:	0900      	lsrs	r0, r0, #4
10004534:	2920      	cmp	r1, #32
10004536:	d00a      	beq.n	1000454e <_vsnprintf+0x1da>
10004538:	260f      	movs	r6, #15
1000453a:	4006      	ands	r6, r0
1000453c:	0032      	movs	r2, r6
1000453e:	3237      	adds	r2, #55	@ 0x37
10004540:	2e09      	cmp	r6, #9
10004542:	d800      	bhi.n	10004546 <_vsnprintf+0x1d2>
10004544:	3a07      	subs	r2, #7
10004546:	3101      	adds	r1, #1
10004548:	5462      	strb	r2, [r4, r1]
1000454a:	280f      	cmp	r0, #15
1000454c:	d8f1      	bhi.n	10004532 <_vsnprintf+0x1be>
1000454e:	4663      	mov	r3, ip
10004550:	464c      	mov	r4, r9
10004552:	468b      	mov	fp, r1
10004554:	930d      	str	r3, [sp, #52]	@ 0x34
10004556:	e122      	b.n	1000479e <_vsnprintf+0x42a>
10004558:	9b0c      	ldr	r3, [sp, #48]	@ 0x30
1000455a:	cb20      	ldmia	r3!, {r5}
1000455c:	2d00      	cmp	r5, #0
1000455e:	db52      	blt.n	10004606 <_vsnprintf+0x292>
10004560:	7878      	ldrb	r0, [r7, #1]
10004562:	930c      	str	r3, [sp, #48]	@ 0x30
10004564:	000f      	movs	r7, r1
10004566:	3101      	adds	r1, #1
10004568:	e74e      	b.n	10004408 <_vsnprintf+0x94>
1000456a:	9b0c      	ldr	r3, [sp, #48]	@ 0x30
1000456c:	990d      	ldr	r1, [sp, #52]	@ 0x34
1000456e:	cb04      	ldmia	r3!, {r2}
10004570:	4690      	mov	r8, r2
10004572:	469b      	mov	fp, r3
10004574:	2900      	cmp	r1, #0
10004576:	d100      	bne.n	1000457a <_vsnprintf+0x206>
10004578:	e128      	b.n	100047cc <_vsnprintf+0x458>
1000457a:	4643      	mov	r3, r8
1000457c:	7818      	ldrb	r0, [r3, #0]
1000457e:	4441      	add	r1, r8
10004580:	2800      	cmp	r0, #0
10004582:	d101      	bne.n	10004588 <_vsnprintf+0x214>
10004584:	f000 fc29 	bl	10004dda <_vsnprintf+0xa66>
10004588:	9a0d      	ldr	r2, [sp, #52]	@ 0x34
1000458a:	4694      	mov	ip, r2
1000458c:	000a      	movs	r2, r1
1000458e:	e004      	b.n	1000459a <_vsnprintf+0x226>
10004590:	7859      	ldrb	r1, [r3, #1]
10004592:	3301      	adds	r3, #1
10004594:	2900      	cmp	r1, #0
10004596:	d100      	bne.n	1000459a <_vsnprintf+0x226>
10004598:	e195      	b.n	100048c6 <_vsnprintf+0x552>
1000459a:	429a      	cmp	r2, r3
1000459c:	d1f8      	bne.n	10004590 <_vsnprintf+0x21c>
1000459e:	4663      	mov	r3, ip
100045a0:	930d      	str	r3, [sp, #52]	@ 0x34
100045a2:	4643      	mov	r3, r8
100045a4:	1ad3      	subs	r3, r2, r3
100045a6:	930f      	str	r3, [sp, #60]	@ 0x3c
100045a8:	0573      	lsls	r3, r6, #21
100045aa:	d400      	bmi.n	100045ae <_vsnprintf+0x23a>
100045ac:	e16c      	b.n	10004888 <_vsnprintf+0x514>
100045ae:	9b0f      	ldr	r3, [sp, #60]	@ 0x3c
100045b0:	9a0d      	ldr	r2, [sp, #52]	@ 0x34
100045b2:	4293      	cmp	r3, r2
100045b4:	d900      	bls.n	100045b8 <_vsnprintf+0x244>
100045b6:	920f      	str	r2, [sp, #60]	@ 0x3c
100045b8:	2302      	movs	r3, #2
100045ba:	001a      	movs	r2, r3
100045bc:	4032      	ands	r2, r6
100045be:	920c      	str	r2, [sp, #48]	@ 0x30
100045c0:	4233      	tst	r3, r6
100045c2:	d100      	bne.n	100045c6 <_vsnprintf+0x252>
100045c4:	e291      	b.n	10004aea <_vsnprintf+0x776>
100045c6:	930c      	str	r3, [sp, #48]	@ 0x30
100045c8:	9b0d      	ldr	r3, [sp, #52]	@ 0x34
100045ca:	46b9      	mov	r9, r7
100045cc:	191e      	adds	r6, r3, r4
100045ce:	4643      	mov	r3, r8
100045d0:	1b1b      	subs	r3, r3, r4
100045d2:	46a8      	mov	r8, r5
100045d4:	0022      	movs	r2, r4
100045d6:	001f      	movs	r7, r3
100045d8:	9d0b      	ldr	r5, [sp, #44]	@ 0x2c
100045da:	e008      	b.n	100045ee <_vsnprintf+0x27a>
100045dc:	1c54      	adds	r4, r2, #1
100045de:	4653      	mov	r3, sl
100045e0:	990a      	ldr	r1, [sp, #40]	@ 0x28
100045e2:	47a8      	blx	r5
100045e4:	5d38      	ldrb	r0, [r7, r4]
100045e6:	2800      	cmp	r0, #0
100045e8:	d100      	bne.n	100045ec <_vsnprintf+0x278>
100045ea:	e163      	b.n	100048b4 <_vsnprintf+0x540>
100045ec:	0022      	movs	r2, r4
100045ee:	4296      	cmp	r6, r2
100045f0:	d1f4      	bne.n	100045dc <_vsnprintf+0x268>
100045f2:	4645      	mov	r5, r8
100045f4:	464f      	mov	r7, r9
100045f6:	0034      	movs	r4, r6
100045f8:	9b0c      	ldr	r3, [sp, #48]	@ 0x30
100045fa:	2b00      	cmp	r3, #0
100045fc:	d000      	beq.n	10004600 <_vsnprintf+0x28c>
100045fe:	e197      	b.n	10004930 <_vsnprintf+0x5bc>
10004600:	465b      	mov	r3, fp
10004602:	930c      	str	r3, [sp, #48]	@ 0x30
10004604:	e6dd      	b.n	100043c2 <_vsnprintf+0x4e>
10004606:	2202      	movs	r2, #2
10004608:	7878      	ldrb	r0, [r7, #1]
1000460a:	4316      	orrs	r6, r2
1000460c:	000f      	movs	r7, r1
1000460e:	426d      	negs	r5, r5
10004610:	930c      	str	r3, [sp, #48]	@ 0x30
10004612:	3101      	adds	r1, #1
10004614:	e6f8      	b.n	10004408 <_vsnprintf+0x94>
10004616:	7878      	ldrb	r0, [r7, #1]
10004618:	286c      	cmp	r0, #108	@ 0x6c
1000461a:	d100      	bne.n	1000461e <_vsnprintf+0x2aa>
1000461c:	e159      	b.n	100048d2 <_vsnprintf+0x55e>
1000461e:	2380      	movs	r3, #128	@ 0x80
10004620:	005b      	lsls	r3, r3, #1
10004622:	431e      	orrs	r6, r3
10004624:	3101      	adds	r1, #1
10004626:	e714      	b.n	10004452 <_vsnprintf+0xde>
10004628:	2380      	movs	r3, #128	@ 0x80
1000462a:	009b      	lsls	r3, r3, #2
1000462c:	7878      	ldrb	r0, [r7, #1]
1000462e:	431e      	orrs	r6, r3
10004630:	3101      	adds	r1, #1
10004632:	e70e      	b.n	10004452 <_vsnprintf+0xde>
10004634:	7878      	ldrb	r0, [r7, #1]
10004636:	2868      	cmp	r0, #104	@ 0x68
10004638:	d100      	bne.n	1000463c <_vsnprintf+0x2c8>
1000463a:	e150      	b.n	100048de <_vsnprintf+0x56a>
1000463c:	2380      	movs	r3, #128	@ 0x80
1000463e:	3101      	adds	r1, #1
10004640:	431e      	orrs	r6, r3
10004642:	e706      	b.n	10004452 <_vsnprintf+0xde>
10004644:	2867      	cmp	r0, #103	@ 0x67
10004646:	d100      	bne.n	1000464a <_vsnprintf+0x2d6>
10004648:	e0c2      	b.n	100047d0 <_vsnprintf+0x45c>
1000464a:	2847      	cmp	r0, #71	@ 0x47
1000464c:	d100      	bne.n	10004650 <_vsnprintf+0x2dc>
1000464e:	e134      	b.n	100048ba <_vsnprintf+0x546>
10004650:	2845      	cmp	r0, #69	@ 0x45
10004652:	d100      	bne.n	10004656 <_vsnprintf+0x2e2>
10004654:	e134      	b.n	100048c0 <_vsnprintf+0x54c>
10004656:	2107      	movs	r1, #7
10004658:	9b0c      	ldr	r3, [sp, #48]	@ 0x30
1000465a:	9a0d      	ldr	r2, [sp, #52]	@ 0x34
1000465c:	3307      	adds	r3, #7
1000465e:	438b      	bics	r3, r1
10004660:	0019      	movs	r1, r3
10004662:	9604      	str	r6, [sp, #16]
10004664:	9503      	str	r5, [sp, #12]
10004666:	9202      	str	r2, [sp, #8]
10004668:	c90c      	ldmia	r1!, {r2, r3}
1000466a:	980b      	ldr	r0, [sp, #44]	@ 0x2c
1000466c:	9200      	str	r2, [sp, #0]
1000466e:	9301      	str	r3, [sp, #4]
10004670:	910c      	str	r1, [sp, #48]	@ 0x30
10004672:	0022      	movs	r2, r4
10004674:	4653      	mov	r3, sl
10004676:	990a      	ldr	r1, [sp, #40]	@ 0x28
10004678:	f7ff fbcc 	bl	10003e14 <_etoa>
1000467c:	0004      	movs	r4, r0
1000467e:	e6a0      	b.n	100043c2 <_vsnprintf+0x4e>
10004680:	2846      	cmp	r0, #70	@ 0x46
10004682:	d100      	bne.n	10004686 <_vsnprintf+0x312>
10004684:	e0a8      	b.n	100047d8 <_vsnprintf+0x464>
10004686:	2107      	movs	r1, #7
10004688:	9b0c      	ldr	r3, [sp, #48]	@ 0x30
1000468a:	9a0d      	ldr	r2, [sp, #52]	@ 0x34
1000468c:	3307      	adds	r3, #7
1000468e:	438b      	bics	r3, r1
10004690:	0019      	movs	r1, r3
10004692:	9604      	str	r6, [sp, #16]
10004694:	9503      	str	r5, [sp, #12]
10004696:	9202      	str	r2, [sp, #8]
10004698:	c90c      	ldmia	r1!, {r2, r3}
1000469a:	980b      	ldr	r0, [sp, #44]	@ 0x2c
1000469c:	9200      	str	r2, [sp, #0]
1000469e:	9301      	str	r3, [sp, #4]
100046a0:	910c      	str	r1, [sp, #48]	@ 0x30
100046a2:	0022      	movs	r2, r4
100046a4:	4653      	mov	r3, sl
100046a6:	990a      	ldr	r1, [sp, #40]	@ 0x28
100046a8:	f7ff f97a 	bl	100039a0 <_ftoa>
100046ac:	0004      	movs	r4, r0
100046ae:	e688      	b.n	100043c2 <_vsnprintf+0x4e>
100046b0:	10004375 	.word	0x10004375
100046b4:	20001c08 	.word	0x20001c08
100046b8:	10007c14 	.word	0x10007c14
100046bc:	10007c58 	.word	0x10007c58
100046c0:	10007ca4 	.word	0x10007ca4
100046c4:	00009041 	.word	0x00009041
100046c8:	0022      	movs	r2, r4
100046ca:	4653      	mov	r3, sl
100046cc:	2025      	movs	r0, #37	@ 0x25
100046ce:	990a      	ldr	r1, [sp, #40]	@ 0x28
100046d0:	9d0b      	ldr	r5, [sp, #44]	@ 0x2c
100046d2:	47a8      	blx	r5
100046d4:	3401      	adds	r4, #1
100046d6:	e674      	b.n	100043c2 <_vsnprintf+0x4e>
100046d8:	9b0c      	ldr	r3, [sp, #48]	@ 0x30
100046da:	3304      	adds	r3, #4
100046dc:	469b      	mov	fp, r3
100046de:	1c63      	adds	r3, r4, #1
100046e0:	4698      	mov	r8, r3
100046e2:	07b6      	lsls	r6, r6, #30
100046e4:	d400      	bmi.n	100046e8 <_vsnprintf+0x374>
100046e6:	e0ff      	b.n	100048e8 <_vsnprintf+0x574>
100046e8:	9b0c      	ldr	r3, [sp, #48]	@ 0x30
100046ea:	0022      	movs	r2, r4
100046ec:	7818      	ldrb	r0, [r3, #0]
100046ee:	990a      	ldr	r1, [sp, #40]	@ 0x28
100046f0:	4653      	mov	r3, sl
100046f2:	9e0b      	ldr	r6, [sp, #44]	@ 0x2c
100046f4:	47b0      	blx	r6
100046f6:	1964      	adds	r4, r4, r5
100046f8:	2d01      	cmp	r5, #1
100046fa:	d800      	bhi.n	100046fe <_vsnprintf+0x38a>
100046fc:	e249      	b.n	10004b92 <_vsnprintf+0x81e>
100046fe:	4645      	mov	r5, r8
10004700:	9e0b      	ldr	r6, [sp, #44]	@ 0x2c
10004702:	46b8      	mov	r8, r7
10004704:	9f0a      	ldr	r7, [sp, #40]	@ 0x28
10004706:	002a      	movs	r2, r5
10004708:	4653      	mov	r3, sl
1000470a:	3501      	adds	r5, #1
1000470c:	0039      	movs	r1, r7
1000470e:	2020      	movs	r0, #32
10004710:	47b0      	blx	r6
10004712:	42a5      	cmp	r5, r4
10004714:	d1f7      	bne.n	10004706 <_vsnprintf+0x392>
10004716:	4647      	mov	r7, r8
10004718:	e772      	b.n	10004600 <_vsnprintf+0x28c>
1000471a:	4bdb      	ldr	r3, [pc, #876]	@ (10004a88 <_vsnprintf+0x714>)
1000471c:	7838      	ldrb	r0, [r7, #0]
1000471e:	930b      	str	r3, [sp, #44]	@ 0x2c
10004720:	2300      	movs	r3, #0
10004722:	4699      	mov	r9, r3
10004724:	2800      	cmp	r0, #0
10004726:	d000      	beq.n	1000472a <_vsnprintf+0x3b6>
10004728:	e63d      	b.n	100043a6 <_vsnprintf+0x32>
1000472a:	2400      	movs	r4, #0
1000472c:	e6c6      	b.n	100044bc <_vsnprintf+0x148>
1000472e:	286f      	cmp	r0, #111	@ 0x6f
10004730:	d055      	beq.n	100047de <_vsnprintf+0x46a>
10004732:	d800      	bhi.n	10004736 <_vsnprintf+0x3c2>
10004734:	e2bc      	b.n	10004cb0 <_vsnprintf+0x93c>
10004736:	2310      	movs	r3, #16
10004738:	2878      	cmp	r0, #120	@ 0x78
1000473a:	d100      	bne.n	1000473e <_vsnprintf+0x3ca>
1000473c:	e09e      	b.n	1000487c <_vsnprintf+0x508>
1000473e:	439e      	bics	r6, r3
10004740:	230a      	movs	r3, #10
10004742:	469c      	mov	ip, r3
10004744:	2300      	movs	r3, #0
10004746:	930f      	str	r3, [sp, #60]	@ 0x3c
10004748:	330a      	adds	r3, #10
1000474a:	469b      	mov	fp, r3
1000474c:	e04d      	b.n	100047ea <_vsnprintf+0x476>
1000474e:	2100      	movs	r1, #0
10004750:	008a      	lsls	r2, r1, #2
10004752:	1852      	adds	r2, r2, r1
10004754:	0052      	lsls	r2, r2, #1
10004756:	3301      	adds	r3, #1
10004758:	1811      	adds	r1, r2, r0
1000475a:	7818      	ldrb	r0, [r3, #0]
1000475c:	3930      	subs	r1, #48	@ 0x30
1000475e:	0002      	movs	r2, r0
10004760:	3a30      	subs	r2, #48	@ 0x30
10004762:	2a09      	cmp	r2, #9
10004764:	d9f4      	bls.n	10004750 <_vsnprintf+0x3dc>
10004766:	910d      	str	r1, [sp, #52]	@ 0x34
10004768:	001f      	movs	r7, r3
1000476a:	1c59      	adds	r1, r3, #1
1000476c:	e650      	b.n	10004410 <_vsnprintf+0x9c>
1000476e:	9b0c      	ldr	r3, [sp, #48]	@ 0x30
10004770:	78b8      	ldrb	r0, [r7, #2]
10004772:	cb04      	ldmia	r3!, {r2}
10004774:	3702      	adds	r7, #2
10004776:	43d1      	mvns	r1, r2
10004778:	17c9      	asrs	r1, r1, #31
1000477a:	400a      	ands	r2, r1
1000477c:	920d      	str	r2, [sp, #52]	@ 0x34
1000477e:	930c      	str	r3, [sp, #48]	@ 0x30
10004780:	1c79      	adds	r1, r7, #1
10004782:	e645      	b.n	10004410 <_vsnprintf+0x9c>
10004784:	2310      	movs	r3, #16
10004786:	0030      	movs	r0, r6
10004788:	4398      	bics	r0, r3
1000478a:	3311      	adds	r3, #17
1000478c:	4318      	orrs	r0, r3
1000478e:	2380      	movs	r3, #128	@ 0x80
10004790:	4680      	mov	r8, r0
10004792:	0030      	movs	r0, r6
10004794:	00db      	lsls	r3, r3, #3
10004796:	4018      	ands	r0, r3
10004798:	421e      	tst	r6, r3
1000479a:	d100      	bne.n	1000479e <_vsnprintf+0x42a>
1000479c:	e6c0      	b.n	10004520 <_vsnprintf+0x1ac>
1000479e:	4643      	mov	r3, r8
100047a0:	9306      	str	r3, [sp, #24]
100047a2:	2308      	movs	r3, #8
100047a4:	9305      	str	r3, [sp, #20]
100047a6:	9b0d      	ldr	r3, [sp, #52]	@ 0x34
100047a8:	0022      	movs	r2, r4
100047aa:	9304      	str	r3, [sp, #16]
100047ac:	2310      	movs	r3, #16
100047ae:	9303      	str	r3, [sp, #12]
100047b0:	2300      	movs	r3, #0
100047b2:	9302      	str	r3, [sp, #8]
100047b4:	465b      	mov	r3, fp
100047b6:	9301      	str	r3, [sp, #4]
100047b8:	ab1a      	add	r3, sp, #104	@ 0x68
100047ba:	9300      	str	r3, [sp, #0]
100047bc:	990a      	ldr	r1, [sp, #40]	@ 0x28
100047be:	4653      	mov	r3, sl
100047c0:	980b      	ldr	r0, [sp, #44]	@ 0x2c
100047c2:	f7fe fff1 	bl	100037a8 <_ntoa_format>
100047c6:	950c      	str	r5, [sp, #48]	@ 0x30
100047c8:	0004      	movs	r4, r0
100047ca:	e5fa      	b.n	100043c2 <_vsnprintf+0x4e>
100047cc:	3901      	subs	r1, #1
100047ce:	e6d4      	b.n	1000457a <_vsnprintf+0x206>
100047d0:	2380      	movs	r3, #128	@ 0x80
100047d2:	011b      	lsls	r3, r3, #4
100047d4:	431e      	orrs	r6, r3
100047d6:	e73e      	b.n	10004656 <_vsnprintf+0x2e2>
100047d8:	2320      	movs	r3, #32
100047da:	431e      	orrs	r6, r3
100047dc:	e753      	b.n	10004686 <_vsnprintf+0x312>
100047de:	2308      	movs	r3, #8
100047e0:	469c      	mov	ip, r3
100047e2:	2300      	movs	r3, #0
100047e4:	930f      	str	r3, [sp, #60]	@ 0x3c
100047e6:	3308      	adds	r3, #8
100047e8:	469b      	mov	fp, r3
100047ea:	2380      	movs	r3, #128	@ 0x80
100047ec:	0030      	movs	r0, r6
100047ee:	00db      	lsls	r3, r3, #3
100047f0:	4018      	ands	r0, r3
100047f2:	421e      	tst	r6, r3
100047f4:	d100      	bne.n	100047f8 <_vsnprintf+0x484>
100047f6:	e11a      	b.n	10004a2e <_vsnprintf+0x6ba>
100047f8:	230d      	movs	r3, #13
100047fa:	0031      	movs	r1, r6
100047fc:	4399      	bics	r1, r3
100047fe:	2380      	movs	r3, #128	@ 0x80
10004800:	000a      	movs	r2, r1
10004802:	009b      	lsls	r3, r3, #2
10004804:	401a      	ands	r2, r3
10004806:	4691      	mov	r9, r2
10004808:	4219      	tst	r1, r3
1000480a:	d000      	beq.n	1000480e <_vsnprintf+0x49a>
1000480c:	e1c3      	b.n	10004b96 <_vsnprintf+0x822>
1000480e:	2380      	movs	r3, #128	@ 0x80
10004810:	000a      	movs	r2, r1
10004812:	005b      	lsls	r3, r3, #1
10004814:	401a      	ands	r2, r3
10004816:	4690      	mov	r8, r2
10004818:	9a0c      	ldr	r2, [sp, #48]	@ 0x30
1000481a:	3204      	adds	r2, #4
1000481c:	920f      	str	r2, [sp, #60]	@ 0x3c
1000481e:	4219      	tst	r1, r3
10004820:	d000      	beq.n	10004824 <_vsnprintf+0x4b0>
10004822:	e28f      	b.n	10004d44 <_vsnprintf+0x9d0>
10004824:	064b      	lsls	r3, r1, #25
10004826:	d500      	bpl.n	1000482a <_vsnprintf+0x4b6>
10004828:	e197      	b.n	10004b5a <_vsnprintf+0x7e6>
1000482a:	060b      	lsls	r3, r1, #24
1000482c:	d400      	bmi.n	10004830 <_vsnprintf+0x4bc>
1000482e:	e2e5      	b.n	10004dfc <_vsnprintf+0xa88>
10004830:	9b0c      	ldr	r3, [sp, #48]	@ 0x30
10004832:	881b      	ldrh	r3, [r3, #0]
10004834:	4699      	mov	r9, r3
10004836:	464b      	mov	r3, r9
10004838:	2b00      	cmp	r3, #0
1000483a:	d000      	beq.n	1000483e <_vsnprintf+0x4ca>
1000483c:	e205      	b.n	10004c4a <_vsnprintf+0x8d6>
1000483e:	3310      	adds	r3, #16
10004840:	4399      	bics	r1, r3
10004842:	2800      	cmp	r0, #0
10004844:	d100      	bne.n	10004848 <_vsnprintf+0x4d4>
10004846:	e200      	b.n	10004c4a <_vsnprintf+0x8d6>
10004848:	2300      	movs	r3, #0
1000484a:	4698      	mov	r8, r3
1000484c:	9b0d      	ldr	r3, [sp, #52]	@ 0x34
1000484e:	9106      	str	r1, [sp, #24]
10004850:	9304      	str	r3, [sp, #16]
10004852:	465b      	mov	r3, fp
10004854:	9303      	str	r3, [sp, #12]
10004856:	2300      	movs	r3, #0
10004858:	9505      	str	r5, [sp, #20]
1000485a:	9302      	str	r3, [sp, #8]
1000485c:	4643      	mov	r3, r8
1000485e:	e0d9      	b.n	10004a14 <_vsnprintf+0x6a0>
10004860:	2858      	cmp	r0, #88	@ 0x58
10004862:	d008      	beq.n	10004876 <_vsnprintf+0x502>
10004864:	2862      	cmp	r0, #98	@ 0x62
10004866:	d178      	bne.n	1000495a <_vsnprintf+0x5e6>
10004868:	2302      	movs	r3, #2
1000486a:	469c      	mov	ip, r3
1000486c:	2300      	movs	r3, #0
1000486e:	930f      	str	r3, [sp, #60]	@ 0x3c
10004870:	3302      	adds	r3, #2
10004872:	469b      	mov	fp, r3
10004874:	e7b9      	b.n	100047ea <_vsnprintf+0x476>
10004876:	2320      	movs	r3, #32
10004878:	431e      	orrs	r6, r3
1000487a:	3b10      	subs	r3, #16
1000487c:	469c      	mov	ip, r3
1000487e:	2300      	movs	r3, #0
10004880:	930f      	str	r3, [sp, #60]	@ 0x3c
10004882:	3310      	adds	r3, #16
10004884:	469b      	mov	fp, r3
10004886:	e7b0      	b.n	100047ea <_vsnprintf+0x476>
10004888:	2302      	movs	r3, #2
1000488a:	001a      	movs	r2, r3
1000488c:	4032      	ands	r2, r6
1000488e:	920c      	str	r2, [sp, #48]	@ 0x30
10004890:	4233      	tst	r3, r6
10004892:	d100      	bne.n	10004896 <_vsnprintf+0x522>
10004894:	e205      	b.n	10004ca2 <_vsnprintf+0x92e>
10004896:	930c      	str	r3, [sp, #48]	@ 0x30
10004898:	4643      	mov	r3, r8
1000489a:	46b9      	mov	r9, r7
1000489c:	9e0b      	ldr	r6, [sp, #44]	@ 0x2c
1000489e:	9f0a      	ldr	r7, [sp, #40]	@ 0x28
100048a0:	46a8      	mov	r8, r5
100048a2:	1b1d      	subs	r5, r3, r4
100048a4:	0022      	movs	r2, r4
100048a6:	4653      	mov	r3, sl
100048a8:	0039      	movs	r1, r7
100048aa:	3401      	adds	r4, #1
100048ac:	47b0      	blx	r6
100048ae:	5d28      	ldrb	r0, [r5, r4]
100048b0:	2800      	cmp	r0, #0
100048b2:	d1f7      	bne.n	100048a4 <_vsnprintf+0x530>
100048b4:	4645      	mov	r5, r8
100048b6:	464f      	mov	r7, r9
100048b8:	e69e      	b.n	100045f8 <_vsnprintf+0x284>
100048ba:	2380      	movs	r3, #128	@ 0x80
100048bc:	011b      	lsls	r3, r3, #4
100048be:	431e      	orrs	r6, r3
100048c0:	2320      	movs	r3, #32
100048c2:	431e      	orrs	r6, r3
100048c4:	e6c7      	b.n	10004656 <_vsnprintf+0x2e2>
100048c6:	4662      	mov	r2, ip
100048c8:	920d      	str	r2, [sp, #52]	@ 0x34
100048ca:	4642      	mov	r2, r8
100048cc:	1a9b      	subs	r3, r3, r2
100048ce:	930f      	str	r3, [sp, #60]	@ 0x3c
100048d0:	e66a      	b.n	100045a8 <_vsnprintf+0x234>
100048d2:	23c0      	movs	r3, #192	@ 0xc0
100048d4:	009b      	lsls	r3, r3, #2
100048d6:	78b8      	ldrb	r0, [r7, #2]
100048d8:	431e      	orrs	r6, r3
100048da:	1cf9      	adds	r1, r7, #3
100048dc:	e5b9      	b.n	10004452 <_vsnprintf+0xde>
100048de:	23c0      	movs	r3, #192	@ 0xc0
100048e0:	78b8      	ldrb	r0, [r7, #2]
100048e2:	431e      	orrs	r6, r3
100048e4:	1cf9      	adds	r1, r7, #3
100048e6:	e5b4      	b.n	10004452 <_vsnprintf+0xde>
100048e8:	2d01      	cmp	r5, #1
100048ea:	d800      	bhi.n	100048ee <_vsnprintf+0x57a>
100048ec:	e14a      	b.n	10004b84 <_vsnprintf+0x810>
100048ee:	1e63      	subs	r3, r4, #1
100048f0:	4699      	mov	r9, r3
100048f2:	44a9      	add	r9, r5
100048f4:	464b      	mov	r3, r9
100048f6:	4652      	mov	r2, sl
100048f8:	0026      	movs	r6, r4
100048fa:	46a1      	mov	r9, r4
100048fc:	46ba      	mov	sl, r7
100048fe:	001c      	movs	r4, r3
10004900:	0017      	movs	r7, r2
10004902:	46a8      	mov	r8, r5
10004904:	9d0b      	ldr	r5, [sp, #44]	@ 0x2c
10004906:	0032      	movs	r2, r6
10004908:	003b      	movs	r3, r7
1000490a:	3601      	adds	r6, #1
1000490c:	2020      	movs	r0, #32
1000490e:	990a      	ldr	r1, [sp, #40]	@ 0x28
10004910:	47a8      	blx	r5
10004912:	42a6      	cmp	r6, r4
10004914:	d1f7      	bne.n	10004906 <_vsnprintf+0x592>
10004916:	003b      	movs	r3, r7
10004918:	4657      	mov	r7, sl
1000491a:	469a      	mov	sl, r3
1000491c:	464c      	mov	r4, r9
1000491e:	9b0c      	ldr	r3, [sp, #48]	@ 0x30
10004920:	0032      	movs	r2, r6
10004922:	7818      	ldrb	r0, [r3, #0]
10004924:	990a      	ldr	r1, [sp, #40]	@ 0x28
10004926:	4653      	mov	r3, sl
10004928:	9d0b      	ldr	r5, [sp, #44]	@ 0x2c
1000492a:	4444      	add	r4, r8
1000492c:	47a8      	blx	r5
1000492e:	e667      	b.n	10004600 <_vsnprintf+0x28c>
10004930:	46a0      	mov	r8, r4
10004932:	9b0f      	ldr	r3, [sp, #60]	@ 0x3c
10004934:	429d      	cmp	r5, r3
10004936:	d800      	bhi.n	1000493a <_vsnprintf+0x5c6>
10004938:	e662      	b.n	10004600 <_vsnprintf+0x28c>
1000493a:	192c      	adds	r4, r5, r4
1000493c:	9e0b      	ldr	r6, [sp, #44]	@ 0x2c
1000493e:	4645      	mov	r5, r8
10004940:	46b8      	mov	r8, r7
10004942:	9f0a      	ldr	r7, [sp, #40]	@ 0x28
10004944:	1ae4      	subs	r4, r4, r3
10004946:	002a      	movs	r2, r5
10004948:	4653      	mov	r3, sl
1000494a:	3501      	adds	r5, #1
1000494c:	0039      	movs	r1, r7
1000494e:	2020      	movs	r0, #32
10004950:	47b0      	blx	r6
10004952:	42a5      	cmp	r5, r4
10004954:	d1f7      	bne.n	10004946 <_vsnprintf+0x5d2>
10004956:	4647      	mov	r7, r8
10004958:	e652      	b.n	10004600 <_vsnprintf+0x28c>
1000495a:	2380      	movs	r3, #128	@ 0x80
1000495c:	0032      	movs	r2, r6
1000495e:	00db      	lsls	r3, r3, #3
10004960:	401a      	ands	r2, r3
10004962:	4690      	mov	r8, r2
10004964:	421e      	tst	r6, r3
10004966:	d100      	bne.n	1000496a <_vsnprintf+0x5f6>
10004968:	e0f3      	b.n	10004b52 <_vsnprintf+0x7de>
1000496a:	2111      	movs	r1, #17
1000496c:	438e      	bics	r6, r1
1000496e:	46b4      	mov	ip, r6
10004970:	4698      	mov	r8, r3
10004972:	2380      	movs	r3, #128	@ 0x80
10004974:	4662      	mov	r2, ip
10004976:	009b      	lsls	r3, r3, #2
10004978:	401a      	ands	r2, r3
1000497a:	4693      	mov	fp, r2
1000497c:	4662      	mov	r2, ip
1000497e:	421a      	tst	r2, r3
10004980:	d159      	bne.n	10004a36 <_vsnprintf+0x6c2>
10004982:	2380      	movs	r3, #128	@ 0x80
10004984:	005b      	lsls	r3, r3, #1
10004986:	401a      	ands	r2, r3
10004988:	4691      	mov	r9, r2
1000498a:	9a0c      	ldr	r2, [sp, #48]	@ 0x30
1000498c:	3204      	adds	r2, #4
1000498e:	920f      	str	r2, [sp, #60]	@ 0x3c
10004990:	4662      	mov	r2, ip
10004992:	421a      	tst	r2, r3
10004994:	d000      	beq.n	10004998 <_vsnprintf+0x624>
10004996:	e1a0      	b.n	10004cda <_vsnprintf+0x966>
10004998:	4663      	mov	r3, ip
1000499a:	065b      	lsls	r3, r3, #25
1000499c:	d500      	bpl.n	100049a0 <_vsnprintf+0x62c>
1000499e:	e0d4      	b.n	10004b4a <_vsnprintf+0x7d6>
100049a0:	4663      	mov	r3, ip
100049a2:	061b      	lsls	r3, r3, #24
100049a4:	d400      	bmi.n	100049a8 <_vsnprintf+0x634>
100049a6:	e212      	b.n	10004dce <_vsnprintf+0xa5a>
100049a8:	9b0c      	ldr	r3, [sp, #48]	@ 0x30
100049aa:	2200      	movs	r2, #0
100049ac:	5e9b      	ldrsh	r3, [r3, r2]
100049ae:	17d8      	asrs	r0, r3, #31
100049b0:	1819      	adds	r1, r3, r0
100049b2:	4041      	eors	r1, r0
100049b4:	b289      	uxth	r1, r1
100049b6:	0fda      	lsrs	r2, r3, #31
100049b8:	920c      	str	r2, [sp, #48]	@ 0x30
100049ba:	2b00      	cmp	r3, #0
100049bc:	d100      	bne.n	100049c0 <_vsnprintf+0x64c>
100049be:	e187      	b.n	10004cd0 <_vsnprintf+0x95c>
100049c0:	4688      	mov	r8, r1
100049c2:	261f      	movs	r6, #31
100049c4:	ab12      	add	r3, sp, #72	@ 0x48
100049c6:	46bb      	mov	fp, r7
100049c8:	9514      	str	r5, [sp, #80]	@ 0x50
100049ca:	18f7      	adds	r7, r6, r3
100049cc:	4645      	mov	r5, r8
100049ce:	464e      	mov	r6, r9
100049d0:	46e0      	mov	r8, ip
100049d2:	46a1      	mov	r9, r4
100049d4:	e006      	b.n	100049e4 <_vsnprintf+0x670>
100049d6:	0028      	movs	r0, r5
100049d8:	210a      	movs	r1, #10
100049da:	f7fd ff4f 	bl	1000287c <__wrap___aeabi_uidiv>
100049de:	0005      	movs	r5, r0
100049e0:	2e20      	cmp	r6, #32
100049e2:	d008      	beq.n	100049f6 <_vsnprintf+0x682>
100049e4:	210a      	movs	r1, #10
100049e6:	0028      	movs	r0, r5
100049e8:	f7fd ff48 	bl	1000287c <__wrap___aeabi_uidiv>
100049ec:	3601      	adds	r6, #1
100049ee:	3130      	adds	r1, #48	@ 0x30
100049f0:	55b9      	strb	r1, [r7, r6]
100049f2:	2d09      	cmp	r5, #9
100049f4:	d8ef      	bhi.n	100049d6 <_vsnprintf+0x662>
100049f6:	464c      	mov	r4, r9
100049f8:	46c4      	mov	ip, r8
100049fa:	46b1      	mov	r9, r6
100049fc:	465f      	mov	r7, fp
100049fe:	9d14      	ldr	r5, [sp, #80]	@ 0x50
10004a00:	4663      	mov	r3, ip
10004a02:	9306      	str	r3, [sp, #24]
10004a04:	9b0d      	ldr	r3, [sp, #52]	@ 0x34
10004a06:	9505      	str	r5, [sp, #20]
10004a08:	9304      	str	r3, [sp, #16]
10004a0a:	230a      	movs	r3, #10
10004a0c:	9303      	str	r3, [sp, #12]
10004a0e:	9b0c      	ldr	r3, [sp, #48]	@ 0x30
10004a10:	9302      	str	r3, [sp, #8]
10004a12:	464b      	mov	r3, r9
10004a14:	9301      	str	r3, [sp, #4]
10004a16:	ab1a      	add	r3, sp, #104	@ 0x68
10004a18:	0022      	movs	r2, r4
10004a1a:	9300      	str	r3, [sp, #0]
10004a1c:	990a      	ldr	r1, [sp, #40]	@ 0x28
10004a1e:	4653      	mov	r3, sl
10004a20:	980b      	ldr	r0, [sp, #44]	@ 0x2c
10004a22:	f7fe fec1 	bl	100037a8 <_ntoa_format>
10004a26:	9b0f      	ldr	r3, [sp, #60]	@ 0x3c
10004a28:	0004      	movs	r4, r0
10004a2a:	930c      	str	r3, [sp, #48]	@ 0x30
10004a2c:	e4c9      	b.n	100043c2 <_vsnprintf+0x4e>
10004a2e:	230c      	movs	r3, #12
10004a30:	0031      	movs	r1, r6
10004a32:	4399      	bics	r1, r3
10004a34:	e6e3      	b.n	100047fe <_vsnprintf+0x48a>
10004a36:	2208      	movs	r2, #8
10004a38:	2107      	movs	r1, #7
10004a3a:	4691      	mov	r9, r2
10004a3c:	9b0c      	ldr	r3, [sp, #48]	@ 0x30
10004a3e:	3307      	adds	r3, #7
10004a40:	438b      	bics	r3, r1
10004a42:	4499      	add	r9, r3
10004a44:	464a      	mov	r2, r9
10004a46:	cb0a      	ldmia	r3, {r1, r3}
10004a48:	0008      	movs	r0, r1
10004a4a:	920c      	str	r2, [sp, #48]	@ 0x30
10004a4c:	0fda      	lsrs	r2, r3, #31
10004a4e:	4693      	mov	fp, r2
10004a50:	4318      	orrs	r0, r3
10004a52:	d000      	beq.n	10004a56 <_vsnprintf+0x6e2>
10004a54:	e085      	b.n	10004b62 <_vsnprintf+0x7ee>
10004a56:	2300      	movs	r3, #0
10004a58:	4699      	mov	r9, r3
10004a5a:	4643      	mov	r3, r8
10004a5c:	2b00      	cmp	r3, #0
10004a5e:	d12f      	bne.n	10004ac0 <_vsnprintf+0x74c>
10004a60:	2200      	movs	r2, #0
10004a62:	2300      	movs	r3, #0
10004a64:	9210      	str	r2, [sp, #64]	@ 0x40
10004a66:	9311      	str	r3, [sp, #68]	@ 0x44
10004a68:	2300      	movs	r3, #0
10004a6a:	261f      	movs	r6, #31
10004a6c:	4699      	mov	r9, r3
10004a6e:	ab12      	add	r3, sp, #72	@ 0x48
10004a70:	18f6      	adds	r6, r6, r3
10004a72:	465b      	mov	r3, fp
10004a74:	9514      	str	r5, [sp, #80]	@ 0x50
10004a76:	46bb      	mov	fp, r7
10004a78:	46e0      	mov	r8, ip
10004a7a:	0037      	movs	r7, r6
10004a7c:	930f      	str	r3, [sp, #60]	@ 0x3c
10004a7e:	464e      	mov	r6, r9
10004a80:	46a1      	mov	r9, r4
10004a82:	9c10      	ldr	r4, [sp, #64]	@ 0x40
10004a84:	9d11      	ldr	r5, [sp, #68]	@ 0x44
10004a86:	e005      	b.n	10004a94 <_vsnprintf+0x720>
10004a88:	100036fd 	.word	0x100036fd
10004a8c:	0004      	movs	r4, r0
10004a8e:	000d      	movs	r5, r1
10004a90:	2e20      	cmp	r6, #32
10004a92:	d00c      	beq.n	10004aae <_vsnprintf+0x73a>
10004a94:	220a      	movs	r2, #10
10004a96:	2300      	movs	r3, #0
10004a98:	0020      	movs	r0, r4
10004a9a:	0029      	movs	r1, r5
10004a9c:	f7fd ff2c 	bl	100028f8 <__wrap___aeabi_uldivmod>
10004aa0:	3601      	adds	r6, #1
10004aa2:	3230      	adds	r2, #48	@ 0x30
10004aa4:	55ba      	strb	r2, [r7, r6]
10004aa6:	2d00      	cmp	r5, #0
10004aa8:	d1f0      	bne.n	10004a8c <_vsnprintf+0x718>
10004aaa:	2c09      	cmp	r4, #9
10004aac:	d8ee      	bhi.n	10004a8c <_vsnprintf+0x718>
10004aae:	9b0f      	ldr	r3, [sp, #60]	@ 0x3c
10004ab0:	9410      	str	r4, [sp, #64]	@ 0x40
10004ab2:	9511      	str	r5, [sp, #68]	@ 0x44
10004ab4:	465f      	mov	r7, fp
10004ab6:	464c      	mov	r4, r9
10004ab8:	46c4      	mov	ip, r8
10004aba:	46b1      	mov	r9, r6
10004abc:	469b      	mov	fp, r3
10004abe:	9d14      	ldr	r5, [sp, #80]	@ 0x50
10004ac0:	4663      	mov	r3, ip
10004ac2:	9306      	str	r3, [sp, #24]
10004ac4:	9b0d      	ldr	r3, [sp, #52]	@ 0x34
10004ac6:	9505      	str	r5, [sp, #20]
10004ac8:	9304      	str	r3, [sp, #16]
10004aca:	230a      	movs	r3, #10
10004acc:	9303      	str	r3, [sp, #12]
10004ace:	465b      	mov	r3, fp
10004ad0:	9302      	str	r3, [sp, #8]
10004ad2:	464b      	mov	r3, r9
10004ad4:	9301      	str	r3, [sp, #4]
10004ad6:	ab1a      	add	r3, sp, #104	@ 0x68
10004ad8:	0022      	movs	r2, r4
10004ada:	9300      	str	r3, [sp, #0]
10004adc:	990a      	ldr	r1, [sp, #40]	@ 0x28
10004ade:	4653      	mov	r3, sl
10004ae0:	980b      	ldr	r0, [sp, #44]	@ 0x2c
10004ae2:	f7fe fe61 	bl	100037a8 <_ntoa_format>
10004ae6:	0004      	movs	r4, r0
10004ae8:	e46b      	b.n	100043c2 <_vsnprintf+0x4e>
10004aea:	9b0f      	ldr	r3, [sp, #60]	@ 0x3c
10004aec:	429d      	cmp	r5, r3
10004aee:	d800      	bhi.n	10004af2 <_vsnprintf+0x77e>
10004af0:	e196      	b.n	10004e20 <_vsnprintf+0xaac>
10004af2:	2380      	movs	r3, #128	@ 0x80
10004af4:	00db      	lsls	r3, r3, #3
10004af6:	930c      	str	r3, [sp, #48]	@ 0x30
10004af8:	9b0f      	ldr	r3, [sp, #60]	@ 0x3c
10004afa:	192e      	adds	r6, r5, r4
10004afc:	1af6      	subs	r6, r6, r3
10004afe:	4643      	mov	r3, r8
10004b00:	930f      	str	r3, [sp, #60]	@ 0x3c
10004b02:	9b0d      	ldr	r3, [sp, #52]	@ 0x34
10004b04:	46a8      	mov	r8, r5
10004b06:	4699      	mov	r9, r3
10004b08:	4653      	mov	r3, sl
10004b0a:	46ba      	mov	sl, r7
10004b0c:	001f      	movs	r7, r3
10004b0e:	9d0b      	ldr	r5, [sp, #44]	@ 0x2c
10004b10:	0022      	movs	r2, r4
10004b12:	003b      	movs	r3, r7
10004b14:	3401      	adds	r4, #1
10004b16:	2020      	movs	r0, #32
10004b18:	990a      	ldr	r1, [sp, #40]	@ 0x28
10004b1a:	47a8      	blx	r5
10004b1c:	42b4      	cmp	r4, r6
10004b1e:	d1f7      	bne.n	10004b10 <_vsnprintf+0x79c>
10004b20:	9b0f      	ldr	r3, [sp, #60]	@ 0x3c
10004b22:	4645      	mov	r5, r8
10004b24:	4698      	mov	r8, r3
10004b26:	464b      	mov	r3, r9
10004b28:	930d      	str	r3, [sp, #52]	@ 0x34
10004b2a:	003b      	movs	r3, r7
10004b2c:	4657      	mov	r7, sl
10004b2e:	469a      	mov	sl, r3
10004b30:	4643      	mov	r3, r8
10004b32:	7818      	ldrb	r0, [r3, #0]
10004b34:	2800      	cmp	r0, #0
10004b36:	d100      	bne.n	10004b3a <_vsnprintf+0x7c6>
10004b38:	e562      	b.n	10004600 <_vsnprintf+0x28c>
10004b3a:	1c6b      	adds	r3, r5, #1
10004b3c:	930f      	str	r3, [sp, #60]	@ 0x3c
10004b3e:	9b0c      	ldr	r3, [sp, #48]	@ 0x30
10004b40:	2b00      	cmp	r3, #0
10004b42:	d100      	bne.n	10004b46 <_vsnprintf+0x7d2>
10004b44:	e6a8      	b.n	10004898 <_vsnprintf+0x524>
10004b46:	2300      	movs	r3, #0
10004b48:	e53d      	b.n	100045c6 <_vsnprintf+0x252>
10004b4a:	9b0c      	ldr	r3, [sp, #48]	@ 0x30
10004b4c:	781b      	ldrb	r3, [r3, #0]
10004b4e:	0019      	movs	r1, r3
10004b50:	e731      	b.n	100049b6 <_vsnprintf+0x642>
10004b52:	2310      	movs	r3, #16
10004b54:	439e      	bics	r6, r3
10004b56:	46b4      	mov	ip, r6
10004b58:	e70b      	b.n	10004972 <_vsnprintf+0x5fe>
10004b5a:	9b0c      	ldr	r3, [sp, #48]	@ 0x30
10004b5c:	781b      	ldrb	r3, [r3, #0]
10004b5e:	4699      	mov	r9, r3
10004b60:	e669      	b.n	10004836 <_vsnprintf+0x4c2>
10004b62:	17da      	asrs	r2, r3, #31
10004b64:	9212      	str	r2, [sp, #72]	@ 0x48
10004b66:	9213      	str	r2, [sp, #76]	@ 0x4c
10004b68:	404a      	eors	r2, r1
10004b6a:	9210      	str	r2, [sp, #64]	@ 0x40
10004b6c:	9812      	ldr	r0, [sp, #72]	@ 0x48
10004b6e:	9913      	ldr	r1, [sp, #76]	@ 0x4c
10004b70:	000a      	movs	r2, r1
10004b72:	405a      	eors	r2, r3
10004b74:	9211      	str	r2, [sp, #68]	@ 0x44
10004b76:	9a10      	ldr	r2, [sp, #64]	@ 0x40
10004b78:	9b11      	ldr	r3, [sp, #68]	@ 0x44
10004b7a:	1a12      	subs	r2, r2, r0
10004b7c:	418b      	sbcs	r3, r1
10004b7e:	9210      	str	r2, [sp, #64]	@ 0x40
10004b80:	9311      	str	r3, [sp, #68]	@ 0x44
10004b82:	e771      	b.n	10004a68 <_vsnprintf+0x6f4>
10004b84:	9b0c      	ldr	r3, [sp, #48]	@ 0x30
10004b86:	0022      	movs	r2, r4
10004b88:	7818      	ldrb	r0, [r3, #0]
10004b8a:	990a      	ldr	r1, [sp, #40]	@ 0x28
10004b8c:	4653      	mov	r3, sl
10004b8e:	9c0b      	ldr	r4, [sp, #44]	@ 0x2c
10004b90:	47a0      	blx	r4
10004b92:	4644      	mov	r4, r8
10004b94:	e534      	b.n	10004600 <_vsnprintf+0x28c>
10004b96:	2208      	movs	r2, #8
10004b98:	2607      	movs	r6, #7
10004b9a:	4690      	mov	r8, r2
10004b9c:	9b0c      	ldr	r3, [sp, #48]	@ 0x30
10004b9e:	3307      	adds	r3, #7
10004ba0:	43b3      	bics	r3, r6
10004ba2:	4498      	add	r8, r3
10004ba4:	4642      	mov	r2, r8
10004ba6:	920c      	str	r2, [sp, #48]	@ 0x30
10004ba8:	681a      	ldr	r2, [r3, #0]
10004baa:	685b      	ldr	r3, [r3, #4]
10004bac:	9214      	str	r2, [sp, #80]	@ 0x50
10004bae:	9308      	str	r3, [sp, #32]
10004bb0:	0013      	movs	r3, r2
10004bb2:	9a08      	ldr	r2, [sp, #32]
10004bb4:	4313      	orrs	r3, r2
10004bb6:	d105      	bne.n	10004bc4 <_vsnprintf+0x850>
10004bb8:	3310      	adds	r3, #16
10004bba:	4399      	bics	r1, r3
10004bbc:	2300      	movs	r3, #0
10004bbe:	4698      	mov	r8, r3
10004bc0:	2800      	cmp	r0, #0
10004bc2:	d138      	bne.n	10004c36 <_vsnprintf+0x8c2>
10004bc4:	2061      	movs	r0, #97	@ 0x61
10004bc6:	068b      	lsls	r3, r1, #26
10004bc8:	d500      	bpl.n	10004bcc <_vsnprintf+0x858>
10004bca:	2041      	movs	r0, #65	@ 0x41
10004bcc:	2300      	movs	r3, #0
10004bce:	261f      	movs	r6, #31
10004bd0:	4698      	mov	r8, r3
10004bd2:	465a      	mov	r2, fp
10004bd4:	ab12      	add	r3, sp, #72	@ 0x48
10004bd6:	18f6      	adds	r6, r6, r3
10004bd8:	0003      	movs	r3, r0
10004bda:	9218      	str	r2, [sp, #96]	@ 0x60
10004bdc:	9a0f      	ldr	r2, [sp, #60]	@ 0x3c
10004bde:	3b0a      	subs	r3, #10
10004be0:	46b1      	mov	r9, r6
10004be2:	9516      	str	r5, [sp, #88]	@ 0x58
10004be4:	9417      	str	r4, [sp, #92]	@ 0x5c
10004be6:	9719      	str	r7, [sp, #100]	@ 0x64
10004be8:	4644      	mov	r4, r8
10004bea:	4666      	mov	r6, ip
10004bec:	4690      	mov	r8, r2
10004bee:	469b      	mov	fp, r3
10004bf0:	9f14      	ldr	r7, [sp, #80]	@ 0x50
10004bf2:	9d08      	ldr	r5, [sp, #32]
10004bf4:	9115      	str	r1, [sp, #84]	@ 0x54
10004bf6:	e003      	b.n	10004c00 <_vsnprintf+0x88c>
10004bf8:	0007      	movs	r7, r0
10004bfa:	000d      	movs	r5, r1
10004bfc:	2c20      	cmp	r4, #32
10004bfe:	d013      	beq.n	10004c28 <_vsnprintf+0x8b4>
10004c00:	0032      	movs	r2, r6
10004c02:	2300      	movs	r3, #0
10004c04:	0038      	movs	r0, r7
10004c06:	0029      	movs	r1, r5
10004c08:	f7fd fe76 	bl	100028f8 <__wrap___aeabi_uldivmod>
10004c0c:	465b      	mov	r3, fp
10004c0e:	b2d2      	uxtb	r2, r2
10004c10:	18d3      	adds	r3, r2, r3
10004c12:	2a09      	cmp	r2, #9
10004c14:	d801      	bhi.n	10004c1a <_vsnprintf+0x8a6>
10004c16:	0013      	movs	r3, r2
10004c18:	3330      	adds	r3, #48	@ 0x30
10004c1a:	464a      	mov	r2, r9
10004c1c:	3401      	adds	r4, #1
10004c1e:	5513      	strb	r3, [r2, r4]
10004c20:	45a8      	cmp	r8, r5
10004c22:	d1e9      	bne.n	10004bf8 <_vsnprintf+0x884>
10004c24:	42be      	cmp	r6, r7
10004c26:	d9e7      	bls.n	10004bf8 <_vsnprintf+0x884>
10004c28:	9b18      	ldr	r3, [sp, #96]	@ 0x60
10004c2a:	46a0      	mov	r8, r4
10004c2c:	469b      	mov	fp, r3
10004c2e:	9915      	ldr	r1, [sp, #84]	@ 0x54
10004c30:	9d16      	ldr	r5, [sp, #88]	@ 0x58
10004c32:	9c17      	ldr	r4, [sp, #92]	@ 0x5c
10004c34:	9f19      	ldr	r7, [sp, #100]	@ 0x64
10004c36:	9b0d      	ldr	r3, [sp, #52]	@ 0x34
10004c38:	9106      	str	r1, [sp, #24]
10004c3a:	9304      	str	r3, [sp, #16]
10004c3c:	465b      	mov	r3, fp
10004c3e:	9303      	str	r3, [sp, #12]
10004c40:	2300      	movs	r3, #0
10004c42:	9505      	str	r5, [sp, #20]
10004c44:	9302      	str	r3, [sp, #8]
10004c46:	4643      	mov	r3, r8
10004c48:	e744      	b.n	10004ad4 <_vsnprintf+0x760>
10004c4a:	2061      	movs	r0, #97	@ 0x61
10004c4c:	068b      	lsls	r3, r1, #26
10004c4e:	d500      	bpl.n	10004c52 <_vsnprintf+0x8de>
10004c50:	2041      	movs	r0, #65	@ 0x41
10004c52:	261f      	movs	r6, #31
10004c54:	ab12      	add	r3, sp, #72	@ 0x48
10004c56:	18f2      	adds	r2, r6, r3
10004c58:	0003      	movs	r3, r0
10004c5a:	3b0a      	subs	r3, #10
10004c5c:	930c      	str	r3, [sp, #48]	@ 0x30
10004c5e:	464b      	mov	r3, r9
10004c60:	4646      	mov	r6, r8
10004c62:	46a1      	mov	r9, r4
10004c64:	46a8      	mov	r8, r5
10004c66:	001c      	movs	r4, r3
10004c68:	465d      	mov	r5, fp
10004c6a:	9114      	str	r1, [sp, #80]	@ 0x50
10004c6c:	46bb      	mov	fp, r7
10004c6e:	0017      	movs	r7, r2
10004c70:	e002      	b.n	10004c78 <_vsnprintf+0x904>
10004c72:	0004      	movs	r4, r0
10004c74:	2e20      	cmp	r6, #32
10004c76:	d00d      	beq.n	10004c94 <_vsnprintf+0x920>
10004c78:	0029      	movs	r1, r5
10004c7a:	0020      	movs	r0, r4
10004c7c:	f7fd fdfe 	bl	1000287c <__wrap___aeabi_uidiv>
10004c80:	9b0c      	ldr	r3, [sp, #48]	@ 0x30
10004c82:	18cb      	adds	r3, r1, r3
10004c84:	2909      	cmp	r1, #9
10004c86:	d801      	bhi.n	10004c8c <_vsnprintf+0x918>
10004c88:	000b      	movs	r3, r1
10004c8a:	3330      	adds	r3, #48	@ 0x30
10004c8c:	3601      	adds	r6, #1
10004c8e:	55bb      	strb	r3, [r7, r6]
10004c90:	42ac      	cmp	r4, r5
10004c92:	d2ee      	bcs.n	10004c72 <_vsnprintf+0x8fe>
10004c94:	465f      	mov	r7, fp
10004c96:	464c      	mov	r4, r9
10004c98:	46ab      	mov	fp, r5
10004c9a:	9914      	ldr	r1, [sp, #80]	@ 0x50
10004c9c:	4645      	mov	r5, r8
10004c9e:	46b0      	mov	r8, r6
10004ca0:	e5d4      	b.n	1000484c <_vsnprintf+0x4d8>
10004ca2:	9b0f      	ldr	r3, [sp, #60]	@ 0x3c
10004ca4:	429d      	cmp	r5, r3
10004ca6:	d900      	bls.n	10004caa <_vsnprintf+0x936>
10004ca8:	e726      	b.n	10004af8 <_vsnprintf+0x784>
10004caa:	3301      	adds	r3, #1
10004cac:	930f      	str	r3, [sp, #60]	@ 0x3c
10004cae:	e5f3      	b.n	10004898 <_vsnprintf+0x524>
10004cb0:	2310      	movs	r3, #16
10004cb2:	0032      	movs	r2, r6
10004cb4:	439a      	bics	r2, r3
10004cb6:	4694      	mov	ip, r2
10004cb8:	2869      	cmp	r0, #105	@ 0x69
10004cba:	d000      	beq.n	10004cbe <_vsnprintf+0x94a>
10004cbc:	e0a2      	b.n	10004e04 <_vsnprintf+0xa90>
10004cbe:	2380      	movs	r3, #128	@ 0x80
10004cc0:	0032      	movs	r2, r6
10004cc2:	00db      	lsls	r3, r3, #3
10004cc4:	401a      	ands	r2, r3
10004cc6:	4690      	mov	r8, r2
10004cc8:	421e      	tst	r6, r3
10004cca:	d100      	bne.n	10004cce <_vsnprintf+0x95a>
10004ccc:	e651      	b.n	10004972 <_vsnprintf+0x5fe>
10004cce:	e64c      	b.n	1000496a <_vsnprintf+0x5f6>
10004cd0:	4643      	mov	r3, r8
10004cd2:	2b00      	cmp	r3, #0
10004cd4:	d000      	beq.n	10004cd8 <_vsnprintf+0x964>
10004cd6:	e693      	b.n	10004a00 <_vsnprintf+0x68c>
10004cd8:	e673      	b.n	100049c2 <_vsnprintf+0x64e>
10004cda:	9b0c      	ldr	r3, [sp, #48]	@ 0x30
10004cdc:	681b      	ldr	r3, [r3, #0]
10004cde:	0fda      	lsrs	r2, r3, #31
10004ce0:	2b00      	cmp	r3, #0
10004ce2:	d070      	beq.n	10004dc6 <_vsnprintf+0xa52>
10004ce4:	17d9      	asrs	r1, r3, #31
10004ce6:	185b      	adds	r3, r3, r1
10004ce8:	404b      	eors	r3, r1
10004cea:	4698      	mov	r8, r3
10004cec:	261f      	movs	r6, #31
10004cee:	ab12      	add	r3, sp, #72	@ 0x48
10004cf0:	18f6      	adds	r6, r6, r3
10004cf2:	46a1      	mov	r9, r4
10004cf4:	9514      	str	r5, [sp, #80]	@ 0x50
10004cf6:	465c      	mov	r4, fp
10004cf8:	4645      	mov	r5, r8
10004cfa:	46bb      	mov	fp, r7
10004cfc:	46e0      	mov	r8, ip
10004cfe:	0037      	movs	r7, r6
10004d00:	920c      	str	r2, [sp, #48]	@ 0x30
10004d02:	e006      	b.n	10004d12 <_vsnprintf+0x99e>
10004d04:	0028      	movs	r0, r5
10004d06:	210a      	movs	r1, #10
10004d08:	f7fd fdb8 	bl	1000287c <__wrap___aeabi_uidiv>
10004d0c:	0005      	movs	r5, r0
10004d0e:	2c20      	cmp	r4, #32
10004d10:	d008      	beq.n	10004d24 <_vsnprintf+0x9b0>
10004d12:	210a      	movs	r1, #10
10004d14:	0028      	movs	r0, r5
10004d16:	f7fd fdb1 	bl	1000287c <__wrap___aeabi_uidiv>
10004d1a:	3401      	adds	r4, #1
10004d1c:	3130      	adds	r1, #48	@ 0x30
10004d1e:	5539      	strb	r1, [r7, r4]
10004d20:	2d09      	cmp	r5, #9
10004d22:	d8ef      	bhi.n	10004d04 <_vsnprintf+0x990>
10004d24:	465f      	mov	r7, fp
10004d26:	46c4      	mov	ip, r8
10004d28:	46a3      	mov	fp, r4
10004d2a:	464c      	mov	r4, r9
10004d2c:	9d14      	ldr	r5, [sp, #80]	@ 0x50
10004d2e:	9a0c      	ldr	r2, [sp, #48]	@ 0x30
10004d30:	4663      	mov	r3, ip
10004d32:	9306      	str	r3, [sp, #24]
10004d34:	9b0d      	ldr	r3, [sp, #52]	@ 0x34
10004d36:	9505      	str	r5, [sp, #20]
10004d38:	9304      	str	r3, [sp, #16]
10004d3a:	230a      	movs	r3, #10
10004d3c:	9202      	str	r2, [sp, #8]
10004d3e:	9303      	str	r3, [sp, #12]
10004d40:	465b      	mov	r3, fp
10004d42:	e667      	b.n	10004a14 <_vsnprintf+0x6a0>
10004d44:	9b0c      	ldr	r3, [sp, #48]	@ 0x30
10004d46:	681b      	ldr	r3, [r3, #0]
10004d48:	4698      	mov	r8, r3
10004d4a:	2b00      	cmp	r3, #0
10004d4c:	d103      	bne.n	10004d56 <_vsnprintf+0x9e2>
10004d4e:	3310      	adds	r3, #16
10004d50:	4399      	bics	r1, r3
10004d52:	2800      	cmp	r0, #0
10004d54:	d12d      	bne.n	10004db2 <_vsnprintf+0xa3e>
10004d56:	2061      	movs	r0, #97	@ 0x61
10004d58:	068b      	lsls	r3, r1, #26
10004d5a:	d500      	bpl.n	10004d5e <_vsnprintf+0x9ea>
10004d5c:	2041      	movs	r0, #65	@ 0x41
10004d5e:	261f      	movs	r6, #31
10004d60:	ab12      	add	r3, sp, #72	@ 0x48
10004d62:	18f6      	adds	r6, r6, r3
10004d64:	0003      	movs	r3, r0
10004d66:	3b0a      	subs	r3, #10
10004d68:	464a      	mov	r2, r9
10004d6a:	930c      	str	r3, [sp, #48]	@ 0x30
10004d6c:	9114      	str	r1, [sp, #80]	@ 0x50
10004d6e:	4643      	mov	r3, r8
10004d70:	0031      	movs	r1, r6
10004d72:	46a8      	mov	r8, r5
10004d74:	46a1      	mov	r9, r4
10004d76:	465e      	mov	r6, fp
10004d78:	0014      	movs	r4, r2
10004d7a:	46bb      	mov	fp, r7
10004d7c:	001d      	movs	r5, r3
10004d7e:	000f      	movs	r7, r1
10004d80:	e002      	b.n	10004d88 <_vsnprintf+0xa14>
10004d82:	0005      	movs	r5, r0
10004d84:	2c20      	cmp	r4, #32
10004d86:	d00d      	beq.n	10004da4 <_vsnprintf+0xa30>
10004d88:	0031      	movs	r1, r6
10004d8a:	0028      	movs	r0, r5
10004d8c:	f7fd fd76 	bl	1000287c <__wrap___aeabi_uidiv>
10004d90:	9b0c      	ldr	r3, [sp, #48]	@ 0x30
10004d92:	18cb      	adds	r3, r1, r3
10004d94:	2909      	cmp	r1, #9
10004d96:	d801      	bhi.n	10004d9c <_vsnprintf+0xa28>
10004d98:	000b      	movs	r3, r1
10004d9a:	3330      	adds	r3, #48	@ 0x30
10004d9c:	3401      	adds	r4, #1
10004d9e:	553b      	strb	r3, [r7, r4]
10004da0:	42b5      	cmp	r5, r6
10004da2:	d2ee      	bcs.n	10004d82 <_vsnprintf+0xa0e>
10004da4:	0023      	movs	r3, r4
10004da6:	465f      	mov	r7, fp
10004da8:	464c      	mov	r4, r9
10004daa:	4645      	mov	r5, r8
10004dac:	46b3      	mov	fp, r6
10004dae:	4699      	mov	r9, r3
10004db0:	9914      	ldr	r1, [sp, #80]	@ 0x50
10004db2:	9b0d      	ldr	r3, [sp, #52]	@ 0x34
10004db4:	9106      	str	r1, [sp, #24]
10004db6:	9304      	str	r3, [sp, #16]
10004db8:	465b      	mov	r3, fp
10004dba:	9303      	str	r3, [sp, #12]
10004dbc:	2300      	movs	r3, #0
10004dbe:	9505      	str	r5, [sp, #20]
10004dc0:	9302      	str	r3, [sp, #8]
10004dc2:	464b      	mov	r3, r9
10004dc4:	e626      	b.n	10004a14 <_vsnprintf+0x6a0>
10004dc6:	4643      	mov	r3, r8
10004dc8:	2b00      	cmp	r3, #0
10004dca:	d1b1      	bne.n	10004d30 <_vsnprintf+0x9bc>
10004dcc:	e78e      	b.n	10004cec <_vsnprintf+0x978>
10004dce:	9b0c      	ldr	r3, [sp, #48]	@ 0x30
10004dd0:	681b      	ldr	r3, [r3, #0]
10004dd2:	17d8      	asrs	r0, r3, #31
10004dd4:	1819      	adds	r1, r3, r0
10004dd6:	4041      	eors	r1, r0
10004dd8:	e5ed      	b.n	100049b6 <_vsnprintf+0x642>
10004dda:	2380      	movs	r3, #128	@ 0x80
10004ddc:	0032      	movs	r2, r6
10004dde:	00db      	lsls	r3, r3, #3
10004de0:	401a      	ands	r2, r3
10004de2:	920f      	str	r2, [sp, #60]	@ 0x3c
10004de4:	421e      	tst	r6, r3
10004de6:	d00f      	beq.n	10004e08 <_vsnprintf+0xa94>
10004de8:	3002      	adds	r0, #2
10004dea:	0002      	movs	r2, r0
10004dec:	4032      	ands	r2, r6
10004dee:	920f      	str	r2, [sp, #60]	@ 0x3c
10004df0:	4230      	tst	r0, r6
10004df2:	d019      	beq.n	10004e28 <_vsnprintf+0xab4>
10004df4:	2300      	movs	r3, #0
10004df6:	46a0      	mov	r8, r4
10004df8:	930f      	str	r3, [sp, #60]	@ 0x3c
10004dfa:	e59a      	b.n	10004932 <_vsnprintf+0x5be>
10004dfc:	9b0c      	ldr	r3, [sp, #48]	@ 0x30
10004dfe:	681b      	ldr	r3, [r3, #0]
10004e00:	4699      	mov	r9, r3
10004e02:	e518      	b.n	10004836 <_vsnprintf+0x4c2>
10004e04:	0016      	movs	r6, r2
10004e06:	e49b      	b.n	10004740 <_vsnprintf+0x3cc>
10004e08:	2302      	movs	r3, #2
10004e0a:	001a      	movs	r2, r3
10004e0c:	4032      	ands	r2, r6
10004e0e:	920c      	str	r2, [sp, #48]	@ 0x30
10004e10:	4233      	tst	r3, r6
10004e12:	d000      	beq.n	10004e16 <_vsnprintf+0xaa2>
10004e14:	e58c      	b.n	10004930 <_vsnprintf+0x5bc>
10004e16:	2d00      	cmp	r5, #0
10004e18:	d000      	beq.n	10004e1c <_vsnprintf+0xaa8>
10004e1a:	e66d      	b.n	10004af8 <_vsnprintf+0x784>
10004e1c:	f7ff fbf0 	bl	10004600 <_vsnprintf+0x28c>
10004e20:	3301      	adds	r3, #1
10004e22:	930f      	str	r3, [sp, #60]	@ 0x3c
10004e24:	f7ff fbd0 	bl	100045c8 <_vsnprintf+0x254>
10004e28:	930c      	str	r3, [sp, #48]	@ 0x30
10004e2a:	e7f4      	b.n	10004e16 <_vsnprintf+0xaa2>

10004e2c <__wrap_snprintf>:
10004e2c:	4684      	mov	ip, r0
10004e2e:	b40c      	push	{r2, r3}
10004e30:	b500      	push	{lr}
10004e32:	b085      	sub	sp, #20
10004e34:	ab06      	add	r3, sp, #24
10004e36:	000a      	movs	r2, r1
10004e38:	cb02      	ldmia	r3!, {r1}
10004e3a:	4805      	ldr	r0, [pc, #20]	@ (10004e50 <__wrap_snprintf+0x24>)
10004e3c:	9303      	str	r3, [sp, #12]
10004e3e:	9300      	str	r3, [sp, #0]
10004e40:	000b      	movs	r3, r1
10004e42:	4661      	mov	r1, ip
10004e44:	f7ff fa96 	bl	10004374 <_vsnprintf>
10004e48:	b005      	add	sp, #20
10004e4a:	bc08      	pop	{r3}
10004e4c:	b002      	add	sp, #8
10004e4e:	4718      	bx	r3
10004e50:	100036f5 	.word	0x100036f5

10004e54 <vfctprintf>:
10004e54:	b500      	push	{lr}
10004e56:	b085      	sub	sp, #20
10004e58:	9103      	str	r1, [sp, #12]
10004e5a:	2101      	movs	r1, #1
10004e5c:	9002      	str	r0, [sp, #8]
10004e5e:	9300      	str	r3, [sp, #0]
10004e60:	4803      	ldr	r0, [pc, #12]	@ (10004e70 <vfctprintf+0x1c>)
10004e62:	0013      	movs	r3, r2
10004e64:	424a      	negs	r2, r1
10004e66:	a902      	add	r1, sp, #8
10004e68:	f7ff fa84 	bl	10004374 <_vsnprintf>
10004e6c:	b005      	add	sp, #20
10004e6e:	bd00      	pop	{pc}
10004e70:	10003991 	.word	0x10003991

10004e74 <weak_raw_vprintf>:
10004e74:	b510      	push	{r4, lr}
10004e76:	4a09      	ldr	r2, [pc, #36]	@ (10004e9c <weak_raw_vprintf+0x28>)
10004e78:	0003      	movs	r3, r0
10004e7a:	6814      	ldr	r4, [r2, #0]
10004e7c:	b084      	sub	sp, #16
10004e7e:	2c00      	cmp	r4, #0
10004e80:	d008      	beq.n	10004e94 <weak_raw_vprintf+0x20>
10004e82:	2201      	movs	r2, #1
10004e84:	9100      	str	r1, [sp, #0]
10004e86:	4806      	ldr	r0, [pc, #24]	@ (10004ea0 <weak_raw_vprintf+0x2c>)
10004e88:	4252      	negs	r2, r2
10004e8a:	a903      	add	r1, sp, #12
10004e8c:	47a0      	blx	r4
10004e8e:	2001      	movs	r0, #1
10004e90:	b004      	add	sp, #16
10004e92:	bd10      	pop	{r4, pc}
10004e94:	f000 f980 	bl	10005198 <__wrap_puts>
10004e98:	2000      	movs	r0, #0
10004e9a:	e7f9      	b.n	10004e90 <weak_raw_vprintf+0x1c>
10004e9c:	20001c08 	.word	0x20001c08
10004ea0:	10003981 	.word	0x10003981

10004ea4 <_exit>:
10004ea4:	be00      	bkpt	0x0000
10004ea6:	e7fd      	b.n	10004ea4 <_exit>

10004ea8 <_fini>:
10004ea8:	4770      	bx	lr
10004eaa:	46c0      	nop			@ (mov r8, r8)

10004eac <exit>:
10004eac:	b510      	push	{r4, lr}
10004eae:	f7ff fff9 	bl	10004ea4 <_exit>
10004eb2:	46c0      	nop			@ (mov r8, r8)

10004eb4 <runtime_init>:
10004eb4:	b570      	push	{r4, r5, r6, lr}
10004eb6:	f7fd fb95 	bl	100025e4 <runtime_run_initializers>
10004eba:	4d07      	ldr	r5, [pc, #28]	@ (10004ed8 <runtime_init+0x24>)
10004ebc:	4e07      	ldr	r6, [pc, #28]	@ (10004edc <runtime_init+0x28>)
10004ebe:	42b5      	cmp	r5, r6
10004ec0:	d209      	bcs.n	10004ed6 <runtime_init+0x22>
10004ec2:	2400      	movs	r4, #0
10004ec4:	3e01      	subs	r6, #1
10004ec6:	1b76      	subs	r6, r6, r5
10004ec8:	08b6      	lsrs	r6, r6, #2
10004eca:	3601      	adds	r6, #1
10004ecc:	cd08      	ldmia	r5!, {r3}
10004ece:	3401      	adds	r4, #1
10004ed0:	4798      	blx	r3
10004ed2:	42b4      	cmp	r4, r6
10004ed4:	d1fa      	bne.n	10004ecc <runtime_init+0x18>
10004ed6:	bd70      	pop	{r4, r5, r6, pc}
10004ed8:	10007934 	.word	0x10007934
10004edc:	10007938 	.word	0x10007938

10004ee0 <stdio_out_chars_no_crlf>:
10004ee0:	0003      	movs	r3, r0
10004ee2:	b510      	push	{r4, lr}
10004ee4:	0008      	movs	r0, r1
10004ee6:	0011      	movs	r1, r2
10004ee8:	681b      	ldr	r3, [r3, #0]
10004eea:	4798      	blx	r3
10004eec:	bd10      	pop	{r4, pc}
10004eee:	46c0      	nop			@ (mov r8, r8)

10004ef0 <stdio_out_chars_crlf>:
10004ef0:	b5f8      	push	{r3, r4, r5, r6, r7, lr}
10004ef2:	7d43      	ldrb	r3, [r0, #21]
10004ef4:	0007      	movs	r7, r0
10004ef6:	000d      	movs	r5, r1
10004ef8:	0016      	movs	r6, r2
10004efa:	2b00      	cmp	r3, #0
10004efc:	d038      	beq.n	10004f70 <stdio_out_chars_crlf+0x80>
10004efe:	2a00      	cmp	r2, #0
10004f00:	dd1a      	ble.n	10004f38 <stdio_out_chars_crlf+0x48>
10004f02:	780b      	ldrb	r3, [r1, #0]
10004f04:	2b0a      	cmp	r3, #10
10004f06:	d018      	beq.n	10004f3a <stdio_out_chars_crlf+0x4a>
10004f08:	2000      	movs	r0, #0
10004f0a:	2e01      	cmp	r6, #1
10004f0c:	d009      	beq.n	10004f22 <stdio_out_chars_crlf+0x32>
10004f0e:	2401      	movs	r4, #1
10004f10:	0021      	movs	r1, r4
10004f12:	5c6b      	ldrb	r3, [r5, r1]
10004f14:	3401      	adds	r4, #1
10004f16:	2b0a      	cmp	r3, #10
10004f18:	d01a      	beq.n	10004f50 <stdio_out_chars_crlf+0x60>
10004f1a:	42b4      	cmp	r4, r6
10004f1c:	d1f8      	bne.n	10004f10 <stdio_out_chars_crlf+0x20>
10004f1e:	4286      	cmp	r6, r0
10004f20:	dd03      	ble.n	10004f2a <stdio_out_chars_crlf+0x3a>
10004f22:	1a31      	subs	r1, r6, r0
10004f24:	683b      	ldr	r3, [r7, #0]
10004f26:	1828      	adds	r0, r5, r0
10004f28:	4798      	blx	r3
10004f2a:	19ad      	adds	r5, r5, r6
10004f2c:	3d01      	subs	r5, #1
10004f2e:	782b      	ldrb	r3, [r5, #0]
10004f30:	3b0d      	subs	r3, #13
10004f32:	425a      	negs	r2, r3
10004f34:	4153      	adcs	r3, r2
10004f36:	753b      	strb	r3, [r7, #20]
10004f38:	bdf8      	pop	{r3, r4, r5, r6, r7, pc}
10004f3a:	7d03      	ldrb	r3, [r0, #20]
10004f3c:	2b00      	cmp	r3, #0
10004f3e:	d1e3      	bne.n	10004f08 <stdio_out_chars_crlf+0x18>
10004f40:	2102      	movs	r1, #2
10004f42:	480e      	ldr	r0, [pc, #56]	@ (10004f7c <stdio_out_chars_crlf+0x8c>)
10004f44:	683b      	ldr	r3, [r7, #0]
10004f46:	4798      	blx	r3
10004f48:	2e01      	cmp	r6, #1
10004f4a:	d0ee      	beq.n	10004f2a <stdio_out_chars_crlf+0x3a>
10004f4c:	2001      	movs	r0, #1
10004f4e:	e7de      	b.n	10004f0e <stdio_out_chars_crlf+0x1e>
10004f50:	1e6b      	subs	r3, r5, #1
10004f52:	5c5b      	ldrb	r3, [r3, r1]
10004f54:	2b0d      	cmp	r3, #13
10004f56:	d0e0      	beq.n	10004f1a <stdio_out_chars_crlf+0x2a>
10004f58:	4288      	cmp	r0, r1
10004f5a:	da03      	bge.n	10004f64 <stdio_out_chars_crlf+0x74>
10004f5c:	1a09      	subs	r1, r1, r0
10004f5e:	683b      	ldr	r3, [r7, #0]
10004f60:	1828      	adds	r0, r5, r0
10004f62:	4798      	blx	r3
10004f64:	4805      	ldr	r0, [pc, #20]	@ (10004f7c <stdio_out_chars_crlf+0x8c>)
10004f66:	2102      	movs	r1, #2
10004f68:	683b      	ldr	r3, [r7, #0]
10004f6a:	4798      	blx	r3
10004f6c:	0020      	movs	r0, r4
10004f6e:	e7d4      	b.n	10004f1a <stdio_out_chars_crlf+0x2a>
10004f70:	6803      	ldr	r3, [r0, #0]
10004f72:	0011      	movs	r1, r2
10004f74:	0028      	movs	r0, r5
10004f76:	4798      	blx	r3
10004f78:	e7de      	b.n	10004f38 <stdio_out_chars_crlf+0x48>
10004f7a:	46c0      	nop			@ (mov r8, r8)
10004f7c:	10007e00 	.word	0x10007e00

10004f80 <stdio_buffered_printer>:
10004f80:	b5f8      	push	{r3, r4, r5, r6, r7, lr}
10004f82:	680b      	ldr	r3, [r1, #0]
10004f84:	000d      	movs	r5, r1
10004f86:	1c5a      	adds	r2, r3, #1
10004f88:	18cb      	adds	r3, r1, r3
10004f8a:	600a      	str	r2, [r1, #0]
10004f8c:	7118      	strb	r0, [r3, #4]
10004f8e:	2a80      	cmp	r2, #128	@ 0x80
10004f90:	d000      	beq.n	10004f94 <stdio_buffered_printer+0x14>
10004f92:	bdf8      	pop	{r3, r4, r5, r6, r7, pc}
10004f94:	4b0e      	ldr	r3, [pc, #56]	@ (10004fd0 <stdio_buffered_printer+0x50>)
10004f96:	681c      	ldr	r4, [r3, #0]
10004f98:	2c00      	cmp	r4, #0
10004f9a:	d015      	beq.n	10004fc8 <stdio_buffered_printer+0x48>
10004f9c:	4e0d      	ldr	r6, [pc, #52]	@ (10004fd4 <stdio_buffered_printer+0x54>)
10004f9e:	1d0f      	adds	r7, r1, #4
10004fa0:	e002      	b.n	10004fa8 <stdio_buffered_printer+0x28>
10004fa2:	6924      	ldr	r4, [r4, #16]
10004fa4:	2c00      	cmp	r4, #0
10004fa6:	d00f      	beq.n	10004fc8 <stdio_buffered_printer+0x48>
10004fa8:	6823      	ldr	r3, [r4, #0]
10004faa:	2b00      	cmp	r3, #0
10004fac:	d0f9      	beq.n	10004fa2 <stdio_buffered_printer+0x22>
10004fae:	6833      	ldr	r3, [r6, #0]
10004fb0:	2b00      	cmp	r3, #0
10004fb2:	d001      	beq.n	10004fb8 <stdio_buffered_printer+0x38>
10004fb4:	42a3      	cmp	r3, r4
10004fb6:	d1f4      	bne.n	10004fa2 <stdio_buffered_printer+0x22>
10004fb8:	0020      	movs	r0, r4
10004fba:	0039      	movs	r1, r7
10004fbc:	682a      	ldr	r2, [r5, #0]
10004fbe:	f7ff ff97 	bl	10004ef0 <stdio_out_chars_crlf>
10004fc2:	6924      	ldr	r4, [r4, #16]
10004fc4:	2c00      	cmp	r4, #0
10004fc6:	d1ef      	bne.n	10004fa8 <stdio_buffered_printer+0x28>
10004fc8:	2300      	movs	r3, #0
10004fca:	602b      	str	r3, [r5, #0]
10004fcc:	e7e1      	b.n	10004f92 <stdio_buffered_printer+0x12>
10004fce:	46c0      	nop			@ (mov r8, r8)
10004fd0:	200017fc 	.word	0x200017fc
10004fd4:	20001804 	.word	0x20001804

10004fd8 <stdio_put_string>:
10004fd8:	b5f0      	push	{r4, r5, r6, r7, lr}
10004fda:	4646      	mov	r6, r8
10004fdc:	46d6      	mov	lr, sl
10004fde:	464f      	mov	r7, r9
10004fe0:	b5c0      	push	{r6, r7, lr}
10004fe2:	b082      	sub	sp, #8
10004fe4:	4690      	mov	r8, r2
10004fe6:	001c      	movs	r4, r3
10004fe8:	0006      	movs	r6, r0
10004fea:	000d      	movs	r5, r1
10004fec:	f7fd f898 	bl	10002120 <time_us_64>
10004ff0:	2300      	movs	r3, #0
10004ff2:	4a2f      	ldr	r2, [pc, #188]	@ (100050b0 <stdio_put_string+0xd8>)
10004ff4:	1812      	adds	r2, r2, r0
10004ff6:	414b      	adcs	r3, r1
10004ff8:	2b00      	cmp	r3, #0
10004ffa:	da02      	bge.n	10005002 <stdio_put_string+0x2a>
10004ffc:	2201      	movs	r2, #1
10004ffe:	4b2d      	ldr	r3, [pc, #180]	@ (100050b4 <stdio_put_string+0xdc>)
10005000:	4252      	negs	r2, r2
10005002:	492d      	ldr	r1, [pc, #180]	@ (100050b8 <stdio_put_string+0xe0>)
10005004:	0008      	movs	r0, r1
10005006:	468a      	mov	sl, r1
10005008:	f002 fc36 	bl	10007878 <__mutex_try_enter_block_until_veneer>
1000500c:	4681      	mov	r9, r0
1000500e:	1c6b      	adds	r3, r5, #1
10005010:	d103      	bne.n	1000501a <stdio_put_string+0x42>
10005012:	0030      	movs	r0, r6
10005014:	f002 fbe0 	bl	100077d8 <strlen>
10005018:	0005      	movs	r5, r0
1000501a:	2c00      	cmp	r4, #0
1000501c:	d027      	beq.n	1000506e <stdio_put_string+0x96>
1000501e:	4f27      	ldr	r7, [pc, #156]	@ (100050bc <stdio_put_string+0xe4>)
10005020:	4b27      	ldr	r3, [pc, #156]	@ (100050c0 <stdio_put_string+0xe8>)
10005022:	681c      	ldr	r4, [r3, #0]
10005024:	2c00      	cmp	r4, #0
10005026:	d018      	beq.n	1000505a <stdio_put_string+0x82>
10005028:	4643      	mov	r3, r8
1000502a:	2b00      	cmp	r3, #0
1000502c:	d121      	bne.n	10005072 <stdio_put_string+0x9a>
1000502e:	4b25      	ldr	r3, [pc, #148]	@ (100050c4 <stdio_put_string+0xec>)
10005030:	4698      	mov	r8, r3
10005032:	e002      	b.n	1000503a <stdio_put_string+0x62>
10005034:	6924      	ldr	r4, [r4, #16]
10005036:	2c00      	cmp	r4, #0
10005038:	d00f      	beq.n	1000505a <stdio_put_string+0x82>
1000503a:	6823      	ldr	r3, [r4, #0]
1000503c:	2b00      	cmp	r3, #0
1000503e:	d0f9      	beq.n	10005034 <stdio_put_string+0x5c>
10005040:	4643      	mov	r3, r8
10005042:	681b      	ldr	r3, [r3, #0]
10005044:	2b00      	cmp	r3, #0
10005046:	d001      	beq.n	1000504c <stdio_put_string+0x74>
10005048:	429c      	cmp	r4, r3
1000504a:	d1f3      	bne.n	10005034 <stdio_put_string+0x5c>
1000504c:	0020      	movs	r0, r4
1000504e:	002a      	movs	r2, r5
10005050:	0031      	movs	r1, r6
10005052:	47b8      	blx	r7
10005054:	6924      	ldr	r4, [r4, #16]
10005056:	2c00      	cmp	r4, #0
10005058:	d1ef      	bne.n	1000503a <stdio_put_string+0x62>
1000505a:	464b      	mov	r3, r9
1000505c:	2b00      	cmp	r3, #0
1000505e:	d123      	bne.n	100050a8 <stdio_put_string+0xd0>
10005060:	0028      	movs	r0, r5
10005062:	b002      	add	sp, #8
10005064:	bce0      	pop	{r5, r6, r7}
10005066:	46ba      	mov	sl, r7
10005068:	46b1      	mov	r9, r6
1000506a:	46a8      	mov	r8, r5
1000506c:	bdf0      	pop	{r4, r5, r6, r7, pc}
1000506e:	4f16      	ldr	r7, [pc, #88]	@ (100050c8 <stdio_put_string+0xf0>)
10005070:	e7d6      	b.n	10005020 <stdio_put_string+0x48>
10005072:	4b14      	ldr	r3, [pc, #80]	@ (100050c4 <stdio_put_string+0xec>)
10005074:	4698      	mov	r8, r3
10005076:	e002      	b.n	1000507e <stdio_put_string+0xa6>
10005078:	6924      	ldr	r4, [r4, #16]
1000507a:	2c00      	cmp	r4, #0
1000507c:	d0ed      	beq.n	1000505a <stdio_put_string+0x82>
1000507e:	6823      	ldr	r3, [r4, #0]
10005080:	2b00      	cmp	r3, #0
10005082:	d0f9      	beq.n	10005078 <stdio_put_string+0xa0>
10005084:	4643      	mov	r3, r8
10005086:	681b      	ldr	r3, [r3, #0]
10005088:	2b00      	cmp	r3, #0
1000508a:	d001      	beq.n	10005090 <stdio_put_string+0xb8>
1000508c:	42a3      	cmp	r3, r4
1000508e:	d1f3      	bne.n	10005078 <stdio_put_string+0xa0>
10005090:	002a      	movs	r2, r5
10005092:	0031      	movs	r1, r6
10005094:	0020      	movs	r0, r4
10005096:	47b8      	blx	r7
10005098:	466b      	mov	r3, sp
1000509a:	220a      	movs	r2, #10
1000509c:	0020      	movs	r0, r4
1000509e:	71da      	strb	r2, [r3, #7]
100050a0:	1dd9      	adds	r1, r3, #7
100050a2:	3a09      	subs	r2, #9
100050a4:	47b8      	blx	r7
100050a6:	e7e7      	b.n	10005078 <stdio_put_string+0xa0>
100050a8:	4650      	mov	r0, sl
100050aa:	f002 fbfd 	bl	100078a8 <__mutex_exit_veneer>
100050ae:	e7d7      	b.n	10005060 <stdio_put_string+0x88>
100050b0:	000f4240 	.word	0x000f4240
100050b4:	7fffffff 	.word	0x7fffffff
100050b8:	20001038 	.word	0x20001038
100050bc:	10004ef1 	.word	0x10004ef1
100050c0:	200017fc 	.word	0x200017fc
100050c4:	20001804 	.word	0x20001804
100050c8:	10004ee1 	.word	0x10004ee1

100050cc <stdio_set_driver_enabled>:
100050cc:	4a0a      	ldr	r2, [pc, #40]	@ (100050f8 <stdio_set_driver_enabled+0x2c>)
100050ce:	6813      	ldr	r3, [r2, #0]
100050d0:	2b00      	cmp	r3, #0
100050d2:	d105      	bne.n	100050e0 <stdio_set_driver_enabled+0x14>
100050d4:	e00c      	b.n	100050f0 <stdio_set_driver_enabled+0x24>
100050d6:	001a      	movs	r2, r3
100050d8:	691b      	ldr	r3, [r3, #16]
100050da:	3210      	adds	r2, #16
100050dc:	2b00      	cmp	r3, #0
100050de:	d007      	beq.n	100050f0 <stdio_set_driver_enabled+0x24>
100050e0:	4283      	cmp	r3, r0
100050e2:	d1f8      	bne.n	100050d6 <stdio_set_driver_enabled+0xa>
100050e4:	2900      	cmp	r1, #0
100050e6:	d102      	bne.n	100050ee <stdio_set_driver_enabled+0x22>
100050e8:	6918      	ldr	r0, [r3, #16]
100050ea:	6010      	str	r0, [r2, #0]
100050ec:	6119      	str	r1, [r3, #16]
100050ee:	4770      	bx	lr
100050f0:	2900      	cmp	r1, #0
100050f2:	d0fc      	beq.n	100050ee <stdio_set_driver_enabled+0x22>
100050f4:	6010      	str	r0, [r2, #0]
100050f6:	e7fa      	b.n	100050ee <stdio_set_driver_enabled+0x22>
100050f8:	200017fc 	.word	0x200017fc

100050fc <stdio_init_all>:
100050fc:	b510      	push	{r4, lr}
100050fe:	f000 fa67 	bl	100055d0 <stdio_usb_init>
10005102:	bd10      	pop	{r4, pc}

10005104 <__wrap_putchar>:
10005104:	b5f0      	push	{r4, r5, r6, r7, lr}
10005106:	46ce      	mov	lr, r9
10005108:	4647      	mov	r7, r8
1000510a:	b580      	push	{r7, lr}
1000510c:	b083      	sub	sp, #12
1000510e:	466b      	mov	r3, sp
10005110:	0006      	movs	r6, r0
10005112:	1ddd      	adds	r5, r3, #7
10005114:	7028      	strb	r0, [r5, #0]
10005116:	f7fd f803 	bl	10002120 <time_us_64>
1000511a:	2300      	movs	r3, #0
1000511c:	4a19      	ldr	r2, [pc, #100]	@ (10005184 <__wrap_putchar+0x80>)
1000511e:	1812      	adds	r2, r2, r0
10005120:	414b      	adcs	r3, r1
10005122:	2b00      	cmp	r3, #0
10005124:	da02      	bge.n	1000512c <__wrap_putchar+0x28>
10005126:	2201      	movs	r2, #1
10005128:	4b17      	ldr	r3, [pc, #92]	@ (10005188 <__wrap_putchar+0x84>)
1000512a:	4252      	negs	r2, r2
1000512c:	4917      	ldr	r1, [pc, #92]	@ (1000518c <__wrap_putchar+0x88>)
1000512e:	0008      	movs	r0, r1
10005130:	4689      	mov	r9, r1
10005132:	f002 fba1 	bl	10007878 <__mutex_try_enter_block_until_veneer>
10005136:	4b16      	ldr	r3, [pc, #88]	@ (10005190 <__wrap_putchar+0x8c>)
10005138:	4680      	mov	r8, r0
1000513a:	681c      	ldr	r4, [r3, #0]
1000513c:	2c00      	cmp	r4, #0
1000513e:	d014      	beq.n	1000516a <__wrap_putchar+0x66>
10005140:	4f14      	ldr	r7, [pc, #80]	@ (10005194 <__wrap_putchar+0x90>)
10005142:	e002      	b.n	1000514a <__wrap_putchar+0x46>
10005144:	6924      	ldr	r4, [r4, #16]
10005146:	2c00      	cmp	r4, #0
10005148:	d00f      	beq.n	1000516a <__wrap_putchar+0x66>
1000514a:	6823      	ldr	r3, [r4, #0]
1000514c:	2b00      	cmp	r3, #0
1000514e:	d0f9      	beq.n	10005144 <__wrap_putchar+0x40>
10005150:	683b      	ldr	r3, [r7, #0]
10005152:	2b00      	cmp	r3, #0
10005154:	d001      	beq.n	1000515a <__wrap_putchar+0x56>
10005156:	429c      	cmp	r4, r3
10005158:	d1f4      	bne.n	10005144 <__wrap_putchar+0x40>
1000515a:	0020      	movs	r0, r4
1000515c:	2201      	movs	r2, #1
1000515e:	0029      	movs	r1, r5
10005160:	f7ff fec6 	bl	10004ef0 <stdio_out_chars_crlf>
10005164:	6924      	ldr	r4, [r4, #16]
10005166:	2c00      	cmp	r4, #0
10005168:	d1ef      	bne.n	1000514a <__wrap_putchar+0x46>
1000516a:	4643      	mov	r3, r8
1000516c:	2b00      	cmp	r3, #0
1000516e:	d105      	bne.n	1000517c <__wrap_putchar+0x78>
10005170:	0030      	movs	r0, r6
10005172:	b003      	add	sp, #12
10005174:	bcc0      	pop	{r6, r7}
10005176:	46b9      	mov	r9, r7
10005178:	46b0      	mov	r8, r6
1000517a:	bdf0      	pop	{r4, r5, r6, r7, pc}
1000517c:	4648      	mov	r0, r9
1000517e:	f002 fb93 	bl	100078a8 <__mutex_exit_veneer>
10005182:	e7f5      	b.n	10005170 <__wrap_putchar+0x6c>
10005184:	000f4240 	.word	0x000f4240
10005188:	7fffffff 	.word	0x7fffffff
1000518c:	20001038 	.word	0x20001038
10005190:	200017fc 	.word	0x200017fc
10005194:	20001804 	.word	0x20001804

10005198 <__wrap_puts>:
10005198:	b570      	push	{r4, r5, r6, lr}
1000519a:	0004      	movs	r4, r0
1000519c:	f002 fb1c 	bl	100077d8 <strlen>
100051a0:	2301      	movs	r3, #1
100051a2:	0001      	movs	r1, r0
100051a4:	0005      	movs	r5, r0
100051a6:	2201      	movs	r2, #1
100051a8:	0020      	movs	r0, r4
100051aa:	f7ff ff15 	bl	10004fd8 <stdio_put_string>
100051ae:	4b08      	ldr	r3, [pc, #32]	@ (100051d0 <__wrap_puts+0x38>)
100051b0:	681c      	ldr	r4, [r3, #0]
100051b2:	2c00      	cmp	r4, #0
100051b4:	d006      	beq.n	100051c4 <__wrap_puts+0x2c>
100051b6:	6863      	ldr	r3, [r4, #4]
100051b8:	2b00      	cmp	r3, #0
100051ba:	d005      	beq.n	100051c8 <__wrap_puts+0x30>
100051bc:	4798      	blx	r3
100051be:	6924      	ldr	r4, [r4, #16]
100051c0:	2c00      	cmp	r4, #0
100051c2:	d1f8      	bne.n	100051b6 <__wrap_puts+0x1e>
100051c4:	0028      	movs	r0, r5
100051c6:	bd70      	pop	{r4, r5, r6, pc}
100051c8:	6924      	ldr	r4, [r4, #16]
100051ca:	2c00      	cmp	r4, #0
100051cc:	d1f3      	bne.n	100051b6 <__wrap_puts+0x1e>
100051ce:	e7f9      	b.n	100051c4 <__wrap_puts+0x2c>
100051d0:	200017fc 	.word	0x200017fc

100051d4 <__wrap_vprintf>:
100051d4:	b5f0      	push	{r4, r5, r6, r7, lr}
100051d6:	46ce      	mov	lr, r9
100051d8:	4647      	mov	r7, r8
100051da:	b580      	push	{r7, lr}
100051dc:	b0a3      	sub	sp, #140	@ 0x8c
100051de:	0004      	movs	r4, r0
100051e0:	000e      	movs	r6, r1
100051e2:	f7fc ff9d 	bl	10002120 <time_us_64>
100051e6:	2300      	movs	r3, #0
100051e8:	4a26      	ldr	r2, [pc, #152]	@ (10005284 <__wrap_vprintf+0xb0>)
100051ea:	1812      	adds	r2, r2, r0
100051ec:	414b      	adcs	r3, r1
100051ee:	2b00      	cmp	r3, #0
100051f0:	da02      	bge.n	100051f8 <__wrap_vprintf+0x24>
100051f2:	2201      	movs	r2, #1
100051f4:	4b24      	ldr	r3, [pc, #144]	@ (10005288 <__wrap_vprintf+0xb4>)
100051f6:	4252      	negs	r2, r2
100051f8:	4824      	ldr	r0, [pc, #144]	@ (1000528c <__wrap_vprintf+0xb8>)
100051fa:	f002 fb3d 	bl	10007878 <__mutex_try_enter_block_until_veneer>
100051fe:	2300      	movs	r3, #0
10005200:	0022      	movs	r2, r4
10005202:	9301      	str	r3, [sp, #4]
10005204:	4680      	mov	r8, r0
10005206:	0033      	movs	r3, r6
10005208:	4821      	ldr	r0, [pc, #132]	@ (10005290 <__wrap_vprintf+0xbc>)
1000520a:	a901      	add	r1, sp, #4
1000520c:	f7ff fe22 	bl	10004e54 <vfctprintf>
10005210:	4f20      	ldr	r7, [pc, #128]	@ (10005294 <__wrap_vprintf+0xc0>)
10005212:	9b01      	ldr	r3, [sp, #4]
10005214:	4681      	mov	r9, r0
10005216:	683c      	ldr	r4, [r7, #0]
10005218:	2b00      	cmp	r3, #0
1000521a:	d019      	beq.n	10005250 <__wrap_vprintf+0x7c>
1000521c:	2c00      	cmp	r4, #0
1000521e:	d02f      	beq.n	10005280 <__wrap_vprintf+0xac>
10005220:	4e1d      	ldr	r6, [pc, #116]	@ (10005298 <__wrap_vprintf+0xc4>)
10005222:	e002      	b.n	1000522a <__wrap_vprintf+0x56>
10005224:	6924      	ldr	r4, [r4, #16]
10005226:	2c00      	cmp	r4, #0
10005228:	d00f      	beq.n	1000524a <__wrap_vprintf+0x76>
1000522a:	6823      	ldr	r3, [r4, #0]
1000522c:	2b00      	cmp	r3, #0
1000522e:	d0f9      	beq.n	10005224 <__wrap_vprintf+0x50>
10005230:	6833      	ldr	r3, [r6, #0]
10005232:	2b00      	cmp	r3, #0
10005234:	d001      	beq.n	1000523a <__wrap_vprintf+0x66>
10005236:	42a3      	cmp	r3, r4
10005238:	d1f4      	bne.n	10005224 <__wrap_vprintf+0x50>
1000523a:	0020      	movs	r0, r4
1000523c:	9a01      	ldr	r2, [sp, #4]
1000523e:	a902      	add	r1, sp, #8
10005240:	f7ff fe56 	bl	10004ef0 <stdio_out_chars_crlf>
10005244:	6924      	ldr	r4, [r4, #16]
10005246:	2c00      	cmp	r4, #0
10005248:	d1ef      	bne.n	1000522a <__wrap_vprintf+0x56>
1000524a:	2300      	movs	r3, #0
1000524c:	683c      	ldr	r4, [r7, #0]
1000524e:	9301      	str	r3, [sp, #4]
10005250:	2c00      	cmp	r4, #0
10005252:	d006      	beq.n	10005262 <__wrap_vprintf+0x8e>
10005254:	6863      	ldr	r3, [r4, #4]
10005256:	2b00      	cmp	r3, #0
10005258:	d00c      	beq.n	10005274 <__wrap_vprintf+0xa0>
1000525a:	4798      	blx	r3
1000525c:	6924      	ldr	r4, [r4, #16]
1000525e:	2c00      	cmp	r4, #0
10005260:	d1f8      	bne.n	10005254 <__wrap_vprintf+0x80>
10005262:	4643      	mov	r3, r8
10005264:	2b00      	cmp	r3, #0
10005266:	d107      	bne.n	10005278 <__wrap_vprintf+0xa4>
10005268:	4648      	mov	r0, r9
1000526a:	b023      	add	sp, #140	@ 0x8c
1000526c:	bcc0      	pop	{r6, r7}
1000526e:	46b9      	mov	r9, r7
10005270:	46b0      	mov	r8, r6
10005272:	bdf0      	pop	{r4, r5, r6, r7, pc}
10005274:	6924      	ldr	r4, [r4, #16]
10005276:	e7eb      	b.n	10005250 <__wrap_vprintf+0x7c>
10005278:	4804      	ldr	r0, [pc, #16]	@ (1000528c <__wrap_vprintf+0xb8>)
1000527a:	f002 fb15 	bl	100078a8 <__mutex_exit_veneer>
1000527e:	e7f3      	b.n	10005268 <__wrap_vprintf+0x94>
10005280:	9401      	str	r4, [sp, #4]
10005282:	e7ee      	b.n	10005262 <__wrap_vprintf+0x8e>
10005284:	000f4240 	.word	0x000f4240
10005288:	7fffffff 	.word	0x7fffffff
1000528c:	20001038 	.word	0x20001038
10005290:	10004f81 	.word	0x10004f81
10005294:	200017fc 	.word	0x200017fc
10005298:	20001804 	.word	0x20001804

1000529c <__wrap_printf>:
1000529c:	b40f      	push	{r0, r1, r2, r3}
1000529e:	b500      	push	{lr}
100052a0:	b083      	sub	sp, #12
100052a2:	a904      	add	r1, sp, #16
100052a4:	c901      	ldmia	r1!, {r0}
100052a6:	9101      	str	r1, [sp, #4]
100052a8:	f7ff ff94 	bl	100051d4 <__wrap_vprintf>
100052ac:	b003      	add	sp, #12
100052ae:	bc08      	pop	{r3}
100052b0:	b004      	add	sp, #16
100052b2:	4718      	bx	r3

100052b4 <stdio_usb_set_chars_available_callback>:
100052b4:	4b02      	ldr	r3, [pc, #8]	@ (100052c0 <stdio_usb_set_chars_available_callback+0xc>)
100052b6:	6018      	str	r0, [r3, #0]
100052b8:	4b02      	ldr	r3, [pc, #8]	@ (100052c4 <stdio_usb_set_chars_available_callback+0x10>)
100052ba:	6019      	str	r1, [r3, #0]
100052bc:	4770      	bx	lr
100052be:	46c0      	nop			@ (mov r8, r8)
100052c0:	2000179c 	.word	0x2000179c
100052c4:	200017a0 	.word	0x200017a0

100052c8 <usb_irq>:
100052c8:	b510      	push	{r4, lr}
100052ca:	4b02      	ldr	r3, [pc, #8]	@ (100052d4 <usb_irq+0xc>)
100052cc:	7818      	ldrb	r0, [r3, #0]
100052ce:	f7fc f89b 	bl	10001408 <irq_set_pending>
100052d2:	bd10      	pop	{r4, pc}
100052d4:	20001d32 	.word	0x20001d32

100052d8 <timer_task>:
100052d8:	4b15      	ldr	r3, [pc, #84]	@ (10005330 <timer_task+0x58>)
100052da:	b570      	push	{r4, r5, r6, lr}
100052dc:	681a      	ldr	r2, [r3, #0]
100052de:	2a00      	cmp	r2, #0
100052e0:	d022      	beq.n	10005328 <timer_task+0x50>
100052e2:	f3ef 8110 	mrs	r1, PRIMASK
100052e6:	b672      	cpsid	i
100052e8:	6810      	ldr	r0, [r2, #0]
100052ea:	2800      	cmp	r0, #0
100052ec:	d0fc      	beq.n	100052e8 <timer_task+0x10>
100052ee:	f3bf 8f5f 	dmb	sy
100052f2:	2000      	movs	r0, #0
100052f4:	4a0f      	ldr	r2, [pc, #60]	@ (10005334 <timer_task+0x5c>)
100052f6:	6059      	str	r1, [r3, #4]
100052f8:	7010      	strb	r0, [r2, #0]
100052fa:	681b      	ldr	r3, [r3, #0]
100052fc:	f3bf 8f5f 	dmb	sy
10005300:	6018      	str	r0, [r3, #0]
10005302:	f381 8810 	msr	PRIMASK, r1
10005306:	2400      	movs	r4, #0
10005308:	2500      	movs	r5, #0
1000530a:	4e0b      	ldr	r6, [pc, #44]	@ (10005338 <timer_task+0x60>)
1000530c:	7830      	ldrb	r0, [r6, #0]
1000530e:	f7fc f86f 	bl	100013f0 <irq_is_enabled>
10005312:	2800      	cmp	r0, #0
10005314:	d104      	bne.n	10005320 <timer_task+0x48>
10005316:	2400      	movs	r4, #0
10005318:	2500      	movs	r5, #0
1000531a:	0029      	movs	r1, r5
1000531c:	0020      	movs	r0, r4
1000531e:	bd70      	pop	{r4, r5, r6, pc}
10005320:	7830      	ldrb	r0, [r6, #0]
10005322:	f7fc f871 	bl	10001408 <irq_set_pending>
10005326:	e7f8      	b.n	1000531a <timer_task+0x42>
10005328:	24fa      	movs	r4, #250	@ 0xfa
1000532a:	2500      	movs	r5, #0
1000532c:	00a4      	lsls	r4, r4, #2
1000532e:	e7ec      	b.n	1000530a <timer_task+0x32>
10005330:	20001c18 	.word	0x20001c18
10005334:	20001d33 	.word	0x20001d33
10005338:	20001d32 	.word	0x20001d32

1000533c <stdio_usb_in_chars>:
1000533c:	b570      	push	{r4, r5, r6, lr}
1000533e:	0005      	movs	r5, r0
10005340:	2000      	movs	r0, #0
10005342:	000e      	movs	r6, r1
10005344:	f001 fb78 	bl	10006a38 <tud_cdc_n_connected>
10005348:	2800      	cmp	r0, #0
1000534a:	d034      	beq.n	100053b6 <stdio_usb_in_chars+0x7a>
1000534c:	2000      	movs	r0, #0
1000534e:	f001 fb89 	bl	10006a64 <tud_cdc_n_available>
10005352:	2800      	cmp	r0, #0
10005354:	d02f      	beq.n	100053b6 <stdio_usb_in_chars+0x7a>
10005356:	f7fc fee3 	bl	10002120 <time_us_64>
1000535a:	2300      	movs	r3, #0
1000535c:	4a17      	ldr	r2, [pc, #92]	@ (100053bc <stdio_usb_in_chars+0x80>)
1000535e:	1812      	adds	r2, r2, r0
10005360:	414b      	adcs	r3, r1
10005362:	2b00      	cmp	r3, #0
10005364:	db16      	blt.n	10005394 <stdio_usb_in_chars+0x58>
10005366:	4c16      	ldr	r4, [pc, #88]	@ (100053c0 <stdio_usb_in_chars+0x84>)
10005368:	0020      	movs	r0, r4
1000536a:	f002 fa85 	bl	10007878 <__mutex_try_enter_block_until_veneer>
1000536e:	2800      	cmp	r0, #0
10005370:	d021      	beq.n	100053b6 <stdio_usb_in_chars+0x7a>
10005372:	2000      	movs	r0, #0
10005374:	f001 fb60 	bl	10006a38 <tud_cdc_n_connected>
10005378:	2800      	cmp	r0, #0
1000537a:	d10f      	bne.n	1000539c <stdio_usb_in_chars+0x60>
1000537c:	2001      	movs	r0, #1
1000537e:	2100      	movs	r1, #0
10005380:	4240      	negs	r0, r0
10005382:	f000 fd89 	bl	10005e98 <tud_task_ext>
10005386:	2503      	movs	r5, #3
10005388:	426d      	negs	r5, r5
1000538a:	0020      	movs	r0, r4
1000538c:	f002 fa8c 	bl	100078a8 <__mutex_exit_veneer>
10005390:	0028      	movs	r0, r5
10005392:	bd70      	pop	{r4, r5, r6, pc}
10005394:	2201      	movs	r2, #1
10005396:	4b0b      	ldr	r3, [pc, #44]	@ (100053c4 <stdio_usb_in_chars+0x88>)
10005398:	4252      	negs	r2, r2
1000539a:	e7e4      	b.n	10005366 <stdio_usb_in_chars+0x2a>
1000539c:	2000      	movs	r0, #0
1000539e:	f001 fb61 	bl	10006a64 <tud_cdc_n_available>
100053a2:	2800      	cmp	r0, #0
100053a4:	d0ea      	beq.n	1000537c <stdio_usb_in_chars+0x40>
100053a6:	0029      	movs	r1, r5
100053a8:	0032      	movs	r2, r6
100053aa:	2000      	movs	r0, #0
100053ac:	f001 fb64 	bl	10006a78 <tud_cdc_n_read>
100053b0:	1e05      	subs	r5, r0, #0
100053b2:	d1ea      	bne.n	1000538a <stdio_usb_in_chars+0x4e>
100053b4:	e7e7      	b.n	10005386 <stdio_usb_in_chars+0x4a>
100053b6:	2503      	movs	r5, #3
100053b8:	426d      	negs	r5, r5
100053ba:	e7e9      	b.n	10005390 <stdio_usb_in_chars+0x54>
100053bc:	000f4240 	.word	0x000f4240
100053c0:	20001c44 	.word	0x20001c44
100053c4:	7fffffff 	.word	0x7fffffff

100053c8 <stdio_usb_out_flush>:
100053c8:	b510      	push	{r4, lr}
100053ca:	f7fc fea9 	bl	10002120 <time_us_64>
100053ce:	2300      	movs	r3, #0
100053d0:	4a0d      	ldr	r2, [pc, #52]	@ (10005408 <stdio_usb_out_flush+0x40>)
100053d2:	1812      	adds	r2, r2, r0
100053d4:	414b      	adcs	r3, r1
100053d6:	2b00      	cmp	r3, #0
100053d8:	da02      	bge.n	100053e0 <stdio_usb_out_flush+0x18>
100053da:	2201      	movs	r2, #1
100053dc:	4b0b      	ldr	r3, [pc, #44]	@ (1000540c <stdio_usb_out_flush+0x44>)
100053de:	4252      	negs	r2, r2
100053e0:	480b      	ldr	r0, [pc, #44]	@ (10005410 <stdio_usb_out_flush+0x48>)
100053e2:	f002 fa49 	bl	10007878 <__mutex_try_enter_block_until_veneer>
100053e6:	2800      	cmp	r0, #0
100053e8:	d00c      	beq.n	10005404 <stdio_usb_out_flush+0x3c>
100053ea:	2001      	movs	r0, #1
100053ec:	2100      	movs	r1, #0
100053ee:	4240      	negs	r0, r0
100053f0:	f000 fd52 	bl	10005e98 <tud_task_ext>
100053f4:	2000      	movs	r0, #0
100053f6:	f001 fb83 	bl	10006b00 <tud_cdc_n_write_flush>
100053fa:	2800      	cmp	r0, #0
100053fc:	d1f5      	bne.n	100053ea <stdio_usb_out_flush+0x22>
100053fe:	4804      	ldr	r0, [pc, #16]	@ (10005410 <stdio_usb_out_flush+0x48>)
10005400:	f002 fa52 	bl	100078a8 <__mutex_exit_veneer>
10005404:	bd10      	pop	{r4, pc}
10005406:	46c0      	nop			@ (mov r8, r8)
10005408:	000f4240 	.word	0x000f4240
1000540c:	7fffffff 	.word	0x7fffffff
10005410:	20001c44 	.word	0x20001c44

10005414 <stdio_usb_out_chars>:
10005414:	b5f8      	push	{r3, r4, r5, r6, r7, lr}
10005416:	46ce      	mov	lr, r9
10005418:	4647      	mov	r7, r8
1000541a:	b580      	push	{r7, lr}
1000541c:	0005      	movs	r5, r0
1000541e:	000c      	movs	r4, r1
10005420:	f7fc fe7e 	bl	10002120 <time_us_64>
10005424:	2300      	movs	r3, #0
10005426:	4a34      	ldr	r2, [pc, #208]	@ (100054f8 <stdio_usb_out_chars+0xe4>)
10005428:	1812      	adds	r2, r2, r0
1000542a:	414b      	adcs	r3, r1
1000542c:	2b00      	cmp	r3, #0
1000542e:	da02      	bge.n	10005436 <stdio_usb_out_chars+0x22>
10005430:	2201      	movs	r2, #1
10005432:	4b32      	ldr	r3, [pc, #200]	@ (100054fc <stdio_usb_out_chars+0xe8>)
10005434:	4252      	negs	r2, r2
10005436:	4932      	ldr	r1, [pc, #200]	@ (10005500 <stdio_usb_out_chars+0xec>)
10005438:	0008      	movs	r0, r1
1000543a:	4688      	mov	r8, r1
1000543c:	f002 fa1c 	bl	10007878 <__mutex_try_enter_block_until_veneer>
10005440:	2800      	cmp	r0, #0
10005442:	d103      	bne.n	1000544c <stdio_usb_out_chars+0x38>
10005444:	bcc0      	pop	{r6, r7}
10005446:	46b9      	mov	r9, r7
10005448:	46b0      	mov	r8, r6
1000544a:	bdf8      	pop	{r3, r4, r5, r6, r7, pc}
1000544c:	2000      	movs	r0, #0
1000544e:	f001 faf3 	bl	10006a38 <tud_cdc_n_connected>
10005452:	2800      	cmp	r0, #0
10005454:	d048      	beq.n	100054e8 <stdio_usb_out_chars+0xd4>
10005456:	2600      	movs	r6, #0
10005458:	2c00      	cmp	r4, #0
1000545a:	dd41      	ble.n	100054e0 <stdio_usb_out_chars+0xcc>
1000545c:	4b29      	ldr	r3, [pc, #164]	@ (10005504 <stdio_usb_out_chars+0xf0>)
1000545e:	4699      	mov	r9, r3
10005460:	e013      	b.n	1000548a <stdio_usb_out_chars+0x76>
10005462:	19a9      	adds	r1, r5, r6
10005464:	2000      	movs	r0, #0
10005466:	f001 fb87 	bl	10006b78 <tud_cdc_n_write>
1000546a:	0007      	movs	r7, r0
1000546c:	2001      	movs	r0, #1
1000546e:	2100      	movs	r1, #0
10005470:	4240      	negs	r0, r0
10005472:	f000 fd11 	bl	10005e98 <tud_task_ext>
10005476:	2000      	movs	r0, #0
10005478:	f001 fb42 	bl	10006b00 <tud_cdc_n_write_flush>
1000547c:	f7fc fe50 	bl	10002120 <time_us_64>
10005480:	4b20      	ldr	r3, [pc, #128]	@ (10005504 <stdio_usb_out_chars+0xf0>)
10005482:	19f6      	adds	r6, r6, r7
10005484:	c303      	stmia	r3!, {r0, r1}
10005486:	42b4      	cmp	r4, r6
10005488:	dd2a      	ble.n	100054e0 <stdio_usb_out_chars+0xcc>
1000548a:	2000      	movs	r0, #0
1000548c:	f001 fb94 	bl	10006bb8 <tud_cdc_n_write_available>
10005490:	1ba7      	subs	r7, r4, r6
10005492:	0002      	movs	r2, r0
10005494:	42b8      	cmp	r0, r7
10005496:	dd00      	ble.n	1000549a <stdio_usb_out_chars+0x86>
10005498:	003a      	movs	r2, r7
1000549a:	2a00      	cmp	r2, #0
1000549c:	d1e1      	bne.n	10005462 <stdio_usb_out_chars+0x4e>
1000549e:	2001      	movs	r0, #1
100054a0:	2100      	movs	r1, #0
100054a2:	4240      	negs	r0, r0
100054a4:	f000 fcf8 	bl	10005e98 <tud_task_ext>
100054a8:	2000      	movs	r0, #0
100054aa:	f001 fb29 	bl	10006b00 <tud_cdc_n_write_flush>
100054ae:	2000      	movs	r0, #0
100054b0:	f001 fac2 	bl	10006a38 <tud_cdc_n_connected>
100054b4:	2800      	cmp	r0, #0
100054b6:	d013      	beq.n	100054e0 <stdio_usb_out_chars+0xcc>
100054b8:	2000      	movs	r0, #0
100054ba:	f001 fb7d 	bl	10006bb8 <tud_cdc_n_write_available>
100054be:	2800      	cmp	r0, #0
100054c0:	d1e1      	bne.n	10005486 <stdio_usb_out_chars+0x72>
100054c2:	f7fc fe2d 	bl	10002120 <time_us_64>
100054c6:	464b      	mov	r3, r9
100054c8:	000f      	movs	r7, r1
100054ca:	cb0c      	ldmia	r3, {r2, r3}
100054cc:	2100      	movs	r1, #0
100054ce:	4684      	mov	ip, r0
100054d0:	480d      	ldr	r0, [pc, #52]	@ (10005508 <stdio_usb_out_chars+0xf4>)
100054d2:	1812      	adds	r2, r2, r0
100054d4:	414b      	adcs	r3, r1
100054d6:	429f      	cmp	r7, r3
100054d8:	d802      	bhi.n	100054e0 <stdio_usb_out_chars+0xcc>
100054da:	d1d4      	bne.n	10005486 <stdio_usb_out_chars+0x72>
100054dc:	4594      	cmp	ip, r2
100054de:	d9d2      	bls.n	10005486 <stdio_usb_out_chars+0x72>
100054e0:	4640      	mov	r0, r8
100054e2:	f002 f9e1 	bl	100078a8 <__mutex_exit_veneer>
100054e6:	e7ad      	b.n	10005444 <stdio_usb_out_chars+0x30>
100054e8:	2000      	movs	r0, #0
100054ea:	2100      	movs	r1, #0
100054ec:	4b05      	ldr	r3, [pc, #20]	@ (10005504 <stdio_usb_out_chars+0xf0>)
100054ee:	c303      	stmia	r3!, {r0, r1}
100054f0:	4640      	mov	r0, r8
100054f2:	f002 f9d9 	bl	100078a8 <__mutex_exit_veneer>
100054f6:	e7a5      	b.n	10005444 <stdio_usb_out_chars+0x30>
100054f8:	000f4240 	.word	0x000f4240
100054fc:	7fffffff 	.word	0x7fffffff
10005500:	20001c44 	.word	0x20001c44
10005504:	20001288 	.word	0x20001288
10005508:	0007a120 	.word	0x0007a120

1000550c <low_priority_worker_irq>:
1000550c:	b530      	push	{r4, r5, lr}
1000550e:	2100      	movs	r1, #0
10005510:	b085      	sub	sp, #20
10005512:	4828      	ldr	r0, [pc, #160]	@ (100055b4 <low_priority_worker_irq+0xa8>)
10005514:	f002 f998 	bl	10007848 <__mutex_try_enter_veneer>
10005518:	2800      	cmp	r0, #0
1000551a:	d11c      	bne.n	10005556 <low_priority_worker_irq+0x4a>
1000551c:	4b26      	ldr	r3, [pc, #152]	@ (100055b8 <low_priority_worker_irq+0xac>)
1000551e:	681a      	ldr	r2, [r3, #0]
10005520:	2a00      	cmp	r2, #0
10005522:	d016      	beq.n	10005552 <low_priority_worker_irq+0x46>
10005524:	f3ef 8110 	mrs	r1, PRIMASK
10005528:	b672      	cpsid	i
1000552a:	6810      	ldr	r0, [r2, #0]
1000552c:	2800      	cmp	r0, #0
1000552e:	d0fc      	beq.n	1000552a <low_priority_worker_irq+0x1e>
10005530:	f3bf 8f5f 	dmb	sy
10005534:	2401      	movs	r4, #1
10005536:	4821      	ldr	r0, [pc, #132]	@ (100055bc <low_priority_worker_irq+0xb0>)
10005538:	6059      	str	r1, [r3, #4]
1000553a:	7802      	ldrb	r2, [r0, #0]
1000553c:	681b      	ldr	r3, [r3, #0]
1000553e:	b2d2      	uxtb	r2, r2
10005540:	7004      	strb	r4, [r0, #0]
10005542:	f3bf 8f5f 	dmb	sy
10005546:	2000      	movs	r0, #0
10005548:	6018      	str	r0, [r3, #0]
1000554a:	f381 8810 	msr	PRIMASK, r1
1000554e:	2a00      	cmp	r2, #0
10005550:	d017      	beq.n	10005582 <low_priority_worker_irq+0x76>
10005552:	b005      	add	sp, #20
10005554:	bd30      	pop	{r4, r5, pc}
10005556:	2001      	movs	r0, #1
10005558:	2100      	movs	r1, #0
1000555a:	4240      	negs	r0, r0
1000555c:	f000 fc9c 	bl	10005e98 <tud_task_ext>
10005560:	2000      	movs	r0, #0
10005562:	f001 fa7f 	bl	10006a64 <tud_cdc_n_available>
10005566:	0005      	movs	r5, r0
10005568:	4812      	ldr	r0, [pc, #72]	@ (100055b4 <low_priority_worker_irq+0xa8>)
1000556a:	f002 f99d 	bl	100078a8 <__mutex_exit_veneer>
1000556e:	2d00      	cmp	r5, #0
10005570:	d0ef      	beq.n	10005552 <low_priority_worker_irq+0x46>
10005572:	4b13      	ldr	r3, [pc, #76]	@ (100055c0 <low_priority_worker_irq+0xb4>)
10005574:	681b      	ldr	r3, [r3, #0]
10005576:	2b00      	cmp	r3, #0
10005578:	d0eb      	beq.n	10005552 <low_priority_worker_irq+0x46>
1000557a:	4a12      	ldr	r2, [pc, #72]	@ (100055c4 <low_priority_worker_irq+0xb8>)
1000557c:	6810      	ldr	r0, [r2, #0]
1000557e:	4798      	blx	r3
10005580:	e7e7      	b.n	10005552 <low_priority_worker_irq+0x46>
10005582:	f7fc fb2d 	bl	10001be0 <alarm_pool_get_default>
10005586:	0004      	movs	r4, r0
10005588:	f7fc fdca 	bl	10002120 <time_us_64>
1000558c:	22fa      	movs	r2, #250	@ 0xfa
1000558e:	2300      	movs	r3, #0
10005590:	0092      	lsls	r2, r2, #2
10005592:	1812      	adds	r2, r2, r0
10005594:	414b      	adcs	r3, r1
10005596:	2b00      	cmp	r3, #0
10005598:	da02      	bge.n	100055a0 <low_priority_worker_irq+0x94>
1000559a:	2201      	movs	r2, #1
1000559c:	4b0a      	ldr	r3, [pc, #40]	@ (100055c8 <low_priority_worker_irq+0xbc>)
1000559e:	4252      	negs	r2, r2
100055a0:	2101      	movs	r1, #1
100055a2:	9102      	str	r1, [sp, #8]
100055a4:	2100      	movs	r1, #0
100055a6:	9101      	str	r1, [sp, #4]
100055a8:	4908      	ldr	r1, [pc, #32]	@ (100055cc <low_priority_worker_irq+0xc0>)
100055aa:	0020      	movs	r0, r4
100055ac:	9100      	str	r1, [sp, #0]
100055ae:	f7fc fb1b 	bl	10001be8 <alarm_pool_add_alarm_at>
100055b2:	e7ce      	b.n	10005552 <low_priority_worker_irq+0x46>
100055b4:	20001c44 	.word	0x20001c44
100055b8:	20001c18 	.word	0x20001c18
100055bc:	20001d33 	.word	0x20001d33
100055c0:	2000179c 	.word	0x2000179c
100055c4:	200017a0 	.word	0x200017a0
100055c8:	7fffffff 	.word	0x7fffffff
100055cc:	100052d9 	.word	0x100052d9

100055d0 <stdio_usb_init>:
100055d0:	23d0      	movs	r3, #208	@ 0xd0
100055d2:	b510      	push	{r4, lr}
100055d4:	061b      	lsls	r3, r3, #24
100055d6:	b084      	sub	sp, #16
100055d8:	681c      	ldr	r4, [r3, #0]
100055da:	f7fc fb01 	bl	10001be0 <alarm_pool_get_default>
100055de:	f7fc fc01 	bl	10001de4 <alarm_pool_core_num>
100055e2:	42a0      	cmp	r0, r4
100055e4:	d002      	beq.n	100055ec <stdio_usb_init+0x1c>
100055e6:	2000      	movs	r0, #0
100055e8:	b004      	add	sp, #16
100055ea:	bd10      	pop	{r4, pc}
100055ec:	4b28      	ldr	r3, [pc, #160]	@ (10005690 <stdio_usb_init+0xc0>)
100055ee:	2100      	movs	r1, #0
100055f0:	2000      	movs	r0, #0
100055f2:	781b      	ldrb	r3, [r3, #0]
100055f4:	f001 fca6 	bl	10006f44 <tusb_rhport_init>
100055f8:	4826      	ldr	r0, [pc, #152]	@ (10005694 <stdio_usb_init+0xc4>)
100055fa:	6803      	ldr	r3, [r0, #0]
100055fc:	2b00      	cmp	r3, #0
100055fe:	d044      	beq.n	1000568a <stdio_usb_init+0xba>
10005600:	2001      	movs	r0, #1
10005602:	f7fc f885 	bl	10001710 <user_irq_claim_unused>
10005606:	23ff      	movs	r3, #255	@ 0xff
10005608:	4c23      	ldr	r4, [pc, #140]	@ (10005698 <stdio_usb_init+0xc8>)
1000560a:	4924      	ldr	r1, [pc, #144]	@ (1000569c <stdio_usb_init+0xcc>)
1000560c:	7020      	strb	r0, [r4, #0]
1000560e:	4018      	ands	r0, r3
10005610:	f7fb ff12 	bl	10001438 <irq_set_exclusive_handler>
10005614:	7820      	ldrb	r0, [r4, #0]
10005616:	2101      	movs	r1, #1
10005618:	f7fb fed8 	bl	100013cc <irq_set_enabled>
1000561c:	2005      	movs	r0, #5
1000561e:	f7fb fefb 	bl	10001418 <irq_has_shared_handler>
10005622:	2800      	cmp	r0, #0
10005624:	d124      	bne.n	10005670 <stdio_usb_init+0xa0>
10005626:	2208      	movs	r2, #8
10005628:	2100      	movs	r1, #0
1000562a:	481d      	ldr	r0, [pc, #116]	@ (100056a0 <stdio_usb_init+0xd0>)
1000562c:	f7fe f856 	bl	100036dc <__wrap_memset>
10005630:	f7fc fad6 	bl	10001be0 <alarm_pool_get_default>
10005634:	0004      	movs	r4, r0
10005636:	f7fc fd73 	bl	10002120 <time_us_64>
1000563a:	22fa      	movs	r2, #250	@ 0xfa
1000563c:	2300      	movs	r3, #0
1000563e:	0092      	lsls	r2, r2, #2
10005640:	1812      	adds	r2, r2, r0
10005642:	414b      	adcs	r3, r1
10005644:	2b00      	cmp	r3, #0
10005646:	da02      	bge.n	1000564e <stdio_usb_init+0x7e>
10005648:	2201      	movs	r2, #1
1000564a:	4b16      	ldr	r3, [pc, #88]	@ (100056a4 <stdio_usb_init+0xd4>)
1000564c:	4252      	negs	r2, r2
1000564e:	2101      	movs	r1, #1
10005650:	9102      	str	r1, [sp, #8]
10005652:	2100      	movs	r1, #0
10005654:	9101      	str	r1, [sp, #4]
10005656:	4914      	ldr	r1, [pc, #80]	@ (100056a8 <stdio_usb_init+0xd8>)
10005658:	0020      	movs	r0, r4
1000565a:	9100      	str	r1, [sp, #0]
1000565c:	f7fc fac4 	bl	10001be8 <alarm_pool_add_alarm_at>
10005660:	2800      	cmp	r0, #0
10005662:	dbc0      	blt.n	100055e6 <stdio_usb_init+0x16>
10005664:	4811      	ldr	r0, [pc, #68]	@ (100056ac <stdio_usb_init+0xdc>)
10005666:	2101      	movs	r1, #1
10005668:	f7ff fd30 	bl	100050cc <stdio_set_driver_enabled>
1000566c:	2001      	movs	r0, #1
1000566e:	e7bb      	b.n	100055e8 <stdio_usb_init+0x18>
10005670:	2001      	movs	r0, #1
10005672:	f7fb fe69 	bl	10001348 <spin_lock_claim_unused>
10005676:	0001      	movs	r1, r0
10005678:	4809      	ldr	r0, [pc, #36]	@ (100056a0 <stdio_usb_init+0xd0>)
1000567a:	f7fc f8a9 	bl	100017d0 <critical_section_init_with_lock_num>
1000567e:	2200      	movs	r2, #0
10005680:	2005      	movs	r0, #5
10005682:	490b      	ldr	r1, [pc, #44]	@ (100056b0 <stdio_usb_init+0xe0>)
10005684:	f7fb ff02 	bl	1000148c <irq_add_shared_handler>
10005688:	e7ec      	b.n	10005664 <stdio_usb_init+0x94>
1000568a:	f7fc f885 	bl	10001798 <mutex_init>
1000568e:	e7b7      	b.n	10005600 <stdio_usb_init+0x30>
10005690:	10008060 	.word	0x10008060
10005694:	20001c44 	.word	0x20001c44
10005698:	20001d32 	.word	0x20001d32
1000569c:	1000550d 	.word	0x1000550d
100056a0:	20001c18 	.word	0x20001c18
100056a4:	7fffffff 	.word	0x7fffffff
100056a8:	100052d9 	.word	0x100052d9
100056ac:	20000ff0 	.word	0x20000ff0
100056b0:	100052c9 	.word	0x100052c9

100056b4 <tud_descriptor_device_cb>:
100056b4:	4800      	ldr	r0, [pc, #0]	@ (100056b8 <tud_descriptor_device_cb+0x4>)
100056b6:	4770      	bx	lr
100056b8:	10007e7c 	.word	0x10007e7c

100056bc <tud_descriptor_configuration_cb>:
100056bc:	4800      	ldr	r0, [pc, #0]	@ (100056c0 <tud_descriptor_configuration_cb+0x4>)
100056be:	4770      	bx	lr
100056c0:	10007e28 	.word	0x10007e28

100056c4 <tud_descriptor_string_cb>:
100056c4:	b510      	push	{r4, lr}
100056c6:	0004      	movs	r4, r0
100056c8:	4816      	ldr	r0, [pc, #88]	@ (10005724 <tud_descriptor_string_cb+0x60>)
100056ca:	7803      	ldrb	r3, [r0, #0]
100056cc:	2b00      	cmp	r3, #0
100056ce:	d020      	beq.n	10005712 <tud_descriptor_string_cb+0x4e>
100056d0:	2c00      	cmp	r4, #0
100056d2:	d106      	bne.n	100056e2 <tud_descriptor_string_cb+0x1e>
100056d4:	4b14      	ldr	r3, [pc, #80]	@ (10005728 <tud_descriptor_string_cb+0x64>)
100056d6:	4815      	ldr	r0, [pc, #84]	@ (1000572c <tud_descriptor_string_cb+0x68>)
100056d8:	8043      	strh	r3, [r0, #2]
100056da:	3b06      	subs	r3, #6
100056dc:	3bff      	subs	r3, #255	@ 0xff
100056de:	8003      	strh	r3, [r0, #0]
100056e0:	bd10      	pop	{r4, pc}
100056e2:	2c05      	cmp	r4, #5
100056e4:	d81c      	bhi.n	10005720 <tud_descriptor_string_cb+0x5c>
100056e6:	4b12      	ldr	r3, [pc, #72]	@ (10005730 <tud_descriptor_string_cb+0x6c>)
100056e8:	00a4      	lsls	r4, r4, #2
100056ea:	58e4      	ldr	r4, [r4, r3]
100056ec:	480f      	ldr	r0, [pc, #60]	@ (1000572c <tud_descriptor_string_cb+0x68>)
100056ee:	2301      	movs	r3, #1
100056f0:	1c81      	adds	r1, r0, #2
100056f2:	3c01      	subs	r4, #1
100056f4:	e004      	b.n	10005700 <tud_descriptor_string_cb+0x3c>
100056f6:	3301      	adds	r3, #1
100056f8:	800a      	strh	r2, [r1, #0]
100056fa:	3102      	adds	r1, #2
100056fc:	2b14      	cmp	r3, #20
100056fe:	d00c      	beq.n	1000571a <tud_descriptor_string_cb+0x56>
10005700:	5ce2      	ldrb	r2, [r4, r3]
10005702:	2a00      	cmp	r2, #0
10005704:	d1f7      	bne.n	100056f6 <tud_descriptor_string_cb+0x32>
10005706:	22c0      	movs	r2, #192	@ 0xc0
10005708:	b2db      	uxtb	r3, r3
1000570a:	005b      	lsls	r3, r3, #1
1000570c:	0092      	lsls	r2, r2, #2
1000570e:	4313      	orrs	r3, r2
10005710:	e7e5      	b.n	100056de <tud_descriptor_string_cb+0x1a>
10005712:	2111      	movs	r1, #17
10005714:	f000 f816 	bl	10005744 <pico_get_unique_board_id_string>
10005718:	e7da      	b.n	100056d0 <tud_descriptor_string_cb+0xc>
1000571a:	23ca      	movs	r3, #202	@ 0xca
1000571c:	009b      	lsls	r3, r3, #2
1000571e:	e7de      	b.n	100056de <tud_descriptor_string_cb+0x1a>
10005720:	2000      	movs	r0, #0
10005722:	e7dd      	b.n	100056e0 <tud_descriptor_string_cb+0x1c>
10005724:	20001c4c 	.word	0x20001c4c
10005728:	00000409 	.word	0x00000409
1000572c:	200017d4 	.word	0x200017d4
10005730:	10007e10 	.word	0x10007e10

10005734 <_retrieve_unique_id_on_boot>:
10005734:	b510      	push	{r4, lr}
10005736:	4802      	ldr	r0, [pc, #8]	@ (10005740 <_retrieve_unique_id_on_boot+0xc>)
10005738:	f000 f8f4 	bl	10005924 <flash_get_unique_id>
1000573c:	bd10      	pop	{r4, pc}
1000573e:	46c0      	nop			@ (mov r8, r8)
10005740:	20001c30 	.word	0x20001c30

10005744 <pico_get_unique_board_id_string>:
10005744:	b530      	push	{r4, r5, lr}
10005746:	2901      	cmp	r1, #1
10005748:	d100      	bne.n	1000574c <pico_get_unique_board_id_string+0x8>
1000574a:	e0bb      	b.n	100058c4 <pico_get_unique_board_id_string+0x180>
1000574c:	4b74      	ldr	r3, [pc, #464]	@ (10005920 <pico_get_unique_board_id_string+0x1dc>)
1000574e:	3901      	subs	r1, #1
10005750:	781a      	ldrb	r2, [r3, #0]
10005752:	1112      	asrs	r2, r2, #4
10005754:	0014      	movs	r4, r2
10005756:	3430      	adds	r4, #48	@ 0x30
10005758:	2a09      	cmp	r2, #9
1000575a:	dd00      	ble.n	1000575e <pico_get_unique_board_id_string+0x1a>
1000575c:	e0b5      	b.n	100058ca <pico_get_unique_board_id_string+0x186>
1000575e:	7004      	strb	r4, [r0, #0]
10005760:	2901      	cmp	r1, #1
10005762:	d100      	bne.n	10005766 <pico_get_unique_board_id_string+0x22>
10005764:	e0da      	b.n	1000591c <pico_get_unique_board_id_string+0x1d8>
10005766:	220f      	movs	r2, #15
10005768:	781c      	ldrb	r4, [r3, #0]
1000576a:	4022      	ands	r2, r4
1000576c:	0014      	movs	r4, r2
1000576e:	3430      	adds	r4, #48	@ 0x30
10005770:	2a09      	cmp	r2, #9
10005772:	d900      	bls.n	10005776 <pico_get_unique_board_id_string+0x32>
10005774:	e0ac      	b.n	100058d0 <pico_get_unique_board_id_string+0x18c>
10005776:	7044      	strb	r4, [r0, #1]
10005778:	2902      	cmp	r1, #2
1000577a:	d100      	bne.n	1000577e <pico_get_unique_board_id_string+0x3a>
1000577c:	e0ce      	b.n	1000591c <pico_get_unique_board_id_string+0x1d8>
1000577e:	785a      	ldrb	r2, [r3, #1]
10005780:	4694      	mov	ip, r2
10005782:	1112      	asrs	r2, r2, #4
10005784:	0014      	movs	r4, r2
10005786:	3430      	adds	r4, #48	@ 0x30
10005788:	2a09      	cmp	r2, #9
1000578a:	dd00      	ble.n	1000578e <pico_get_unique_board_id_string+0x4a>
1000578c:	e0a3      	b.n	100058d6 <pico_get_unique_board_id_string+0x192>
1000578e:	7084      	strb	r4, [r0, #2]
10005790:	2903      	cmp	r1, #3
10005792:	d100      	bne.n	10005796 <pico_get_unique_board_id_string+0x52>
10005794:	e0c2      	b.n	1000591c <pico_get_unique_board_id_string+0x1d8>
10005796:	4664      	mov	r4, ip
10005798:	220f      	movs	r2, #15
1000579a:	4022      	ands	r2, r4
1000579c:	0014      	movs	r4, r2
1000579e:	3430      	adds	r4, #48	@ 0x30
100057a0:	2a09      	cmp	r2, #9
100057a2:	d900      	bls.n	100057a6 <pico_get_unique_board_id_string+0x62>
100057a4:	e09a      	b.n	100058dc <pico_get_unique_board_id_string+0x198>
100057a6:	70c4      	strb	r4, [r0, #3]
100057a8:	2904      	cmp	r1, #4
100057aa:	d100      	bne.n	100057ae <pico_get_unique_board_id_string+0x6a>
100057ac:	e0b6      	b.n	1000591c <pico_get_unique_board_id_string+0x1d8>
100057ae:	789a      	ldrb	r2, [r3, #2]
100057b0:	4694      	mov	ip, r2
100057b2:	1112      	asrs	r2, r2, #4
100057b4:	0014      	movs	r4, r2
100057b6:	3430      	adds	r4, #48	@ 0x30
100057b8:	2a09      	cmp	r2, #9
100057ba:	dd00      	ble.n	100057be <pico_get_unique_board_id_string+0x7a>
100057bc:	e091      	b.n	100058e2 <pico_get_unique_board_id_string+0x19e>
100057be:	7104      	strb	r4, [r0, #4]
100057c0:	2905      	cmp	r1, #5
100057c2:	d100      	bne.n	100057c6 <pico_get_unique_board_id_string+0x82>
100057c4:	e0aa      	b.n	1000591c <pico_get_unique_board_id_string+0x1d8>
100057c6:	4664      	mov	r4, ip
100057c8:	220f      	movs	r2, #15
100057ca:	4022      	ands	r2, r4
100057cc:	0014      	movs	r4, r2
100057ce:	3430      	adds	r4, #48	@ 0x30
100057d0:	2a09      	cmp	r2, #9
100057d2:	d900      	bls.n	100057d6 <pico_get_unique_board_id_string+0x92>
100057d4:	e088      	b.n	100058e8 <pico_get_unique_board_id_string+0x1a4>
100057d6:	7144      	strb	r4, [r0, #5]
100057d8:	2906      	cmp	r1, #6
100057da:	d100      	bne.n	100057de <pico_get_unique_board_id_string+0x9a>
100057dc:	e09e      	b.n	1000591c <pico_get_unique_board_id_string+0x1d8>
100057de:	2530      	movs	r5, #48	@ 0x30
100057e0:	46ac      	mov	ip, r5
100057e2:	78dc      	ldrb	r4, [r3, #3]
100057e4:	1122      	asrs	r2, r4, #4
100057e6:	4494      	add	ip, r2
100057e8:	2a09      	cmp	r2, #9
100057ea:	dd00      	ble.n	100057ee <pico_get_unique_board_id_string+0xaa>
100057ec:	e07f      	b.n	100058ee <pico_get_unique_board_id_string+0x1aa>
100057ee:	4662      	mov	r2, ip
100057f0:	7182      	strb	r2, [r0, #6]
100057f2:	2907      	cmp	r1, #7
100057f4:	d100      	bne.n	100057f8 <pico_get_unique_board_id_string+0xb4>
100057f6:	e091      	b.n	1000591c <pico_get_unique_board_id_string+0x1d8>
100057f8:	220f      	movs	r2, #15
100057fa:	4022      	ands	r2, r4
100057fc:	0014      	movs	r4, r2
100057fe:	3430      	adds	r4, #48	@ 0x30
10005800:	2a09      	cmp	r2, #9
10005802:	d900      	bls.n	10005806 <pico_get_unique_board_id_string+0xc2>
10005804:	e077      	b.n	100058f6 <pico_get_unique_board_id_string+0x1b2>
10005806:	71c4      	strb	r4, [r0, #7]
10005808:	2908      	cmp	r1, #8
1000580a:	d100      	bne.n	1000580e <pico_get_unique_board_id_string+0xca>
1000580c:	e086      	b.n	1000591c <pico_get_unique_board_id_string+0x1d8>
1000580e:	2530      	movs	r5, #48	@ 0x30
10005810:	46ac      	mov	ip, r5
10005812:	791c      	ldrb	r4, [r3, #4]
10005814:	1122      	asrs	r2, r4, #4
10005816:	4494      	add	ip, r2
10005818:	2a09      	cmp	r2, #9
1000581a:	dd00      	ble.n	1000581e <pico_get_unique_board_id_string+0xda>
1000581c:	e06e      	b.n	100058fc <pico_get_unique_board_id_string+0x1b8>
1000581e:	4662      	mov	r2, ip
10005820:	7202      	strb	r2, [r0, #8]
10005822:	2909      	cmp	r1, #9
10005824:	d100      	bne.n	10005828 <pico_get_unique_board_id_string+0xe4>
10005826:	e079      	b.n	1000591c <pico_get_unique_board_id_string+0x1d8>
10005828:	220f      	movs	r2, #15
1000582a:	4022      	ands	r2, r4
1000582c:	0014      	movs	r4, r2
1000582e:	3430      	adds	r4, #48	@ 0x30
10005830:	2a09      	cmp	r2, #9
10005832:	d867      	bhi.n	10005904 <pico_get_unique_board_id_string+0x1c0>
10005834:	7244      	strb	r4, [r0, #9]
10005836:	290a      	cmp	r1, #10
10005838:	d100      	bne.n	1000583c <pico_get_unique_board_id_string+0xf8>
1000583a:	e06f      	b.n	1000591c <pico_get_unique_board_id_string+0x1d8>
1000583c:	2530      	movs	r5, #48	@ 0x30
1000583e:	46ac      	mov	ip, r5
10005840:	795c      	ldrb	r4, [r3, #5]
10005842:	1122      	asrs	r2, r4, #4
10005844:	4494      	add	ip, r2
10005846:	2a09      	cmp	r2, #9
10005848:	dc5f      	bgt.n	1000590a <pico_get_unique_board_id_string+0x1c6>
1000584a:	4662      	mov	r2, ip
1000584c:	7282      	strb	r2, [r0, #10]
1000584e:	290b      	cmp	r1, #11
10005850:	d064      	beq.n	1000591c <pico_get_unique_board_id_string+0x1d8>
10005852:	220f      	movs	r2, #15
10005854:	4022      	ands	r2, r4
10005856:	0014      	movs	r4, r2
10005858:	3430      	adds	r4, #48	@ 0x30
1000585a:	2a09      	cmp	r2, #9
1000585c:	d859      	bhi.n	10005912 <pico_get_unique_board_id_string+0x1ce>
1000585e:	72c4      	strb	r4, [r0, #11]
10005860:	290c      	cmp	r1, #12
10005862:	d05b      	beq.n	1000591c <pico_get_unique_board_id_string+0x1d8>
10005864:	2530      	movs	r5, #48	@ 0x30
10005866:	46ac      	mov	ip, r5
10005868:	799c      	ldrb	r4, [r3, #6]
1000586a:	1122      	asrs	r2, r4, #4
1000586c:	4494      	add	ip, r2
1000586e:	2a09      	cmp	r2, #9
10005870:	dd02      	ble.n	10005878 <pico_get_unique_board_id_string+0x134>
10005872:	3507      	adds	r5, #7
10005874:	46ac      	mov	ip, r5
10005876:	4494      	add	ip, r2
10005878:	4662      	mov	r2, ip
1000587a:	7302      	strb	r2, [r0, #12]
1000587c:	290d      	cmp	r1, #13
1000587e:	d04d      	beq.n	1000591c <pico_get_unique_board_id_string+0x1d8>
10005880:	220f      	movs	r2, #15
10005882:	4022      	ands	r2, r4
10005884:	0014      	movs	r4, r2
10005886:	3430      	adds	r4, #48	@ 0x30
10005888:	2a09      	cmp	r2, #9
1000588a:	d901      	bls.n	10005890 <pico_get_unique_board_id_string+0x14c>
1000588c:	3237      	adds	r2, #55	@ 0x37
1000588e:	0014      	movs	r4, r2
10005890:	7344      	strb	r4, [r0, #13]
10005892:	290e      	cmp	r1, #14
10005894:	d042      	beq.n	1000591c <pico_get_unique_board_id_string+0x1d8>
10005896:	79da      	ldrb	r2, [r3, #7]
10005898:	1113      	asrs	r3, r2, #4
1000589a:	001c      	movs	r4, r3
1000589c:	3430      	adds	r4, #48	@ 0x30
1000589e:	2b09      	cmp	r3, #9
100058a0:	dd01      	ble.n	100058a6 <pico_get_unique_board_id_string+0x162>
100058a2:	3337      	adds	r3, #55	@ 0x37
100058a4:	001c      	movs	r4, r3
100058a6:	7384      	strb	r4, [r0, #14]
100058a8:	290f      	cmp	r1, #15
100058aa:	d037      	beq.n	1000591c <pico_get_unique_board_id_string+0x1d8>
100058ac:	230f      	movs	r3, #15
100058ae:	4013      	ands	r3, r2
100058b0:	001a      	movs	r2, r3
100058b2:	3237      	adds	r2, #55	@ 0x37
100058b4:	2b09      	cmp	r3, #9
100058b6:	d801      	bhi.n	100058bc <pico_get_unique_board_id_string+0x178>
100058b8:	3330      	adds	r3, #48	@ 0x30
100058ba:	001a      	movs	r2, r3
100058bc:	73c2      	strb	r2, [r0, #15]
100058be:	2910      	cmp	r1, #16
100058c0:	d02c      	beq.n	1000591c <pico_get_unique_board_id_string+0x1d8>
100058c2:	3010      	adds	r0, #16
100058c4:	2300      	movs	r3, #0
100058c6:	7003      	strb	r3, [r0, #0]
100058c8:	bd30      	pop	{r4, r5, pc}
100058ca:	3237      	adds	r2, #55	@ 0x37
100058cc:	0014      	movs	r4, r2
100058ce:	e746      	b.n	1000575e <pico_get_unique_board_id_string+0x1a>
100058d0:	3237      	adds	r2, #55	@ 0x37
100058d2:	0014      	movs	r4, r2
100058d4:	e74f      	b.n	10005776 <pico_get_unique_board_id_string+0x32>
100058d6:	3237      	adds	r2, #55	@ 0x37
100058d8:	0014      	movs	r4, r2
100058da:	e758      	b.n	1000578e <pico_get_unique_board_id_string+0x4a>
100058dc:	3237      	adds	r2, #55	@ 0x37
100058de:	0014      	movs	r4, r2
100058e0:	e761      	b.n	100057a6 <pico_get_unique_board_id_string+0x62>
100058e2:	3237      	adds	r2, #55	@ 0x37
100058e4:	0014      	movs	r4, r2
100058e6:	e76a      	b.n	100057be <pico_get_unique_board_id_string+0x7a>
100058e8:	3237      	adds	r2, #55	@ 0x37
100058ea:	0014      	movs	r4, r2
100058ec:	e773      	b.n	100057d6 <pico_get_unique_board_id_string+0x92>
100058ee:	3507      	adds	r5, #7
100058f0:	46ac      	mov	ip, r5
100058f2:	4494      	add	ip, r2
100058f4:	e77b      	b.n	100057ee <pico_get_unique_board_id_string+0xaa>
100058f6:	3237      	adds	r2, #55	@ 0x37
100058f8:	0014      	movs	r4, r2
100058fa:	e784      	b.n	10005806 <pico_get_unique_board_id_string+0xc2>
100058fc:	3507      	adds	r5, #7
100058fe:	46ac      	mov	ip, r5
10005900:	4494      	add	ip, r2
10005902:	e78c      	b.n	1000581e <pico_get_unique_board_id_string+0xda>
10005904:	3237      	adds	r2, #55	@ 0x37
10005906:	0014      	movs	r4, r2
10005908:	e794      	b.n	10005834 <pico_get_unique_board_id_string+0xf0>
1000590a:	3507      	adds	r5, #7
1000590c:	46ac      	mov	ip, r5
1000590e:	4494      	add	ip, r2
10005910:	e79b      	b.n	1000584a <pico_get_unique_board_id_string+0x106>
10005912:	3237      	adds	r2, #55	@ 0x37
10005914:	0014      	movs	r4, r2
10005916:	72c4      	strb	r4, [r0, #11]
10005918:	290c      	cmp	r1, #12
1000591a:	d1a3      	bne.n	10005864 <pico_get_unique_board_id_string+0x120>
1000591c:	1840      	adds	r0, r0, r1
1000591e:	e7d1      	b.n	100058c4 <pico_get_unique_board_id_string+0x180>
10005920:	20001c30 	.word	0x20001c30

10005924 <flash_get_unique_id>:
10005924:	b510      	push	{r4, lr}
10005926:	b088      	sub	sp, #32
10005928:	0004      	movs	r4, r0
1000592a:	220d      	movs	r2, #13
1000592c:	2100      	movs	r1, #0
1000592e:	4668      	mov	r0, sp
10005930:	f7fd fed4 	bl	100036dc <__wrap_memset>
10005934:	220d      	movs	r2, #13
10005936:	2100      	movs	r1, #0
10005938:	a804      	add	r0, sp, #16
1000593a:	f7fd fecf 	bl	100036dc <__wrap_memset>
1000593e:	466a      	mov	r2, sp
10005940:	234b      	movs	r3, #75	@ 0x4b
10005942:	4668      	mov	r0, sp
10005944:	7013      	strb	r3, [r2, #0]
10005946:	a904      	add	r1, sp, #16
10005948:	2300      	movs	r3, #0
1000594a:	220d      	movs	r2, #13
1000594c:	f001 ff9c 	bl	10007888 <__flash_do_cmd_cs_veneer>
10005950:	2115      	movs	r1, #21
10005952:	2208      	movs	r2, #8
10005954:	0020      	movs	r0, r4
10005956:	4469      	add	r1, sp
10005958:	f7fd fec6 	bl	100036e8 <__wrap___aeabi_memcpy>
1000595c:	b008      	add	sp, #32
1000595e:	bd10      	pop	{r4, pc}

10005960 <usb_reset_interface_init>:
10005960:	4770      	bx	lr
10005962:	46c0      	nop			@ (mov r8, r8)

10005964 <usb_reset_interface_reset>:
10005964:	2200      	movs	r2, #0
10005966:	4b01      	ldr	r3, [pc, #4]	@ (1000596c <usb_reset_interface_reset+0x8>)
10005968:	701a      	strb	r2, [r3, #0]
1000596a:	4770      	bx	lr
1000596c:	20001d30 	.word	0x20001d30

10005970 <usb_reset_interface_open>:
10005970:	794b      	ldrb	r3, [r1, #5]
10005972:	2000      	movs	r0, #0
10005974:	2bff      	cmp	r3, #255	@ 0xff
10005976:	d10b      	bne.n	10005990 <usb_reset_interface_open+0x20>
10005978:	798b      	ldrb	r3, [r1, #6]
1000597a:	2b00      	cmp	r3, #0
1000597c:	d108      	bne.n	10005990 <usb_reset_interface_open+0x20>
1000597e:	79cb      	ldrb	r3, [r1, #7]
10005980:	2b01      	cmp	r3, #1
10005982:	d105      	bne.n	10005990 <usb_reset_interface_open+0x20>
10005984:	2a08      	cmp	r2, #8
10005986:	d903      	bls.n	10005990 <usb_reset_interface_open+0x20>
10005988:	4b02      	ldr	r3, [pc, #8]	@ (10005994 <usb_reset_interface_open+0x24>)
1000598a:	788a      	ldrb	r2, [r1, #2]
1000598c:	3009      	adds	r0, #9
1000598e:	701a      	strb	r2, [r3, #0]
10005990:	4770      	bx	lr
10005992:	46c0      	nop			@ (mov r8, r8)
10005994:	20001d30 	.word	0x20001d30

10005998 <usb_reset_interface_xfer_cb>:
10005998:	2001      	movs	r0, #1
1000599a:	4770      	bx	lr

1000599c <usb_reset_interface_control_xfer_cb>:
1000599c:	b510      	push	{r4, lr}
1000599e:	2901      	cmp	r1, #1
100059a0:	d113      	bne.n	100059ca <usb_reset_interface_control_xfer_cb+0x2e>
100059a2:	4915      	ldr	r1, [pc, #84]	@ (100059f8 <usb_reset_interface_control_xfer_cb+0x5c>)
100059a4:	7953      	ldrb	r3, [r2, #5]
100059a6:	7910      	ldrb	r0, [r2, #4]
100059a8:	7809      	ldrb	r1, [r1, #0]
100059aa:	021b      	lsls	r3, r3, #8
100059ac:	4303      	orrs	r3, r0
100059ae:	2000      	movs	r0, #0
100059b0:	4299      	cmp	r1, r3
100059b2:	d000      	beq.n	100059b6 <usb_reset_interface_control_xfer_cb+0x1a>
100059b4:	bd10      	pop	{r4, pc}
100059b6:	7853      	ldrb	r3, [r2, #1]
100059b8:	2b01      	cmp	r3, #1
100059ba:	d008      	beq.n	100059ce <usb_reset_interface_control_xfer_cb+0x32>
100059bc:	2b02      	cmp	r3, #2
100059be:	d1f9      	bne.n	100059b4 <usb_reset_interface_control_xfer_cb+0x18>
100059c0:	2264      	movs	r2, #100	@ 0x64
100059c2:	2100      	movs	r1, #0
100059c4:	2000      	movs	r0, #0
100059c6:	f7fc fd57 	bl	10002478 <watchdog_reboot>
100059ca:	2001      	movs	r0, #1
100059cc:	e7f2      	b.n	100059b4 <usb_reset_interface_control_xfer_cb+0x18>
100059ce:	78d1      	ldrb	r1, [r2, #3]
100059d0:	7893      	ldrb	r3, [r2, #2]
100059d2:	0209      	lsls	r1, r1, #8
100059d4:	4319      	orrs	r1, r3
100059d6:	2380      	movs	r3, #128	@ 0x80
100059d8:	000a      	movs	r2, r1
100059da:	005b      	lsls	r3, r3, #1
100059dc:	401a      	ands	r2, r3
100059de:	4219      	tst	r1, r3
100059e0:	d006      	beq.n	100059f0 <usb_reset_interface_control_xfer_cb+0x54>
100059e2:	060a      	lsls	r2, r1, #24
100059e4:	0fd2      	lsrs	r2, r2, #31
100059e6:	0a48      	lsrs	r0, r1, #9
100059e8:	2303      	movs	r3, #3
100059ea:	4019      	ands	r1, r3
100059ec:	f7fc fdcc 	bl	10002588 <rom_reset_usb_boot_extra>
100059f0:	2001      	movs	r0, #1
100059f2:	4240      	negs	r0, r0
100059f4:	e7f8      	b.n	100059e8 <usb_reset_interface_control_xfer_cb+0x4c>
100059f6:	46c0      	nop			@ (mov r8, r8)
100059f8:	20001d30 	.word	0x20001d30

100059fc <tud_descriptor_bos_cb>:
100059fc:	4800      	ldr	r0, [pc, #0]	@ (10005a00 <tud_descriptor_bos_cb+0x4>)
100059fe:	4770      	bx	lr
10005a00:	10007f38 	.word	0x10007f38

10005a04 <tud_vendor_control_xfer_cb>:
10005a04:	4694      	mov	ip, r2
10005a06:	2301      	movs	r3, #1
10005a08:	b510      	push	{r4, lr}
10005a0a:	2901      	cmp	r1, #1
10005a0c:	d10a      	bne.n	10005a24 <tud_vendor_control_xfer_cb+0x20>
10005a0e:	7852      	ldrb	r2, [r2, #1]
10005a10:	2300      	movs	r3, #0
10005a12:	2a01      	cmp	r2, #1
10005a14:	d106      	bne.n	10005a24 <tud_vendor_control_xfer_cb+0x20>
10005a16:	4662      	mov	r2, ip
10005a18:	7911      	ldrb	r1, [r2, #4]
10005a1a:	7952      	ldrb	r2, [r2, #5]
10005a1c:	0212      	lsls	r2, r2, #8
10005a1e:	430a      	orrs	r2, r1
10005a20:	2a07      	cmp	r2, #7
10005a22:	d001      	beq.n	10005a28 <tud_vendor_control_xfer_cb+0x24>
10005a24:	0018      	movs	r0, r3
10005a26:	bd10      	pop	{r4, pc}
10005a28:	33a6      	adds	r3, #166	@ 0xa6
10005a2a:	4661      	mov	r1, ip
10005a2c:	4a02      	ldr	r2, [pc, #8]	@ (10005a38 <tud_vendor_control_xfer_cb+0x34>)
10005a2e:	f000 feeb 	bl	10006808 <tud_control_xfer>
10005a32:	0003      	movs	r3, r0
10005a34:	e7f6      	b.n	10005a24 <tud_vendor_control_xfer_cb+0x20>
10005a36:	46c0      	nop			@ (mov r8, r8)
10005a38:	10007e90 	.word	0x10007e90

10005a3c <usbd_app_driver_get_cb>:
10005a3c:	2301      	movs	r3, #1
10005a3e:	7003      	strb	r3, [r0, #0]
10005a40:	4800      	ldr	r0, [pc, #0]	@ (10005a44 <usbd_app_driver_get_cb+0x8>)
10005a42:	4770      	bx	lr
10005a44:	10007f5c 	.word	0x10007f5c

10005a48 <tud_cdc_line_coding_cb>:
10005a48:	784b      	ldrb	r3, [r1, #1]
10005a4a:	780a      	ldrb	r2, [r1, #0]
10005a4c:	021b      	lsls	r3, r3, #8
10005a4e:	4313      	orrs	r3, r2
10005a50:	788a      	ldrb	r2, [r1, #2]
10005a52:	b510      	push	{r4, lr}
10005a54:	0412      	lsls	r2, r2, #16
10005a56:	431a      	orrs	r2, r3
10005a58:	78cb      	ldrb	r3, [r1, #3]
10005a5a:	061b      	lsls	r3, r3, #24
10005a5c:	4313      	orrs	r3, r2
10005a5e:	2296      	movs	r2, #150	@ 0x96
10005a60:	00d2      	lsls	r2, r2, #3
10005a62:	4293      	cmp	r3, r2
10005a64:	d000      	beq.n	10005a68 <tud_cdc_line_coding_cb+0x20>
10005a66:	bd10      	pop	{r4, pc}
10005a68:	2200      	movs	r2, #0
10005a6a:	2001      	movs	r0, #1
10005a6c:	0011      	movs	r1, r2
10005a6e:	4240      	negs	r0, r0
10005a70:	f7fc fd8a 	bl	10002588 <rom_reset_usb_boot_extra>

10005a74 <dcd_init>:
10005a74:	b5f8      	push	{r3, r4, r5, r6, r7, lr}
10005a76:	f000 f93b 	bl	10005cf0 <rp2040_usb_init>
10005a7a:	230c      	movs	r3, #12
10005a7c:	4d19      	ldr	r5, [pc, #100]	@ (10005ae4 <dcd_init+0x70>)
10005a7e:	22ff      	movs	r2, #255	@ 0xff
10005a80:	67ab      	str	r3, [r5, #120]	@ 0x78
10005a82:	2005      	movs	r0, #5
10005a84:	4918      	ldr	r1, [pc, #96]	@ (10005ae8 <dcd_init+0x74>)
10005a86:	f7fb fd01 	bl	1000148c <irq_add_shared_handler>
10005a8a:	4c18      	ldr	r4, [pc, #96]	@ (10005aec <dcd_init+0x78>)
10005a8c:	2240      	movs	r2, #64	@ 0x40
10005a8e:	2100      	movs	r1, #0
10005a90:	0020      	movs	r0, r4
10005a92:	f7fd fe23 	bl	100036dc <__wrap_memset>
10005a96:	2740      	movs	r7, #64	@ 0x40
10005a98:	2300      	movs	r3, #0
10005a9a:	2601      	movs	r6, #1
10005a9c:	2121      	movs	r1, #33	@ 0x21
10005a9e:	4a14      	ldr	r2, [pc, #80]	@ (10005af0 <dcd_init+0x7c>)
10005aa0:	7066      	strb	r6, [r4, #1]
10005aa2:	8327      	strh	r7, [r4, #24]
10005aa4:	60a2      	str	r2, [r4, #8]
10005aa6:	6013      	str	r3, [r2, #0]
10005aa8:	5463      	strb	r3, [r4, r1]
10005aaa:	315f      	adds	r1, #95	@ 0x5f
10005aac:	8461      	strh	r1, [r4, #34]	@ 0x22
10005aae:	3945      	subs	r1, #69	@ 0x45
10005ab0:	5463      	strb	r3, [r4, r1]
10005ab2:	4a10      	ldr	r2, [pc, #64]	@ (10005af4 <dcd_init+0x80>)
10005ab4:	4910      	ldr	r1, [pc, #64]	@ (10005af8 <dcd_init+0x84>)
10005ab6:	6063      	str	r3, [r4, #4]
10005ab8:	60e2      	str	r2, [r4, #12]
10005aba:	8727      	strh	r7, [r4, #56]	@ 0x38
10005abc:	62a1      	str	r1, [r4, #40]	@ 0x28
10005abe:	600b      	str	r3, [r1, #0]
10005ac0:	6263      	str	r3, [r4, #36]	@ 0x24
10005ac2:	62e2      	str	r2, [r4, #44]	@ 0x2c
10005ac4:	f001 ff00 	bl	100078c8 <__reset_non_control_endpoints_veneer>
10005ac8:	2380      	movs	r3, #128	@ 0x80
10005aca:	059b      	lsls	r3, r3, #22
10005acc:	642e      	str	r6, [r5, #64]	@ 0x40
10005ace:	64eb      	str	r3, [r5, #76]	@ 0x4c
10005ad0:	2390      	movs	r3, #144	@ 0x90
10005ad2:	4a0a      	ldr	r2, [pc, #40]	@ (10005afc <dcd_init+0x88>)
10005ad4:	2001      	movs	r0, #1
10005ad6:	50ea      	str	r2, [r5, r3]
10005ad8:	2280      	movs	r2, #128	@ 0x80
10005ada:	4b09      	ldr	r3, [pc, #36]	@ (10005b00 <dcd_init+0x8c>)
10005adc:	0252      	lsls	r2, r2, #9
10005ade:	64da      	str	r2, [r3, #76]	@ 0x4c
10005ae0:	bdf8      	pop	{r3, r4, r5, r6, r7, pc}
10005ae2:	46c0      	nop			@ (mov r8, r8)
10005ae4:	50110000 	.word	0x50110000
10005ae8:	200004c1 	.word	0x200004c1
10005aec:	20001808 	.word	0x20001808
10005af0:	50100084 	.word	0x50100084
10005af4:	50100100 	.word	0x50100100
10005af8:	50100080 	.word	0x50100080
10005afc:	0001d010 	.word	0x0001d010
10005b00:	50112000 	.word	0x50112000

10005b04 <dcd_int_enable>:
10005b04:	b510      	push	{r4, lr}
10005b06:	2101      	movs	r1, #1
10005b08:	2005      	movs	r0, #5
10005b0a:	f7fb fc5f 	bl	100013cc <irq_set_enabled>
10005b0e:	bd10      	pop	{r4, pc}

10005b10 <dcd_set_address>:
10005b10:	b510      	push	{r4, lr}
10005b12:	2200      	movs	r2, #0
10005b14:	2100      	movs	r1, #0
10005b16:	4802      	ldr	r0, [pc, #8]	@ (10005b20 <dcd_set_address+0x10>)
10005b18:	f000 f90a 	bl	10005d30 <hw_endpoint_xfer_start>
10005b1c:	bd10      	pop	{r4, pc}
10005b1e:	46c0      	nop			@ (mov r8, r8)
10005b20:	20001828 	.word	0x20001828

10005b24 <dcd_sof_enable>:
10005b24:	4b04      	ldr	r3, [pc, #16]	@ (10005b38 <dcd_sof_enable+0x14>)
10005b26:	7019      	strb	r1, [r3, #0]
10005b28:	2900      	cmp	r1, #0
10005b2a:	d004      	beq.n	10005b36 <dcd_sof_enable+0x12>
10005b2c:	2180      	movs	r1, #128	@ 0x80
10005b2e:	2390      	movs	r3, #144	@ 0x90
10005b30:	4a02      	ldr	r2, [pc, #8]	@ (10005b3c <dcd_sof_enable+0x18>)
10005b32:	0289      	lsls	r1, r1, #10
10005b34:	50d1      	str	r1, [r2, r3]
10005b36:	4770      	bx	lr
10005b38:	20001d29 	.word	0x20001d29
10005b3c:	50112000 	.word	0x50112000

10005b40 <dcd_edpt0_status_complete>:
10005b40:	780b      	ldrb	r3, [r1, #0]
10005b42:	065b      	lsls	r3, r3, #25
10005b44:	d000      	beq.n	10005b48 <dcd_edpt0_status_complete+0x8>
10005b46:	4770      	bx	lr
10005b48:	784b      	ldrb	r3, [r1, #1]
10005b4a:	2b05      	cmp	r3, #5
10005b4c:	d1fb      	bne.n	10005b46 <dcd_edpt0_status_complete+0x6>
10005b4e:	788a      	ldrb	r2, [r1, #2]
10005b50:	4b01      	ldr	r3, [pc, #4]	@ (10005b58 <dcd_edpt0_status_complete+0x18>)
10005b52:	601a      	str	r2, [r3, #0]
10005b54:	e7f7      	b.n	10005b46 <dcd_edpt0_status_complete+0x6>
10005b56:	46c0      	nop			@ (mov r8, r8)
10005b58:	50110000 	.word	0x50110000

10005b5c <dcd_edpt_open>:
10005b5c:	b5f8      	push	{r3, r4, r5, r6, r7, lr}
10005b5e:	46ce      	mov	lr, r9
10005b60:	4647      	mov	r7, r8
10005b62:	78cb      	ldrb	r3, [r1, #3]
10005b64:	b580      	push	{r7, lr}
10005b66:	079b      	lsls	r3, r3, #30
10005b68:	0f9a      	lsrs	r2, r3, #30
10005b6a:	0010      	movs	r0, r2
10005b6c:	2a01      	cmp	r2, #1
10005b6e:	d058      	beq.n	10005c22 <dcd_edpt_open+0xc6>
10005b70:	788c      	ldrb	r4, [r1, #2]
10005b72:	790a      	ldrb	r2, [r1, #4]
10005b74:	794b      	ldrb	r3, [r1, #5]
10005b76:	217f      	movs	r1, #127	@ 0x7f
10005b78:	021b      	lsls	r3, r3, #8
10005b7a:	4021      	ands	r1, r4
10005b7c:	09e5      	lsrs	r5, r4, #7
10005b7e:	4313      	orrs	r3, r2
10005b80:	004a      	lsls	r2, r1, #1
10005b82:	4691      	mov	r9, r2
10005b84:	4e2c      	ldr	r6, [pc, #176]	@ (10005c38 <dcd_edpt_open+0xdc>)
10005b86:	1952      	adds	r2, r2, r5
10005b88:	0152      	lsls	r2, r2, #5
10005b8a:	18b2      	adds	r2, r6, r2
10005b8c:	7094      	strb	r4, [r2, #2]
10005b8e:	2401      	movs	r4, #1
10005b90:	406c      	eors	r4, r5
10005b92:	7054      	strb	r4, [r2, #1]
10005b94:	2400      	movs	r4, #0
10005b96:	055b      	lsls	r3, r3, #21
10005b98:	0d5b      	lsrs	r3, r3, #21
10005b9a:	70d4      	strb	r4, [r2, #3]
10005b9c:	8313      	strh	r3, [r2, #24]
10005b9e:	76d0      	strb	r0, [r2, #27]
10005ba0:	00ca      	lsls	r2, r1, #3
10005ba2:	2d01      	cmp	r5, #1
10005ba4:	d02c      	beq.n	10005c00 <dcd_edpt_open+0xa4>
10005ba6:	4f25      	ldr	r7, [pc, #148]	@ (10005c3c <dcd_edpt_open+0xe0>)
10005ba8:	19d2      	adds	r2, r2, r7
10005baa:	018f      	lsls	r7, r1, #6
10005bac:	46bc      	mov	ip, r7
10005bae:	44b4      	add	ip, r6
10005bb0:	4667      	mov	r7, ip
10005bb2:	60ba      	str	r2, [r7, #8]
10005bb4:	6014      	str	r4, [r2, #0]
10005bb6:	2900      	cmp	r1, #0
10005bb8:	d02c      	beq.n	10005c14 <dcd_edpt_open+0xb8>
10005bba:	4a21      	ldr	r2, [pc, #132]	@ (10005c40 <dcd_edpt_open+0xe4>)
10005bbc:	00c9      	lsls	r1, r1, #3
10005bbe:	1889      	adds	r1, r1, r2
10005bc0:	6079      	str	r1, [r7, #4]
10005bc2:	333f      	adds	r3, #63	@ 0x3f
10005bc4:	099b      	lsrs	r3, r3, #6
10005bc6:	2802      	cmp	r0, #2
10005bc8:	d032      	beq.n	10005c30 <dcd_edpt_open+0xd4>
10005bca:	019a      	lsls	r2, r3, #6
10005bcc:	464b      	mov	r3, r9
10005bce:	4c1d      	ldr	r4, [pc, #116]	@ (10005c44 <dcd_edpt_open+0xe8>)
10005bd0:	195b      	adds	r3, r3, r5
10005bd2:	6821      	ldr	r1, [r4, #0]
10005bd4:	015b      	lsls	r3, r3, #5
10005bd6:	18f6      	adds	r6, r6, r3
10005bd8:	4b1b      	ldr	r3, [pc, #108]	@ (10005c48 <dcd_edpt_open+0xec>)
10005bda:	188a      	adds	r2, r1, r2
10005bdc:	60f1      	str	r1, [r6, #12]
10005bde:	6022      	str	r2, [r4, #0]
10005be0:	429a      	cmp	r2, r3
10005be2:	d827      	bhi.n	10005c34 <dcd_edpt_open+0xd8>
10005be4:	4a19      	ldr	r2, [pc, #100]	@ (10005c4c <dcd_edpt_open+0xf0>)
10005be6:	0683      	lsls	r3, r0, #26
10005be8:	404a      	eors	r2, r1
10005bea:	4313      	orrs	r3, r2
10005bec:	2280      	movs	r2, #128	@ 0x80
10005bee:	0612      	lsls	r2, r2, #24
10005bf0:	4313      	orrs	r3, r2
10005bf2:	6872      	ldr	r2, [r6, #4]
10005bf4:	6013      	str	r3, [r2, #0]
10005bf6:	2001      	movs	r0, #1
10005bf8:	bcc0      	pop	{r6, r7}
10005bfa:	46b9      	mov	r9, r7
10005bfc:	46b0      	mov	r8, r6
10005bfe:	bdf8      	pop	{r3, r4, r5, r6, r7, pc}
10005c00:	4f13      	ldr	r7, [pc, #76]	@ (10005c50 <dcd_edpt_open+0xf4>)
10005c02:	19d2      	adds	r2, r2, r7
10005c04:	018f      	lsls	r7, r1, #6
10005c06:	46bc      	mov	ip, r7
10005c08:	44b4      	add	ip, r6
10005c0a:	4667      	mov	r7, ip
10005c0c:	62ba      	str	r2, [r7, #40]	@ 0x28
10005c0e:	6014      	str	r4, [r2, #0]
10005c10:	2900      	cmp	r1, #0
10005c12:	d108      	bne.n	10005c26 <dcd_edpt_open+0xca>
10005c14:	2300      	movs	r3, #0
10005c16:	016d      	lsls	r5, r5, #5
10005c18:	1975      	adds	r5, r6, r5
10005c1a:	606b      	str	r3, [r5, #4]
10005c1c:	4b0d      	ldr	r3, [pc, #52]	@ (10005c54 <dcd_edpt_open+0xf8>)
10005c1e:	60eb      	str	r3, [r5, #12]
10005c20:	e7e9      	b.n	10005bf6 <dcd_edpt_open+0x9a>
10005c22:	2000      	movs	r0, #0
10005c24:	e7e8      	b.n	10005bf8 <dcd_edpt_open+0x9c>
10005c26:	4a09      	ldr	r2, [pc, #36]	@ (10005c4c <dcd_edpt_open+0xf0>)
10005c28:	00c9      	lsls	r1, r1, #3
10005c2a:	1889      	adds	r1, r1, r2
10005c2c:	6279      	str	r1, [r7, #36]	@ 0x24
10005c2e:	e7c8      	b.n	10005bc2 <dcd_edpt_open+0x66>
10005c30:	01da      	lsls	r2, r3, #7
10005c32:	e7cb      	b.n	10005bcc <dcd_edpt_open+0x70>
10005c34:	f7fc fcd0 	bl	100025d8 <hard_assertion_failure>
10005c38:	20001808 	.word	0x20001808
10005c3c:	50100084 	.word	0x50100084
10005c40:	50100004 	.word	0x50100004
10005c44:	20001c14 	.word	0x20001c14
10005c48:	50100fff 	.word	0x50100fff
10005c4c:	50100000 	.word	0x50100000
10005c50:	50100080 	.word	0x50100080
10005c54:	50100100 	.word	0x50100100

10005c58 <dcd_edpt_close_all>:
10005c58:	b510      	push	{r4, lr}
10005c5a:	f001 fe35 	bl	100078c8 <__reset_non_control_endpoints_veneer>
10005c5e:	bd10      	pop	{r4, pc}

10005c60 <dcd_edpt_xfer>:
10005c60:	207f      	movs	r0, #127	@ 0x7f
10005c62:	b510      	push	{r4, lr}
10005c64:	4008      	ands	r0, r1
10005c66:	0040      	lsls	r0, r0, #1
10005c68:	09c9      	lsrs	r1, r1, #7
10005c6a:	1840      	adds	r0, r0, r1
10005c6c:	0011      	movs	r1, r2
10005c6e:	4a04      	ldr	r2, [pc, #16]	@ (10005c80 <dcd_edpt_xfer+0x20>)
10005c70:	0140      	lsls	r0, r0, #5
10005c72:	1880      	adds	r0, r0, r2
10005c74:	001a      	movs	r2, r3
10005c76:	f000 f85b 	bl	10005d30 <hw_endpoint_xfer_start>
10005c7a:	2001      	movs	r0, #1
10005c7c:	bd10      	pop	{r4, pc}
10005c7e:	46c0      	nop			@ (mov r8, r8)
10005c80:	20001808 	.word	0x20001808

10005c84 <dcd_edpt_stall>:
10005c84:	237f      	movs	r3, #127	@ 0x7f
10005c86:	0018      	movs	r0, r3
10005c88:	b500      	push	{lr}
10005c8a:	4008      	ands	r0, r1
10005c8c:	b083      	sub	sp, #12
10005c8e:	420b      	tst	r3, r1
10005c90:	d104      	bne.n	10005c9c <dcd_edpt_stall+0x18>
10005c92:	424b      	negs	r3, r1
10005c94:	414b      	adcs	r3, r1
10005c96:	4a08      	ldr	r2, [pc, #32]	@ (10005cb8 <dcd_edpt_stall+0x34>)
10005c98:	3301      	adds	r3, #1
10005c9a:	6693      	str	r3, [r2, #104]	@ 0x68
10005c9c:	2280      	movs	r2, #128	@ 0x80
10005c9e:	09c9      	lsrs	r1, r1, #7
10005ca0:	0040      	lsls	r0, r0, #1
10005ca2:	4b06      	ldr	r3, [pc, #24]	@ (10005cbc <dcd_edpt_stall+0x38>)
10005ca4:	1840      	adds	r0, r0, r1
10005ca6:	0140      	lsls	r0, r0, #5
10005ca8:	2100      	movs	r1, #0
10005caa:	18c0      	adds	r0, r0, r3
10005cac:	0112      	lsls	r2, r2, #4
10005cae:	f001 fdd3 	bl	10007858 <___hw_endpoint_buffer_control_update32_veneer>
10005cb2:	b003      	add	sp, #12
10005cb4:	bd00      	pop	{pc}
10005cb6:	46c0      	nop			@ (mov r8, r8)
10005cb8:	50112000 	.word	0x50112000
10005cbc:	20001808 	.word	0x20001808

10005cc0 <dcd_edpt_clear_stall>:
10005cc0:	227f      	movs	r2, #127	@ 0x7f
10005cc2:	0013      	movs	r3, r2
10005cc4:	b510      	push	{r4, lr}
10005cc6:	400b      	ands	r3, r1
10005cc8:	420a      	tst	r2, r1
10005cca:	d100      	bne.n	10005cce <dcd_edpt_clear_stall+0xe>
10005ccc:	bd10      	pop	{r4, pc}
10005cce:	09c9      	lsrs	r1, r1, #7
10005cd0:	005b      	lsls	r3, r3, #1
10005cd2:	185b      	adds	r3, r3, r1
10005cd4:	4804      	ldr	r0, [pc, #16]	@ (10005ce8 <dcd_edpt_clear_stall+0x28>)
10005cd6:	015b      	lsls	r3, r3, #5
10005cd8:	18c0      	adds	r0, r0, r3
10005cda:	2300      	movs	r3, #0
10005cdc:	2200      	movs	r2, #0
10005cde:	4903      	ldr	r1, [pc, #12]	@ (10005cec <dcd_edpt_clear_stall+0x2c>)
10005ce0:	70c3      	strb	r3, [r0, #3]
10005ce2:	f001 fdb9 	bl	10007858 <___hw_endpoint_buffer_control_update32_veneer>
10005ce6:	e7f1      	b.n	10005ccc <dcd_edpt_clear_stall+0xc>
10005ce8:	20001808 	.word	0x20001808
10005cec:	fffff7ff 	.word	0xfffff7ff

10005cf0 <rp2040_usb_init>:
10005cf0:	2280      	movs	r2, #128	@ 0x80
10005cf2:	4b0a      	ldr	r3, [pc, #40]	@ (10005d1c <rp2040_usb_init+0x2c>)
10005cf4:	0452      	lsls	r2, r2, #17
10005cf6:	b510      	push	{r4, lr}
10005cf8:	601a      	str	r2, [r3, #0]
10005cfa:	4b09      	ldr	r3, [pc, #36]	@ (10005d20 <rp2040_usb_init+0x30>)
10005cfc:	4909      	ldr	r1, [pc, #36]	@ (10005d24 <rp2040_usb_init+0x34>)
10005cfe:	601a      	str	r2, [r3, #0]
10005d00:	0010      	movs	r0, r2
10005d02:	680b      	ldr	r3, [r1, #0]
10005d04:	4398      	bics	r0, r3
10005d06:	d1fb      	bne.n	10005d00 <rp2040_usb_init+0x10>
10005d08:	2280      	movs	r2, #128	@ 0x80
10005d0a:	2100      	movs	r1, #0
10005d0c:	0152      	lsls	r2, r2, #5
10005d0e:	4806      	ldr	r0, [pc, #24]	@ (10005d28 <rp2040_usb_init+0x38>)
10005d10:	f7fd fce4 	bl	100036dc <__wrap_memset>
10005d14:	2209      	movs	r2, #9
10005d16:	4b05      	ldr	r3, [pc, #20]	@ (10005d2c <rp2040_usb_init+0x3c>)
10005d18:	675a      	str	r2, [r3, #116]	@ 0x74
10005d1a:	bd10      	pop	{r4, pc}
10005d1c:	4000e000 	.word	0x4000e000
10005d20:	4000f000 	.word	0x4000f000
10005d24:	4000c008 	.word	0x4000c008
10005d28:	50100000 	.word	0x50100000
10005d2c:	50110000 	.word	0x50110000

10005d30 <hw_endpoint_xfer_start>:
10005d30:	2300      	movs	r3, #0
10005d32:	b510      	push	{r4, lr}
10005d34:	82c3      	strh	r3, [r0, #22]
10005d36:	3301      	adds	r3, #1
10005d38:	8282      	strh	r2, [r0, #20]
10005d3a:	7683      	strb	r3, [r0, #26]
10005d3c:	6101      	str	r1, [r0, #16]
10005d3e:	0004      	movs	r4, r0
10005d40:	f001 fdba 	bl	100078b8 <__e15_is_bulkin_ep_veneer>
10005d44:	2800      	cmp	r0, #0
10005d46:	d004      	beq.n	10005d52 <hw_endpoint_xfer_start+0x22>
10005d48:	2180      	movs	r1, #128	@ 0x80
10005d4a:	2390      	movs	r3, #144	@ 0x90
10005d4c:	4a07      	ldr	r2, [pc, #28]	@ (10005d6c <hw_endpoint_xfer_start+0x3c>)
10005d4e:	0289      	lsls	r1, r1, #10
10005d50:	50d1      	str	r1, [r2, r3]
10005d52:	0020      	movs	r0, r4
10005d54:	f001 fda0 	bl	10007898 <__e15_is_critical_frame_period_veneer>
10005d58:	2800      	cmp	r0, #0
10005d5a:	d002      	beq.n	10005d62 <hw_endpoint_xfer_start+0x32>
10005d5c:	2301      	movs	r3, #1
10005d5e:	7723      	strb	r3, [r4, #28]
10005d60:	bd10      	pop	{r4, pc}
10005d62:	0020      	movs	r0, r4
10005d64:	f001 fdc0 	bl	100078e8 <__hw_endpoint_start_next_buffer_veneer>
10005d68:	e7fa      	b.n	10005d60 <hw_endpoint_xfer_start+0x30>
10005d6a:	46c0      	nop			@ (mov r8, r8)
10005d6c:	50112000 	.word	0x50112000

10005d70 <tud_event_hook_cb>:
10005d70:	4770      	bx	lr
10005d72:	46c0      	nop			@ (mov r8, r8)

10005d74 <tud_sof_cb>:
10005d74:	4770      	bx	lr
10005d76:	46c0      	nop			@ (mov r8, r8)

10005d78 <tud_descriptor_device_qualifier_cb>:
10005d78:	2000      	movs	r0, #0
10005d7a:	4770      	bx	lr

10005d7c <tud_descriptor_other_speed_configuration_cb>:
10005d7c:	2000      	movs	r0, #0
10005d7e:	4770      	bx	lr

10005d80 <tud_mount_cb>:
10005d80:	4770      	bx	lr
10005d82:	46c0      	nop			@ (mov r8, r8)

10005d84 <tud_umount_cb>:
10005d84:	4770      	bx	lr
10005d86:	46c0      	nop			@ (mov r8, r8)

10005d88 <tud_suspend_cb>:
10005d88:	4770      	bx	lr
10005d8a:	46c0      	nop			@ (mov r8, r8)

10005d8c <tud_resume_cb>:
10005d8c:	4770      	bx	lr
10005d8e:	46c0      	nop			@ (mov r8, r8)

10005d90 <tud_mounted>:
10005d90:	4b02      	ldr	r3, [pc, #8]	@ (10005d9c <tud_mounted+0xc>)
10005d92:	7858      	ldrb	r0, [r3, #1]
10005d94:	1e43      	subs	r3, r0, #1
10005d96:	4198      	sbcs	r0, r3
10005d98:	b2c0      	uxtb	r0, r0
10005d9a:	4770      	bx	lr
10005d9c:	20001580 	.word	0x20001580

10005da0 <tud_suspended>:
10005da0:	4b02      	ldr	r3, [pc, #8]	@ (10005dac <tud_suspended+0xc>)
10005da2:	7818      	ldrb	r0, [r3, #0]
10005da4:	0740      	lsls	r0, r0, #29
10005da6:	0fc0      	lsrs	r0, r0, #31
10005da8:	4770      	bx	lr
10005daa:	46c0      	nop			@ (mov r8, r8)
10005dac:	20001580 	.word	0x20001580

10005db0 <tud_rhport_init>:
10005db0:	b5f0      	push	{r4, r5, r6, r7, lr}
10005db2:	46d6      	mov	lr, sl
10005db4:	464f      	mov	r7, r9
10005db6:	4646      	mov	r6, r8
10005db8:	b5c0      	push	{r6, r7, lr}
10005dba:	4b2c      	ldr	r3, [pc, #176]	@ (10005e6c <tud_rhport_init+0xbc>)
10005dbc:	4681      	mov	r9, r0
10005dbe:	4698      	mov	r8, r3
10005dc0:	781b      	ldrb	r3, [r3, #0]
10005dc2:	468a      	mov	sl, r1
10005dc4:	2bff      	cmp	r3, #255	@ 0xff
10005dc6:	d14b      	bne.n	10005e60 <tud_rhport_init+0xb0>
10005dc8:	2900      	cmp	r1, #0
10005dca:	d03b      	beq.n	10005e44 <tud_rhport_init+0x94>
10005dcc:	2100      	movs	r1, #0
10005dce:	2254      	movs	r2, #84	@ 0x54
10005dd0:	4827      	ldr	r0, [pc, #156]	@ (10005e70 <tud_rhport_init+0xc0>)
10005dd2:	f7fd fc83 	bl	100036dc <__wrap_memset>
10005dd6:	2200      	movs	r2, #0
10005dd8:	4c26      	ldr	r4, [pc, #152]	@ (10005e74 <tud_rhport_init+0xc4>)
10005dda:	4b27      	ldr	r3, [pc, #156]	@ (10005e78 <tud_rhport_init+0xc8>)
10005ddc:	0020      	movs	r0, r4
10005dde:	701a      	strb	r2, [r3, #0]
10005de0:	f7fb fcda 	bl	10001798 <mutex_init>
10005de4:	4b25      	ldr	r3, [pc, #148]	@ (10005e7c <tud_rhport_init+0xcc>)
10005de6:	601c      	str	r4, [r3, #0]
10005de8:	4c25      	ldr	r4, [pc, #148]	@ (10005e80 <tud_rhport_init+0xd0>)
10005dea:	0020      	movs	r0, r4
10005dec:	3c14      	subs	r4, #20
10005dee:	f7fb fce1 	bl	100017b4 <critical_section_init>
10005df2:	0020      	movs	r0, r4
10005df4:	f001 fb98 	bl	10007528 <tu_fifo_clear>
10005df8:	4b22      	ldr	r3, [pc, #136]	@ (10005e84 <tud_rhport_init+0xd4>)
10005dfa:	4d23      	ldr	r5, [pc, #140]	@ (10005e88 <tud_rhport_init+0xd8>)
10005dfc:	601c      	str	r4, [r3, #0]
10005dfe:	4b23      	ldr	r3, [pc, #140]	@ (10005e8c <tud_rhport_init+0xdc>)
10005e00:	2b00      	cmp	r3, #0
10005e02:	d004      	beq.n	10005e0e <tud_rhport_init+0x5e>
10005e04:	0028      	movs	r0, r5
10005e06:	f7ff fe19 	bl	10005a3c <usbd_app_driver_get_cb>
10005e0a:	4b21      	ldr	r3, [pc, #132]	@ (10005e90 <tud_rhport_init+0xe0>)
10005e0c:	6018      	str	r0, [r3, #0]
10005e0e:	2400      	movs	r4, #0
10005e10:	782b      	ldrb	r3, [r5, #0]
10005e12:	4f20      	ldr	r7, [pc, #128]	@ (10005e94 <tud_rhport_init+0xe4>)
10005e14:	4e1e      	ldr	r6, [pc, #120]	@ (10005e90 <tud_rhport_init+0xe0>)
10005e16:	e00d      	b.n	10005e34 <tud_rhport_init+0x84>
10005e18:	6833      	ldr	r3, [r6, #0]
10005e1a:	0162      	lsls	r2, r4, #5
10005e1c:	189b      	adds	r3, r3, r2
10005e1e:	2b00      	cmp	r3, #0
10005e20:	d010      	beq.n	10005e44 <tud_rhport_init+0x94>
10005e22:	685b      	ldr	r3, [r3, #4]
10005e24:	2b00      	cmp	r3, #0
10005e26:	d00d      	beq.n	10005e44 <tud_rhport_init+0x94>
10005e28:	4798      	blx	r3
10005e2a:	3401      	adds	r4, #1
10005e2c:	782b      	ldrb	r3, [r5, #0]
10005e2e:	b2e4      	uxtb	r4, r4
10005e30:	42a3      	cmp	r3, r4
10005e32:	d309      	bcc.n	10005e48 <tud_rhport_init+0x98>
10005e34:	42a3      	cmp	r3, r4
10005e36:	d8ef      	bhi.n	10005e18 <tud_rhport_init+0x68>
10005e38:	1ae3      	subs	r3, r4, r3
10005e3a:	015b      	lsls	r3, r3, #5
10005e3c:	19db      	adds	r3, r3, r7
10005e3e:	685b      	ldr	r3, [r3, #4]
10005e40:	2b00      	cmp	r3, #0
10005e42:	d1f1      	bne.n	10005e28 <tud_rhport_init+0x78>
10005e44:	2000      	movs	r0, #0
10005e46:	e00c      	b.n	10005e62 <tud_rhport_init+0xb2>
10005e48:	4642      	mov	r2, r8
10005e4a:	464b      	mov	r3, r9
10005e4c:	4651      	mov	r1, sl
10005e4e:	4648      	mov	r0, r9
10005e50:	7013      	strb	r3, [r2, #0]
10005e52:	f7ff fe0f 	bl	10005a74 <dcd_init>
10005e56:	2800      	cmp	r0, #0
10005e58:	d0f4      	beq.n	10005e44 <tud_rhport_init+0x94>
10005e5a:	4648      	mov	r0, r9
10005e5c:	f7ff fe52 	bl	10005b04 <dcd_int_enable>
10005e60:	2001      	movs	r0, #1
10005e62:	bce0      	pop	{r5, r6, r7}
10005e64:	46ba      	mov	sl, r7
10005e66:	46b1      	mov	r9, r6
10005e68:	46a8      	mov	r8, r5
10005e6a:	bdf0      	pop	{r4, r5, r6, r7, pc}
10005e6c:	20001024 	.word	0x20001024
10005e70:	20001580 	.word	0x20001580
10005e74:	20001578 	.word	0x20001578
10005e78:	20001d2a 	.word	0x20001d2a
10005e7c:	200015d4 	.word	0x200015d4
10005e80:	2000101c 	.word	0x2000101c
10005e84:	200015d8 	.word	0x200015d8
10005e88:	20001d28 	.word	0x20001d28
10005e8c:	10005a3d 	.word	0x10005a3d
10005e90:	20001498 	.word	0x20001498
10005e94:	10008024 	.word	0x10008024

10005e98 <tud_task_ext>:
10005e98:	b5f0      	push	{r4, r5, r6, r7, lr}
10005e9a:	46de      	mov	lr, fp
10005e9c:	4657      	mov	r7, sl
10005e9e:	464e      	mov	r6, r9
10005ea0:	4645      	mov	r5, r8
10005ea2:	b5e0      	push	{r5, r6, r7, lr}
10005ea4:	4bc8      	ldr	r3, [pc, #800]	@ (100061c8 <tud_task_ext+0x330>)
10005ea6:	b091      	sub	sp, #68	@ 0x44
10005ea8:	9303      	str	r3, [sp, #12]
10005eaa:	781b      	ldrb	r3, [r3, #0]
10005eac:	2bff      	cmp	r3, #255	@ 0xff
10005eae:	d100      	bne.n	10005eb2 <tud_task_ext+0x1a>
10005eb0:	e142      	b.n	10006138 <tud_task_ext+0x2a0>
10005eb2:	4bc6      	ldr	r3, [pc, #792]	@ (100061cc <tud_task_ext+0x334>)
10005eb4:	4ec6      	ldr	r6, [pc, #792]	@ (100061d0 <tud_task_ext+0x338>)
10005eb6:	001f      	movs	r7, r3
10005eb8:	4bc6      	ldr	r3, [pc, #792]	@ (100061d4 <tud_task_ext+0x33c>)
10005eba:	ac0d      	add	r4, sp, #52	@ 0x34
10005ebc:	9302      	str	r3, [sp, #8]
10005ebe:	4bc6      	ldr	r3, [pc, #792]	@ (100061d8 <tud_task_ext+0x340>)
10005ec0:	9301      	str	r3, [sp, #4]
10005ec2:	6835      	ldr	r5, [r6, #0]
10005ec4:	696a      	ldr	r2, [r5, #20]
10005ec6:	f3ef 8110 	mrs	r1, PRIMASK
10005eca:	b672      	cpsid	i
10005ecc:	6813      	ldr	r3, [r2, #0]
10005ece:	2b00      	cmp	r3, #0
10005ed0:	d0fc      	beq.n	10005ecc <tud_task_ext+0x34>
10005ed2:	f3bf 8f5f 	dmb	sy
10005ed6:	61a9      	str	r1, [r5, #24]
10005ed8:	0028      	movs	r0, r5
10005eda:	0021      	movs	r1, r4
10005edc:	f001 f95a 	bl	10007194 <tu_fifo_read>
10005ee0:	696a      	ldr	r2, [r5, #20]
10005ee2:	69ab      	ldr	r3, [r5, #24]
10005ee4:	f3bf 8f5f 	dmb	sy
10005ee8:	2100      	movs	r1, #0
10005eea:	6011      	str	r1, [r2, #0]
10005eec:	f383 8810 	msr	PRIMASK, r3
10005ef0:	2800      	cmp	r0, #0
10005ef2:	d100      	bne.n	10005ef6 <tud_task_ext+0x5e>
10005ef4:	e120      	b.n	10006138 <tud_task_ext+0x2a0>
10005ef6:	7863      	ldrb	r3, [r4, #1]
10005ef8:	2b08      	cmp	r3, #8
10005efa:	d8e2      	bhi.n	10005ec2 <tud_task_ext+0x2a>
10005efc:	009b      	lsls	r3, r3, #2
10005efe:	58fb      	ldr	r3, [r7, r3]
10005f00:	469f      	mov	pc, r3
10005f02:	6863      	ldr	r3, [r4, #4]
10005f04:	2b00      	cmp	r3, #0
10005f06:	d0dc      	beq.n	10005ec2 <tud_task_ext+0x2a>
10005f08:	68a0      	ldr	r0, [r4, #8]
10005f0a:	4798      	blx	r3
10005f0c:	e7d9      	b.n	10005ec2 <tud_task_ext+0x2a>
10005f0e:	227f      	movs	r2, #127	@ 0x7f
10005f10:	7921      	ldrb	r1, [r4, #4]
10005f12:	4db0      	ldr	r5, [pc, #704]	@ (100061d4 <tud_task_ext+0x33c>)
10005f14:	400a      	ands	r2, r1
10005f16:	0053      	lsls	r3, r2, #1
10005f18:	18eb      	adds	r3, r5, r3
10005f1a:	4698      	mov	r8, r3
10005f1c:	09c8      	lsrs	r0, r1, #7
10005f1e:	4480      	add	r8, r0
10005f20:	4640      	mov	r0, r8
10005f22:	2301      	movs	r3, #1
10005f24:	3030      	adds	r0, #48	@ 0x30
10005f26:	7905      	ldrb	r5, [r0, #4]
10005f28:	439d      	bics	r5, r3
10005f2a:	7105      	strb	r5, [r0, #4]
10005f2c:	7905      	ldrb	r5, [r0, #4]
10005f2e:	3303      	adds	r3, #3
10005f30:	439d      	bics	r5, r3
10005f32:	7105      	strb	r5, [r0, #4]
10005f34:	2a00      	cmp	r2, #0
10005f36:	d100      	bne.n	10005f3a <tud_task_ext+0xa2>
10005f38:	e105      	b.n	10006146 <tud_task_ext+0x2ae>
10005f3a:	4643      	mov	r3, r8
10005f3c:	4aa7      	ldr	r2, [pc, #668]	@ (100061dc <tud_task_ext+0x344>)
10005f3e:	7d1b      	ldrb	r3, [r3, #20]
10005f40:	7812      	ldrb	r2, [r2, #0]
10005f42:	4293      	cmp	r3, r2
10005f44:	d300      	bcc.n	10005f48 <tud_task_ext+0xb0>
10005f46:	e0f5      	b.n	10006134 <tud_task_ext+0x29c>
10005f48:	4aa5      	ldr	r2, [pc, #660]	@ (100061e0 <tud_task_ext+0x348>)
10005f4a:	015b      	lsls	r3, r3, #5
10005f4c:	6815      	ldr	r5, [r2, #0]
10005f4e:	18ed      	adds	r5, r5, r3
10005f50:	2d00      	cmp	r5, #0
10005f52:	d100      	bne.n	10005f56 <tud_task_ext+0xbe>
10005f54:	e0f0      	b.n	10006138 <tud_task_ext+0x2a0>
10005f56:	68a3      	ldr	r3, [r4, #8]
10005f58:	7962      	ldrb	r2, [r4, #5]
10005f5a:	7820      	ldrb	r0, [r4, #0]
10005f5c:	69ad      	ldr	r5, [r5, #24]
10005f5e:	47a8      	blx	r5
10005f60:	e7af      	b.n	10005ec2 <tud_task_ext+0x2a>
10005f62:	4ba0      	ldr	r3, [pc, #640]	@ (100061e4 <tud_task_ext+0x34c>)
10005f64:	781a      	ldrb	r2, [r3, #0]
10005f66:	2a00      	cmp	r2, #0
10005f68:	d100      	bne.n	10005f6c <tud_task_ext+0xd4>
10005f6a:	e0e5      	b.n	10006138 <tud_task_ext+0x2a0>
10005f6c:	781a      	ldrb	r2, [r3, #0]
10005f6e:	3a01      	subs	r2, #1
10005f70:	701a      	strb	r2, [r3, #0]
10005f72:	781b      	ldrb	r3, [r3, #0]
10005f74:	2b00      	cmp	r3, #0
10005f76:	d1a4      	bne.n	10005ec2 <tud_task_ext+0x2a>
10005f78:	2201      	movs	r2, #1
10005f7a:	4d96      	ldr	r5, [pc, #600]	@ (100061d4 <tud_task_ext+0x33c>)
10005f7c:	2101      	movs	r1, #1
10005f7e:	782b      	ldrb	r3, [r5, #0]
10005f80:	2004      	movs	r0, #4
10005f82:	4313      	orrs	r3, r2
10005f84:	702b      	strb	r3, [r5, #0]
10005f86:	2334      	movs	r3, #52	@ 0x34
10005f88:	5cea      	ldrb	r2, [r5, r3]
10005f8a:	438a      	bics	r2, r1
10005f8c:	54ea      	strb	r2, [r5, r3]
10005f8e:	5cea      	ldrb	r2, [r5, r3]
10005f90:	4382      	bics	r2, r0
10005f92:	54ea      	strb	r2, [r5, r3]
10005f94:	3301      	adds	r3, #1
10005f96:	5cea      	ldrb	r2, [r5, r3]
10005f98:	438a      	bics	r2, r1
10005f9a:	54ea      	strb	r2, [r5, r3]
10005f9c:	5cea      	ldrb	r2, [r5, r3]
10005f9e:	4382      	bics	r2, r0
10005fa0:	54ea      	strb	r2, [r5, r3]
10005fa2:	7823      	ldrb	r3, [r4, #0]
10005fa4:	2000      	movs	r0, #0
10005fa6:	469b      	mov	fp, r3
10005fa8:	f000 fc88 	bl	100068bc <usbd_control_set_complete_callback>
10005fac:	2260      	movs	r2, #96	@ 0x60
10005fae:	7923      	ldrb	r3, [r4, #4]
10005fb0:	401a      	ands	r2, r3
10005fb2:	2a60      	cmp	r2, #96	@ 0x60
10005fb4:	d100      	bne.n	10005fb8 <tud_task_ext+0x120>
10005fb6:	e0f1      	b.n	1000619c <tud_task_ext+0x304>
10005fb8:	2a40      	cmp	r2, #64	@ 0x40
10005fba:	d100      	bne.n	10005fbe <tud_task_ext+0x126>
10005fbc:	e0f7      	b.n	100061ae <tud_task_ext+0x316>
10005fbe:	06db      	lsls	r3, r3, #27
10005fc0:	0edb      	lsrs	r3, r3, #27
10005fc2:	2b01      	cmp	r3, #1
10005fc4:	d100      	bne.n	10005fc8 <tud_task_ext+0x130>
10005fc6:	e115      	b.n	100061f4 <tud_task_ext+0x35c>
10005fc8:	2b02      	cmp	r3, #2
10005fca:	d100      	bne.n	10005fce <tud_task_ext+0x136>
10005fcc:	e0ca      	b.n	10006164 <tud_task_ext+0x2cc>
10005fce:	2b00      	cmp	r3, #0
10005fd0:	d000      	beq.n	10005fd4 <tud_task_ext+0x13c>
10005fd2:	e0e3      	b.n	1000619c <tud_task_ext+0x304>
10005fd4:	2a20      	cmp	r2, #32
10005fd6:	d100      	bne.n	10005fda <tud_task_ext+0x142>
10005fd8:	e211      	b.n	100063fe <tud_task_ext+0x566>
10005fda:	2a00      	cmp	r2, #0
10005fdc:	d000      	beq.n	10005fe0 <tud_task_ext+0x148>
10005fde:	e0dd      	b.n	1000619c <tud_task_ext+0x304>
10005fe0:	7963      	ldrb	r3, [r4, #5]
10005fe2:	2b09      	cmp	r3, #9
10005fe4:	d900      	bls.n	10005fe8 <tud_task_ext+0x150>
10005fe6:	e0d9      	b.n	1000619c <tud_task_ext+0x304>
10005fe8:	4a7f      	ldr	r2, [pc, #508]	@ (100061e8 <tud_task_ext+0x350>)
10005fea:	009b      	lsls	r3, r3, #2
10005fec:	58d3      	ldr	r3, [r2, r3]
10005fee:	469f      	mov	pc, r3
10005ff0:	4d78      	ldr	r5, [pc, #480]	@ (100061d4 <tud_task_ext+0x33c>)
10005ff2:	782b      	ldrb	r3, [r5, #0]
10005ff4:	07db      	lsls	r3, r3, #31
10005ff6:	d400      	bmi.n	10005ffa <tud_task_ext+0x162>
10005ff8:	e763      	b.n	10005ec2 <tud_task_ext+0x2a>
10005ffa:	f7ff fec7 	bl	10005d8c <tud_resume_cb>
10005ffe:	e760      	b.n	10005ec2 <tud_task_ext+0x2a>
10006000:	9b02      	ldr	r3, [sp, #8]
10006002:	78db      	ldrb	r3, [r3, #3]
10006004:	07db      	lsls	r3, r3, #31
10006006:	d400      	bmi.n	1000600a <tud_task_ext+0x172>
10006008:	e75b      	b.n	10005ec2 <tud_task_ext+0x2a>
1000600a:	6860      	ldr	r0, [r4, #4]
1000600c:	f7ff feb2 	bl	10005d74 <tud_sof_cb>
10006010:	e757      	b.n	10005ec2 <tud_task_ext+0x2a>
10006012:	4d70      	ldr	r5, [pc, #448]	@ (100061d4 <tud_task_ext+0x33c>)
10006014:	782b      	ldrb	r3, [r5, #0]
10006016:	07db      	lsls	r3, r3, #31
10006018:	d400      	bmi.n	1000601c <tud_task_ext+0x184>
1000601a:	e752      	b.n	10005ec2 <tud_task_ext+0x2a>
1000601c:	7828      	ldrb	r0, [r5, #0]
1000601e:	0700      	lsls	r0, r0, #28
10006020:	0fc0      	lsrs	r0, r0, #31
10006022:	f7ff feb1 	bl	10005d88 <tud_suspend_cb>
10006026:	e74c      	b.n	10005ec2 <tud_task_ext+0x2a>
10006028:	7823      	ldrb	r3, [r4, #0]
1000602a:	4a6b      	ldr	r2, [pc, #428]	@ (100061d8 <tud_task_ext+0x340>)
1000602c:	4699      	mov	r9, r3
1000602e:	4693      	mov	fp, r2
10006030:	4b6a      	ldr	r3, [pc, #424]	@ (100061dc <tud_task_ext+0x344>)
10006032:	4a6b      	ldr	r2, [pc, #428]	@ (100061e0 <tud_task_ext+0x348>)
10006034:	4698      	mov	r8, r3
10006036:	4692      	mov	sl, r2
10006038:	003a      	movs	r2, r7
1000603a:	2500      	movs	r5, #0
1000603c:	4647      	mov	r7, r8
1000603e:	781b      	ldrb	r3, [r3, #0]
10006040:	46b0      	mov	r8, r6
10006042:	464e      	mov	r6, r9
10006044:	4691      	mov	r9, r2
10006046:	e00e      	b.n	10006066 <tud_task_ext+0x1ce>
10006048:	4653      	mov	r3, sl
1000604a:	681b      	ldr	r3, [r3, #0]
1000604c:	016a      	lsls	r2, r5, #5
1000604e:	189b      	adds	r3, r3, r2
10006050:	2b00      	cmp	r3, #0
10006052:	d100      	bne.n	10006056 <tud_task_ext+0x1be>
10006054:	e07d      	b.n	10006152 <tud_task_ext+0x2ba>
10006056:	68db      	ldr	r3, [r3, #12]
10006058:	0030      	movs	r0, r6
1000605a:	4798      	blx	r3
1000605c:	3501      	adds	r5, #1
1000605e:	783b      	ldrb	r3, [r7, #0]
10006060:	b2ed      	uxtb	r5, r5
10006062:	42ab      	cmp	r3, r5
10006064:	d30c      	bcc.n	10006080 <tud_task_ext+0x1e8>
10006066:	42ab      	cmp	r3, r5
10006068:	d8ee      	bhi.n	10006048 <tud_task_ext+0x1b0>
1000606a:	1aeb      	subs	r3, r5, r3
1000606c:	015b      	lsls	r3, r3, #5
1000606e:	445b      	add	r3, fp
10006070:	68db      	ldr	r3, [r3, #12]
10006072:	0030      	movs	r0, r6
10006074:	4798      	blx	r3
10006076:	3501      	adds	r5, #1
10006078:	783b      	ldrb	r3, [r7, #0]
1000607a:	b2ed      	uxtb	r5, r5
1000607c:	42ab      	cmp	r3, r5
1000607e:	d2f2      	bcs.n	10006066 <tud_task_ext+0x1ce>
10006080:	4d54      	ldr	r5, [pc, #336]	@ (100061d4 <tud_task_ext+0x33c>)
10006082:	2254      	movs	r2, #84	@ 0x54
10006084:	2100      	movs	r1, #0
10006086:	0028      	movs	r0, r5
10006088:	f7fd fb28 	bl	100036dc <__wrap_memset>
1000608c:	2210      	movs	r2, #16
1000608e:	21ff      	movs	r1, #255	@ 0xff
10006090:	1d28      	adds	r0, r5, #4
10006092:	f7fd fb23 	bl	100036dc <__wrap_memset>
10006096:	0028      	movs	r0, r5
10006098:	2220      	movs	r2, #32
1000609a:	21ff      	movs	r1, #255	@ 0xff
1000609c:	3014      	adds	r0, #20
1000609e:	4646      	mov	r6, r8
100060a0:	464f      	mov	r7, r9
100060a2:	f7fd fb1b 	bl	100036dc <__wrap_memset>
100060a6:	f000 fbff 	bl	100068a8 <usbd_control_reset>
100060aa:	7923      	ldrb	r3, [r4, #4]
100060ac:	70ab      	strb	r3, [r5, #2]
100060ae:	e708      	b.n	10005ec2 <tud_task_ext+0x2a>
100060b0:	7823      	ldrb	r3, [r4, #0]
100060b2:	4a4b      	ldr	r2, [pc, #300]	@ (100061e0 <tud_task_ext+0x348>)
100060b4:	4699      	mov	r9, r3
100060b6:	4b49      	ldr	r3, [pc, #292]	@ (100061dc <tud_task_ext+0x344>)
100060b8:	4692      	mov	sl, r2
100060ba:	4698      	mov	r8, r3
100060bc:	0032      	movs	r2, r6
100060be:	46bb      	mov	fp, r7
100060c0:	464e      	mov	r6, r9
100060c2:	2500      	movs	r5, #0
100060c4:	4647      	mov	r7, r8
100060c6:	4691      	mov	r9, r2
100060c8:	781b      	ldrb	r3, [r3, #0]
100060ca:	e00d      	b.n	100060e8 <tud_task_ext+0x250>
100060cc:	4653      	mov	r3, sl
100060ce:	681b      	ldr	r3, [r3, #0]
100060d0:	016a      	lsls	r2, r5, #5
100060d2:	189b      	adds	r3, r3, r2
100060d4:	2b00      	cmp	r3, #0
100060d6:	d040      	beq.n	1000615a <tud_task_ext+0x2c2>
100060d8:	68db      	ldr	r3, [r3, #12]
100060da:	0030      	movs	r0, r6
100060dc:	4798      	blx	r3
100060de:	3501      	adds	r5, #1
100060e0:	783b      	ldrb	r3, [r7, #0]
100060e2:	b2ed      	uxtb	r5, r5
100060e4:	42ab      	cmp	r3, r5
100060e6:	d30d      	bcc.n	10006104 <tud_task_ext+0x26c>
100060e8:	429d      	cmp	r5, r3
100060ea:	d3ef      	bcc.n	100060cc <tud_task_ext+0x234>
100060ec:	9a01      	ldr	r2, [sp, #4]
100060ee:	1aeb      	subs	r3, r5, r3
100060f0:	015b      	lsls	r3, r3, #5
100060f2:	18d3      	adds	r3, r2, r3
100060f4:	68db      	ldr	r3, [r3, #12]
100060f6:	0030      	movs	r0, r6
100060f8:	4798      	blx	r3
100060fa:	3501      	adds	r5, #1
100060fc:	783b      	ldrb	r3, [r7, #0]
100060fe:	b2ed      	uxtb	r5, r5
10006100:	42ab      	cmp	r3, r5
10006102:	d2f1      	bcs.n	100060e8 <tud_task_ext+0x250>
10006104:	9d02      	ldr	r5, [sp, #8]
10006106:	2254      	movs	r2, #84	@ 0x54
10006108:	2100      	movs	r1, #0
1000610a:	0028      	movs	r0, r5
1000610c:	f7fd fae6 	bl	100036dc <__wrap_memset>
10006110:	2210      	movs	r2, #16
10006112:	21ff      	movs	r1, #255	@ 0xff
10006114:	4835      	ldr	r0, [pc, #212]	@ (100061ec <tud_task_ext+0x354>)
10006116:	f7fd fae1 	bl	100036dc <__wrap_memset>
1000611a:	0028      	movs	r0, r5
1000611c:	2220      	movs	r2, #32
1000611e:	21ff      	movs	r1, #255	@ 0xff
10006120:	3014      	adds	r0, #20
10006122:	464e      	mov	r6, r9
10006124:	465f      	mov	r7, fp
10006126:	f7fd fad9 	bl	100036dc <__wrap_memset>
1000612a:	f000 fbbd 	bl	100068a8 <usbd_control_reset>
1000612e:	f7ff fe29 	bl	10005d84 <tud_umount_cb>
10006132:	e6c6      	b.n	10005ec2 <tud_task_ext+0x2a>
10006134:	4293      	cmp	r3, r2
10006136:	d013      	beq.n	10006160 <tud_task_ext+0x2c8>
10006138:	b011      	add	sp, #68	@ 0x44
1000613a:	bcf0      	pop	{r4, r5, r6, r7}
1000613c:	46bb      	mov	fp, r7
1000613e:	46b2      	mov	sl, r6
10006140:	46a9      	mov	r9, r5
10006142:	46a0      	mov	r8, r4
10006144:	bdf0      	pop	{r4, r5, r6, r7, pc}
10006146:	68a3      	ldr	r3, [r4, #8]
10006148:	7962      	ldrb	r2, [r4, #5]
1000614a:	7820      	ldrb	r0, [r4, #0]
1000614c:	f000 fbca 	bl	100068e4 <usbd_control_xfer_cb>
10006150:	e6b7      	b.n	10005ec2 <tud_task_ext+0x2a>
10006152:	4646      	mov	r6, r8
10006154:	464f      	mov	r7, r9
10006156:	4d1f      	ldr	r5, [pc, #124]	@ (100061d4 <tud_task_ext+0x33c>)
10006158:	e7a5      	b.n	100060a6 <tud_task_ext+0x20e>
1000615a:	464e      	mov	r6, r9
1000615c:	465f      	mov	r7, fp
1000615e:	e7e4      	b.n	1000612a <tud_task_ext+0x292>
10006160:	4d1d      	ldr	r5, [pc, #116]	@ (100061d8 <tud_task_ext+0x340>)
10006162:	e6f8      	b.n	10005f56 <tud_task_ext+0xbe>
10006164:	2370      	movs	r3, #112	@ 0x70
10006166:	7a21      	ldrb	r1, [r4, #8]
10006168:	420b      	tst	r3, r1
1000616a:	d117      	bne.n	1000619c <tud_task_ext+0x304>
1000616c:	09c8      	lsrs	r0, r1, #7
1000616e:	4682      	mov	sl, r0
10006170:	330f      	adds	r3, #15
10006172:	400b      	ands	r3, r1
10006174:	005b      	lsls	r3, r3, #1
10006176:	4698      	mov	r8, r3
10006178:	4818      	ldr	r0, [pc, #96]	@ (100061dc <tud_task_ext+0x344>)
1000617a:	18eb      	adds	r3, r5, r3
1000617c:	4453      	add	r3, sl
1000617e:	7d1b      	ldrb	r3, [r3, #20]
10006180:	7800      	ldrb	r0, [r0, #0]
10006182:	4283      	cmp	r3, r0
10006184:	d264      	bcs.n	10006250 <tud_task_ext+0x3b8>
10006186:	4816      	ldr	r0, [pc, #88]	@ (100061e0 <tud_task_ext+0x348>)
10006188:	015b      	lsls	r3, r3, #5
1000618a:	6800      	ldr	r0, [r0, #0]
1000618c:	4681      	mov	r9, r0
1000618e:	4499      	add	r9, r3
10006190:	2a00      	cmp	r2, #0
10006192:	d100      	bne.n	10006196 <tud_task_ext+0x2fe>
10006194:	e155      	b.n	10006442 <tud_task_ext+0x5aa>
10006196:	464b      	mov	r3, r9
10006198:	2b00      	cmp	r3, #0
1000619a:	d161      	bne.n	10006260 <tud_task_ext+0x3c8>
1000619c:	7820      	ldrb	r0, [r4, #0]
1000619e:	2100      	movs	r1, #0
100061a0:	f7ff fd70 	bl	10005c84 <dcd_edpt_stall>
100061a4:	2180      	movs	r1, #128	@ 0x80
100061a6:	7820      	ldrb	r0, [r4, #0]
100061a8:	f7ff fd6c 	bl	10005c84 <dcd_edpt_stall>
100061ac:	e689      	b.n	10005ec2 <tud_task_ext+0x2a>
100061ae:	4810      	ldr	r0, [pc, #64]	@ (100061f0 <tud_task_ext+0x358>)
100061b0:	f000 fb84 	bl	100068bc <usbd_control_set_complete_callback>
100061b4:	2101      	movs	r1, #1
100061b6:	4658      	mov	r0, fp
100061b8:	aa0e      	add	r2, sp, #56	@ 0x38
100061ba:	f7ff fc23 	bl	10005a04 <tud_vendor_control_xfer_cb>
100061be:	2800      	cmp	r0, #0
100061c0:	d000      	beq.n	100061c4 <tud_task_ext+0x32c>
100061c2:	e67e      	b.n	10005ec2 <tud_task_ext+0x2a>
100061c4:	e7ea      	b.n	1000619c <tud_task_ext+0x304>
100061c6:	46c0      	nop			@ (mov r8, r8)
100061c8:	20001024 	.word	0x20001024
100061cc:	10007f7c 	.word	0x10007f7c
100061d0:	200015d8 	.word	0x200015d8
100061d4:	20001580 	.word	0x20001580
100061d8:	10008024 	.word	0x10008024
100061dc:	20001d28 	.word	0x20001d28
100061e0:	20001498 	.word	0x20001498
100061e4:	20001d2a 	.word	0x20001d2a
100061e8:	10007fa0 	.word	0x10007fa0
100061ec:	20001584 	.word	0x20001584
100061f0:	10005a05 	.word	0x10005a05
100061f4:	7a23      	ldrb	r3, [r4, #8]
100061f6:	8922      	ldrh	r2, [r4, #8]
100061f8:	2b0f      	cmp	r3, #15
100061fa:	d8cf      	bhi.n	1000619c <tud_task_ext+0x304>
100061fc:	23ff      	movs	r3, #255	@ 0xff
100061fe:	4013      	ands	r3, r2
10006200:	4ad1      	ldr	r2, [pc, #836]	@ (10006548 <tud_task_ext+0x6b0>)
10006202:	18eb      	adds	r3, r5, r3
10006204:	791b      	ldrb	r3, [r3, #4]
10006206:	7812      	ldrb	r2, [r2, #0]
10006208:	4293      	cmp	r3, r2
1000620a:	d334      	bcc.n	10006276 <tud_task_ext+0x3de>
1000620c:	d1c6      	bne.n	1000619c <tud_task_ext+0x304>
1000620e:	4dcf      	ldr	r5, [pc, #828]	@ (1000654c <tud_task_ext+0x6b4>)
10006210:	6968      	ldr	r0, [r5, #20]
10006212:	f000 fb53 	bl	100068bc <usbd_control_set_complete_callback>
10006216:	2101      	movs	r1, #1
10006218:	4658      	mov	r0, fp
1000621a:	696b      	ldr	r3, [r5, #20]
1000621c:	aa0e      	add	r2, sp, #56	@ 0x38
1000621e:	4798      	blx	r3
10006220:	2800      	cmp	r0, #0
10006222:	d000      	beq.n	10006226 <tud_task_ext+0x38e>
10006224:	e64d      	b.n	10005ec2 <tud_task_ext+0x2a>
10006226:	2260      	movs	r2, #96	@ 0x60
10006228:	0015      	movs	r5, r2
1000622a:	7923      	ldrb	r3, [r4, #4]
1000622c:	401d      	ands	r5, r3
1000622e:	421a      	tst	r2, r3
10006230:	d1b4      	bne.n	1000619c <tud_task_ext+0x304>
10006232:	7963      	ldrb	r3, [r4, #5]
10006234:	3b0a      	subs	r3, #10
10006236:	2b01      	cmp	r3, #1
10006238:	d8b0      	bhi.n	1000619c <tud_task_ext+0x304>
1000623a:	f000 fb3f 	bl	100068bc <usbd_control_set_complete_callback>
1000623e:	7963      	ldrb	r3, [r4, #5]
10006240:	2b0a      	cmp	r3, #10
10006242:	d100      	bne.n	10006246 <tud_task_ext+0x3ae>
10006244:	e18a      	b.n	1000655c <tud_task_ext+0x6c4>
10006246:	4658      	mov	r0, fp
10006248:	a90e      	add	r1, sp, #56	@ 0x38
1000624a:	f000 fac7 	bl	100067dc <tud_control_status>
1000624e:	e638      	b.n	10005ec2 <tud_task_ext+0x2a>
10006250:	4283      	cmp	r3, r0
10006252:	d000      	beq.n	10006256 <tud_task_ext+0x3be>
10006254:	e0f0      	b.n	10006438 <tud_task_ext+0x5a0>
10006256:	4bbd      	ldr	r3, [pc, #756]	@ (1000654c <tud_task_ext+0x6b4>)
10006258:	4699      	mov	r9, r3
1000625a:	2a00      	cmp	r2, #0
1000625c:	d100      	bne.n	10006260 <tud_task_ext+0x3c8>
1000625e:	e0f0      	b.n	10006442 <tud_task_ext+0x5aa>
10006260:	464b      	mov	r3, r9
10006262:	6958      	ldr	r0, [r3, #20]
10006264:	f000 fb2a 	bl	100068bc <usbd_control_set_complete_callback>
10006268:	464b      	mov	r3, r9
1000626a:	2101      	movs	r1, #1
1000626c:	4658      	mov	r0, fp
1000626e:	695b      	ldr	r3, [r3, #20]
10006270:	aa0e      	add	r2, sp, #56	@ 0x38
10006272:	4798      	blx	r3
10006274:	e7a3      	b.n	100061be <tud_task_ext+0x326>
10006276:	4ab6      	ldr	r2, [pc, #728]	@ (10006550 <tud_task_ext+0x6b8>)
10006278:	015b      	lsls	r3, r3, #5
1000627a:	6815      	ldr	r5, [r2, #0]
1000627c:	18ed      	adds	r5, r5, r3
1000627e:	2d00      	cmp	r5, #0
10006280:	d1c6      	bne.n	10006210 <tud_task_ext+0x378>
10006282:	e78b      	b.n	1000619c <tud_task_ext+0x304>
10006284:	79a3      	ldrb	r3, [r4, #6]
10006286:	4699      	mov	r9, r3
10006288:	786b      	ldrb	r3, [r5, #1]
1000628a:	4599      	cmp	r9, r3
1000628c:	d0db      	beq.n	10006246 <tud_task_ext+0x3ae>
1000628e:	786b      	ldrb	r3, [r5, #1]
10006290:	2b00      	cmp	r3, #0
10006292:	d000      	beq.n	10006296 <tud_task_ext+0x3fe>
10006294:	e12c      	b.n	100064f0 <tud_task_ext+0x658>
10006296:	464b      	mov	r3, r9
10006298:	706b      	strb	r3, [r5, #1]
1000629a:	2b00      	cmp	r3, #0
1000629c:	d100      	bne.n	100062a0 <tud_task_ext+0x408>
1000629e:	e124      	b.n	100064ea <tud_task_ext+0x652>
100062a0:	4648      	mov	r0, r9
100062a2:	3801      	subs	r0, #1
100062a4:	b2c0      	uxtb	r0, r0
100062a6:	f7ff fa09 	bl	100056bc <tud_descriptor_configuration_cb>
100062aa:	2800      	cmp	r0, #0
100062ac:	d100      	bne.n	100062b0 <tud_task_ext+0x418>
100062ae:	e174      	b.n	1000659a <tud_task_ext+0x702>
100062b0:	7843      	ldrb	r3, [r0, #1]
100062b2:	9307      	str	r3, [sp, #28]
100062b4:	2b02      	cmp	r3, #2
100062b6:	d000      	beq.n	100062ba <tud_task_ext+0x422>
100062b8:	e16f      	b.n	1000659a <tud_task_ext+0x702>
100062ba:	2201      	movs	r2, #1
100062bc:	79c1      	ldrb	r1, [r0, #7]
100062be:	46b1      	mov	r9, r6
100062c0:	118b      	asrs	r3, r1, #6
100062c2:	1149      	asrs	r1, r1, #5
100062c4:	4013      	ands	r3, r2
100062c6:	400a      	ands	r2, r1
100062c8:	2130      	movs	r1, #48	@ 0x30
100062ca:	0112      	lsls	r2, r2, #4
100062cc:	015b      	lsls	r3, r3, #5
100062ce:	4313      	orrs	r3, r2
100062d0:	782a      	ldrb	r2, [r5, #0]
100062d2:	46a8      	mov	r8, r5
100062d4:	438a      	bics	r2, r1
100062d6:	4313      	orrs	r3, r2
100062d8:	702b      	strb	r3, [r5, #0]
100062da:	2309      	movs	r3, #9
100062dc:	469a      	mov	sl, r3
100062de:	4482      	add	sl, r0
100062e0:	4656      	mov	r6, sl
100062e2:	46ba      	mov	sl, r7
100062e4:	78c3      	ldrb	r3, [r0, #3]
100062e6:	7882      	ldrb	r2, [r0, #2]
100062e8:	021b      	lsls	r3, r3, #8
100062ea:	4313      	orrs	r3, r2
100062ec:	18c3      	adds	r3, r0, r3
100062ee:	9305      	str	r3, [sp, #20]
100062f0:	4b95      	ldr	r3, [pc, #596]	@ (10006548 <tud_task_ext+0x6b0>)
100062f2:	9304      	str	r3, [sp, #16]
100062f4:	4b95      	ldr	r3, [pc, #596]	@ (1000654c <tud_task_ext+0x6b4>)
100062f6:	9308      	str	r3, [sp, #32]
100062f8:	4b95      	ldr	r3, [pc, #596]	@ (10006550 <tud_task_ext+0x6b8>)
100062fa:	9309      	str	r3, [sp, #36]	@ 0x24
100062fc:	4b95      	ldr	r3, [pc, #596]	@ (10006554 <tud_task_ext+0x6bc>)
100062fe:	930a      	str	r3, [sp, #40]	@ 0x28
10006300:	9b05      	ldr	r3, [sp, #20]
10006302:	42b3      	cmp	r3, r6
10006304:	d800      	bhi.n	10006308 <tud_task_ext+0x470>
10006306:	e14b      	b.n	100065a0 <tud_task_ext+0x708>
10006308:	7873      	ldrb	r3, [r6, #1]
1000630a:	2201      	movs	r2, #1
1000630c:	2b0b      	cmp	r3, #11
1000630e:	d103      	bne.n	10006318 <tud_task_ext+0x480>
10006310:	7833      	ldrb	r3, [r6, #0]
10006312:	78f2      	ldrb	r2, [r6, #3]
10006314:	18f6      	adds	r6, r6, r3
10006316:	7873      	ldrb	r3, [r6, #1]
10006318:	2b04      	cmp	r3, #4
1000631a:	d000      	beq.n	1000631e <tud_task_ext+0x486>
1000631c:	e13a      	b.n	10006594 <tud_task_ext+0x6fc>
1000631e:	9b05      	ldr	r3, [sp, #20]
10006320:	2700      	movs	r7, #0
10006322:	1b9b      	subs	r3, r3, r6
10006324:	b29b      	uxth	r3, r3
10006326:	9306      	str	r3, [sp, #24]
10006328:	9b04      	ldr	r3, [sp, #16]
1000632a:	920b      	str	r2, [sp, #44]	@ 0x2c
1000632c:	781d      	ldrb	r5, [r3, #0]
1000632e:	e019      	b.n	10006364 <tud_task_ext+0x4cc>
10006330:	9a09      	ldr	r2, [sp, #36]	@ 0x24
10006332:	017b      	lsls	r3, r7, #5
10006334:	6815      	ldr	r5, [r2, #0]
10006336:	18ed      	adds	r5, r5, r3
10006338:	2d00      	cmp	r5, #0
1000633a:	d100      	bne.n	1000633e <tud_task_ext+0x4a6>
1000633c:	e12a      	b.n	10006594 <tud_task_ext+0x6fc>
1000633e:	0031      	movs	r1, r6
10006340:	4658      	mov	r0, fp
10006342:	692b      	ldr	r3, [r5, #16]
10006344:	9a06      	ldr	r2, [sp, #24]
10006346:	4798      	blx	r3
10006348:	4684      	mov	ip, r0
1000634a:	2808      	cmp	r0, #8
1000634c:	d903      	bls.n	10006356 <tud_task_ext+0x4be>
1000634e:	9a06      	ldr	r2, [sp, #24]
10006350:	4282      	cmp	r2, r0
10006352:	d300      	bcc.n	10006356 <tud_task_ext+0x4be>
10006354:	e10b      	b.n	1000656e <tud_task_ext+0x6d6>
10006356:	9b04      	ldr	r3, [sp, #16]
10006358:	3701      	adds	r7, #1
1000635a:	781d      	ldrb	r5, [r3, #0]
1000635c:	b2ff      	uxtb	r7, r7
1000635e:	42bd      	cmp	r5, r7
10006360:	d200      	bcs.n	10006364 <tud_task_ext+0x4cc>
10006362:	e117      	b.n	10006594 <tud_task_ext+0x6fc>
10006364:	42bd      	cmp	r5, r7
10006366:	d8e3      	bhi.n	10006330 <tud_task_ext+0x498>
10006368:	9b08      	ldr	r3, [sp, #32]
1000636a:	1b7d      	subs	r5, r7, r5
1000636c:	016d      	lsls	r5, r5, #5
1000636e:	195d      	adds	r5, r3, r5
10006370:	e7e5      	b.n	1000633e <tud_task_ext+0x4a6>
10006372:	786b      	ldrb	r3, [r5, #1]
10006374:	aa0c      	add	r2, sp, #48	@ 0x30
10006376:	3202      	adds	r2, #2
10006378:	7013      	strb	r3, [r2, #0]
1000637a:	4658      	mov	r0, fp
1000637c:	2301      	movs	r3, #1
1000637e:	a90e      	add	r1, sp, #56	@ 0x38
10006380:	f000 fa42 	bl	10006808 <tud_control_xfer>
10006384:	e59d      	b.n	10005ec2 <tud_task_ext+0x2a>
10006386:	88e0      	ldrh	r0, [r4, #6]
10006388:	0a03      	lsrs	r3, r0, #8
1000638a:	b2c0      	uxtb	r0, r0
1000638c:	2b0f      	cmp	r3, #15
1000638e:	d900      	bls.n	10006392 <tud_task_ext+0x4fa>
10006390:	e704      	b.n	1000619c <tud_task_ext+0x304>
10006392:	4971      	ldr	r1, [pc, #452]	@ (10006558 <tud_task_ext+0x6c0>)
10006394:	009a      	lsls	r2, r3, #2
10006396:	588a      	ldr	r2, [r1, r2]
10006398:	4697      	mov	pc, r2
1000639a:	a80e      	add	r0, sp, #56	@ 0x38
1000639c:	f000 fa94 	bl	100068c8 <usbd_control_set_request>
100063a0:	4658      	mov	r0, fp
100063a2:	79a1      	ldrb	r1, [r4, #6]
100063a4:	f7ff fbb4 	bl	10005b10 <dcd_set_address>
100063a8:	2202      	movs	r2, #2
100063aa:	782b      	ldrb	r3, [r5, #0]
100063ac:	4313      	orrs	r3, r2
100063ae:	702b      	strb	r3, [r5, #0]
100063b0:	e587      	b.n	10005ec2 <tud_task_ext+0x2a>
100063b2:	88e3      	ldrh	r3, [r4, #6]
100063b4:	2b01      	cmp	r3, #1
100063b6:	d000      	beq.n	100063ba <tud_task_ext+0x522>
100063b8:	e6f0      	b.n	1000619c <tud_task_ext+0x304>
100063ba:	2208      	movs	r2, #8
100063bc:	782b      	ldrb	r3, [r5, #0]
100063be:	4658      	mov	r0, fp
100063c0:	4393      	bics	r3, r2
100063c2:	a90e      	add	r1, sp, #56	@ 0x38
100063c4:	702b      	strb	r3, [r5, #0]
100063c6:	f000 fa09 	bl	100067dc <tud_control_status>
100063ca:	e57a      	b.n	10005ec2 <tud_task_ext+0x2a>
100063cc:	2002      	movs	r0, #2
100063ce:	7829      	ldrb	r1, [r5, #0]
100063d0:	ab0c      	add	r3, sp, #48	@ 0x30
100063d2:	1c9a      	adds	r2, r3, #2
100063d4:	068b      	lsls	r3, r1, #26
100063d6:	0889      	lsrs	r1, r1, #2
100063d8:	0fdb      	lsrs	r3, r3, #31
100063da:	4001      	ands	r1, r0
100063dc:	430b      	orrs	r3, r1
100063de:	8013      	strh	r3, [r2, #0]
100063e0:	4658      	mov	r0, fp
100063e2:	2302      	movs	r3, #2
100063e4:	a90e      	add	r1, sp, #56	@ 0x38
100063e6:	f000 fa0f 	bl	10006808 <tud_control_xfer>
100063ea:	e56a      	b.n	10005ec2 <tud_task_ext+0x2a>
100063ec:	88e3      	ldrh	r3, [r4, #6]
100063ee:	2b01      	cmp	r3, #1
100063f0:	d000      	beq.n	100063f4 <tud_task_ext+0x55c>
100063f2:	e6d3      	b.n	1000619c <tud_task_ext+0x304>
100063f4:	2208      	movs	r2, #8
100063f6:	782b      	ldrb	r3, [r5, #0]
100063f8:	4313      	orrs	r3, r2
100063fa:	702b      	strb	r3, [r5, #0]
100063fc:	e723      	b.n	10006246 <tud_task_ext+0x3ae>
100063fe:	7a23      	ldrb	r3, [r4, #8]
10006400:	8922      	ldrh	r2, [r4, #8]
10006402:	2b0f      	cmp	r3, #15
10006404:	d900      	bls.n	10006408 <tud_task_ext+0x570>
10006406:	e6c9      	b.n	1000619c <tud_task_ext+0x304>
10006408:	23ff      	movs	r3, #255	@ 0xff
1000640a:	4013      	ands	r3, r2
1000640c:	4a4e      	ldr	r2, [pc, #312]	@ (10006548 <tud_task_ext+0x6b0>)
1000640e:	18eb      	adds	r3, r5, r3
10006410:	791b      	ldrb	r3, [r3, #4]
10006412:	7812      	ldrb	r2, [r2, #0]
10006414:	4293      	cmp	r3, r2
10006416:	d228      	bcs.n	1000646a <tud_task_ext+0x5d2>
10006418:	4a4d      	ldr	r2, [pc, #308]	@ (10006550 <tud_task_ext+0x6b8>)
1000641a:	015b      	lsls	r3, r3, #5
1000641c:	6815      	ldr	r5, [r2, #0]
1000641e:	18ed      	adds	r5, r5, r3
10006420:	2d00      	cmp	r5, #0
10006422:	d100      	bne.n	10006426 <tud_task_ext+0x58e>
10006424:	e6ba      	b.n	1000619c <tud_task_ext+0x304>
10006426:	6968      	ldr	r0, [r5, #20]
10006428:	f000 fa48 	bl	100068bc <usbd_control_set_complete_callback>
1000642c:	2101      	movs	r1, #1
1000642e:	4658      	mov	r0, fp
10006430:	696b      	ldr	r3, [r5, #20]
10006432:	aa0e      	add	r2, sp, #56	@ 0x38
10006434:	4798      	blx	r3
10006436:	e6c2      	b.n	100061be <tud_task_ext+0x326>
10006438:	2a00      	cmp	r2, #0
1000643a:	d000      	beq.n	1000643e <tud_task_ext+0x5a6>
1000643c:	e6ae      	b.n	1000619c <tud_task_ext+0x304>
1000643e:	2300      	movs	r3, #0
10006440:	4699      	mov	r9, r3
10006442:	7962      	ldrb	r2, [r4, #5]
10006444:	2002      	movs	r0, #2
10006446:	0013      	movs	r3, r2
10006448:	9204      	str	r2, [sp, #16]
1000644a:	4383      	bics	r3, r0
1000644c:	2b01      	cmp	r3, #1
1000644e:	d011      	beq.n	10006474 <tud_task_ext+0x5dc>
10006450:	2a00      	cmp	r2, #0
10006452:	d000      	beq.n	10006456 <tud_task_ext+0x5be>
10006454:	e6a2      	b.n	1000619c <tud_task_ext+0x304>
10006456:	002b      	movs	r3, r5
10006458:	4443      	add	r3, r8
1000645a:	4453      	add	r3, sl
1000645c:	3330      	adds	r3, #48	@ 0x30
1000645e:	791b      	ldrb	r3, [r3, #4]
10006460:	aa0c      	add	r2, sp, #48	@ 0x30
10006462:	079b      	lsls	r3, r3, #30
10006464:	0fdb      	lsrs	r3, r3, #31
10006466:	3202      	adds	r2, #2
10006468:	e7b9      	b.n	100063de <tud_task_ext+0x546>
1000646a:	4293      	cmp	r3, r2
1000646c:	d000      	beq.n	10006470 <tud_task_ext+0x5d8>
1000646e:	e695      	b.n	1000619c <tud_task_ext+0x304>
10006470:	4d36      	ldr	r5, [pc, #216]	@ (1000654c <tud_task_ext+0x6b4>)
10006472:	e7d8      	b.n	10006426 <tud_task_ext+0x58e>
10006474:	88e3      	ldrh	r3, [r4, #6]
10006476:	2b00      	cmp	r3, #0
10006478:	d112      	bne.n	100064a0 <tud_task_ext+0x608>
1000647a:	9b03      	ldr	r3, [sp, #12]
1000647c:	7818      	ldrb	r0, [r3, #0]
1000647e:	9b04      	ldr	r3, [sp, #16]
10006480:	2b01      	cmp	r3, #1
10006482:	d023      	beq.n	100064cc <tud_task_ext+0x634>
10006484:	f7ff fbfe 	bl	10005c84 <dcd_edpt_stall>
10006488:	4643      	mov	r3, r8
1000648a:	2102      	movs	r1, #2
1000648c:	18eb      	adds	r3, r5, r3
1000648e:	4453      	add	r3, sl
10006490:	3330      	adds	r3, #48	@ 0x30
10006492:	791a      	ldrb	r2, [r3, #4]
10006494:	430a      	orrs	r2, r1
10006496:	2101      	movs	r1, #1
10006498:	711a      	strb	r2, [r3, #4]
1000649a:	791a      	ldrb	r2, [r3, #4]
1000649c:	430a      	orrs	r2, r1
1000649e:	711a      	strb	r2, [r3, #4]
100064a0:	464b      	mov	r3, r9
100064a2:	2b00      	cmp	r3, #0
100064a4:	d100      	bne.n	100064a8 <tud_task_ext+0x610>
100064a6:	e50c      	b.n	10005ec2 <tud_task_ext+0x2a>
100064a8:	6958      	ldr	r0, [r3, #20]
100064aa:	f000 fa07 	bl	100068bc <usbd_control_set_complete_callback>
100064ae:	464b      	mov	r3, r9
100064b0:	2101      	movs	r1, #1
100064b2:	695b      	ldr	r3, [r3, #20]
100064b4:	aa0e      	add	r2, sp, #56	@ 0x38
100064b6:	4658      	mov	r0, fp
100064b8:	4798      	blx	r3
100064ba:	2000      	movs	r0, #0
100064bc:	f000 f9fe 	bl	100068bc <usbd_control_set_complete_callback>
100064c0:	2335      	movs	r3, #53	@ 0x35
100064c2:	5ceb      	ldrb	r3, [r5, r3]
100064c4:	07db      	lsls	r3, r3, #31
100064c6:	d500      	bpl.n	100064ca <tud_task_ext+0x632>
100064c8:	e4fb      	b.n	10005ec2 <tud_task_ext+0x2a>
100064ca:	e6bc      	b.n	10006246 <tud_task_ext+0x3ae>
100064cc:	f7ff fbf8 	bl	10005cc0 <dcd_edpt_clear_stall>
100064d0:	4643      	mov	r3, r8
100064d2:	2102      	movs	r1, #2
100064d4:	18eb      	adds	r3, r5, r3
100064d6:	4453      	add	r3, sl
100064d8:	3330      	adds	r3, #48	@ 0x30
100064da:	791a      	ldrb	r2, [r3, #4]
100064dc:	438a      	bics	r2, r1
100064de:	711a      	strb	r2, [r3, #4]
100064e0:	791a      	ldrb	r2, [r3, #4]
100064e2:	9904      	ldr	r1, [sp, #16]
100064e4:	438a      	bics	r2, r1
100064e6:	711a      	strb	r2, [r3, #4]
100064e8:	e7da      	b.n	100064a0 <tud_task_ext+0x608>
100064ea:	f7ff fc4b 	bl	10005d84 <tud_umount_cb>
100064ee:	e6aa      	b.n	10006246 <tud_task_ext+0x3ae>
100064f0:	2100      	movs	r1, #0
100064f2:	4658      	mov	r0, fp
100064f4:	f7ff fb16 	bl	10005b24 <dcd_sof_enable>
100064f8:	4658      	mov	r0, fp
100064fa:	f7ff fbad 	bl	10005c58 <dcd_edpt_close_all>
100064fe:	2200      	movs	r2, #0
10006500:	4692      	mov	sl, r2
10006502:	4a12      	ldr	r2, [pc, #72]	@ (1000654c <tud_task_ext+0x6b4>)
10006504:	78ab      	ldrb	r3, [r5, #2]
10006506:	9205      	str	r2, [sp, #20]
10006508:	4a11      	ldr	r2, [pc, #68]	@ (10006550 <tud_task_ext+0x6b8>)
1000650a:	9304      	str	r3, [sp, #16]
1000650c:	9206      	str	r2, [sp, #24]
1000650e:	002a      	movs	r2, r5
10006510:	4b0d      	ldr	r3, [pc, #52]	@ (10006548 <tud_task_ext+0x6b0>)
10006512:	4655      	mov	r5, sl
10006514:	4698      	mov	r8, r3
10006516:	4692      	mov	sl, r2
10006518:	781b      	ldrb	r3, [r3, #0]
1000651a:	e00e      	b.n	1000653a <tud_task_ext+0x6a2>
1000651c:	9b06      	ldr	r3, [sp, #24]
1000651e:	016a      	lsls	r2, r5, #5
10006520:	681b      	ldr	r3, [r3, #0]
10006522:	189b      	adds	r3, r3, r2
10006524:	2b00      	cmp	r3, #0
10006526:	d054      	beq.n	100065d2 <tud_task_ext+0x73a>
10006528:	68db      	ldr	r3, [r3, #12]
1000652a:	4658      	mov	r0, fp
1000652c:	4798      	blx	r3
1000652e:	4643      	mov	r3, r8
10006530:	3501      	adds	r5, #1
10006532:	781b      	ldrb	r3, [r3, #0]
10006534:	b2ed      	uxtb	r5, r5
10006536:	42ab      	cmp	r3, r5
10006538:	d337      	bcc.n	100065aa <tud_task_ext+0x712>
1000653a:	42ab      	cmp	r3, r5
1000653c:	d8ee      	bhi.n	1000651c <tud_task_ext+0x684>
1000653e:	9a05      	ldr	r2, [sp, #20]
10006540:	1aeb      	subs	r3, r5, r3
10006542:	015b      	lsls	r3, r3, #5
10006544:	18d3      	adds	r3, r2, r3
10006546:	e7ef      	b.n	10006528 <tud_task_ext+0x690>
10006548:	20001d28 	.word	0x20001d28
1000654c:	10008024 	.word	0x10008024
10006550:	20001498 	.word	0x20001498
10006554:	20001594 	.word	0x20001594
10006558:	10007fc8 	.word	0x10007fc8
1000655c:	ab0c      	add	r3, sp, #48	@ 0x30
1000655e:	1c9a      	adds	r2, r3, #2
10006560:	4658      	mov	r0, fp
10006562:	2301      	movs	r3, #1
10006564:	a90e      	add	r1, sp, #56	@ 0x38
10006566:	7015      	strb	r5, [r2, #0]
10006568:	f000 f94e 	bl	10006808 <tud_control_xfer>
1000656c:	e4a9      	b.n	10005ec2 <tud_task_ext+0x2a>
1000656e:	9a0b      	ldr	r2, [sp, #44]	@ 0x2c
10006570:	2a01      	cmp	r2, #1
10006572:	d04c      	beq.n	1000660e <tud_task_ext+0x776>
10006574:	2a00      	cmp	r2, #0
10006576:	d03c      	beq.n	100065f2 <tud_task_ext+0x75a>
10006578:	2300      	movs	r3, #0
1000657a:	78b0      	ldrb	r0, [r6, #2]
1000657c:	e004      	b.n	10006588 <tud_task_ext+0x6f0>
1000657e:	3301      	adds	r3, #1
10006580:	b2db      	uxtb	r3, r3
10006582:	710f      	strb	r7, [r1, #4]
10006584:	4293      	cmp	r3, r2
10006586:	d234      	bcs.n	100065f2 <tud_task_ext+0x75a>
10006588:	18c1      	adds	r1, r0, r3
1000658a:	b2c9      	uxtb	r1, r1
1000658c:	4441      	add	r1, r8
1000658e:	790d      	ldrb	r5, [r1, #4]
10006590:	2dff      	cmp	r5, #255	@ 0xff
10006592:	d0f4      	beq.n	1000657e <tud_task_ext+0x6e6>
10006594:	464e      	mov	r6, r9
10006596:	4645      	mov	r5, r8
10006598:	4657      	mov	r7, sl
1000659a:	2300      	movs	r3, #0
1000659c:	706b      	strb	r3, [r5, #1]
1000659e:	e5fd      	b.n	1000619c <tud_task_ext+0x304>
100065a0:	464e      	mov	r6, r9
100065a2:	4657      	mov	r7, sl
100065a4:	f7ff fbec 	bl	10005d80 <tud_mount_cb>
100065a8:	e64d      	b.n	10006246 <tud_task_ext+0x3ae>
100065aa:	4655      	mov	r5, sl
100065ac:	2254      	movs	r2, #84	@ 0x54
100065ae:	2100      	movs	r1, #0
100065b0:	0028      	movs	r0, r5
100065b2:	f7fd f893 	bl	100036dc <__wrap_memset>
100065b6:	2210      	movs	r2, #16
100065b8:	21ff      	movs	r1, #255	@ 0xff
100065ba:	1d28      	adds	r0, r5, #4
100065bc:	f7fd f88e 	bl	100036dc <__wrap_memset>
100065c0:	0028      	movs	r0, r5
100065c2:	2220      	movs	r2, #32
100065c4:	21ff      	movs	r1, #255	@ 0xff
100065c6:	3014      	adds	r0, #20
100065c8:	f7fd f888 	bl	100036dc <__wrap_memset>
100065cc:	9b04      	ldr	r3, [sp, #16]
100065ce:	70ab      	strb	r3, [r5, #2]
100065d0:	e661      	b.n	10006296 <tud_task_ext+0x3fe>
100065d2:	4655      	mov	r5, sl
100065d4:	e7fa      	b.n	100065cc <tud_task_ext+0x734>
100065d6:	f7ff fa11 	bl	100059fc <tud_descriptor_bos_cb>
100065da:	1e02      	subs	r2, r0, #0
100065dc:	d100      	bne.n	100065e0 <tud_task_ext+0x748>
100065de:	e5dd      	b.n	1000619c <tud_task_ext+0x304>
100065e0:	78d3      	ldrb	r3, [r2, #3]
100065e2:	7891      	ldrb	r1, [r2, #2]
100065e4:	021b      	lsls	r3, r3, #8
100065e6:	430b      	orrs	r3, r1
100065e8:	4658      	mov	r0, fp
100065ea:	a90e      	add	r1, sp, #56	@ 0x38
100065ec:	f000 f90c 	bl	10006808 <tud_control_xfer>
100065f0:	e5e5      	b.n	100061be <tud_task_ext+0x326>
100065f2:	4665      	mov	r5, ip
100065f4:	003b      	movs	r3, r7
100065f6:	0031      	movs	r1, r6
100065f8:	002a      	movs	r2, r5
100065fa:	980a      	ldr	r0, [sp, #40]	@ 0x28
100065fc:	f000 fd46 	bl	1000708c <tu_edpt_bind_driver>
10006600:	9b04      	ldr	r3, [sp, #16]
10006602:	1976      	adds	r6, r6, r5
10006604:	781b      	ldrb	r3, [r3, #0]
10006606:	42bb      	cmp	r3, r7
10006608:	d300      	bcc.n	1000660c <tud_task_ext+0x774>
1000660a:	e679      	b.n	10006300 <tud_task_ext+0x468>
1000660c:	e7c2      	b.n	10006594 <tud_task_ext+0x6fc>
1000660e:	4b17      	ldr	r3, [pc, #92]	@ (1000666c <tud_task_ext+0x7d4>)
10006610:	6929      	ldr	r1, [r5, #16]
10006612:	4299      	cmp	r1, r3
10006614:	d1b0      	bne.n	10006578 <tud_task_ext+0x6e0>
10006616:	9a07      	ldr	r2, [sp, #28]
10006618:	e7ae      	b.n	10006578 <tud_task_ext+0x6e0>
1000661a:	f7ff fbad 	bl	10005d78 <tud_descriptor_device_qualifier_cb>
1000661e:	1e02      	subs	r2, r0, #0
10006620:	d100      	bne.n	10006624 <tud_task_ext+0x78c>
10006622:	e5bb      	b.n	1000619c <tud_task_ext+0x304>
10006624:	4658      	mov	r0, fp
10006626:	7813      	ldrb	r3, [r2, #0]
10006628:	a90e      	add	r1, sp, #56	@ 0x38
1000662a:	f000 f8ed 	bl	10006808 <tud_control_xfer>
1000662e:	e5c6      	b.n	100061be <tud_task_ext+0x326>
10006630:	8921      	ldrh	r1, [r4, #8]
10006632:	f7ff f847 	bl	100056c4 <tud_descriptor_string_cb>
10006636:	1e02      	subs	r2, r0, #0
10006638:	d1f4      	bne.n	10006624 <tud_task_ext+0x78c>
1000663a:	e5af      	b.n	1000619c <tud_task_ext+0x304>
1000663c:	2b02      	cmp	r3, #2
1000663e:	d00f      	beq.n	10006660 <tud_task_ext+0x7c8>
10006640:	f7ff fb9c 	bl	10005d7c <tud_descriptor_other_speed_configuration_cb>
10006644:	1e02      	subs	r2, r0, #0
10006646:	d1cb      	bne.n	100065e0 <tud_task_ext+0x748>
10006648:	e5a8      	b.n	1000619c <tud_task_ext+0x304>
1000664a:	f7ff f833 	bl	100056b4 <tud_descriptor_device_cb>
1000664e:	1e02      	subs	r2, r0, #0
10006650:	d100      	bne.n	10006654 <tud_task_ext+0x7bc>
10006652:	e5a3      	b.n	1000619c <tud_task_ext+0x304>
10006654:	2312      	movs	r3, #18
10006656:	4658      	mov	r0, fp
10006658:	a90e      	add	r1, sp, #56	@ 0x38
1000665a:	f000 f8d5 	bl	10006808 <tud_control_xfer>
1000665e:	e5ae      	b.n	100061be <tud_task_ext+0x326>
10006660:	f7ff f82c 	bl	100056bc <tud_descriptor_configuration_cb>
10006664:	1e02      	subs	r2, r0, #0
10006666:	d1bb      	bne.n	100065e0 <tud_task_ext+0x748>
10006668:	e598      	b.n	1000619c <tud_task_ext+0x304>
1000666a:	46c0      	nop			@ (mov r8, r8)
1000666c:	10006cb5 	.word	0x10006cb5

10006670 <usbd_open_edpt_pair>:
10006670:	b5f0      	push	{r4, r5, r6, r7, lr}
10006672:	464f      	mov	r7, r9
10006674:	4646      	mov	r6, r8
10006676:	46d6      	mov	lr, sl
10006678:	b5c0      	push	{r6, r7, lr}
1000667a:	000c      	movs	r4, r1
1000667c:	0016      	movs	r6, r2
1000667e:	001f      	movs	r7, r3
10006680:	b082      	sub	sp, #8
10006682:	2a00      	cmp	r2, #0
10006684:	d03a      	beq.n	100066fc <usbd_open_edpt_pair+0x8c>
10006686:	2370      	movs	r3, #112	@ 0x70
10006688:	4698      	mov	r8, r3
1000668a:	4b1d      	ldr	r3, [pc, #116]	@ (10006700 <usbd_open_edpt_pair+0x90>)
1000668c:	2500      	movs	r5, #0
1000668e:	4699      	mov	r9, r3
10006690:	4b1c      	ldr	r3, [pc, #112]	@ (10006704 <usbd_open_edpt_pair+0x94>)
10006692:	469a      	mov	sl, r3
10006694:	e01a      	b.n	100066cc <usbd_open_edpt_pair+0x5c>
10006696:	464b      	mov	r3, r9
10006698:	781b      	ldrb	r3, [r3, #0]
1000669a:	0020      	movs	r0, r4
1000669c:	9301      	str	r3, [sp, #4]
1000669e:	4653      	mov	r3, sl
100066a0:	7899      	ldrb	r1, [r3, #2]
100066a2:	f000 fcb9 	bl	10007018 <tu_edpt_validate>
100066a6:	2800      	cmp	r0, #0
100066a8:	d01c      	beq.n	100066e4 <usbd_open_edpt_pair+0x74>
100066aa:	0021      	movs	r1, r4
100066ac:	9801      	ldr	r0, [sp, #4]
100066ae:	f7ff fa55 	bl	10005b5c <dcd_edpt_open>
100066b2:	2800      	cmp	r0, #0
100066b4:	d016      	beq.n	100066e4 <usbd_open_edpt_pair+0x74>
100066b6:	78a3      	ldrb	r3, [r4, #2]
100066b8:	09da      	lsrs	r2, r3, #7
100066ba:	2a01      	cmp	r2, #1
100066bc:	d019      	beq.n	100066f2 <usbd_open_edpt_pair+0x82>
100066be:	9a0a      	ldr	r2, [sp, #40]	@ 0x28
100066c0:	3501      	adds	r5, #1
100066c2:	7013      	strb	r3, [r2, #0]
100066c4:	42b5      	cmp	r5, r6
100066c6:	da19      	bge.n	100066fc <usbd_open_edpt_pair+0x8c>
100066c8:	7823      	ldrb	r3, [r4, #0]
100066ca:	18e4      	adds	r4, r4, r3
100066cc:	7863      	ldrb	r3, [r4, #1]
100066ce:	2b05      	cmp	r3, #5
100066d0:	d108      	bne.n	100066e4 <usbd_open_edpt_pair+0x74>
100066d2:	78e3      	ldrb	r3, [r4, #3]
100066d4:	079b      	lsls	r3, r3, #30
100066d6:	0f9b      	lsrs	r3, r3, #30
100066d8:	42bb      	cmp	r3, r7
100066da:	d103      	bne.n	100066e4 <usbd_open_edpt_pair+0x74>
100066dc:	4642      	mov	r2, r8
100066de:	78a3      	ldrb	r3, [r4, #2]
100066e0:	421a      	tst	r2, r3
100066e2:	d0d8      	beq.n	10006696 <usbd_open_edpt_pair+0x26>
100066e4:	2000      	movs	r0, #0
100066e6:	b002      	add	sp, #8
100066e8:	bce0      	pop	{r5, r6, r7}
100066ea:	46ba      	mov	sl, r7
100066ec:	46b1      	mov	r9, r6
100066ee:	46a8      	mov	r8, r5
100066f0:	bdf0      	pop	{r4, r5, r6, r7, pc}
100066f2:	9a0b      	ldr	r2, [sp, #44]	@ 0x2c
100066f4:	3501      	adds	r5, #1
100066f6:	7013      	strb	r3, [r2, #0]
100066f8:	42b5      	cmp	r5, r6
100066fa:	dbe5      	blt.n	100066c8 <usbd_open_edpt_pair+0x58>
100066fc:	2001      	movs	r0, #1
100066fe:	e7f2      	b.n	100066e6 <usbd_open_edpt_pair+0x76>
10006700:	20001024 	.word	0x20001024
10006704:	20001580 	.word	0x20001580

10006708 <usbd_edpt_open>:
10006708:	2270      	movs	r2, #112	@ 0x70
1000670a:	b570      	push	{r4, r5, r6, lr}
1000670c:	788b      	ldrb	r3, [r1, #2]
1000670e:	000c      	movs	r4, r1
10006710:	421a      	tst	r2, r3
10006712:	d001      	beq.n	10006718 <usbd_edpt_open+0x10>
10006714:	2000      	movs	r0, #0
10006716:	bd70      	pop	{r4, r5, r6, pc}
10006718:	4b06      	ldr	r3, [pc, #24]	@ (10006734 <usbd_edpt_open+0x2c>)
1000671a:	0020      	movs	r0, r4
1000671c:	781d      	ldrb	r5, [r3, #0]
1000671e:	4b06      	ldr	r3, [pc, #24]	@ (10006738 <usbd_edpt_open+0x30>)
10006720:	7899      	ldrb	r1, [r3, #2]
10006722:	f000 fc79 	bl	10007018 <tu_edpt_validate>
10006726:	2800      	cmp	r0, #0
10006728:	d0f4      	beq.n	10006714 <usbd_edpt_open+0xc>
1000672a:	0021      	movs	r1, r4
1000672c:	0028      	movs	r0, r5
1000672e:	f7ff fa15 	bl	10005b5c <dcd_edpt_open>
10006732:	e7f0      	b.n	10006716 <usbd_edpt_open+0xe>
10006734:	20001024 	.word	0x20001024
10006738:	20001580 	.word	0x20001580

1000673c <usbd_edpt_claim>:
1000673c:	207f      	movs	r0, #127	@ 0x7f
1000673e:	4b07      	ldr	r3, [pc, #28]	@ (1000675c <usbd_edpt_claim+0x20>)
10006740:	b510      	push	{r4, lr}
10006742:	681a      	ldr	r2, [r3, #0]
10006744:	4008      	ands	r0, r1
10006746:	09cb      	lsrs	r3, r1, #7
10006748:	3334      	adds	r3, #52	@ 0x34
1000674a:	0040      	lsls	r0, r0, #1
1000674c:	18c0      	adds	r0, r0, r3
1000674e:	4b04      	ldr	r3, [pc, #16]	@ (10006760 <usbd_edpt_claim+0x24>)
10006750:	0011      	movs	r1, r2
10006752:	18c0      	adds	r0, r0, r3
10006754:	f000 fc1c 	bl	10006f90 <tu_edpt_claim>
10006758:	bd10      	pop	{r4, pc}
1000675a:	46c0      	nop			@ (mov r8, r8)
1000675c:	200015d4 	.word	0x200015d4
10006760:	20001580 	.word	0x20001580

10006764 <usbd_edpt_release>:
10006764:	207f      	movs	r0, #127	@ 0x7f
10006766:	4b07      	ldr	r3, [pc, #28]	@ (10006784 <usbd_edpt_release+0x20>)
10006768:	b510      	push	{r4, lr}
1000676a:	681a      	ldr	r2, [r3, #0]
1000676c:	4008      	ands	r0, r1
1000676e:	09cb      	lsrs	r3, r1, #7
10006770:	3334      	adds	r3, #52	@ 0x34
10006772:	0040      	lsls	r0, r0, #1
10006774:	18c0      	adds	r0, r0, r3
10006776:	4b04      	ldr	r3, [pc, #16]	@ (10006788 <usbd_edpt_release+0x24>)
10006778:	0011      	movs	r1, r2
1000677a:	18c0      	adds	r0, r0, r3
1000677c:	f000 fc30 	bl	10006fe0 <tu_edpt_release>
10006780:	bd10      	pop	{r4, pc}
10006782:	46c0      	nop			@ (mov r8, r8)
10006784:	200015d4 	.word	0x200015d4
10006788:	20001580 	.word	0x20001580

1000678c <usbd_edpt_xfer>:
1000678c:	b570      	push	{r4, r5, r6, lr}
1000678e:	247f      	movs	r4, #127	@ 0x7f
10006790:	09c8      	lsrs	r0, r1, #7
10006792:	4684      	mov	ip, r0
10006794:	400c      	ands	r4, r1
10006796:	480f      	ldr	r0, [pc, #60]	@ (100067d4 <usbd_edpt_xfer+0x48>)
10006798:	0064      	lsls	r4, r4, #1
1000679a:	1904      	adds	r4, r0, r4
1000679c:	4464      	add	r4, ip
1000679e:	3430      	adds	r4, #48	@ 0x30
100067a0:	7920      	ldrb	r0, [r4, #4]
100067a2:	07c0      	lsls	r0, r0, #31
100067a4:	d501      	bpl.n	100067aa <usbd_edpt_xfer+0x1e>
100067a6:	2000      	movs	r0, #0
100067a8:	bd70      	pop	{r4, r5, r6, pc}
100067aa:	480b      	ldr	r0, [pc, #44]	@ (100067d8 <usbd_edpt_xfer+0x4c>)
100067ac:	2501      	movs	r5, #1
100067ae:	7800      	ldrb	r0, [r0, #0]
100067b0:	4684      	mov	ip, r0
100067b2:	7920      	ldrb	r0, [r4, #4]
100067b4:	4328      	orrs	r0, r5
100067b6:	7120      	strb	r0, [r4, #4]
100067b8:	4660      	mov	r0, ip
100067ba:	f7ff fa51 	bl	10005c60 <dcd_edpt_xfer>
100067be:	2800      	cmp	r0, #0
100067c0:	d1f2      	bne.n	100067a8 <usbd_edpt_xfer+0x1c>
100067c2:	2201      	movs	r2, #1
100067c4:	7923      	ldrb	r3, [r4, #4]
100067c6:	4393      	bics	r3, r2
100067c8:	7123      	strb	r3, [r4, #4]
100067ca:	7923      	ldrb	r3, [r4, #4]
100067cc:	3203      	adds	r2, #3
100067ce:	4393      	bics	r3, r2
100067d0:	7123      	strb	r3, [r4, #4]
100067d2:	e7e8      	b.n	100067a6 <usbd_edpt_xfer+0x1a>
100067d4:	20001580 	.word	0x20001580
100067d8:	20001024 	.word	0x20001024

100067dc <tud_control_status>:
100067dc:	b570      	push	{r4, r5, r6, lr}
100067de:	4c09      	ldr	r4, [pc, #36]	@ (10006804 <tud_control_status+0x28>)
100067e0:	0006      	movs	r6, r0
100067e2:	2208      	movs	r2, #8
100067e4:	0020      	movs	r0, r4
100067e6:	000d      	movs	r5, r1
100067e8:	f7fc ff7e 	bl	100036e8 <__wrap___aeabi_memcpy>
100067ec:	2300      	movs	r3, #0
100067ee:	2180      	movs	r1, #128	@ 0x80
100067f0:	60e3      	str	r3, [r4, #12]
100067f2:	60a3      	str	r3, [r4, #8]
100067f4:	782b      	ldrb	r3, [r5, #0]
100067f6:	0030      	movs	r0, r6
100067f8:	4399      	bics	r1, r3
100067fa:	2200      	movs	r2, #0
100067fc:	2300      	movs	r3, #0
100067fe:	f7ff ffc5 	bl	1000678c <usbd_edpt_xfer>
10006802:	bd70      	pop	{r4, r5, r6, pc}
10006804:	20001560 	.word	0x20001560

10006808 <tud_control_xfer>:
10006808:	b5f0      	push	{r4, r5, r6, r7, lr}
1000680a:	46c6      	mov	lr, r8
1000680c:	4c24      	ldr	r4, [pc, #144]	@ (100068a0 <tud_control_xfer+0x98>)
1000680e:	0017      	movs	r7, r2
10006810:	4680      	mov	r8, r0
10006812:	2208      	movs	r2, #8
10006814:	0020      	movs	r0, r4
10006816:	b500      	push	{lr}
10006818:	000d      	movs	r5, r1
1000681a:	001e      	movs	r6, r3
1000681c:	f7fc ff64 	bl	100036e8 <__wrap___aeabi_memcpy>
10006820:	2300      	movs	r3, #0
10006822:	60a7      	str	r7, [r4, #8]
10006824:	81e3      	strh	r3, [r4, #14]
10006826:	79eb      	ldrb	r3, [r5, #7]
10006828:	79aa      	ldrb	r2, [r5, #6]
1000682a:	021b      	lsls	r3, r3, #8
1000682c:	4313      	orrs	r3, r2
1000682e:	1c1a      	adds	r2, r3, #0
10006830:	42b3      	cmp	r3, r6
10006832:	d900      	bls.n	10006836 <tud_control_xfer+0x2e>
10006834:	1c32      	adds	r2, r6, #0
10006836:	b296      	uxth	r6, r2
10006838:	81a2      	strh	r2, [r4, #12]
1000683a:	2b00      	cmp	r3, #0
1000683c:	d00c      	beq.n	10006858 <tud_control_xfer+0x50>
1000683e:	2e00      	cmp	r6, #0
10006840:	d015      	beq.n	1000686e <tud_control_xfer+0x66>
10006842:	2f00      	cmp	r7, #0
10006844:	d02a      	beq.n	1000689c <tud_control_xfer+0x94>
10006846:	2e40      	cmp	r6, #64	@ 0x40
10006848:	d81a      	bhi.n	10006880 <tud_control_xfer+0x78>
1000684a:	7823      	ldrb	r3, [r4, #0]
1000684c:	b296      	uxth	r6, r2
1000684e:	2b7f      	cmp	r3, #127	@ 0x7f
10006850:	d81b      	bhi.n	1000688a <tud_control_xfer+0x82>
10006852:	2100      	movs	r1, #0
10006854:	4a13      	ldr	r2, [pc, #76]	@ (100068a4 <tud_control_xfer+0x9c>)
10006856:	e00e      	b.n	10006876 <tud_control_xfer+0x6e>
10006858:	2180      	movs	r1, #128	@ 0x80
1000685a:	782b      	ldrb	r3, [r5, #0]
1000685c:	2200      	movs	r2, #0
1000685e:	4399      	bics	r1, r3
10006860:	4640      	mov	r0, r8
10006862:	2300      	movs	r3, #0
10006864:	f7ff ff92 	bl	1000678c <usbd_edpt_xfer>
10006868:	bc80      	pop	{r7}
1000686a:	46b8      	mov	r8, r7
1000686c:	bdf0      	pop	{r4, r5, r6, r7, pc}
1000686e:	237f      	movs	r3, #127	@ 0x7f
10006870:	2200      	movs	r2, #0
10006872:	7821      	ldrb	r1, [r4, #0]
10006874:	4399      	bics	r1, r3
10006876:	0033      	movs	r3, r6
10006878:	4640      	mov	r0, r8
1000687a:	f7ff ff87 	bl	1000678c <usbd_edpt_xfer>
1000687e:	e7f3      	b.n	10006868 <tud_control_xfer+0x60>
10006880:	2240      	movs	r2, #64	@ 0x40
10006882:	7823      	ldrb	r3, [r4, #0]
10006884:	b296      	uxth	r6, r2
10006886:	2b7f      	cmp	r3, #127	@ 0x7f
10006888:	d9e3      	bls.n	10006852 <tud_control_xfer+0x4a>
1000688a:	4c06      	ldr	r4, [pc, #24]	@ (100068a4 <tud_control_xfer+0x9c>)
1000688c:	0032      	movs	r2, r6
1000688e:	0039      	movs	r1, r7
10006890:	0020      	movs	r0, r4
10006892:	f7fc ff29 	bl	100036e8 <__wrap___aeabi_memcpy>
10006896:	2180      	movs	r1, #128	@ 0x80
10006898:	0022      	movs	r2, r4
1000689a:	e7ec      	b.n	10006876 <tud_control_xfer+0x6e>
1000689c:	2000      	movs	r0, #0
1000689e:	e7e3      	b.n	10006868 <tud_control_xfer+0x60>
100068a0:	20001560 	.word	0x20001560
100068a4:	20001520 	.word	0x20001520

100068a8 <usbd_control_reset>:
100068a8:	b510      	push	{r4, lr}
100068aa:	2214      	movs	r2, #20
100068ac:	2100      	movs	r1, #0
100068ae:	4802      	ldr	r0, [pc, #8]	@ (100068b8 <usbd_control_reset+0x10>)
100068b0:	f7fc ff14 	bl	100036dc <__wrap_memset>
100068b4:	bd10      	pop	{r4, pc}
100068b6:	46c0      	nop			@ (mov r8, r8)
100068b8:	20001560 	.word	0x20001560

100068bc <usbd_control_set_complete_callback>:
100068bc:	4b01      	ldr	r3, [pc, #4]	@ (100068c4 <usbd_control_set_complete_callback+0x8>)
100068be:	6118      	str	r0, [r3, #16]
100068c0:	4770      	bx	lr
100068c2:	46c0      	nop			@ (mov r8, r8)
100068c4:	20001560 	.word	0x20001560

100068c8 <usbd_control_set_request>:
100068c8:	b510      	push	{r4, lr}
100068ca:	4c05      	ldr	r4, [pc, #20]	@ (100068e0 <usbd_control_set_request+0x18>)
100068cc:	0001      	movs	r1, r0
100068ce:	2208      	movs	r2, #8
100068d0:	0020      	movs	r0, r4
100068d2:	f7fc ff09 	bl	100036e8 <__wrap___aeabi_memcpy>
100068d6:	2300      	movs	r3, #0
100068d8:	60a3      	str	r3, [r4, #8]
100068da:	60e3      	str	r3, [r4, #12]
100068dc:	bd10      	pop	{r4, pc}
100068de:	46c0      	nop			@ (mov r8, r8)
100068e0:	20001560 	.word	0x20001560

100068e4 <usbd_control_xfer_cb>:
100068e4:	b570      	push	{r4, r5, r6, lr}
100068e6:	4c37      	ldr	r4, [pc, #220]	@ (100069c4 <usbd_control_xfer_cb+0xe0>)
100068e8:	001d      	movs	r5, r3
100068ea:	7823      	ldrb	r3, [r4, #0]
100068ec:	0006      	movs	r6, r0
100068ee:	09da      	lsrs	r2, r3, #7
100068f0:	09c9      	lsrs	r1, r1, #7
100068f2:	428a      	cmp	r2, r1
100068f4:	d010      	beq.n	10006918 <usbd_control_xfer_cb+0x34>
100068f6:	2000      	movs	r0, #0
100068f8:	2d00      	cmp	r5, #0
100068fa:	d000      	beq.n	100068fe <usbd_control_xfer_cb+0x1a>
100068fc:	bd70      	pop	{r4, r5, r6, pc}
100068fe:	0021      	movs	r1, r4
10006900:	0030      	movs	r0, r6
10006902:	f7ff f91d 	bl	10005b40 <dcd_edpt0_status_complete>
10006906:	6923      	ldr	r3, [r4, #16]
10006908:	2b00      	cmp	r3, #0
1000690a:	d003      	beq.n	10006914 <usbd_control_xfer_cb+0x30>
1000690c:	0022      	movs	r2, r4
1000690e:	2103      	movs	r1, #3
10006910:	0030      	movs	r0, r6
10006912:	4798      	blx	r3
10006914:	2001      	movs	r0, #1
10006916:	e7f1      	b.n	100068fc <usbd_control_xfer_cb+0x18>
10006918:	2b7f      	cmp	r3, #127	@ 0x7f
1000691a:	d806      	bhi.n	1000692a <usbd_control_xfer_cb+0x46>
1000691c:	68a0      	ldr	r0, [r4, #8]
1000691e:	2800      	cmp	r0, #0
10006920:	d0ec      	beq.n	100068fc <usbd_control_xfer_cb+0x18>
10006922:	002a      	movs	r2, r5
10006924:	4928      	ldr	r1, [pc, #160]	@ (100069c8 <usbd_control_xfer_cb+0xe4>)
10006926:	f7fc fedf 	bl	100036e8 <__wrap___aeabi_memcpy>
1000692a:	89e2      	ldrh	r2, [r4, #14]
1000692c:	68a1      	ldr	r1, [r4, #8]
1000692e:	1952      	adds	r2, r2, r5
10006930:	88e3      	ldrh	r3, [r4, #6]
10006932:	b292      	uxth	r2, r2
10006934:	1949      	adds	r1, r1, r5
10006936:	81e2      	strh	r2, [r4, #14]
10006938:	60a1      	str	r1, [r4, #8]
1000693a:	4293      	cmp	r3, r2
1000693c:	d014      	beq.n	10006968 <usbd_control_xfer_cb+0x84>
1000693e:	2d3f      	cmp	r5, #63	@ 0x3f
10006940:	d912      	bls.n	10006968 <usbd_control_xfer_cb+0x84>
10006942:	89a3      	ldrh	r3, [r4, #12]
10006944:	1a98      	subs	r0, r3, r2
10006946:	1c05      	adds	r5, r0, #0
10006948:	b280      	uxth	r0, r0
1000694a:	2840      	cmp	r0, #64	@ 0x40
1000694c:	d828      	bhi.n	100069a0 <usbd_control_xfer_cb+0xbc>
1000694e:	7820      	ldrb	r0, [r4, #0]
10006950:	b2ad      	uxth	r5, r5
10006952:	287f      	cmp	r0, #127	@ 0x7f
10006954:	d826      	bhi.n	100069a4 <usbd_control_xfer_cb+0xc0>
10006956:	2100      	movs	r1, #0
10006958:	429a      	cmp	r2, r3
1000695a:	d030      	beq.n	100069be <usbd_control_xfer_cb+0xda>
1000695c:	4a1a      	ldr	r2, [pc, #104]	@ (100069c8 <usbd_control_xfer_cb+0xe4>)
1000695e:	002b      	movs	r3, r5
10006960:	0030      	movs	r0, r6
10006962:	f7ff ff13 	bl	1000678c <usbd_edpt_xfer>
10006966:	e7c9      	b.n	100068fc <usbd_control_xfer_cb+0x18>
10006968:	6923      	ldr	r3, [r4, #16]
1000696a:	2b00      	cmp	r3, #0
1000696c:	d005      	beq.n	1000697a <usbd_control_xfer_cb+0x96>
1000696e:	0022      	movs	r2, r4
10006970:	2102      	movs	r1, #2
10006972:	0030      	movs	r0, r6
10006974:	4798      	blx	r3
10006976:	2800      	cmp	r0, #0
10006978:	d008      	beq.n	1000698c <usbd_control_xfer_cb+0xa8>
1000697a:	2180      	movs	r1, #128	@ 0x80
1000697c:	7823      	ldrb	r3, [r4, #0]
1000697e:	2200      	movs	r2, #0
10006980:	4399      	bics	r1, r3
10006982:	0030      	movs	r0, r6
10006984:	2300      	movs	r3, #0
10006986:	f7ff ff01 	bl	1000678c <usbd_edpt_xfer>
1000698a:	e7b7      	b.n	100068fc <usbd_control_xfer_cb+0x18>
1000698c:	2100      	movs	r1, #0
1000698e:	0030      	movs	r0, r6
10006990:	f7ff f978 	bl	10005c84 <dcd_edpt_stall>
10006994:	0030      	movs	r0, r6
10006996:	2180      	movs	r1, #128	@ 0x80
10006998:	f7ff f974 	bl	10005c84 <dcd_edpt_stall>
1000699c:	2001      	movs	r0, #1
1000699e:	e7ad      	b.n	100068fc <usbd_control_xfer_cb+0x18>
100069a0:	2540      	movs	r5, #64	@ 0x40
100069a2:	e7d4      	b.n	1000694e <usbd_control_xfer_cb+0x6a>
100069a4:	429a      	cmp	r2, r3
100069a6:	d007      	beq.n	100069b8 <usbd_control_xfer_cb+0xd4>
100069a8:	4c07      	ldr	r4, [pc, #28]	@ (100069c8 <usbd_control_xfer_cb+0xe4>)
100069aa:	002a      	movs	r2, r5
100069ac:	0020      	movs	r0, r4
100069ae:	f7fc fe9b 	bl	100036e8 <__wrap___aeabi_memcpy>
100069b2:	2180      	movs	r1, #128	@ 0x80
100069b4:	0022      	movs	r2, r4
100069b6:	e7d2      	b.n	1000695e <usbd_control_xfer_cb+0x7a>
100069b8:	2180      	movs	r1, #128	@ 0x80
100069ba:	2200      	movs	r2, #0
100069bc:	e7cf      	b.n	1000695e <usbd_control_xfer_cb+0x7a>
100069be:	2200      	movs	r2, #0
100069c0:	e7cd      	b.n	1000695e <usbd_control_xfer_cb+0x7a>
100069c2:	46c0      	nop			@ (mov r8, r8)
100069c4:	20001560 	.word	0x20001560
100069c8:	20001520 	.word	0x20001520

100069cc <_prep_out_transaction.isra.0>:
100069cc:	b570      	push	{r4, r5, r6, lr}
100069ce:	0004      	movs	r4, r0
100069d0:	f7ff f9de 	bl	10005d90 <tud_mounted>
100069d4:	2800      	cmp	r0, #0
100069d6:	d100      	bne.n	100069da <_prep_out_transaction.isra.0+0xe>
100069d8:	bd70      	pop	{r4, r5, r6, pc}
100069da:	f7ff f9e1 	bl	10005da0 <tud_suspended>
100069de:	2800      	cmp	r0, #0
100069e0:	d1fa      	bne.n	100069d8 <_prep_out_transaction.isra.0+0xc>
100069e2:	23c8      	movs	r3, #200	@ 0xc8
100069e4:	4363      	muls	r3, r4
100069e6:	4a12      	ldr	r2, [pc, #72]	@ (10006a30 <_prep_out_transaction.isra.0+0x64>)
100069e8:	0025      	movs	r5, r4
100069ea:	18d4      	adds	r4, r2, r3
100069ec:	78e1      	ldrb	r1, [r4, #3]
100069ee:	2900      	cmp	r1, #0
100069f0:	d0f2      	beq.n	100069d8 <_prep_out_transaction.isra.0+0xc>
100069f2:	3310      	adds	r3, #16
100069f4:	189e      	adds	r6, r3, r2
100069f6:	0030      	movs	r0, r6
100069f8:	f000 fbb6 	bl	10007168 <tu_fifo_remaining>
100069fc:	283f      	cmp	r0, #63	@ 0x3f
100069fe:	d9eb      	bls.n	100069d8 <_prep_out_transaction.isra.0+0xc>
10006a00:	2000      	movs	r0, #0
10006a02:	78e1      	ldrb	r1, [r4, #3]
10006a04:	f7ff fe9a 	bl	1000673c <usbd_edpt_claim>
10006a08:	2800      	cmp	r0, #0
10006a0a:	d0e5      	beq.n	100069d8 <_prep_out_transaction.isra.0+0xc>
10006a0c:	0030      	movs	r0, r6
10006a0e:	f000 fbab 	bl	10007168 <tu_fifo_remaining>
10006a12:	78e1      	ldrb	r1, [r4, #3]
10006a14:	283f      	cmp	r0, #63	@ 0x3f
10006a16:	d907      	bls.n	10006a28 <_prep_out_transaction.isra.0+0x5c>
10006a18:	4b06      	ldr	r3, [pc, #24]	@ (10006a34 <_prep_out_transaction.isra.0+0x68>)
10006a1a:	01ea      	lsls	r2, r5, #7
10006a1c:	18d2      	adds	r2, r2, r3
10006a1e:	2000      	movs	r0, #0
10006a20:	2340      	movs	r3, #64	@ 0x40
10006a22:	f7ff feb3 	bl	1000678c <usbd_edpt_xfer>
10006a26:	e7d7      	b.n	100069d8 <_prep_out_transaction.isra.0+0xc>
10006a28:	2000      	movs	r0, #0
10006a2a:	f7ff fe9b 	bl	10006764 <usbd_edpt_release>
10006a2e:	e7d3      	b.n	100069d8 <_prep_out_transaction.isra.0+0xc>
10006a30:	20001040 	.word	0x20001040
10006a34:	2000149c 	.word	0x2000149c

10006a38 <tud_cdc_n_connected>:
10006a38:	b510      	push	{r4, lr}
10006a3a:	0004      	movs	r4, r0
10006a3c:	f7ff f9a8 	bl	10005d90 <tud_mounted>
10006a40:	2800      	cmp	r0, #0
10006a42:	d101      	bne.n	10006a48 <tud_cdc_n_connected+0x10>
10006a44:	2000      	movs	r0, #0
10006a46:	bd10      	pop	{r4, pc}
10006a48:	f7ff f9aa 	bl	10005da0 <tud_suspended>
10006a4c:	2800      	cmp	r0, #0
10006a4e:	d1f9      	bne.n	10006a44 <tud_cdc_n_connected+0xc>
10006a50:	22c8      	movs	r2, #200	@ 0xc8
10006a52:	4362      	muls	r2, r4
10006a54:	4b02      	ldr	r3, [pc, #8]	@ (10006a60 <tud_cdc_n_connected+0x28>)
10006a56:	3001      	adds	r0, #1
10006a58:	189b      	adds	r3, r3, r2
10006a5a:	791b      	ldrb	r3, [r3, #4]
10006a5c:	4018      	ands	r0, r3
10006a5e:	e7f2      	b.n	10006a46 <tud_cdc_n_connected+0xe>
10006a60:	20001040 	.word	0x20001040

10006a64 <tud_cdc_n_available>:
10006a64:	23c8      	movs	r3, #200	@ 0xc8
10006a66:	b510      	push	{r4, lr}
10006a68:	4343      	muls	r3, r0
10006a6a:	4802      	ldr	r0, [pc, #8]	@ (10006a74 <tud_cdc_n_available+0x10>)
10006a6c:	1818      	adds	r0, r3, r0
10006a6e:	f000 fb5d 	bl	1000712c <tu_fifo_count>
10006a72:	bd10      	pop	{r4, pc}
10006a74:	20001050 	.word	0x20001050

10006a78 <tud_cdc_n_read>:
10006a78:	b5f8      	push	{r3, r4, r5, r6, r7, lr}
10006a7a:	23c8      	movs	r3, #200	@ 0xc8
10006a7c:	4343      	muls	r3, r0
10006a7e:	4d1d      	ldr	r5, [pc, #116]	@ (10006af4 <tud_cdc_n_read+0x7c>)
10006a80:	3310      	adds	r3, #16
10006a82:	18ee      	adds	r6, r5, r3
10006a84:	2380      	movs	r3, #128	@ 0x80
10006a86:	0004      	movs	r4, r0
10006a88:	025b      	lsls	r3, r3, #9
10006a8a:	429a      	cmp	r2, r3
10006a8c:	d300      	bcc.n	10006a90 <tud_cdc_n_read+0x18>
10006a8e:	4a1a      	ldr	r2, [pc, #104]	@ (10006af8 <tud_cdc_n_read+0x80>)
10006a90:	0030      	movs	r0, r6
10006a92:	b292      	uxth	r2, r2
10006a94:	f000 fbcc 	bl	10007230 <tu_fifo_read_n>
10006a98:	0007      	movs	r7, r0
10006a9a:	f7ff f979 	bl	10005d90 <tud_mounted>
10006a9e:	2800      	cmp	r0, #0
10006aa0:	d101      	bne.n	10006aa6 <tud_cdc_n_read+0x2e>
10006aa2:	0038      	movs	r0, r7
10006aa4:	bdf8      	pop	{r3, r4, r5, r6, r7, pc}
10006aa6:	f7ff f97b 	bl	10005da0 <tud_suspended>
10006aaa:	2800      	cmp	r0, #0
10006aac:	d1f9      	bne.n	10006aa2 <tud_cdc_n_read+0x2a>
10006aae:	23c8      	movs	r3, #200	@ 0xc8
10006ab0:	4363      	muls	r3, r4
10006ab2:	18ed      	adds	r5, r5, r3
10006ab4:	78eb      	ldrb	r3, [r5, #3]
10006ab6:	2b00      	cmp	r3, #0
10006ab8:	d0f3      	beq.n	10006aa2 <tud_cdc_n_read+0x2a>
10006aba:	0030      	movs	r0, r6
10006abc:	f000 fb54 	bl	10007168 <tu_fifo_remaining>
10006ac0:	283f      	cmp	r0, #63	@ 0x3f
10006ac2:	d9ee      	bls.n	10006aa2 <tud_cdc_n_read+0x2a>
10006ac4:	2000      	movs	r0, #0
10006ac6:	78e9      	ldrb	r1, [r5, #3]
10006ac8:	f7ff fe38 	bl	1000673c <usbd_edpt_claim>
10006acc:	2800      	cmp	r0, #0
10006ace:	d0e8      	beq.n	10006aa2 <tud_cdc_n_read+0x2a>
10006ad0:	0030      	movs	r0, r6
10006ad2:	f000 fb49 	bl	10007168 <tu_fifo_remaining>
10006ad6:	78e9      	ldrb	r1, [r5, #3]
10006ad8:	283f      	cmp	r0, #63	@ 0x3f
10006ada:	d907      	bls.n	10006aec <tud_cdc_n_read+0x74>
10006adc:	4b07      	ldr	r3, [pc, #28]	@ (10006afc <tud_cdc_n_read+0x84>)
10006ade:	01e2      	lsls	r2, r4, #7
10006ae0:	18d2      	adds	r2, r2, r3
10006ae2:	2000      	movs	r0, #0
10006ae4:	2340      	movs	r3, #64	@ 0x40
10006ae6:	f7ff fe51 	bl	1000678c <usbd_edpt_xfer>
10006aea:	e7da      	b.n	10006aa2 <tud_cdc_n_read+0x2a>
10006aec:	2000      	movs	r0, #0
10006aee:	f7ff fe39 	bl	10006764 <usbd_edpt_release>
10006af2:	e7d6      	b.n	10006aa2 <tud_cdc_n_read+0x2a>
10006af4:	20001040 	.word	0x20001040
10006af8:	0000ffff 	.word	0x0000ffff
10006afc:	2000149c 	.word	0x2000149c

10006b00 <tud_cdc_n_write_flush>:
10006b00:	b5f8      	push	{r3, r4, r5, r6, r7, lr}
10006b02:	0004      	movs	r4, r0
10006b04:	f7ff f944 	bl	10005d90 <tud_mounted>
10006b08:	2800      	cmp	r0, #0
10006b0a:	d101      	bne.n	10006b10 <tud_cdc_n_write_flush+0x10>
10006b0c:	2000      	movs	r0, #0
10006b0e:	bdf8      	pop	{r3, r4, r5, r6, r7, pc}
10006b10:	f7ff f946 	bl	10005da0 <tud_suspended>
10006b14:	2800      	cmp	r0, #0
10006b16:	d1f9      	bne.n	10006b0c <tud_cdc_n_write_flush+0xc>
10006b18:	23c8      	movs	r3, #200	@ 0xc8
10006b1a:	0025      	movs	r5, r4
10006b1c:	435d      	muls	r5, r3
10006b1e:	002b      	movs	r3, r5
10006b20:	4e13      	ldr	r6, [pc, #76]	@ (10006b70 <tud_cdc_n_write_flush+0x70>)
10006b22:	3324      	adds	r3, #36	@ 0x24
10006b24:	18f7      	adds	r7, r6, r3
10006b26:	0038      	movs	r0, r7
10006b28:	f000 fb00 	bl	1000712c <tu_fifo_count>
10006b2c:	2800      	cmp	r0, #0
10006b2e:	d0ed      	beq.n	10006b0c <tud_cdc_n_write_flush+0xc>
10006b30:	1975      	adds	r5, r6, r5
10006b32:	2000      	movs	r0, #0
10006b34:	78a9      	ldrb	r1, [r5, #2]
10006b36:	f7ff fe01 	bl	1000673c <usbd_edpt_claim>
10006b3a:	2800      	cmp	r0, #0
10006b3c:	d0e6      	beq.n	10006b0c <tud_cdc_n_write_flush+0xc>
10006b3e:	4a0d      	ldr	r2, [pc, #52]	@ (10006b74 <tud_cdc_n_write_flush+0x74>)
10006b40:	01e3      	lsls	r3, r4, #7
10006b42:	189c      	adds	r4, r3, r2
10006b44:	0021      	movs	r1, r4
10006b46:	2240      	movs	r2, #64	@ 0x40
10006b48:	0038      	movs	r0, r7
10006b4a:	f000 fb71 	bl	10007230 <tu_fifo_read_n>
10006b4e:	78a9      	ldrb	r1, [r5, #2]
10006b50:	0003      	movs	r3, r0
10006b52:	1e05      	subs	r5, r0, #0
10006b54:	d007      	beq.n	10006b66 <tud_cdc_n_write_flush+0x66>
10006b56:	0022      	movs	r2, r4
10006b58:	2000      	movs	r0, #0
10006b5a:	f7ff fe17 	bl	1000678c <usbd_edpt_xfer>
10006b5e:	2800      	cmp	r0, #0
10006b60:	d0d4      	beq.n	10006b0c <tud_cdc_n_write_flush+0xc>
10006b62:	0028      	movs	r0, r5
10006b64:	e7d3      	b.n	10006b0e <tud_cdc_n_write_flush+0xe>
10006b66:	2000      	movs	r0, #0
10006b68:	f7ff fdfc 	bl	10006764 <usbd_edpt_release>
10006b6c:	e7ce      	b.n	10006b0c <tud_cdc_n_write_flush+0xc>
10006b6e:	46c0      	nop			@ (mov r8, r8)
10006b70:	20001040 	.word	0x20001040
10006b74:	200014dc 	.word	0x200014dc

10006b78 <tud_cdc_n_write>:
10006b78:	b570      	push	{r4, r5, r6, lr}
10006b7a:	24c8      	movs	r4, #200	@ 0xc8
10006b7c:	4344      	muls	r4, r0
10006b7e:	4b0c      	ldr	r3, [pc, #48]	@ (10006bb0 <tud_cdc_n_write+0x38>)
10006b80:	0005      	movs	r5, r0
10006b82:	18e4      	adds	r4, r4, r3
10006b84:	2380      	movs	r3, #128	@ 0x80
10006b86:	025b      	lsls	r3, r3, #9
10006b88:	429a      	cmp	r2, r3
10006b8a:	d300      	bcc.n	10006b8e <tud_cdc_n_write+0x16>
10006b8c:	4a09      	ldr	r2, [pc, #36]	@ (10006bb4 <tud_cdc_n_write+0x3c>)
10006b8e:	0020      	movs	r0, r4
10006b90:	b292      	uxth	r2, r2
10006b92:	f000 fc15 	bl	100073c0 <tu_fifo_write_n>
10006b96:	0006      	movs	r6, r0
10006b98:	0020      	movs	r0, r4
10006b9a:	f000 fac7 	bl	1000712c <tu_fifo_count>
10006b9e:	283f      	cmp	r0, #63	@ 0x3f
10006ba0:	d801      	bhi.n	10006ba6 <tud_cdc_n_write+0x2e>
10006ba2:	0030      	movs	r0, r6
10006ba4:	bd70      	pop	{r4, r5, r6, pc}
10006ba6:	0028      	movs	r0, r5
10006ba8:	f7ff ffaa 	bl	10006b00 <tud_cdc_n_write_flush>
10006bac:	e7f9      	b.n	10006ba2 <tud_cdc_n_write+0x2a>
10006bae:	46c0      	nop			@ (mov r8, r8)
10006bb0:	20001064 	.word	0x20001064
10006bb4:	0000ffff 	.word	0x0000ffff

10006bb8 <tud_cdc_n_write_available>:
10006bb8:	23c8      	movs	r3, #200	@ 0xc8
10006bba:	b510      	push	{r4, lr}
10006bbc:	4343      	muls	r3, r0
10006bbe:	4802      	ldr	r0, [pc, #8]	@ (10006bc8 <tud_cdc_n_write_available+0x10>)
10006bc0:	1818      	adds	r0, r3, r0
10006bc2:	f000 fad1 	bl	10007168 <tu_fifo_remaining>
10006bc6:	bd10      	pop	{r4, pc}
10006bc8:	20001064 	.word	0x20001064

10006bcc <cdcd_init>:
10006bcc:	b5f0      	push	{r4, r5, r6, r7, lr}
10006bce:	2500      	movs	r5, #0
10006bd0:	4c18      	ldr	r4, [pc, #96]	@ (10006c34 <cdcd_init+0x68>)
10006bd2:	b083      	sub	sp, #12
10006bd4:	22c8      	movs	r2, #200	@ 0xc8
10006bd6:	2100      	movs	r1, #0
10006bd8:	0020      	movs	r0, r4
10006bda:	f7fc fd7f 	bl	100036dc <__wrap_memset>
10006bde:	4b16      	ldr	r3, [pc, #88]	@ (10006c38 <cdcd_init+0x6c>)
10006be0:	0021      	movs	r1, r4
10006be2:	701d      	strb	r5, [r3, #0]
10006be4:	23ff      	movs	r3, #255	@ 0xff
10006be6:	7163      	strb	r3, [r4, #5]
10006be8:	23e1      	movs	r3, #225	@ 0xe1
10006bea:	025b      	lsls	r3, r3, #9
10006bec:	60a3      	str	r3, [r4, #8]
10006bee:	0020      	movs	r0, r4
10006bf0:	2308      	movs	r3, #8
10006bf2:	2240      	movs	r2, #64	@ 0x40
10006bf4:	73a3      	strb	r3, [r4, #14]
10006bf6:	3138      	adds	r1, #56	@ 0x38
10006bf8:	9500      	str	r5, [sp, #0]
10006bfa:	3b07      	subs	r3, #7
10006bfc:	3010      	adds	r0, #16
10006bfe:	f000 fa5f 	bl	100070c0 <tu_fifo_config>
10006c02:	0027      	movs	r7, r4
10006c04:	2301      	movs	r3, #1
10006c06:	0021      	movs	r1, r4
10006c08:	0020      	movs	r0, r4
10006c0a:	0026      	movs	r6, r4
10006c0c:	2240      	movs	r2, #64	@ 0x40
10006c0e:	3178      	adds	r1, #120	@ 0x78
10006c10:	9300      	str	r3, [sp, #0]
10006c12:	37b8      	adds	r7, #184	@ 0xb8
10006c14:	3024      	adds	r0, #36	@ 0x24
10006c16:	f000 fa53 	bl	100070c0 <tu_fifo_config>
10006c1a:	36c0      	adds	r6, #192	@ 0xc0
10006c1c:	0038      	movs	r0, r7
10006c1e:	f7fa fdbb 	bl	10001798 <mutex_init>
10006c22:	0030      	movs	r0, r6
10006c24:	f7fa fdb8 	bl	10001798 <mutex_init>
10006c28:	61e5      	str	r5, [r4, #28]
10006c2a:	6227      	str	r7, [r4, #32]
10006c2c:	6326      	str	r6, [r4, #48]	@ 0x30
10006c2e:	6365      	str	r5, [r4, #52]	@ 0x34
10006c30:	b003      	add	sp, #12
10006c32:	bdf0      	pop	{r4, r5, r6, r7, pc}
10006c34:	20001040 	.word	0x20001040
10006c38:	2000151c 	.word	0x2000151c

10006c3c <cdcd_deinit>:
10006c3c:	4b0a      	ldr	r3, [pc, #40]	@ (10006c68 <cdcd_deinit+0x2c>)
10006c3e:	6b19      	ldr	r1, [r3, #48]	@ 0x30
10006c40:	6a1a      	ldr	r2, [r3, #32]
10006c42:	2900      	cmp	r1, #0
10006c44:	d00c      	beq.n	10006c60 <cdcd_deinit+0x24>
10006c46:	2a00      	cmp	r2, #0
10006c48:	d007      	beq.n	10006c5a <cdcd_deinit+0x1e>
10006c4a:	2200      	movs	r2, #0
10006c4c:	61da      	str	r2, [r3, #28]
10006c4e:	635a      	str	r2, [r3, #52]	@ 0x34
10006c50:	631a      	str	r2, [r3, #48]	@ 0x30
10006c52:	2200      	movs	r2, #0
10006c54:	621a      	str	r2, [r3, #32]
10006c56:	2001      	movs	r0, #1
10006c58:	4770      	bx	lr
10006c5a:	635a      	str	r2, [r3, #52]	@ 0x34
10006c5c:	631a      	str	r2, [r3, #48]	@ 0x30
10006c5e:	e7fa      	b.n	10006c56 <cdcd_deinit+0x1a>
10006c60:	2a00      	cmp	r2, #0
10006c62:	d0f8      	beq.n	10006c56 <cdcd_deinit+0x1a>
10006c64:	61d9      	str	r1, [r3, #28]
10006c66:	e7f4      	b.n	10006c52 <cdcd_deinit+0x16>
10006c68:	20001040 	.word	0x20001040

10006c6c <cdcd_reset>:
10006c6c:	b570      	push	{r4, r5, r6, lr}
10006c6e:	2205      	movs	r2, #5
10006c70:	2100      	movs	r1, #0
10006c72:	480d      	ldr	r0, [pc, #52]	@ (10006ca8 <cdcd_reset+0x3c>)
10006c74:	f7fc fd32 	bl	100036dc <__wrap_memset>
10006c78:	4d0c      	ldr	r5, [pc, #48]	@ (10006cac <cdcd_reset+0x40>)
10006c7a:	782b      	ldrb	r3, [r5, #0]
10006c7c:	07da      	lsls	r2, r3, #31
10006c7e:	d507      	bpl.n	10006c90 <cdcd_reset+0x24>
10006c80:	4c0b      	ldr	r4, [pc, #44]	@ (10006cb0 <cdcd_reset+0x44>)
10006c82:	079b      	lsls	r3, r3, #30
10006c84:	d50c      	bpl.n	10006ca0 <cdcd_reset+0x34>
10006c86:	2101      	movs	r1, #1
10006c88:	0020      	movs	r0, r4
10006c8a:	f000 fc6d 	bl	10007568 <tu_fifo_set_overwritable>
10006c8e:	bd70      	pop	{r4, r5, r6, pc}
10006c90:	4805      	ldr	r0, [pc, #20]	@ (10006ca8 <cdcd_reset+0x3c>)
10006c92:	3010      	adds	r0, #16
10006c94:	f000 fc48 	bl	10007528 <tu_fifo_clear>
10006c98:	782b      	ldrb	r3, [r5, #0]
10006c9a:	4c05      	ldr	r4, [pc, #20]	@ (10006cb0 <cdcd_reset+0x44>)
10006c9c:	079b      	lsls	r3, r3, #30
10006c9e:	d4f2      	bmi.n	10006c86 <cdcd_reset+0x1a>
10006ca0:	0020      	movs	r0, r4
10006ca2:	f000 fc41 	bl	10007528 <tu_fifo_clear>
10006ca6:	e7ee      	b.n	10006c86 <cdcd_reset+0x1a>
10006ca8:	20001040 	.word	0x20001040
10006cac:	2000151c 	.word	0x2000151c
10006cb0:	20001064 	.word	0x20001064

10006cb4 <cdcd_open>:
10006cb4:	b5f0      	push	{r4, r5, r6, r7, lr}
10006cb6:	794b      	ldrb	r3, [r1, #5]
10006cb8:	0007      	movs	r7, r0
10006cba:	b083      	sub	sp, #12
10006cbc:	2b02      	cmp	r3, #2
10006cbe:	d102      	bne.n	10006cc6 <cdcd_open+0x12>
10006cc0:	798b      	ldrb	r3, [r1, #6]
10006cc2:	2b02      	cmp	r3, #2
10006cc4:	d003      	beq.n	10006cce <cdcd_open+0x1a>
10006cc6:	2400      	movs	r4, #0
10006cc8:	0020      	movs	r0, r4
10006cca:	b003      	add	sp, #12
10006ccc:	bdf0      	pop	{r4, r5, r6, r7, pc}
10006cce:	4b21      	ldr	r3, [pc, #132]	@ (10006d54 <cdcd_open+0xa0>)
10006cd0:	001e      	movs	r6, r3
10006cd2:	789b      	ldrb	r3, [r3, #2]
10006cd4:	2b00      	cmp	r3, #0
10006cd6:	d1f6      	bne.n	10006cc6 <cdcd_open+0x12>
10006cd8:	788b      	ldrb	r3, [r1, #2]
10006cda:	2409      	movs	r4, #9
10006cdc:	7033      	strb	r3, [r6, #0]
10006cde:	780d      	ldrb	r5, [r1, #0]
10006ce0:	194d      	adds	r5, r1, r5
10006ce2:	786b      	ldrb	r3, [r5, #1]
10006ce4:	2b24      	cmp	r3, #36	@ 0x24
10006ce6:	d007      	beq.n	10006cf8 <cdcd_open+0x44>
10006ce8:	e00c      	b.n	10006d04 <cdcd_open+0x50>
10006cea:	782b      	ldrb	r3, [r5, #0]
10006cec:	18ed      	adds	r5, r5, r3
10006cee:	191c      	adds	r4, r3, r4
10006cf0:	786b      	ldrb	r3, [r5, #1]
10006cf2:	b2a4      	uxth	r4, r4
10006cf4:	2b24      	cmp	r3, #36	@ 0x24
10006cf6:	d105      	bne.n	10006d04 <cdcd_open+0x50>
10006cf8:	42a2      	cmp	r2, r4
10006cfa:	d2f6      	bcs.n	10006cea <cdcd_open+0x36>
10006cfc:	2000      	movs	r0, #0
10006cfe:	f7ff fe65 	bl	100069cc <_prep_out_transaction.isra.0>
10006d02:	e7e1      	b.n	10006cc8 <cdcd_open+0x14>
10006d04:	001a      	movs	r2, r3
10006d06:	2b05      	cmp	r3, #5
10006d08:	d015      	beq.n	10006d36 <cdcd_open+0x82>
10006d0a:	2a04      	cmp	r2, #4
10006d0c:	d1f6      	bne.n	10006cfc <cdcd_open+0x48>
10006d0e:	796b      	ldrb	r3, [r5, #5]
10006d10:	2b0a      	cmp	r3, #10
10006d12:	d1f3      	bne.n	10006cfc <cdcd_open+0x48>
10006d14:	4b10      	ldr	r3, [pc, #64]	@ (10006d58 <cdcd_open+0xa4>)
10006d16:	782e      	ldrb	r6, [r5, #0]
10006d18:	9301      	str	r3, [sp, #4]
10006d1a:	3301      	adds	r3, #1
10006d1c:	9300      	str	r3, [sp, #0]
10006d1e:	0038      	movs	r0, r7
10006d20:	2302      	movs	r3, #2
10006d22:	19a9      	adds	r1, r5, r6
10006d24:	3a02      	subs	r2, #2
10006d26:	f7ff fca3 	bl	10006670 <usbd_open_edpt_pair>
10006d2a:	2800      	cmp	r0, #0
10006d2c:	d0cb      	beq.n	10006cc6 <cdcd_open+0x12>
10006d2e:	340e      	adds	r4, #14
10006d30:	19a4      	adds	r4, r4, r6
10006d32:	b2a4      	uxth	r4, r4
10006d34:	e7e2      	b.n	10006cfc <cdcd_open+0x48>
10006d36:	0029      	movs	r1, r5
10006d38:	0038      	movs	r0, r7
10006d3a:	f7ff fce5 	bl	10006708 <usbd_edpt_open>
10006d3e:	2800      	cmp	r0, #0
10006d40:	d0c1      	beq.n	10006cc6 <cdcd_open+0x12>
10006d42:	78ab      	ldrb	r3, [r5, #2]
10006d44:	7073      	strb	r3, [r6, #1]
10006d46:	782b      	ldrb	r3, [r5, #0]
10006d48:	191c      	adds	r4, r3, r4
10006d4a:	18ed      	adds	r5, r5, r3
10006d4c:	786a      	ldrb	r2, [r5, #1]
10006d4e:	b2a4      	uxth	r4, r4
10006d50:	e7db      	b.n	10006d0a <cdcd_open+0x56>
10006d52:	46c0      	nop			@ (mov r8, r8)
10006d54:	20001040 	.word	0x20001040
10006d58:	20001042 	.word	0x20001042

10006d5c <cdcd_control_xfer_cb>:
10006d5c:	2360      	movs	r3, #96	@ 0x60
10006d5e:	468c      	mov	ip, r1
10006d60:	0011      	movs	r1, r2
10006d62:	7812      	ldrb	r2, [r2, #0]
10006d64:	b570      	push	{r4, r5, r6, lr}
10006d66:	4013      	ands	r3, r2
10006d68:	2200      	movs	r2, #0
10006d6a:	2b20      	cmp	r3, #32
10006d6c:	d108      	bne.n	10006d80 <cdcd_control_xfer_cb+0x24>
10006d6e:	4c32      	ldr	r4, [pc, #200]	@ (10006e38 <cdcd_control_xfer_cb+0xdc>)
10006d70:	794b      	ldrb	r3, [r1, #5]
10006d72:	0026      	movs	r6, r4
10006d74:	790d      	ldrb	r5, [r1, #4]
10006d76:	7824      	ldrb	r4, [r4, #0]
10006d78:	021b      	lsls	r3, r3, #8
10006d7a:	432b      	orrs	r3, r5
10006d7c:	429c      	cmp	r4, r3
10006d7e:	d001      	beq.n	10006d84 <cdcd_control_xfer_cb+0x28>
10006d80:	0010      	movs	r0, r2
10006d82:	bd70      	pop	{r4, r5, r6, pc}
10006d84:	784b      	ldrb	r3, [r1, #1]
10006d86:	2b22      	cmp	r3, #34	@ 0x22
10006d88:	d01c      	beq.n	10006dc4 <cdcd_control_xfer_cb+0x68>
10006d8a:	d808      	bhi.n	10006d9e <cdcd_control_xfer_cb+0x42>
10006d8c:	2b20      	cmp	r3, #32
10006d8e:	d039      	beq.n	10006e04 <cdcd_control_xfer_cb+0xa8>
10006d90:	2b21      	cmp	r3, #33	@ 0x21
10006d92:	d1f5      	bne.n	10006d80 <cdcd_control_xfer_cb+0x24>
10006d94:	4663      	mov	r3, ip
10006d96:	2b01      	cmp	r3, #1
10006d98:	d043      	beq.n	10006e22 <cdcd_control_xfer_cb+0xc6>
10006d9a:	2201      	movs	r2, #1
10006d9c:	e7f0      	b.n	10006d80 <cdcd_control_xfer_cb+0x24>
10006d9e:	2b23      	cmp	r3, #35	@ 0x23
10006da0:	d1ee      	bne.n	10006d80 <cdcd_control_xfer_cb+0x24>
10006da2:	4663      	mov	r3, ip
10006da4:	2b01      	cmp	r3, #1
10006da6:	d042      	beq.n	10006e2e <cdcd_control_xfer_cb+0xd2>
10006da8:	2b03      	cmp	r3, #3
10006daa:	d1f6      	bne.n	10006d9a <cdcd_control_xfer_cb+0x3e>
10006dac:	4b23      	ldr	r3, [pc, #140]	@ (10006e3c <cdcd_control_xfer_cb+0xe0>)
10006dae:	2b00      	cmp	r3, #0
10006db0:	d0f3      	beq.n	10006d9a <cdcd_control_xfer_cb+0x3e>
10006db2:	788b      	ldrb	r3, [r1, #2]
10006db4:	78c9      	ldrb	r1, [r1, #3]
10006db6:	2000      	movs	r0, #0
10006db8:	0209      	lsls	r1, r1, #8
10006dba:	4319      	orrs	r1, r3
10006dbc:	e000      	b.n	10006dc0 <cdcd_control_xfer_cb+0x64>
10006dbe:	bf00      	nop
10006dc0:	2201      	movs	r2, #1
10006dc2:	e7dd      	b.n	10006d80 <cdcd_control_xfer_cb+0x24>
10006dc4:	4663      	mov	r3, ip
10006dc6:	2b01      	cmp	r3, #1
10006dc8:	d031      	beq.n	10006e2e <cdcd_control_xfer_cb+0xd2>
10006dca:	2b03      	cmp	r3, #3
10006dcc:	d1e5      	bne.n	10006d9a <cdcd_control_xfer_cb+0x3e>
10006dce:	2501      	movs	r5, #1
10006dd0:	78cb      	ldrb	r3, [r1, #3]
10006dd2:	788a      	ldrb	r2, [r1, #2]
10006dd4:	021b      	lsls	r3, r3, #8
10006dd6:	4313      	orrs	r3, r2
10006dd8:	001c      	movs	r4, r3
10006dda:	401d      	ands	r5, r3
10006ddc:	0033      	movs	r3, r6
10006dde:	2101      	movs	r1, #1
10006de0:	3324      	adds	r3, #36	@ 0x24
10006de2:	0018      	movs	r0, r3
10006de4:	4069      	eors	r1, r5
10006de6:	7134      	strb	r4, [r6, #4]
10006de8:	f000 fbbe 	bl	10007568 <tu_fifo_set_overwritable>
10006dec:	4b14      	ldr	r3, [pc, #80]	@ (10006e40 <cdcd_control_xfer_cb+0xe4>)
10006dee:	2b00      	cmp	r3, #0
10006df0:	d0d3      	beq.n	10006d9a <cdcd_control_xfer_cb+0x3e>
10006df2:	2301      	movs	r3, #1
10006df4:	0862      	lsrs	r2, r4, #1
10006df6:	401a      	ands	r2, r3
10006df8:	0029      	movs	r1, r5
10006dfa:	2000      	movs	r0, #0
10006dfc:	e000      	b.n	10006e00 <cdcd_control_xfer_cb+0xa4>
10006dfe:	bf00      	nop
10006e00:	2201      	movs	r2, #1
10006e02:	e7bd      	b.n	10006d80 <cdcd_control_xfer_cb+0x24>
10006e04:	4663      	mov	r3, ip
10006e06:	2b01      	cmp	r3, #1
10006e08:	d00b      	beq.n	10006e22 <cdcd_control_xfer_cb+0xc6>
10006e0a:	2b03      	cmp	r3, #3
10006e0c:	d1c5      	bne.n	10006d9a <cdcd_control_xfer_cb+0x3e>
10006e0e:	4b0d      	ldr	r3, [pc, #52]	@ (10006e44 <cdcd_control_xfer_cb+0xe8>)
10006e10:	2b00      	cmp	r3, #0
10006e12:	d0c2      	beq.n	10006d9a <cdcd_control_xfer_cb+0x3e>
10006e14:	0031      	movs	r1, r6
10006e16:	2000      	movs	r0, #0
10006e18:	3108      	adds	r1, #8
10006e1a:	f7fe fe15 	bl	10005a48 <tud_cdc_line_coding_cb>
10006e1e:	2201      	movs	r2, #1
10006e20:	e7ae      	b.n	10006d80 <cdcd_control_xfer_cb+0x24>
10006e22:	4a09      	ldr	r2, [pc, #36]	@ (10006e48 <cdcd_control_xfer_cb+0xec>)
10006e24:	2307      	movs	r3, #7
10006e26:	f7ff fcef 	bl	10006808 <tud_control_xfer>
10006e2a:	2201      	movs	r2, #1
10006e2c:	e7a8      	b.n	10006d80 <cdcd_control_xfer_cb+0x24>
10006e2e:	f7ff fcd5 	bl	100067dc <tud_control_status>
10006e32:	2201      	movs	r2, #1
10006e34:	e7a4      	b.n	10006d80 <cdcd_control_xfer_cb+0x24>
10006e36:	46c0      	nop			@ (mov r8, r8)
10006e38:	20001040 	.word	0x20001040
	...
10006e44:	10005a49 	.word	0x10005a49
10006e48:	20001048 	.word	0x20001048

10006e4c <cdcd_xfer_cb>:
10006e4c:	b5f8      	push	{r3, r4, r5, r6, r7, lr}
10006e4e:	4647      	mov	r7, r8
10006e50:	46ce      	mov	lr, r9
10006e52:	b580      	push	{r7, lr}
10006e54:	4c34      	ldr	r4, [pc, #208]	@ (10006f28 <cdcd_xfer_cb+0xdc>)
10006e56:	001f      	movs	r7, r3
10006e58:	78e3      	ldrb	r3, [r4, #3]
10006e5a:	4680      	mov	r8, r0
10006e5c:	000d      	movs	r5, r1
10006e5e:	428b      	cmp	r3, r1
10006e60:	d03b      	beq.n	10006eda <cdcd_xfer_cb+0x8e>
10006e62:	78a3      	ldrb	r3, [r4, #2]
10006e64:	2000      	movs	r0, #0
10006e66:	428b      	cmp	r3, r1
10006e68:	d011      	beq.n	10006e8e <cdcd_xfer_cb+0x42>
10006e6a:	bcc0      	pop	{r6, r7}
10006e6c:	46b9      	mov	r9, r7
10006e6e:	46b0      	mov	r8, r6
10006e70:	bdf8      	pop	{r3, r4, r5, r6, r7, pc}
10006e72:	4b2e      	ldr	r3, [pc, #184]	@ (10006f2c <cdcd_xfer_cb+0xe0>)
10006e74:	2b00      	cmp	r3, #0
10006e76:	d004      	beq.n	10006e82 <cdcd_xfer_cb+0x36>
10006e78:	482d      	ldr	r0, [pc, #180]	@ (10006f30 <cdcd_xfer_cb+0xe4>)
10006e7a:	f000 f96d 	bl	10007158 <tu_fifo_empty>
10006e7e:	2800      	cmp	r0, #0
10006e80:	d04f      	beq.n	10006f22 <cdcd_xfer_cb+0xd6>
10006e82:	2000      	movs	r0, #0
10006e84:	f7ff fda2 	bl	100069cc <_prep_out_transaction.isra.0>
10006e88:	78a3      	ldrb	r3, [r4, #2]
10006e8a:	42ab      	cmp	r3, r5
10006e8c:	d10a      	bne.n	10006ea4 <cdcd_xfer_cb+0x58>
10006e8e:	4b29      	ldr	r3, [pc, #164]	@ (10006f34 <cdcd_xfer_cb+0xe8>)
10006e90:	2b00      	cmp	r3, #0
10006e92:	d002      	beq.n	10006e9a <cdcd_xfer_cb+0x4e>
10006e94:	2000      	movs	r0, #0
10006e96:	e000      	b.n	10006e9a <cdcd_xfer_cb+0x4e>
10006e98:	bf00      	nop
10006e9a:	2000      	movs	r0, #0
10006e9c:	f7ff fe30 	bl	10006b00 <tud_cdc_n_write_flush>
10006ea0:	2800      	cmp	r0, #0
10006ea2:	d001      	beq.n	10006ea8 <cdcd_xfer_cb+0x5c>
10006ea4:	2001      	movs	r0, #1
10006ea6:	e7e0      	b.n	10006e6a <cdcd_xfer_cb+0x1e>
10006ea8:	4c23      	ldr	r4, [pc, #140]	@ (10006f38 <cdcd_xfer_cb+0xec>)
10006eaa:	0020      	movs	r0, r4
10006eac:	f000 f93e 	bl	1000712c <tu_fifo_count>
10006eb0:	2800      	cmp	r0, #0
10006eb2:	d1f7      	bne.n	10006ea4 <cdcd_xfer_cb+0x58>
10006eb4:	2f00      	cmp	r7, #0
10006eb6:	d0f5      	beq.n	10006ea4 <cdcd_xfer_cb+0x58>
10006eb8:	06bb      	lsls	r3, r7, #26
10006eba:	d1f3      	bne.n	10006ea4 <cdcd_xfer_cb+0x58>
10006ebc:	3c24      	subs	r4, #36	@ 0x24
10006ebe:	4640      	mov	r0, r8
10006ec0:	78a1      	ldrb	r1, [r4, #2]
10006ec2:	f7ff fc3b 	bl	1000673c <usbd_edpt_claim>
10006ec6:	2800      	cmp	r0, #0
10006ec8:	d0ec      	beq.n	10006ea4 <cdcd_xfer_cb+0x58>
10006eca:	2300      	movs	r3, #0
10006ecc:	2200      	movs	r2, #0
10006ece:	4640      	mov	r0, r8
10006ed0:	78a1      	ldrb	r1, [r4, #2]
10006ed2:	f7ff fc5b 	bl	1000678c <usbd_edpt_xfer>
10006ed6:	2001      	movs	r0, #1
10006ed8:	e7c7      	b.n	10006e6a <cdcd_xfer_cb+0x1e>
10006eda:	4e18      	ldr	r6, [pc, #96]	@ (10006f3c <cdcd_xfer_cb+0xf0>)
10006edc:	4814      	ldr	r0, [pc, #80]	@ (10006f30 <cdcd_xfer_cb+0xe4>)
10006ede:	0031      	movs	r1, r6
10006ee0:	b2ba      	uxth	r2, r7
10006ee2:	f000 fa6d 	bl	100073c0 <tu_fifo_write_n>
10006ee6:	4b16      	ldr	r3, [pc, #88]	@ (10006f40 <cdcd_xfer_cb+0xf4>)
10006ee8:	2b00      	cmp	r3, #0
10006eea:	d0c2      	beq.n	10006e72 <cdcd_xfer_cb+0x26>
10006eec:	7963      	ldrb	r3, [r4, #5]
10006eee:	2bff      	cmp	r3, #255	@ 0xff
10006ef0:	d0bf      	beq.n	10006e72 <cdcd_xfer_cb+0x26>
10006ef2:	2f00      	cmp	r7, #0
10006ef4:	d0bd      	beq.n	10006e72 <cdcd_xfer_cb+0x26>
10006ef6:	46bc      	mov	ip, r7
10006ef8:	44b4      	add	ip, r6
10006efa:	46e1      	mov	r9, ip
10006efc:	e003      	b.n	10006f06 <cdcd_xfer_cb+0xba>
10006efe:	3601      	adds	r6, #1
10006f00:	454e      	cmp	r6, r9
10006f02:	d0b6      	beq.n	10006e72 <cdcd_xfer_cb+0x26>
10006f04:	7963      	ldrb	r3, [r4, #5]
10006f06:	7832      	ldrb	r2, [r6, #0]
10006f08:	429a      	cmp	r2, r3
10006f0a:	d1f8      	bne.n	10006efe <cdcd_xfer_cb+0xb2>
10006f0c:	4808      	ldr	r0, [pc, #32]	@ (10006f30 <cdcd_xfer_cb+0xe4>)
10006f0e:	f000 f923 	bl	10007158 <tu_fifo_empty>
10006f12:	2800      	cmp	r0, #0
10006f14:	d1f3      	bne.n	10006efe <cdcd_xfer_cb+0xb2>
10006f16:	4b06      	ldr	r3, [pc, #24]	@ (10006f30 <cdcd_xfer_cb+0xe4>)
10006f18:	3b10      	subs	r3, #16
10006f1a:	7959      	ldrb	r1, [r3, #5]
10006f1c:	e000      	b.n	10006f20 <cdcd_xfer_cb+0xd4>
10006f1e:	bf00      	nop
10006f20:	e7ed      	b.n	10006efe <cdcd_xfer_cb+0xb2>
10006f22:	e000      	b.n	10006f26 <cdcd_xfer_cb+0xda>
10006f24:	bf00      	nop
10006f26:	e7ac      	b.n	10006e82 <cdcd_xfer_cb+0x36>
10006f28:	20001040 	.word	0x20001040
10006f2c:	00000000 	.word	0x00000000
10006f30:	20001050 	.word	0x20001050
10006f34:	00000000 	.word	0x00000000
10006f38:	20001064 	.word	0x20001064
10006f3c:	2000149c 	.word	0x2000149c
10006f40:	00000000 	.word	0x00000000

10006f44 <tusb_rhport_init>:
10006f44:	b500      	push	{lr}
10006f46:	0003      	movs	r3, r0
10006f48:	b083      	sub	sp, #12
10006f4a:	2900      	cmp	r1, #0
10006f4c:	d010      	beq.n	10006f70 <tusb_rhport_init+0x2c>
10006f4e:	2000      	movs	r0, #0
10006f50:	2b01      	cmp	r3, #1
10006f52:	d807      	bhi.n	10006f64 <tusb_rhport_init+0x20>
10006f54:	780a      	ldrb	r2, [r1, #0]
10006f56:	2a00      	cmp	r2, #0
10006f58:	d004      	beq.n	10006f64 <tusb_rhport_init+0x20>
10006f5a:	480c      	ldr	r0, [pc, #48]	@ (10006f8c <tusb_rhport_init+0x48>)
10006f5c:	54c2      	strb	r2, [r0, r3]
10006f5e:	2001      	movs	r0, #1
10006f60:	2a01      	cmp	r2, #1
10006f62:	d001      	beq.n	10006f68 <tusb_rhport_init+0x24>
10006f64:	b003      	add	sp, #12
10006f66:	bd00      	pop	{pc}
10006f68:	0018      	movs	r0, r3
10006f6a:	f7fe ff21 	bl	10005db0 <tud_rhport_init>
10006f6e:	e7f9      	b.n	10006f64 <tusb_rhport_init+0x20>
10006f70:	2301      	movs	r3, #1
10006f72:	466a      	mov	r2, sp
10006f74:	2000      	movs	r0, #0
10006f76:	a901      	add	r1, sp, #4
10006f78:	8093      	strh	r3, [r2, #4]
10006f7a:	f7fe ff19 	bl	10005db0 <tud_rhport_init>
10006f7e:	2800      	cmp	r0, #0
10006f80:	d0f0      	beq.n	10006f64 <tusb_rhport_init+0x20>
10006f82:	2201      	movs	r2, #1
10006f84:	4b01      	ldr	r3, [pc, #4]	@ (10006f8c <tusb_rhport_init+0x48>)
10006f86:	701a      	strb	r2, [r3, #0]
10006f88:	e7ec      	b.n	10006f64 <tusb_rhport_init+0x20>
10006f8a:	46c0      	nop			@ (mov r8, r8)
10006f8c:	20001574 	.word	0x20001574

10006f90 <tu_edpt_claim>:
10006f90:	b570      	push	{r4, r5, r6, lr}
10006f92:	0004      	movs	r4, r0
10006f94:	7823      	ldrb	r3, [r4, #0]
10006f96:	0008      	movs	r0, r1
10006f98:	07db      	lsls	r3, r3, #31
10006f9a:	000e      	movs	r6, r1
10006f9c:	0fdd      	lsrs	r5, r3, #31
10006f9e:	2b00      	cmp	r3, #0
10006fa0:	d116      	bne.n	10006fd0 <tu_edpt_claim+0x40>
10006fa2:	7823      	ldrb	r3, [r4, #0]
10006fa4:	075b      	lsls	r3, r3, #29
10006fa6:	d501      	bpl.n	10006fac <tu_edpt_claim+0x1c>
10006fa8:	0028      	movs	r0, r5
10006faa:	bd70      	pop	{r4, r5, r6, pc}
10006fac:	2101      	movs	r1, #1
10006fae:	4249      	negs	r1, r1
10006fb0:	f000 fc92 	bl	100078d8 <__mutex_enter_timeout_ms_veneer>
10006fb4:	7823      	ldrb	r3, [r4, #0]
10006fb6:	07db      	lsls	r3, r3, #31
10006fb8:	0fdd      	lsrs	r5, r3, #31
10006fba:	2b00      	cmp	r3, #0
10006fbc:	d10a      	bne.n	10006fd4 <tu_edpt_claim+0x44>
10006fbe:	7823      	ldrb	r3, [r4, #0]
10006fc0:	075b      	lsls	r3, r3, #29
10006fc2:	d408      	bmi.n	10006fd6 <tu_edpt_claim+0x46>
10006fc4:	2204      	movs	r2, #4
10006fc6:	7823      	ldrb	r3, [r4, #0]
10006fc8:	2501      	movs	r5, #1
10006fca:	4313      	orrs	r3, r2
10006fcc:	7023      	strb	r3, [r4, #0]
10006fce:	e002      	b.n	10006fd6 <tu_edpt_claim+0x46>
10006fd0:	2500      	movs	r5, #0
10006fd2:	e7e9      	b.n	10006fa8 <tu_edpt_claim+0x18>
10006fd4:	2500      	movs	r5, #0
10006fd6:	0030      	movs	r0, r6
10006fd8:	f000 fc66 	bl	100078a8 <__mutex_exit_veneer>
10006fdc:	e7e4      	b.n	10006fa8 <tu_edpt_claim+0x18>
10006fde:	46c0      	nop			@ (mov r8, r8)

10006fe0 <tu_edpt_release>:
10006fe0:	b570      	push	{r4, r5, r6, lr}
10006fe2:	000d      	movs	r5, r1
10006fe4:	2101      	movs	r1, #1
10006fe6:	0004      	movs	r4, r0
10006fe8:	4249      	negs	r1, r1
10006fea:	0028      	movs	r0, r5
10006fec:	f000 fc74 	bl	100078d8 <__mutex_enter_timeout_ms_veneer>
10006ff0:	7823      	ldrb	r3, [r4, #0]
10006ff2:	075b      	lsls	r3, r3, #29
10006ff4:	0fde      	lsrs	r6, r3, #31
10006ff6:	2b00      	cmp	r3, #0
10006ff8:	db04      	blt.n	10007004 <tu_edpt_release+0x24>
10006ffa:	0028      	movs	r0, r5
10006ffc:	f000 fc54 	bl	100078a8 <__mutex_exit_veneer>
10007000:	0030      	movs	r0, r6
10007002:	bd70      	pop	{r4, r5, r6, pc}
10007004:	7823      	ldrb	r3, [r4, #0]
10007006:	07db      	lsls	r3, r3, #31
10007008:	d404      	bmi.n	10007014 <tu_edpt_release+0x34>
1000700a:	2204      	movs	r2, #4
1000700c:	7823      	ldrb	r3, [r4, #0]
1000700e:	4393      	bics	r3, r2
10007010:	7023      	strb	r3, [r4, #0]
10007012:	e7f2      	b.n	10006ffa <tu_edpt_release+0x1a>
10007014:	2600      	movs	r6, #0
10007016:	e7f0      	b.n	10006ffa <tu_edpt_release+0x1a>

10007018 <tu_edpt_validate>:
10007018:	7943      	ldrb	r3, [r0, #5]
1000701a:	7902      	ldrb	r2, [r0, #4]
1000701c:	021b      	lsls	r3, r3, #8
1000701e:	4313      	orrs	r3, r2
10007020:	78c2      	ldrb	r2, [r0, #3]
10007022:	055b      	lsls	r3, r3, #21
10007024:	0792      	lsls	r2, r2, #30
10007026:	0d5b      	lsrs	r3, r3, #21
10007028:	0f92      	lsrs	r2, r2, #30
1000702a:	2a02      	cmp	r2, #2
1000702c:	d01a      	beq.n	10007064 <tu_edpt_validate+0x4c>
1000702e:	2a03      	cmp	r2, #3
10007030:	d00b      	beq.n	1000704a <tu_edpt_validate+0x32>
10007032:	2000      	movs	r0, #0
10007034:	2a01      	cmp	r2, #1
10007036:	d107      	bne.n	10007048 <tu_edpt_validate+0x30>
10007038:	3902      	subs	r1, #2
1000703a:	424a      	negs	r2, r1
1000703c:	4151      	adcs	r1, r2
1000703e:	4a10      	ldr	r2, [pc, #64]	@ (10007080 <tu_edpt_validate+0x68>)
10007040:	1889      	adds	r1, r1, r2
10007042:	4299      	cmp	r1, r3
10007044:	4140      	adcs	r0, r0
10007046:	b2c0      	uxtb	r0, r0
10007048:	4770      	bx	lr
1000704a:	3902      	subs	r1, #2
1000704c:	1e4a      	subs	r2, r1, #1
1000704e:	4191      	sbcs	r1, r2
10007050:	4a0c      	ldr	r2, [pc, #48]	@ (10007084 <tu_edpt_validate+0x6c>)
10007052:	4249      	negs	r1, r1
10007054:	4011      	ands	r1, r2
10007056:	2280      	movs	r2, #128	@ 0x80
10007058:	2000      	movs	r0, #0
1000705a:	00d2      	lsls	r2, r2, #3
1000705c:	1889      	adds	r1, r1, r2
1000705e:	4299      	cmp	r1, r3
10007060:	4140      	adcs	r0, r0
10007062:	e7f1      	b.n	10007048 <tu_edpt_validate+0x30>
10007064:	2902      	cmp	r1, #2
10007066:	d004      	beq.n	10007072 <tu_edpt_validate+0x5a>
10007068:	2000      	movs	r0, #0
1000706a:	2240      	movs	r2, #64	@ 0x40
1000706c:	429a      	cmp	r2, r3
1000706e:	4140      	adcs	r0, r0
10007070:	e7ea      	b.n	10007048 <tu_edpt_validate+0x30>
10007072:	4a05      	ldr	r2, [pc, #20]	@ (10007088 <tu_edpt_validate+0x70>)
10007074:	1898      	adds	r0, r3, r2
10007076:	4243      	negs	r3, r0
10007078:	4158      	adcs	r0, r3
1000707a:	b2c0      	uxtb	r0, r0
1000707c:	e7e4      	b.n	10007048 <tu_edpt_validate+0x30>
1000707e:	46c0      	nop			@ (mov r8, r8)
10007080:	000003ff 	.word	0x000003ff
10007084:	fffffc40 	.word	0xfffffc40
10007088:	fffffe00 	.word	0xfffffe00

1000708c <tu_edpt_bind_driver>:
1000708c:	4684      	mov	ip, r0
1000708e:	1888      	adds	r0, r1, r2
10007090:	b530      	push	{r4, r5, lr}
10007092:	001c      	movs	r4, r3
10007094:	4281      	cmp	r1, r0
10007096:	d206      	bcs.n	100070a6 <tu_edpt_bind_driver+0x1a>
10007098:	784a      	ldrb	r2, [r1, #1]
1000709a:	2a05      	cmp	r2, #5
1000709c:	d004      	beq.n	100070a8 <tu_edpt_bind_driver+0x1c>
1000709e:	780a      	ldrb	r2, [r1, #0]
100070a0:	1889      	adds	r1, r1, r2
100070a2:	4288      	cmp	r0, r1
100070a4:	d8f8      	bhi.n	10007098 <tu_edpt_bind_driver+0xc>
100070a6:	bd30      	pop	{r4, r5, pc}
100070a8:	227f      	movs	r2, #127	@ 0x7f
100070aa:	788b      	ldrb	r3, [r1, #2]
100070ac:	401a      	ands	r2, r3
100070ae:	0052      	lsls	r2, r2, #1
100070b0:	4462      	add	r2, ip
100070b2:	09db      	lsrs	r3, r3, #7
100070b4:	54d4      	strb	r4, [r2, r3]
100070b6:	780a      	ldrb	r2, [r1, #0]
100070b8:	1889      	adds	r1, r1, r2
100070ba:	4288      	cmp	r0, r1
100070bc:	d8ec      	bhi.n	10007098 <tu_edpt_bind_driver+0xc>
100070be:	e7f2      	b.n	100070a6 <tu_edpt_bind_driver+0x1a>

100070c0 <tu_fifo_config>:
100070c0:	b5f0      	push	{r4, r5, r6, r7, lr}
100070c2:	46c6      	mov	lr, r8
100070c4:	b500      	push	{lr}
100070c6:	4698      	mov	r8, r3
100070c8:	466b      	mov	r3, sp
100070ca:	7e1e      	ldrb	r6, [r3, #24]
100070cc:	2380      	movs	r3, #128	@ 0x80
100070ce:	0004      	movs	r4, r0
100070d0:	000f      	movs	r7, r1
100070d2:	0015      	movs	r5, r2
100070d4:	021b      	lsls	r3, r3, #8
100070d6:	429a      	cmp	r2, r3
100070d8:	d826      	bhi.n	10007128 <tu_fifo_config+0x68>
100070da:	68c0      	ldr	r0, [r0, #12]
100070dc:	2800      	cmp	r0, #0
100070de:	d003      	beq.n	100070e8 <tu_fifo_config+0x28>
100070e0:	2101      	movs	r1, #1
100070e2:	4249      	negs	r1, r1
100070e4:	f000 fbf8 	bl	100078d8 <__mutex_enter_timeout_ms_veneer>
100070e8:	6920      	ldr	r0, [r4, #16]
100070ea:	2800      	cmp	r0, #0
100070ec:	d003      	beq.n	100070f6 <tu_fifo_config+0x36>
100070ee:	2101      	movs	r1, #1
100070f0:	4249      	negs	r1, r1
100070f2:	f000 fbf1 	bl	100078d8 <__mutex_enter_timeout_ms_veneer>
100070f6:	4642      	mov	r2, r8
100070f8:	0452      	lsls	r2, r2, #17
100070fa:	03f3      	lsls	r3, r6, #15
100070fc:	0c52      	lsrs	r2, r2, #17
100070fe:	4313      	orrs	r3, r2
10007100:	80e3      	strh	r3, [r4, #6]
10007102:	2300      	movs	r3, #0
10007104:	68e0      	ldr	r0, [r4, #12]
10007106:	8163      	strh	r3, [r4, #10]
10007108:	6027      	str	r7, [r4, #0]
1000710a:	80a5      	strh	r5, [r4, #4]
1000710c:	8123      	strh	r3, [r4, #8]
1000710e:	2800      	cmp	r0, #0
10007110:	d001      	beq.n	10007116 <tu_fifo_config+0x56>
10007112:	f000 fbc9 	bl	100078a8 <__mutex_exit_veneer>
10007116:	6920      	ldr	r0, [r4, #16]
10007118:	2800      	cmp	r0, #0
1000711a:	d001      	beq.n	10007120 <tu_fifo_config+0x60>
1000711c:	f000 fbc4 	bl	100078a8 <__mutex_exit_veneer>
10007120:	2001      	movs	r0, #1
10007122:	bc80      	pop	{r7}
10007124:	46b8      	mov	r8, r7
10007126:	bdf0      	pop	{r4, r5, r6, r7, pc}
10007128:	2000      	movs	r0, #0
1000712a:	e7fa      	b.n	10007122 <tu_fifo_config+0x62>

1000712c <tu_fifo_count>:
1000712c:	8903      	ldrh	r3, [r0, #8]
1000712e:	8941      	ldrh	r1, [r0, #10]
10007130:	469c      	mov	ip, r3
10007132:	8882      	ldrh	r2, [r0, #4]
10007134:	b29b      	uxth	r3, r3
10007136:	b288      	uxth	r0, r1
10007138:	458c      	cmp	ip, r1
1000713a:	d307      	bcc.n	1000714c <tu_fifo_count+0x20>
1000713c:	1a1b      	subs	r3, r3, r0
1000713e:	b29b      	uxth	r3, r3
10007140:	1c10      	adds	r0, r2, #0
10007142:	429a      	cmp	r2, r3
10007144:	d900      	bls.n	10007148 <tu_fifo_count+0x1c>
10007146:	1c18      	adds	r0, r3, #0
10007148:	b280      	uxth	r0, r0
1000714a:	4770      	bx	lr
1000714c:	0051      	lsls	r1, r2, #1
1000714e:	1a09      	subs	r1, r1, r0
10007150:	185b      	adds	r3, r3, r1
10007152:	b29b      	uxth	r3, r3
10007154:	e7f4      	b.n	10007140 <tu_fifo_count+0x14>
10007156:	46c0      	nop			@ (mov r8, r8)

10007158 <tu_fifo_empty>:
10007158:	8903      	ldrh	r3, [r0, #8]
1000715a:	8940      	ldrh	r0, [r0, #10]
1000715c:	1a18      	subs	r0, r3, r0
1000715e:	4243      	negs	r3, r0
10007160:	4158      	adcs	r0, r3
10007162:	b2c0      	uxtb	r0, r0
10007164:	4770      	bx	lr
10007166:	46c0      	nop			@ (mov r8, r8)

10007168 <tu_fifo_remaining>:
10007168:	8903      	ldrh	r3, [r0, #8]
1000716a:	8941      	ldrh	r1, [r0, #10]
1000716c:	469c      	mov	ip, r3
1000716e:	8882      	ldrh	r2, [r0, #4]
10007170:	b29b      	uxth	r3, r3
10007172:	b288      	uxth	r0, r1
10007174:	458c      	cmp	ip, r1
10007176:	d307      	bcc.n	10007188 <tu_fifo_remaining+0x20>
10007178:	1a1b      	subs	r3, r3, r0
1000717a:	b29b      	uxth	r3, r3
1000717c:	2000      	movs	r0, #0
1000717e:	429a      	cmp	r2, r3
10007180:	d901      	bls.n	10007186 <tu_fifo_remaining+0x1e>
10007182:	1ad2      	subs	r2, r2, r3
10007184:	b290      	uxth	r0, r2
10007186:	4770      	bx	lr
10007188:	0051      	lsls	r1, r2, #1
1000718a:	1a09      	subs	r1, r1, r0
1000718c:	185b      	adds	r3, r3, r1
1000718e:	b29b      	uxth	r3, r3
10007190:	e7f4      	b.n	1000717c <tu_fifo_remaining+0x14>
10007192:	46c0      	nop			@ (mov r8, r8)

10007194 <tu_fifo_read>:
10007194:	b570      	push	{r4, r5, r6, lr}
10007196:	0004      	movs	r4, r0
10007198:	6900      	ldr	r0, [r0, #16]
1000719a:	000d      	movs	r5, r1
1000719c:	2800      	cmp	r0, #0
1000719e:	d003      	beq.n	100071a8 <tu_fifo_read+0x14>
100071a0:	2101      	movs	r1, #1
100071a2:	4249      	negs	r1, r1
100071a4:	f000 fb98 	bl	100078d8 <__mutex_enter_timeout_ms_veneer>
100071a8:	8923      	ldrh	r3, [r4, #8]
100071aa:	8962      	ldrh	r2, [r4, #10]
100071ac:	469c      	mov	ip, r3
100071ae:	b298      	uxth	r0, r3
100071b0:	b291      	uxth	r1, r2
100071b2:	88a3      	ldrh	r3, [r4, #4]
100071b4:	4594      	cmp	ip, r2
100071b6:	d332      	bcc.n	1000721e <tu_fifo_read+0x8a>
100071b8:	1a42      	subs	r2, r0, r1
100071ba:	b292      	uxth	r2, r2
100071bc:	2a00      	cmp	r2, #0
100071be:	d027      	beq.n	10007210 <tu_fifo_read+0x7c>
100071c0:	4293      	cmp	r3, r2
100071c2:	d208      	bcs.n	100071d6 <tu_fifo_read+0x42>
100071c4:	4298      	cmp	r0, r3
100071c6:	d32f      	bcc.n	10007228 <tu_fifo_read+0x94>
100071c8:	1ac0      	subs	r0, r0, r3
100071ca:	b281      	uxth	r1, r0
100071cc:	8161      	strh	r1, [r4, #10]
100071ce:	428b      	cmp	r3, r1
100071d0:	d803      	bhi.n	100071da <tu_fifo_read+0x46>
100071d2:	1ac9      	subs	r1, r1, r3
100071d4:	b289      	uxth	r1, r1
100071d6:	428b      	cmp	r3, r1
100071d8:	d9fb      	bls.n	100071d2 <tu_fifo_read+0x3e>
100071da:	88e2      	ldrh	r2, [r4, #6]
100071dc:	6823      	ldr	r3, [r4, #0]
100071de:	0452      	lsls	r2, r2, #17
100071e0:	0c52      	lsrs	r2, r2, #17
100071e2:	4351      	muls	r1, r2
100071e4:	0028      	movs	r0, r5
100071e6:	1859      	adds	r1, r3, r1
100071e8:	f7fc fa7e 	bl	100036e8 <__wrap___aeabi_memcpy>
100071ec:	8961      	ldrh	r1, [r4, #10]
100071ee:	2501      	movs	r5, #1
100071f0:	1c4a      	adds	r2, r1, #1
100071f2:	b292      	uxth	r2, r2
100071f4:	88a3      	ldrh	r3, [r4, #4]
100071f6:	4291      	cmp	r1, r2
100071f8:	d90d      	bls.n	10007216 <tu_fifo_read+0x82>
100071fa:	2200      	movs	r2, #0
100071fc:	005b      	lsls	r3, r3, #1
100071fe:	1ad2      	subs	r2, r2, r3
10007200:	6920      	ldr	r0, [r4, #16]
10007202:	8162      	strh	r2, [r4, #10]
10007204:	2800      	cmp	r0, #0
10007206:	d001      	beq.n	1000720c <tu_fifo_read+0x78>
10007208:	f000 fb4e 	bl	100078a8 <__mutex_exit_veneer>
1000720c:	0028      	movs	r0, r5
1000720e:	bd70      	pop	{r4, r5, r6, pc}
10007210:	2500      	movs	r5, #0
10007212:	8962      	ldrh	r2, [r4, #10]
10007214:	b292      	uxth	r2, r2
10007216:	005b      	lsls	r3, r3, #1
10007218:	429a      	cmp	r2, r3
1000721a:	dbf1      	blt.n	10007200 <tu_fifo_read+0x6c>
1000721c:	e7ef      	b.n	100071fe <tu_fifo_read+0x6a>
1000721e:	005a      	lsls	r2, r3, #1
10007220:	1a52      	subs	r2, r2, r1
10007222:	1882      	adds	r2, r0, r2
10007224:	b292      	uxth	r2, r2
10007226:	e7c9      	b.n	100071bc <tu_fifo_read+0x28>
10007228:	18c0      	adds	r0, r0, r3
1000722a:	b281      	uxth	r1, r0
1000722c:	8161      	strh	r1, [r4, #10]
1000722e:	e7ce      	b.n	100071ce <tu_fifo_read+0x3a>

10007230 <tu_fifo_read_n>:
10007230:	b5f0      	push	{r4, r5, r6, r7, lr}
10007232:	4646      	mov	r6, r8
10007234:	46d6      	mov	lr, sl
10007236:	464f      	mov	r7, r9
10007238:	b5c0      	push	{r6, r7, lr}
1000723a:	0006      	movs	r6, r0
1000723c:	6900      	ldr	r0, [r0, #16]
1000723e:	468a      	mov	sl, r1
10007240:	4690      	mov	r8, r2
10007242:	b082      	sub	sp, #8
10007244:	2800      	cmp	r0, #0
10007246:	d003      	beq.n	10007250 <tu_fifo_read_n+0x20>
10007248:	2101      	movs	r1, #1
1000724a:	4249      	negs	r1, r1
1000724c:	f000 fb44 	bl	100078d8 <__mutex_enter_timeout_ms_veneer>
10007250:	8931      	ldrh	r1, [r6, #8]
10007252:	8972      	ldrh	r2, [r6, #10]
10007254:	88b5      	ldrh	r5, [r6, #4]
10007256:	b28b      	uxth	r3, r1
10007258:	b294      	uxth	r4, r2
1000725a:	4291      	cmp	r1, r2
1000725c:	d355      	bcc.n	1000730a <tu_fifo_read_n+0xda>
1000725e:	1b1f      	subs	r7, r3, r4
10007260:	b2bf      	uxth	r7, r7
10007262:	2f00      	cmp	r7, #0
10007264:	d04b      	beq.n	100072fe <tu_fifo_read_n+0xce>
10007266:	42bd      	cmp	r5, r7
10007268:	d205      	bcs.n	10007276 <tu_fifo_read_n+0x46>
1000726a:	42ab      	cmp	r3, r5
1000726c:	d252      	bcs.n	10007314 <tu_fifo_read_n+0xe4>
1000726e:	195b      	adds	r3, r3, r5
10007270:	b29c      	uxth	r4, r3
10007272:	002f      	movs	r7, r5
10007274:	8174      	strh	r4, [r6, #10]
10007276:	4643      	mov	r3, r8
10007278:	45b8      	cmp	r8, r7
1000727a:	d83e      	bhi.n	100072fa <tu_fifo_read_n+0xca>
1000727c:	b29f      	uxth	r7, r3
1000727e:	42a5      	cmp	r5, r4
10007280:	d803      	bhi.n	1000728a <tu_fifo_read_n+0x5a>
10007282:	1b64      	subs	r4, r4, r5
10007284:	b2a4      	uxth	r4, r4
10007286:	42a5      	cmp	r5, r4
10007288:	d9fb      	bls.n	10007282 <tu_fifo_read_n+0x52>
1000728a:	88f2      	ldrh	r2, [r6, #6]
1000728c:	6831      	ldr	r1, [r6, #0]
1000728e:	0452      	lsls	r2, r2, #17
10007290:	0c50      	lsrs	r0, r2, #17
10007292:	0002      	movs	r2, r0
10007294:	4362      	muls	r2, r4
10007296:	1b2b      	subs	r3, r5, r4
10007298:	b29b      	uxth	r3, r3
1000729a:	1889      	adds	r1, r1, r2
1000729c:	9001      	str	r0, [sp, #4]
1000729e:	0002      	movs	r2, r0
100072a0:	429f      	cmp	r7, r3
100072a2:	d925      	bls.n	100072f0 <tu_fifo_read_n+0xc0>
100072a4:	4343      	muls	r3, r0
100072a6:	b29b      	uxth	r3, r3
100072a8:	001a      	movs	r2, r3
100072aa:	4650      	mov	r0, sl
100072ac:	4699      	mov	r9, r3
100072ae:	f7fc fa1b 	bl	100036e8 <__wrap___aeabi_memcpy>
100072b2:	4650      	mov	r0, sl
100072b4:	9a01      	ldr	r2, [sp, #4]
100072b6:	1b7d      	subs	r5, r7, r5
100072b8:	1964      	adds	r4, r4, r5
100072ba:	4354      	muls	r4, r2
100072bc:	6831      	ldr	r1, [r6, #0]
100072be:	4448      	add	r0, r9
100072c0:	b2a2      	uxth	r2, r4
100072c2:	f7fc fa11 	bl	100036e8 <__wrap___aeabi_memcpy>
100072c6:	8971      	ldrh	r1, [r6, #10]
100072c8:	88b5      	ldrh	r5, [r6, #4]
100072ca:	19cb      	adds	r3, r1, r7
100072cc:	b29b      	uxth	r3, r3
100072ce:	006a      	lsls	r2, r5, #1
100072d0:	4299      	cmp	r1, r3
100072d2:	d916      	bls.n	10007302 <tu_fifo_read_n+0xd2>
100072d4:	1a9b      	subs	r3, r3, r2
100072d6:	6930      	ldr	r0, [r6, #16]
100072d8:	8173      	strh	r3, [r6, #10]
100072da:	2800      	cmp	r0, #0
100072dc:	d001      	beq.n	100072e2 <tu_fifo_read_n+0xb2>
100072de:	f000 fae3 	bl	100078a8 <__mutex_exit_veneer>
100072e2:	0038      	movs	r0, r7
100072e4:	b002      	add	sp, #8
100072e6:	bce0      	pop	{r5, r6, r7}
100072e8:	46ba      	mov	sl, r7
100072ea:	46b1      	mov	r9, r6
100072ec:	46a8      	mov	r8, r5
100072ee:	bdf0      	pop	{r4, r5, r6, r7, pc}
100072f0:	4650      	mov	r0, sl
100072f2:	437a      	muls	r2, r7
100072f4:	f7fc f9f8 	bl	100036e8 <__wrap___aeabi_memcpy>
100072f8:	e7e5      	b.n	100072c6 <tu_fifo_read_n+0x96>
100072fa:	1c3b      	adds	r3, r7, #0
100072fc:	e7be      	b.n	1000727c <tu_fifo_read_n+0x4c>
100072fe:	8973      	ldrh	r3, [r6, #10]
10007300:	b29b      	uxth	r3, r3
10007302:	006a      	lsls	r2, r5, #1
10007304:	4293      	cmp	r3, r2
10007306:	dbe6      	blt.n	100072d6 <tu_fifo_read_n+0xa6>
10007308:	e7e4      	b.n	100072d4 <tu_fifo_read_n+0xa4>
1000730a:	006f      	lsls	r7, r5, #1
1000730c:	1b3f      	subs	r7, r7, r4
1000730e:	19df      	adds	r7, r3, r7
10007310:	b2bf      	uxth	r7, r7
10007312:	e7a6      	b.n	10007262 <tu_fifo_read_n+0x32>
10007314:	1b5b      	subs	r3, r3, r5
10007316:	b29c      	uxth	r4, r3
10007318:	e7ab      	b.n	10007272 <tu_fifo_read_n+0x42>
1000731a:	46c0      	nop			@ (mov r8, r8)

1000731c <tu_fifo_write>:
1000731c:	b5f8      	push	{r3, r4, r5, r6, r7, lr}
1000731e:	0004      	movs	r4, r0
10007320:	68c0      	ldr	r0, [r0, #12]
10007322:	000f      	movs	r7, r1
10007324:	2800      	cmp	r0, #0
10007326:	d003      	beq.n	10007330 <tu_fifo_write+0x14>
10007328:	2101      	movs	r1, #1
1000732a:	4249      	negs	r1, r1
1000732c:	f000 fad4 	bl	100078d8 <__mutex_enter_timeout_ms_veneer>
10007330:	8925      	ldrh	r5, [r4, #8]
10007332:	8920      	ldrh	r0, [r4, #8]
10007334:	8961      	ldrh	r1, [r4, #10]
10007336:	88a2      	ldrh	r2, [r4, #4]
10007338:	b2ad      	uxth	r5, r5
1000733a:	b283      	uxth	r3, r0
1000733c:	b28e      	uxth	r6, r1
1000733e:	4288      	cmp	r0, r1
10007340:	d328      	bcc.n	10007394 <tu_fifo_write+0x78>
10007342:	1b9b      	subs	r3, r3, r6
10007344:	b29b      	uxth	r3, r3
10007346:	429a      	cmp	r2, r3
10007348:	d809      	bhi.n	1000735e <tu_fifo_write+0x42>
1000734a:	79e6      	ldrb	r6, [r4, #7]
1000734c:	09f6      	lsrs	r6, r6, #7
1000734e:	d106      	bne.n	1000735e <tu_fifo_write+0x42>
10007350:	68e0      	ldr	r0, [r4, #12]
10007352:	2800      	cmp	r0, #0
10007354:	d001      	beq.n	1000735a <tu_fifo_write+0x3e>
10007356:	f000 faa7 	bl	100078a8 <__mutex_exit_veneer>
1000735a:	0030      	movs	r0, r6
1000735c:	bdf8      	pop	{r3, r4, r5, r6, r7, pc}
1000735e:	002b      	movs	r3, r5
10007360:	4295      	cmp	r5, r2
10007362:	d31c      	bcc.n	1000739e <tu_fifo_write+0x82>
10007364:	1a9b      	subs	r3, r3, r2
10007366:	b29b      	uxth	r3, r3
10007368:	4293      	cmp	r3, r2
1000736a:	d2fb      	bcs.n	10007364 <tu_fifo_write+0x48>
1000736c:	88e2      	ldrh	r2, [r4, #6]
1000736e:	6820      	ldr	r0, [r4, #0]
10007370:	0452      	lsls	r2, r2, #17
10007372:	0c52      	lsrs	r2, r2, #17
10007374:	4353      	muls	r3, r2
10007376:	0039      	movs	r1, r7
10007378:	18c0      	adds	r0, r0, r3
1000737a:	f7fc f9b5 	bl	100036e8 <__wrap___aeabi_memcpy>
1000737e:	1c6b      	adds	r3, r5, #1
10007380:	b29b      	uxth	r3, r3
10007382:	88a2      	ldrh	r2, [r4, #4]
10007384:	429d      	cmp	r5, r3
10007386:	d916      	bls.n	100073b6 <tu_fifo_write+0x9a>
10007388:	2300      	movs	r3, #0
1000738a:	0052      	lsls	r2, r2, #1
1000738c:	1a9b      	subs	r3, r3, r2
1000738e:	2601      	movs	r6, #1
10007390:	8123      	strh	r3, [r4, #8]
10007392:	e7dd      	b.n	10007350 <tu_fifo_write+0x34>
10007394:	0051      	lsls	r1, r2, #1
10007396:	1b89      	subs	r1, r1, r6
10007398:	185b      	adds	r3, r3, r1
1000739a:	b29b      	uxth	r3, r3
1000739c:	e7d3      	b.n	10007346 <tu_fifo_write+0x2a>
1000739e:	88e2      	ldrh	r2, [r4, #6]
100073a0:	6820      	ldr	r0, [r4, #0]
100073a2:	0452      	lsls	r2, r2, #17
100073a4:	0c52      	lsrs	r2, r2, #17
100073a6:	4353      	muls	r3, r2
100073a8:	0039      	movs	r1, r7
100073aa:	18c0      	adds	r0, r0, r3
100073ac:	f7fc f99c 	bl	100036e8 <__wrap___aeabi_memcpy>
100073b0:	3501      	adds	r5, #1
100073b2:	88a2      	ldrh	r2, [r4, #4]
100073b4:	b2ab      	uxth	r3, r5
100073b6:	0052      	lsls	r2, r2, #1
100073b8:	4293      	cmp	r3, r2
100073ba:	dbe8      	blt.n	1000738e <tu_fifo_write+0x72>
100073bc:	e7e6      	b.n	1000738c <tu_fifo_write+0x70>
100073be:	46c0      	nop			@ (mov r8, r8)

100073c0 <tu_fifo_write_n>:
100073c0:	b5f0      	push	{r4, r5, r6, r7, lr}
100073c2:	464e      	mov	r6, r9
100073c4:	4645      	mov	r5, r8
100073c6:	46de      	mov	lr, fp
100073c8:	4657      	mov	r7, sl
100073ca:	b5e0      	push	{r5, r6, r7, lr}
100073cc:	4689      	mov	r9, r1
100073ce:	0005      	movs	r5, r0
100073d0:	0016      	movs	r6, r2
100073d2:	b083      	sub	sp, #12
100073d4:	2a00      	cmp	r2, #0
100073d6:	d06b      	beq.n	100074b0 <tu_fifo_write_n+0xf0>
100073d8:	68c0      	ldr	r0, [r0, #12]
100073da:	2800      	cmp	r0, #0
100073dc:	d003      	beq.n	100073e6 <tu_fifo_write_n+0x26>
100073de:	2101      	movs	r1, #1
100073e0:	4249      	negs	r1, r1
100073e2:	f000 fa79 	bl	100078d8 <__mutex_enter_timeout_ms_veneer>
100073e6:	892f      	ldrh	r7, [r5, #8]
100073e8:	79ea      	ldrb	r2, [r5, #7]
100073ea:	b2bb      	uxth	r3, r7
100073ec:	4698      	mov	r8, r3
100073ee:	896b      	ldrh	r3, [r5, #10]
100073f0:	88af      	ldrh	r7, [r5, #4]
100073f2:	b29b      	uxth	r3, r3
100073f4:	09d2      	lsrs	r2, r2, #7
100073f6:	d13d      	bne.n	10007474 <tu_fifo_write_n+0xb4>
100073f8:	4598      	cmp	r8, r3
100073fa:	d262      	bcs.n	100074c2 <tu_fifo_write_n+0x102>
100073fc:	007a      	lsls	r2, r7, #1
100073fe:	1ad3      	subs	r3, r2, r3
10007400:	4443      	add	r3, r8
10007402:	b29b      	uxth	r3, r3
10007404:	42bb      	cmp	r3, r7
10007406:	d261      	bcs.n	100074cc <tu_fifo_write_n+0x10c>
10007408:	1afb      	subs	r3, r7, r3
1000740a:	1c1a      	adds	r2, r3, #0
1000740c:	b29b      	uxth	r3, r3
1000740e:	42b3      	cmp	r3, r6
10007410:	d900      	bls.n	10007414 <tu_fifo_write_n+0x54>
10007412:	1c32      	adds	r2, r6, #0
10007414:	b296      	uxth	r6, r2
10007416:	1bf3      	subs	r3, r6, r7
10007418:	9301      	str	r3, [sp, #4]
1000741a:	4643      	mov	r3, r8
1000741c:	18f3      	adds	r3, r6, r3
1000741e:	b29b      	uxth	r3, r3
10007420:	469b      	mov	fp, r3
10007422:	88ea      	ldrh	r2, [r5, #6]
10007424:	4644      	mov	r4, r8
10007426:	45b8      	cmp	r8, r7
10007428:	d303      	bcc.n	10007432 <tu_fifo_write_n+0x72>
1000742a:	1be4      	subs	r4, r4, r7
1000742c:	b2a4      	uxth	r4, r4
1000742e:	42bc      	cmp	r4, r7
10007430:	d2fb      	bcs.n	1000742a <tu_fifo_write_n+0x6a>
10007432:	0452      	lsls	r2, r2, #17
10007434:	1b3b      	subs	r3, r7, r4
10007436:	0c57      	lsrs	r7, r2, #17
10007438:	003a      	movs	r2, r7
1000743a:	4362      	muls	r2, r4
1000743c:	6828      	ldr	r0, [r5, #0]
1000743e:	b29b      	uxth	r3, r3
10007440:	1880      	adds	r0, r0, r2
10007442:	42b3      	cmp	r3, r6
10007444:	d356      	bcc.n	100074f4 <tu_fifo_write_n+0x134>
10007446:	003a      	movs	r2, r7
10007448:	4649      	mov	r1, r9
1000744a:	4372      	muls	r2, r6
1000744c:	f7fc f94c 	bl	100036e8 <__wrap___aeabi_memcpy>
10007450:	88ab      	ldrh	r3, [r5, #4]
10007452:	005b      	lsls	r3, r3, #1
10007454:	45d8      	cmp	r8, fp
10007456:	d801      	bhi.n	1000745c <tu_fifo_write_n+0x9c>
10007458:	459b      	cmp	fp, r3
1000745a:	db02      	blt.n	10007462 <tu_fifo_write_n+0xa2>
1000745c:	465a      	mov	r2, fp
1000745e:	1ad3      	subs	r3, r2, r3
10007460:	469b      	mov	fp, r3
10007462:	465b      	mov	r3, fp
10007464:	0037      	movs	r7, r6
10007466:	812b      	strh	r3, [r5, #8]
10007468:	68e8      	ldr	r0, [r5, #12]
1000746a:	2800      	cmp	r0, #0
1000746c:	d021      	beq.n	100074b2 <tu_fifo_write_n+0xf2>
1000746e:	f000 fa1b 	bl	100078a8 <__mutex_exit_veneer>
10007472:	e01e      	b.n	100074b2 <tu_fifo_write_n+0xf2>
10007474:	42be      	cmp	r6, r7
10007476:	d22b      	bcs.n	100074d0 <tu_fifo_write_n+0x110>
10007478:	4598      	cmp	r8, r3
1000747a:	d34c      	bcc.n	10007516 <tu_fifo_write_n+0x156>
1000747c:	4642      	mov	r2, r8
1000747e:	1ad2      	subs	r2, r2, r3
10007480:	b292      	uxth	r2, r2
10007482:	0079      	lsls	r1, r7, #1
10007484:	1bf0      	subs	r0, r6, r7
10007486:	1992      	adds	r2, r2, r6
10007488:	9001      	str	r0, [sp, #4]
1000748a:	428a      	cmp	r2, r1
1000748c:	dbc5      	blt.n	1000741a <tu_fifo_write_n+0x5a>
1000748e:	19da      	adds	r2, r3, r7
10007490:	b292      	uxth	r2, r2
10007492:	4693      	mov	fp, r2
10007494:	1b92      	subs	r2, r2, r6
10007496:	b292      	uxth	r2, r2
10007498:	4690      	mov	r8, r2
1000749a:	4293      	cmp	r3, r2
1000749c:	d940      	bls.n	10007520 <tu_fifo_write_n+0x160>
1000749e:	4643      	mov	r3, r8
100074a0:	1a59      	subs	r1, r3, r1
100074a2:	b28b      	uxth	r3, r1
100074a4:	4698      	mov	r8, r3
100074a6:	18f3      	adds	r3, r6, r3
100074a8:	b29b      	uxth	r3, r3
100074aa:	469b      	mov	fp, r3
100074ac:	88ea      	ldrh	r2, [r5, #6]
100074ae:	e7b9      	b.n	10007424 <tu_fifo_write_n+0x64>
100074b0:	2700      	movs	r7, #0
100074b2:	0038      	movs	r0, r7
100074b4:	b003      	add	sp, #12
100074b6:	bcf0      	pop	{r4, r5, r6, r7}
100074b8:	46bb      	mov	fp, r7
100074ba:	46b2      	mov	sl, r6
100074bc:	46a9      	mov	r9, r5
100074be:	46a0      	mov	r8, r4
100074c0:	bdf0      	pop	{r4, r5, r6, r7, pc}
100074c2:	4642      	mov	r2, r8
100074c4:	1ad3      	subs	r3, r2, r3
100074c6:	b29b      	uxth	r3, r3
100074c8:	42bb      	cmp	r3, r7
100074ca:	d39d      	bcc.n	10007408 <tu_fifo_write_n+0x48>
100074cc:	2700      	movs	r7, #0
100074ce:	e7cb      	b.n	10007468 <tu_fifo_write_n+0xa8>
100074d0:	2f00      	cmp	r7, #0
100074d2:	d0c9      	beq.n	10007468 <tu_fifo_write_n+0xa8>
100074d4:	46cc      	mov	ip, r9
100074d6:	88ea      	ldrh	r2, [r5, #6]
100074d8:	1bf6      	subs	r6, r6, r7
100074da:	0451      	lsls	r1, r2, #17
100074dc:	0c49      	lsrs	r1, r1, #17
100074de:	4371      	muls	r1, r6
100074e0:	4698      	mov	r8, r3
100074e2:	448c      	add	ip, r1
100074e4:	19d9      	adds	r1, r3, r7
100074e6:	2300      	movs	r3, #0
100074e8:	b289      	uxth	r1, r1
100074ea:	46e1      	mov	r9, ip
100074ec:	468b      	mov	fp, r1
100074ee:	003e      	movs	r6, r7
100074f0:	9301      	str	r3, [sp, #4]
100074f2:	e797      	b.n	10007424 <tu_fifo_write_n+0x64>
100074f4:	437b      	muls	r3, r7
100074f6:	b29b      	uxth	r3, r3
100074f8:	001a      	movs	r2, r3
100074fa:	4649      	mov	r1, r9
100074fc:	469a      	mov	sl, r3
100074fe:	f7fc f8f3 	bl	100036e8 <__wrap___aeabi_memcpy>
10007502:	4649      	mov	r1, r9
10007504:	9b01      	ldr	r3, [sp, #4]
10007506:	6828      	ldr	r0, [r5, #0]
10007508:	18e2      	adds	r2, r4, r3
1000750a:	437a      	muls	r2, r7
1000750c:	4451      	add	r1, sl
1000750e:	b292      	uxth	r2, r2
10007510:	f7fc f8ea 	bl	100036e8 <__wrap___aeabi_memcpy>
10007514:	e79c      	b.n	10007450 <tu_fifo_write_n+0x90>
10007516:	0079      	lsls	r1, r7, #1
10007518:	1aca      	subs	r2, r1, r3
1000751a:	4442      	add	r2, r8
1000751c:	b292      	uxth	r2, r2
1000751e:	e7b1      	b.n	10007484 <tu_fifo_write_n+0xc4>
10007520:	4291      	cmp	r1, r2
10007522:	ddbc      	ble.n	1000749e <tu_fifo_write_n+0xde>
10007524:	e7c2      	b.n	100074ac <tu_fifo_write_n+0xec>
10007526:	46c0      	nop			@ (mov r8, r8)

10007528 <tu_fifo_clear>:
10007528:	b510      	push	{r4, lr}
1000752a:	0004      	movs	r4, r0
1000752c:	68c0      	ldr	r0, [r0, #12]
1000752e:	2800      	cmp	r0, #0
10007530:	d003      	beq.n	1000753a <tu_fifo_clear+0x12>
10007532:	2101      	movs	r1, #1
10007534:	4249      	negs	r1, r1
10007536:	f000 f9cf 	bl	100078d8 <__mutex_enter_timeout_ms_veneer>
1000753a:	6920      	ldr	r0, [r4, #16]
1000753c:	2800      	cmp	r0, #0
1000753e:	d003      	beq.n	10007548 <tu_fifo_clear+0x20>
10007540:	2101      	movs	r1, #1
10007542:	4249      	negs	r1, r1
10007544:	f000 f9c8 	bl	100078d8 <__mutex_enter_timeout_ms_veneer>
10007548:	2300      	movs	r3, #0
1000754a:	68e0      	ldr	r0, [r4, #12]
1000754c:	8163      	strh	r3, [r4, #10]
1000754e:	8123      	strh	r3, [r4, #8]
10007550:	2800      	cmp	r0, #0
10007552:	d001      	beq.n	10007558 <tu_fifo_clear+0x30>
10007554:	f000 f9a8 	bl	100078a8 <__mutex_exit_veneer>
10007558:	6920      	ldr	r0, [r4, #16]
1000755a:	2800      	cmp	r0, #0
1000755c:	d001      	beq.n	10007562 <tu_fifo_clear+0x3a>
1000755e:	f000 f9a3 	bl	100078a8 <__mutex_exit_veneer>
10007562:	2001      	movs	r0, #1
10007564:	bd10      	pop	{r4, pc}
10007566:	46c0      	nop			@ (mov r8, r8)

10007568 <tu_fifo_set_overwritable>:
10007568:	b570      	push	{r4, r5, r6, lr}
1000756a:	0004      	movs	r4, r0
1000756c:	68c0      	ldr	r0, [r0, #12]
1000756e:	000d      	movs	r5, r1
10007570:	2800      	cmp	r0, #0
10007572:	d003      	beq.n	1000757c <tu_fifo_set_overwritable+0x14>
10007574:	2101      	movs	r1, #1
10007576:	4249      	negs	r1, r1
10007578:	f000 f9ae 	bl	100078d8 <__mutex_enter_timeout_ms_veneer>
1000757c:	6920      	ldr	r0, [r4, #16]
1000757e:	2800      	cmp	r0, #0
10007580:	d003      	beq.n	1000758a <tu_fifo_set_overwritable+0x22>
10007582:	2101      	movs	r1, #1
10007584:	4249      	negs	r1, r1
10007586:	f000 f9a7 	bl	100078d8 <__mutex_enter_timeout_ms_veneer>
1000758a:	217f      	movs	r1, #127	@ 0x7f
1000758c:	79e2      	ldrb	r2, [r4, #7]
1000758e:	01eb      	lsls	r3, r5, #7
10007590:	4011      	ands	r1, r2
10007592:	68e0      	ldr	r0, [r4, #12]
10007594:	4319      	orrs	r1, r3
10007596:	71e1      	strb	r1, [r4, #7]
10007598:	2800      	cmp	r0, #0
1000759a:	d001      	beq.n	100075a0 <tu_fifo_set_overwritable+0x38>
1000759c:	f000 f984 	bl	100078a8 <__mutex_exit_veneer>
100075a0:	6920      	ldr	r0, [r4, #16]
100075a2:	2800      	cmp	r0, #0
100075a4:	d001      	beq.n	100075aa <tu_fifo_set_overwritable+0x42>
100075a6:	f000 f97f 	bl	100078a8 <__mutex_exit_veneer>
100075aa:	2001      	movs	r0, #1
100075ac:	bd70      	pop	{r4, r5, r6, pc}
100075ae:	46c0      	nop			@ (mov r8, r8)

100075b0 <adc_init>:
100075b0:	2301      	movs	r3, #1
100075b2:	2101      	movs	r1, #1
100075b4:	4a08      	ldr	r2, [pc, #32]	@ (100075d8 <adc_init+0x28>)
100075b6:	6013      	str	r3, [r2, #0]
100075b8:	4a08      	ldr	r2, [pc, #32]	@ (100075dc <adc_init+0x2c>)
100075ba:	6013      	str	r3, [r2, #0]
100075bc:	4a08      	ldr	r2, [pc, #32]	@ (100075e0 <adc_init+0x30>)
100075be:	0008      	movs	r0, r1
100075c0:	6813      	ldr	r3, [r2, #0]
100075c2:	4398      	bics	r0, r3
100075c4:	d1fb      	bne.n	100075be <adc_init+0xe>
100075c6:	4a07      	ldr	r2, [pc, #28]	@ (100075e4 <adc_init+0x34>)
100075c8:	6011      	str	r1, [r2, #0]
100075ca:	2180      	movs	r1, #128	@ 0x80
100075cc:	0049      	lsls	r1, r1, #1
100075ce:	6813      	ldr	r3, [r2, #0]
100075d0:	420b      	tst	r3, r1
100075d2:	d0fc      	beq.n	100075ce <adc_init+0x1e>
100075d4:	4770      	bx	lr
100075d6:	46c0      	nop			@ (mov r8, r8)
100075d8:	4000e000 	.word	0x4000e000
100075dc:	4000f000 	.word	0x4000f000
100075e0:	4000c008 	.word	0x4000c008
100075e4:	4004c000 	.word	0x4004c000

100075e8 <i2c_write_blocking_internal.constprop.0>:
100075e8:	b5f0      	push	{r4, r5, r6, r7, lr}
100075ea:	464e      	mov	r6, r9
100075ec:	4645      	mov	r5, r8
100075ee:	46de      	mov	lr, fp
100075f0:	4657      	mov	r7, sl
100075f2:	4684      	mov	ip, r0
100075f4:	b5e0      	push	{r5, r6, r7, lr}
100075f6:	b085      	sub	sp, #20
100075f8:	4698      	mov	r8, r3
100075fa:	ab0e      	add	r3, sp, #56	@ 0x38
100075fc:	4691      	mov	r9, r2
100075fe:	781a      	ldrb	r2, [r3, #0]
10007600:	4663      	mov	r3, ip
10007602:	0008      	movs	r0, r1
10007604:	6819      	ldr	r1, [r3, #0]
10007606:	2300      	movs	r3, #0
10007608:	66cb      	str	r3, [r1, #108]	@ 0x6c
1000760a:	3301      	adds	r3, #1
1000760c:	6048      	str	r0, [r1, #4]
1000760e:	66cb      	str	r3, [r1, #108]	@ 0x6c
10007610:	4643      	mov	r3, r8
10007612:	9203      	str	r2, [sp, #12]
10007614:	2b00      	cmp	r3, #0
10007616:	dd4e      	ble.n	100076b6 <i2c_write_blocking_internal.constprop.0+0xce>
10007618:	2701      	movs	r7, #1
1000761a:	1e5e      	subs	r6, r3, #1
1000761c:	4663      	mov	r3, ip
1000761e:	2480      	movs	r4, #128	@ 0x80
10007620:	4057      	eors	r7, r2
10007622:	791a      	ldrb	r2, [r3, #4]
10007624:	46a2      	mov	sl, r4
10007626:	2580      	movs	r5, #128	@ 0x80
10007628:	464c      	mov	r4, r9
1000762a:	0292      	lsls	r2, r2, #10
1000762c:	2000      	movs	r0, #0
1000762e:	2310      	movs	r3, #16
10007630:	4691      	mov	r9, r2
10007632:	00ad      	lsls	r5, r5, #2
10007634:	9401      	str	r4, [sp, #4]
10007636:	1b84      	subs	r4, r0, r6
10007638:	4262      	negs	r2, r4
1000763a:	4162      	adcs	r2, r4
1000763c:	9c01      	ldr	r4, [sp, #4]
1000763e:	403a      	ands	r2, r7
10007640:	5c24      	ldrb	r4, [r4, r0]
10007642:	0252      	lsls	r2, r2, #9
10007644:	4322      	orrs	r2, r4
10007646:	464c      	mov	r4, r9
10007648:	4322      	orrs	r2, r4
1000764a:	9c01      	ldr	r4, [sp, #4]
1000764c:	610a      	str	r2, [r1, #16]
1000764e:	6b4a      	ldr	r2, [r1, #52]	@ 0x34
10007650:	4213      	tst	r3, r2
10007652:	d0fc      	beq.n	1000764e <i2c_write_blocking_internal.constprop.0+0x66>
10007654:	4652      	mov	r2, sl
10007656:	588a      	ldr	r2, [r1, r2]
10007658:	9401      	str	r4, [sp, #4]
1000765a:	4691      	mov	r9, r2
1000765c:	2a00      	cmp	r2, #0
1000765e:	d110      	bne.n	10007682 <i2c_write_blocking_internal.constprop.0+0x9a>
10007660:	42b0      	cmp	r0, r6
10007662:	d023      	beq.n	100076ac <i2c_write_blocking_internal.constprop.0+0xc4>
10007664:	2200      	movs	r2, #0
10007666:	3001      	adds	r0, #1
10007668:	4691      	mov	r9, r2
1000766a:	4580      	cmp	r8, r0
1000766c:	d1e3      	bne.n	10007636 <i2c_write_blocking_internal.constprop.0+0x4e>
1000766e:	4663      	mov	r3, ip
10007670:	9a03      	ldr	r2, [sp, #12]
10007672:	711a      	strb	r2, [r3, #4]
10007674:	b005      	add	sp, #20
10007676:	bcf0      	pop	{r4, r5, r6, r7}
10007678:	46bb      	mov	fp, r7
1000767a:	46b2      	mov	sl, r6
1000767c:	46a9      	mov	r9, r5
1000767e:	46a0      	mov	r8, r4
10007680:	bdf0      	pop	{r4, r5, r6, r7, pc}
10007682:	6d4a      	ldr	r2, [r1, #84]	@ 0x54
10007684:	2201      	movs	r2, #1
10007686:	4693      	mov	fp, r2
10007688:	6b4a      	ldr	r2, [r1, #52]	@ 0x34
1000768a:	422a      	tst	r2, r5
1000768c:	d0fc      	beq.n	10007688 <i2c_write_blocking_internal.constprop.0+0xa0>
1000768e:	6e0a      	ldr	r2, [r1, #96]	@ 0x60
10007690:	465a      	mov	r2, fp
10007692:	9401      	str	r4, [sp, #4]
10007694:	2a00      	cmp	r2, #0
10007696:	d0e5      	beq.n	10007664 <i2c_write_blocking_internal.constprop.0+0x7c>
10007698:	464c      	mov	r4, r9
1000769a:	2c00      	cmp	r4, #0
1000769c:	d003      	beq.n	100076a6 <i2c_write_blocking_internal.constprop.0+0xbe>
1000769e:	2309      	movs	r3, #9
100076a0:	4023      	ands	r3, r4
100076a2:	2b08      	cmp	r3, #8
100076a4:	d0e3      	beq.n	1000766e <i2c_write_blocking_internal.constprop.0+0x86>
100076a6:	2001      	movs	r0, #1
100076a8:	4240      	negs	r0, r0
100076aa:	e7e0      	b.n	1000766e <i2c_write_blocking_internal.constprop.0+0x86>
100076ac:	9a03      	ldr	r2, [sp, #12]
100076ae:	2a00      	cmp	r2, #0
100076b0:	d1d8      	bne.n	10007664 <i2c_write_blocking_internal.constprop.0+0x7c>
100076b2:	4693      	mov	fp, r2
100076b4:	e7e8      	b.n	10007688 <i2c_write_blocking_internal.constprop.0+0xa0>
100076b6:	2000      	movs	r0, #0
100076b8:	e7d9      	b.n	1000766e <i2c_write_blocking_internal.constprop.0+0x86>
100076ba:	46c0      	nop			@ (mov r8, r8)

100076bc <i2c_set_baudrate>:
100076bc:	b5f0      	push	{r4, r5, r6, r7, lr}
100076be:	46d6      	mov	lr, sl
100076c0:	464f      	mov	r7, r9
100076c2:	4646      	mov	r6, r8
100076c4:	4682      	mov	sl, r0
100076c6:	b5c0      	push	{r6, r7, lr}
100076c8:	2005      	movs	r0, #5
100076ca:	000c      	movs	r4, r1
100076cc:	f7fa fe28 	bl	10002320 <clock_get_hz>
100076d0:	0005      	movs	r5, r0
100076d2:	0860      	lsrs	r0, r4, #1
100076d4:	0021      	movs	r1, r4
100076d6:	1940      	adds	r0, r0, r5
100076d8:	f7fb f8d0 	bl	1000287c <__wrap___aeabi_uidiv>
100076dc:	0047      	lsls	r7, r0, #1
100076de:	183f      	adds	r7, r7, r0
100076e0:	0006      	movs	r6, r0
100076e2:	2105      	movs	r1, #5
100076e4:	0038      	movs	r0, r7
100076e6:	f7fb f8c9 	bl	1000287c <__wrap___aeabi_uidiv>
100076ea:	46a0      	mov	r8, r4
100076ec:	4b1c      	ldr	r3, [pc, #112]	@ (10007760 <i2c_set_baudrate+0xa4>)
100076ee:	1a32      	subs	r2, r6, r0
100076f0:	0004      	movs	r4, r0
100076f2:	0068      	lsls	r0, r5, #1
100076f4:	4691      	mov	r9, r2
100076f6:	1940      	adds	r0, r0, r5
100076f8:	4598      	cmp	r8, r3
100076fa:	d82b      	bhi.n	10007754 <i2c_set_baudrate+0x98>
100076fc:	4919      	ldr	r1, [pc, #100]	@ (10007764 <i2c_set_baudrate+0xa8>)
100076fe:	f7fb f8bd 	bl	1000287c <__wrap___aeabi_uidiv>
10007702:	3001      	adds	r0, #1
10007704:	4653      	mov	r3, sl
10007706:	2200      	movs	r2, #0
10007708:	681b      	ldr	r3, [r3, #0]
1000770a:	66da      	str	r2, [r3, #108]	@ 0x6c
1000770c:	6819      	ldr	r1, [r3, #0]
1000770e:	3204      	adds	r2, #4
10007710:	4051      	eors	r1, r2
10007712:	3202      	adds	r2, #2
10007714:	400a      	ands	r2, r1
10007716:	2180      	movs	r1, #128	@ 0x80
10007718:	0149      	lsls	r1, r1, #5
1000771a:	1859      	adds	r1, r3, r1
1000771c:	600a      	str	r2, [r1, #0]
1000771e:	464a      	mov	r2, r9
10007720:	61da      	str	r2, [r3, #28]
10007722:	2201      	movs	r2, #1
10007724:	621c      	str	r4, [r3, #32]
10007726:	2f4f      	cmp	r7, #79	@ 0x4f
10007728:	d900      	bls.n	1000772c <i2c_set_baudrate+0x70>
1000772a:	0922      	lsrs	r2, r4, #4
1000772c:	21a0      	movs	r1, #160	@ 0xa0
1000772e:	505a      	str	r2, [r3, r1]
10007730:	6fda      	ldr	r2, [r3, #124]	@ 0x7c
10007732:	0031      	movs	r1, r6
10007734:	4050      	eors	r0, r2
10007736:	4a0c      	ldr	r2, [pc, #48]	@ (10007768 <i2c_set_baudrate+0xac>)
10007738:	0400      	lsls	r0, r0, #16
1000773a:	189a      	adds	r2, r3, r2
1000773c:	0c00      	lsrs	r0, r0, #16
1000773e:	6010      	str	r0, [r2, #0]
10007740:	2201      	movs	r2, #1
10007742:	0028      	movs	r0, r5
10007744:	66da      	str	r2, [r3, #108]	@ 0x6c
10007746:	f7fb f899 	bl	1000287c <__wrap___aeabi_uidiv>
1000774a:	bce0      	pop	{r5, r6, r7}
1000774c:	46ba      	mov	sl, r7
1000774e:	46b1      	mov	r9, r6
10007750:	46a8      	mov	r8, r5
10007752:	bdf0      	pop	{r4, r5, r6, r7, pc}
10007754:	4905      	ldr	r1, [pc, #20]	@ (1000776c <i2c_set_baudrate+0xb0>)
10007756:	f7fb f891 	bl	1000287c <__wrap___aeabi_uidiv>
1000775a:	3001      	adds	r0, #1
1000775c:	e7d2      	b.n	10007704 <i2c_set_baudrate+0x48>
1000775e:	46c0      	nop			@ (mov r8, r8)
10007760:	000f423f 	.word	0x000f423f
10007764:	00989680 	.word	0x00989680
10007768:	0000107c 	.word	0x0000107c
1000776c:	017d7840 	.word	0x017d7840

10007770 <i2c_init>:
10007770:	4a10      	ldr	r2, [pc, #64]	@ (100077b4 <i2c_init+0x44>)
10007772:	b570      	push	{r4, r5, r6, lr}
10007774:	1a82      	subs	r2, r0, r2
10007776:	1e53      	subs	r3, r2, #1
10007778:	419a      	sbcs	r2, r3
1000777a:	2307      	movs	r3, #7
1000777c:	4252      	negs	r2, r2
1000777e:	439a      	bics	r2, r3
10007780:	4b0d      	ldr	r3, [pc, #52]	@ (100077b8 <i2c_init+0x48>)
10007782:	3210      	adds	r2, #16
10007784:	601a      	str	r2, [r3, #0]
10007786:	4b0d      	ldr	r3, [pc, #52]	@ (100077bc <i2c_init+0x4c>)
10007788:	4c0d      	ldr	r4, [pc, #52]	@ (100077c0 <i2c_init+0x50>)
1000778a:	601a      	str	r2, [r3, #0]
1000778c:	0015      	movs	r5, r2
1000778e:	6823      	ldr	r3, [r4, #0]
10007790:	439d      	bics	r5, r3
10007792:	1e2b      	subs	r3, r5, #0
10007794:	d1fa      	bne.n	1000778c <i2c_init+0x1c>
10007796:	2466      	movs	r4, #102	@ 0x66
10007798:	6802      	ldr	r2, [r0, #0]
1000779a:	34ff      	adds	r4, #255	@ 0xff
1000779c:	7105      	strb	r5, [r0, #4]
1000779e:	66d5      	str	r5, [r2, #108]	@ 0x6c
100077a0:	6014      	str	r4, [r2, #0]
100077a2:	3c63      	subs	r4, #99	@ 0x63
100077a4:	3388      	adds	r3, #136	@ 0x88
100077a6:	3cff      	subs	r4, #255	@ 0xff
100077a8:	63d5      	str	r5, [r2, #60]	@ 0x3c
100077aa:	6395      	str	r5, [r2, #56]	@ 0x38
100077ac:	50d4      	str	r4, [r2, r3]
100077ae:	f7ff ff85 	bl	100076bc <i2c_set_baudrate>
100077b2:	bd70      	pop	{r4, r5, r6, pc}
100077b4:	20001028 	.word	0x20001028
100077b8:	4000e000 	.word	0x4000e000
100077bc:	4000f000 	.word	0x4000f000
100077c0:	4000c008 	.word	0x4000c008

100077c4 <i2c_write_blocking>:
100077c4:	b510      	push	{r4, lr}
100077c6:	b082      	sub	sp, #8
100077c8:	466c      	mov	r4, sp
100077ca:	7c24      	ldrb	r4, [r4, #16]
100077cc:	9400      	str	r4, [sp, #0]
100077ce:	f7ff ff0b 	bl	100075e8 <i2c_write_blocking_internal.constprop.0>
100077d2:	b002      	add	sp, #8
100077d4:	bd10      	pop	{r4, pc}
100077d6:	46c0      	nop			@ (mov r8, r8)

100077d8 <strlen>:
100077d8:	0003      	movs	r3, r0
100077da:	4684      	mov	ip, r0
100077dc:	079b      	lsls	r3, r3, #30
100077de:	d00b      	beq.n	100077f8 <strlen+0x20>
100077e0:	0003      	movs	r3, r0
100077e2:	2103      	movs	r1, #3
100077e4:	e002      	b.n	100077ec <strlen+0x14>
100077e6:	3301      	adds	r3, #1
100077e8:	420b      	tst	r3, r1
100077ea:	d006      	beq.n	100077fa <strlen+0x22>
100077ec:	781a      	ldrb	r2, [r3, #0]
100077ee:	2a00      	cmp	r2, #0
100077f0:	d1f9      	bne.n	100077e6 <strlen+0xe>
100077f2:	4662      	mov	r2, ip
100077f4:	1a98      	subs	r0, r3, r2
100077f6:	4770      	bx	lr
100077f8:	0003      	movs	r3, r0
100077fa:	6819      	ldr	r1, [r3, #0]
100077fc:	4a0c      	ldr	r2, [pc, #48]	@ (10007830 <strlen+0x58>)
100077fe:	480d      	ldr	r0, [pc, #52]	@ (10007834 <strlen+0x5c>)
10007800:	188a      	adds	r2, r1, r2
10007802:	438a      	bics	r2, r1
10007804:	4202      	tst	r2, r0
10007806:	d10f      	bne.n	10007828 <strlen+0x50>
10007808:	6859      	ldr	r1, [r3, #4]
1000780a:	4a09      	ldr	r2, [pc, #36]	@ (10007830 <strlen+0x58>)
1000780c:	3304      	adds	r3, #4
1000780e:	188a      	adds	r2, r1, r2
10007810:	438a      	bics	r2, r1
10007812:	4202      	tst	r2, r0
10007814:	d108      	bne.n	10007828 <strlen+0x50>
10007816:	6859      	ldr	r1, [r3, #4]
10007818:	4a05      	ldr	r2, [pc, #20]	@ (10007830 <strlen+0x58>)
1000781a:	3304      	adds	r3, #4
1000781c:	188a      	adds	r2, r1, r2
1000781e:	438a      	bics	r2, r1
10007820:	4202      	tst	r2, r0
10007822:	d0f1      	beq.n	10007808 <strlen+0x30>
10007824:	e000      	b.n	10007828 <strlen+0x50>
10007826:	3301      	adds	r3, #1
10007828:	781a      	ldrb	r2, [r3, #0]
1000782a:	2a00      	cmp	r2, #0
1000782c:	d1fb      	bne.n	10007826 <strlen+0x4e>
1000782e:	e7e0      	b.n	100077f2 <strlen+0x1a>
10007830:	fefefeff 	.word	0xfefefeff
10007834:	80808080 	.word	0x80808080

10007838 <____aeabi_ldiv0_veneer>:
10007838:	b401      	push	{r0}
1000783a:	4802      	ldr	r0, [pc, #8]	@ (10007844 <____aeabi_ldiv0_veneer+0xc>)
1000783c:	4684      	mov	ip, r0
1000783e:	bc01      	pop	{r0}
10007840:	4760      	bx	ip
10007842:	bf00      	nop
10007844:	20000eb9 	.word	0x20000eb9

10007848 <__mutex_try_enter_veneer>:
10007848:	b401      	push	{r0}
1000784a:	4802      	ldr	r0, [pc, #8]	@ (10007854 <__mutex_try_enter_veneer+0xc>)
1000784c:	4684      	mov	ip, r0
1000784e:	bc01      	pop	{r0}
10007850:	4760      	bx	ip
10007852:	bf00      	nop
10007854:	200000c1 	.word	0x200000c1

10007858 <___hw_endpoint_buffer_control_update32_veneer>:
10007858:	b401      	push	{r0}
1000785a:	4802      	ldr	r0, [pc, #8]	@ (10007864 <___hw_endpoint_buffer_control_update32_veneer+0xc>)
1000785c:	4684      	mov	ip, r0
1000785e:	bc01      	pop	{r0}
10007860:	4760      	bx	ip
10007862:	bf00      	nop
10007864:	20000bed 	.word	0x20000bed

10007868 <____aeabi_idiv0_veneer>:
10007868:	b401      	push	{r0}
1000786a:	4802      	ldr	r0, [pc, #8]	@ (10007874 <____aeabi_idiv0_veneer+0xc>)
1000786c:	4684      	mov	ip, r0
1000786e:	bc01      	pop	{r0}
10007870:	4760      	bx	ip
10007872:	bf00      	nop
10007874:	20000eb9 	.word	0x20000eb9

10007878 <__mutex_try_enter_block_until_veneer>:
10007878:	b401      	push	{r0}
1000787a:	4802      	ldr	r0, [pc, #8]	@ (10007884 <__mutex_try_enter_block_until_veneer+0xc>)
1000787c:	4684      	mov	ip, r0
1000787e:	bc01      	pop	{r0}
10007880:	4760      	bx	ip
10007882:	bf00      	nop
10007884:	20000165 	.word	0x20000165

10007888 <__flash_do_cmd_cs_veneer>:
10007888:	b401      	push	{r0}
1000788a:	4802      	ldr	r0, [pc, #8]	@ (10007894 <__flash_do_cmd_cs_veneer+0xc>)
1000788c:	4684      	mov	ip, r0
1000788e:	bc01      	pop	{r0}
10007890:	4760      	bx	ip
10007892:	bf00      	nop
10007894:	20000289 	.word	0x20000289

10007898 <__e15_is_critical_frame_period_veneer>:
10007898:	b401      	push	{r0}
1000789a:	4802      	ldr	r0, [pc, #8]	@ (100078a4 <__e15_is_critical_frame_period_veneer+0xc>)
1000789c:	4684      	mov	ip, r0
1000789e:	bc01      	pop	{r0}
100078a0:	4760      	bx	ip
100078a2:	bf00      	nop
100078a4:	20000bb1 	.word	0x20000bb1

100078a8 <__mutex_exit_veneer>:
100078a8:	b401      	push	{r0}
100078aa:	4802      	ldr	r0, [pc, #8]	@ (100078b4 <__mutex_exit_veneer+0xc>)
100078ac:	4684      	mov	ip, r0
100078ae:	bc01      	pop	{r0}
100078b0:	4760      	bx	ip
100078b2:	bf00      	nop
100078b4:	200001d5 	.word	0x200001d5

100078b8 <__e15_is_bulkin_ep_veneer>:
100078b8:	b401      	push	{r0}
100078ba:	4802      	ldr	r0, [pc, #8]	@ (100078c4 <__e15_is_bulkin_ep_veneer+0xc>)
100078bc:	4684      	mov	ip, r0
100078be:	bc01      	pop	{r0}
100078c0:	4760      	bx	ip
100078c2:	bf00      	nop
100078c4:	20000b89 	.word	0x20000b89

100078c8 <__reset_non_control_endpoints_veneer>:
100078c8:	b401      	push	{r0}
100078ca:	4802      	ldr	r0, [pc, #8]	@ (100078d4 <__reset_non_control_endpoints_veneer+0xc>)
100078cc:	4684      	mov	ip, r0
100078ce:	bc01      	pop	{r0}
100078d0:	4760      	bx	ip
100078d2:	bf00      	nop
100078d4:	200003d1 	.word	0x200003d1

100078d8 <__mutex_enter_timeout_ms_veneer>:
100078d8:	b401      	push	{r0}
100078da:	4802      	ldr	r0, [pc, #8]	@ (100078e4 <__mutex_enter_timeout_ms_veneer+0xc>)
100078dc:	4684      	mov	ip, r0
100078de:	bc01      	pop	{r0}
100078e0:	4760      	bx	ip
100078e2:	bf00      	nop
100078e4:	20000199 	.word	0x20000199

100078e8 <__hw_endpoint_start_next_buffer_veneer>:
100078e8:	b401      	push	{r0}
100078ea:	4802      	ldr	r0, [pc, #8]	@ (100078f4 <__hw_endpoint_start_next_buffer_veneer+0xc>)
100078ec:	4684      	mov	ip, r0
100078ee:	bc01      	pop	{r0}
100078f0:	4760      	bx	ip
100078f2:	bf00      	nop
100078f4:	20000c3d 	.word	0x20000c3d

100078f8 <__pre_init_runtime_init_early_resets>:
100078f8:	1000260d                                .&..

100078fc <__pre_init_runtime_init_usb_power_down>:
100078fc:	10002639 1000281d 100036cd 10002ec1     9&...(...6......
1000790c:	10003609                                .6..

10007910 <__pre_init_runtime_init_clocks>:
10007910:	10002745                                E'..

10007914 <__pre_init_runtime_init_post_clock_resets>:
10007914:	10002655                                U&..

10007918 <__pre_init_runtime_init_rp2040_gpio_ie_disable>:
10007918:	10002675                                u&..

1000791c <__pre_init_runtime_init_spin_locks_reset>:
1000791c:	10002689                                .&..

10007920 <__pre_init_runtime_init_mutex>:
10007920:	10001749                                I...

10007924 <__pre_init_runtime_init_install_ram_vector_table>:
10007924:	10002691                                .&..

10007928 <__pre_init_runtime_init_default_alarm_pool>:
10007928:	10001b09                                ....

1000792c <__pre_init_first_per_core_initializer>:
1000792c:	100025d5                                .%..

10007930 <__pre_init_runtime_init_per_core_irq_priorities>:
10007930:	10001385                                ....

10007934 <__init_array_start>:
10007934:	10005735 	.word	0x10005735

Disassembly of section .data:

200000c0 <mutex_try_enter>:
200000c0:	0003      	movs	r3, r0
200000c2:	6800      	ldr	r0, [r0, #0]
200000c4:	f3ef 8c10 	mrs	ip, PRIMASK
200000c8:	b672      	cpsid	i
200000ca:	6802      	ldr	r2, [r0, #0]
200000cc:	2a00      	cmp	r2, #0
200000ce:	d0fc      	beq.n	200000ca <mutex_try_enter+0xa>
200000d0:	f3bf 8f5f 	dmb	sy
200000d4:	2204      	movs	r2, #4
200000d6:	569a      	ldrsb	r2, [r3, r2]
200000d8:	2a00      	cmp	r2, #0
200000da:	db0b      	blt.n	200000f4 <mutex_try_enter+0x34>
200000dc:	2900      	cmp	r1, #0
200000de:	d000      	beq.n	200000e2 <mutex_try_enter+0x22>
200000e0:	600a      	str	r2, [r1, #0]
200000e2:	2000      	movs	r0, #0
200000e4:	681b      	ldr	r3, [r3, #0]
200000e6:	f3bf 8f5f 	dmb	sy
200000ea:	2200      	movs	r2, #0
200000ec:	601a      	str	r2, [r3, #0]
200000ee:	f38c 8810 	msr	PRIMASK, ip
200000f2:	4770      	bx	lr
200000f4:	22d0      	movs	r2, #208	@ 0xd0
200000f6:	0612      	lsls	r2, r2, #24
200000f8:	6812      	ldr	r2, [r2, #0]
200000fa:	2001      	movs	r0, #1
200000fc:	711a      	strb	r2, [r3, #4]
200000fe:	e7f1      	b.n	200000e4 <mutex_try_enter+0x24>

20000100 <mutex_enter_block_until>:
20000100:	b5f0      	push	{r4, r5, r6, r7, lr}
20000102:	001f      	movs	r7, r3
20000104:	23d0      	movs	r3, #208	@ 0xd0
20000106:	46c6      	mov	lr, r8
20000108:	061b      	lsls	r3, r3, #24
2000010a:	681b      	ldr	r3, [r3, #0]
2000010c:	0004      	movs	r4, r0
2000010e:	0016      	movs	r6, r2
20000110:	4698      	mov	r8, r3
20000112:	2500      	movs	r5, #0
20000114:	b500      	push	{lr}
20000116:	e00a      	b.n	2000012e <mutex_enter_block_until+0x2e>
20000118:	f3bf 8f5f 	dmb	sy
2000011c:	6015      	str	r5, [r2, #0]
2000011e:	f381 8810 	msr	PRIMASK, r1
20000122:	0030      	movs	r0, r6
20000124:	0039      	movs	r1, r7
20000126:	f000 ff03 	bl	20000f30 <__best_effort_wfe_or_timeout_veneer>
2000012a:	2800      	cmp	r0, #0
2000012c:	d118      	bne.n	20000160 <mutex_enter_block_until+0x60>
2000012e:	6822      	ldr	r2, [r4, #0]
20000130:	f3ef 8110 	mrs	r1, PRIMASK
20000134:	b672      	cpsid	i
20000136:	6813      	ldr	r3, [r2, #0]
20000138:	2b00      	cmp	r3, #0
2000013a:	d0fc      	beq.n	20000136 <mutex_enter_block_until+0x36>
2000013c:	f3bf 8f5f 	dmb	sy
20000140:	7923      	ldrb	r3, [r4, #4]
20000142:	6822      	ldr	r2, [r4, #0]
20000144:	2b7f      	cmp	r3, #127	@ 0x7f
20000146:	d9e7      	bls.n	20000118 <mutex_enter_block_until+0x18>
20000148:	4643      	mov	r3, r8
2000014a:	7123      	strb	r3, [r4, #4]
2000014c:	f3bf 8f5f 	dmb	sy
20000150:	2300      	movs	r3, #0
20000152:	6013      	str	r3, [r2, #0]
20000154:	f381 8810 	msr	PRIMASK, r1
20000158:	2001      	movs	r0, #1
2000015a:	bc80      	pop	{r7}
2000015c:	46b8      	mov	r8, r7
2000015e:	bdf0      	pop	{r4, r5, r6, r7, pc}
20000160:	2000      	movs	r0, #0
20000162:	e7fa      	b.n	2000015a <mutex_enter_block_until+0x5a>

20000164 <mutex_try_enter_block_until>:
20000164:	b570      	push	{r4, r5, r6, lr}
20000166:	b082      	sub	sp, #8
20000168:	a901      	add	r1, sp, #4
2000016a:	0006      	movs	r6, r0
2000016c:	0014      	movs	r4, r2
2000016e:	001d      	movs	r5, r3
20000170:	f7ff ffa6 	bl	200000c0 <mutex_try_enter>
20000174:	2800      	cmp	r0, #0
20000176:	d107      	bne.n	20000188 <mutex_try_enter_block_until+0x24>
20000178:	22d0      	movs	r2, #208	@ 0xd0
2000017a:	0612      	lsls	r2, r2, #24
2000017c:	9b01      	ldr	r3, [sp, #4]
2000017e:	7812      	ldrb	r2, [r2, #0]
20000180:	b25b      	sxtb	r3, r3
20000182:	b252      	sxtb	r2, r2
20000184:	4293      	cmp	r3, r2
20000186:	d101      	bne.n	2000018c <mutex_try_enter_block_until+0x28>
20000188:	b002      	add	sp, #8
2000018a:	bd70      	pop	{r4, r5, r6, pc}
2000018c:	0022      	movs	r2, r4
2000018e:	002b      	movs	r3, r5
20000190:	0030      	movs	r0, r6
20000192:	f7ff ffb5 	bl	20000100 <mutex_enter_block_until>
20000196:	e7f7      	b.n	20000188 <mutex_try_enter_block_until+0x24>

20000198 <mutex_enter_timeout_ms>:
20000198:	b5f8      	push	{r3, r4, r5, r6, r7, lr}
2000019a:	000e      	movs	r6, r1
2000019c:	0007      	movs	r7, r0
2000019e:	f000 fe9f 	bl	20000ee0 <__time_us_64_veneer>
200001a2:	22fa      	movs	r2, #250	@ 0xfa
200001a4:	0004      	movs	r4, r0
200001a6:	000d      	movs	r5, r1
200001a8:	2300      	movs	r3, #0
200001aa:	0092      	lsls	r2, r2, #2
200001ac:	0030      	movs	r0, r6
200001ae:	2100      	movs	r1, #0
200001b0:	f000 fe9e 	bl	20000ef0 <____wrap___aeabi_lmul_veneer>
200001b4:	0022      	movs	r2, r4
200001b6:	002b      	movs	r3, r5
200001b8:	1812      	adds	r2, r2, r0
200001ba:	414b      	adcs	r3, r1
200001bc:	2b00      	cmp	r3, #0
200001be:	da02      	bge.n	200001c6 <mutex_enter_timeout_ms+0x2e>
200001c0:	2201      	movs	r2, #1
200001c2:	4b03      	ldr	r3, [pc, #12]	@ (200001d0 <mutex_enter_timeout_ms+0x38>)
200001c4:	4252      	negs	r2, r2
200001c6:	0038      	movs	r0, r7
200001c8:	f7ff ff9a 	bl	20000100 <mutex_enter_block_until>
200001cc:	bdf8      	pop	{r3, r4, r5, r6, r7, pc}
200001ce:	46c0      	nop			@ (mov r8, r8)
200001d0:	7fffffff 	.word	0x7fffffff

200001d4 <mutex_exit>:
200001d4:	6802      	ldr	r2, [r0, #0]
200001d6:	f3ef 8110 	mrs	r1, PRIMASK
200001da:	b672      	cpsid	i
200001dc:	6813      	ldr	r3, [r2, #0]
200001de:	2b00      	cmp	r3, #0
200001e0:	d0fc      	beq.n	200001dc <mutex_exit+0x8>
200001e2:	f3bf 8f5f 	dmb	sy
200001e6:	23ff      	movs	r3, #255	@ 0xff
200001e8:	7103      	strb	r3, [r0, #4]
200001ea:	6803      	ldr	r3, [r0, #0]
200001ec:	f3bf 8f5f 	dmb	sy
200001f0:	2200      	movs	r2, #0
200001f2:	601a      	str	r2, [r3, #0]
200001f4:	f381 8810 	msr	PRIMASK, r1
200001f8:	bf40      	sev
200001fa:	4770      	bx	lr

200001fc <flash_init_boot2_copyout>:
200001fc:	4b08      	ldr	r3, [pc, #32]	@ (20000220 <flash_init_boot2_copyout+0x24>)
200001fe:	469c      	mov	ip, r3
20000200:	781b      	ldrb	r3, [r3, #0]
20000202:	2b00      	cmp	r3, #0
20000204:	d10b      	bne.n	2000021e <flash_init_boot2_copyout+0x22>
20000206:	2380      	movs	r3, #128	@ 0x80
20000208:	4806      	ldr	r0, [pc, #24]	@ (20000224 <flash_init_boot2_copyout+0x28>)
2000020a:	4907      	ldr	r1, [pc, #28]	@ (20000228 <flash_init_boot2_copyout+0x2c>)
2000020c:	055b      	lsls	r3, r3, #21
2000020e:	681a      	ldr	r2, [r3, #0]
20000210:	50c2      	str	r2, [r0, r3]
20000212:	3304      	adds	r3, #4
20000214:	428b      	cmp	r3, r1
20000216:	d1fa      	bne.n	2000020e <flash_init_boot2_copyout+0x12>
20000218:	2301      	movs	r3, #1
2000021a:	4662      	mov	r2, ip
2000021c:	7013      	strb	r3, [r2, #0]
2000021e:	4770      	bx	lr
20000220:	20001d2b 	.word	0x20001d2b
20000224:	1000169c 	.word	0x1000169c
20000228:	10000100 	.word	0x10000100

2000022c <flash_enable_xip_via_boot2>:
2000022c:	b510      	push	{r4, lr}
2000022e:	4b01      	ldr	r3, [pc, #4]	@ (20000234 <flash_enable_xip_via_boot2+0x8>)
20000230:	4798      	blx	r3
20000232:	bd10      	pop	{r4, pc}
20000234:	2000169d 	.word	0x2000169d

20000238 <flash_save_hardware_state>:
20000238:	4b08      	ldr	r3, [pc, #32]	@ (2000025c <flash_save_hardware_state+0x24>)
2000023a:	685a      	ldr	r2, [r3, #4]
2000023c:	6042      	str	r2, [r0, #4]
2000023e:	689a      	ldr	r2, [r3, #8]
20000240:	6082      	str	r2, [r0, #8]
20000242:	68da      	ldr	r2, [r3, #12]
20000244:	60c2      	str	r2, [r0, #12]
20000246:	691a      	ldr	r2, [r3, #16]
20000248:	6102      	str	r2, [r0, #16]
2000024a:	695a      	ldr	r2, [r3, #20]
2000024c:	6142      	str	r2, [r0, #20]
2000024e:	699b      	ldr	r3, [r3, #24]
20000250:	6183      	str	r3, [r0, #24]
20000252:	23a0      	movs	r3, #160	@ 0xa0
20000254:	055b      	lsls	r3, r3, #21
20000256:	681b      	ldr	r3, [r3, #0]
20000258:	6003      	str	r3, [r0, #0]
2000025a:	4770      	bx	lr
2000025c:	40020000 	.word	0x40020000

20000260 <flash_restore_hardware_state>:
20000260:	6842      	ldr	r2, [r0, #4]
20000262:	4b08      	ldr	r3, [pc, #32]	@ (20000284 <flash_restore_hardware_state+0x24>)
20000264:	605a      	str	r2, [r3, #4]
20000266:	6882      	ldr	r2, [r0, #8]
20000268:	609a      	str	r2, [r3, #8]
2000026a:	68c2      	ldr	r2, [r0, #12]
2000026c:	60da      	str	r2, [r3, #12]
2000026e:	6902      	ldr	r2, [r0, #16]
20000270:	611a      	str	r2, [r3, #16]
20000272:	6942      	ldr	r2, [r0, #20]
20000274:	615a      	str	r2, [r3, #20]
20000276:	6982      	ldr	r2, [r0, #24]
20000278:	619a      	str	r2, [r3, #24]
2000027a:	23a0      	movs	r3, #160	@ 0xa0
2000027c:	6802      	ldr	r2, [r0, #0]
2000027e:	055b      	lsls	r3, r3, #21
20000280:	601a      	str	r2, [r3, #0]
20000282:	4770      	bx	lr
20000284:	40020000 	.word	0x40020000

20000288 <flash_do_cmd_cs>:
20000288:	b5f0      	push	{r4, r5, r6, r7, lr}
2000028a:	46d6      	mov	lr, sl
2000028c:	464f      	mov	r7, r9
2000028e:	4646      	mov	r6, r8
20000290:	2300      	movs	r3, #0
20000292:	b5c0      	push	{r6, r7, lr}
20000294:	2718      	movs	r7, #24
20000296:	b088      	sub	sp, #32
20000298:	001e      	movs	r6, r3
2000029a:	4681      	mov	r9, r0
2000029c:	000d      	movs	r5, r1
2000029e:	8a98      	ldrh	r0, [r3, #20]
200002a0:	4946      	ldr	r1, [pc, #280]	@ (200003bc <flash_do_cmd_cs+0x134>)
200002a2:	883b      	ldrh	r3, [r7, #0]
200002a4:	0014      	movs	r4, r2
200002a6:	4798      	blx	r3
200002a8:	883b      	ldrh	r3, [r7, #0]
200002aa:	4680      	mov	r8, r0
200002ac:	4944      	ldr	r1, [pc, #272]	@ (200003c0 <flash_do_cmd_cs+0x138>)
200002ae:	8ab0      	ldrh	r0, [r6, #20]
200002b0:	4798      	blx	r3
200002b2:	2300      	movs	r3, #0
200002b4:	4943      	ldr	r1, [pc, #268]	@ (200003c4 <flash_do_cmd_cs+0x13c>)
200002b6:	0006      	movs	r6, r0
200002b8:	8a98      	ldrh	r0, [r3, #20]
200002ba:	883b      	ldrh	r3, [r7, #0]
200002bc:	4798      	blx	r3
200002be:	4682      	mov	sl, r0
200002c0:	f7ff ff9c 	bl	200001fc <flash_init_boot2_copyout>
200002c4:	a801      	add	r0, sp, #4
200002c6:	f7ff ffb7 	bl	20000238 <flash_save_hardware_state>
200002ca:	47c0      	blx	r8
200002cc:	47b0      	blx	r6
200002ce:	4b3e      	ldr	r3, [pc, #248]	@ (200003c8 <flash_do_cmd_cs+0x140>)
200002d0:	0021      	movs	r1, r4
200002d2:	681a      	ldr	r2, [r3, #0]
200002d4:	2380      	movs	r3, #128	@ 0x80
200002d6:	009b      	lsls	r3, r3, #2
200002d8:	4053      	eors	r3, r2
200002da:	22c0      	movs	r2, #192	@ 0xc0
200002dc:	0092      	lsls	r2, r2, #2
200002de:	4013      	ands	r3, r2
200002e0:	4a3a      	ldr	r2, [pc, #232]	@ (200003cc <flash_do_cmd_cs+0x144>)
200002e2:	6013      	str	r3, [r2, #0]
200002e4:	2c00      	cmp	r4, #0
200002e6:	d01c      	beq.n	20000322 <flash_do_cmd_cs+0x9a>
200002e8:	2308      	movs	r3, #8
200002ea:	20c0      	movs	r0, #192	@ 0xc0
200002ec:	469c      	mov	ip, r3
200002ee:	0540      	lsls	r0, r0, #21
200002f0:	3f16      	subs	r7, #22
200002f2:	4662      	mov	r2, ip
200002f4:	6a83      	ldr	r3, [r0, #40]	@ 0x28
200002f6:	401a      	ands	r2, r3
200002f8:	421f      	tst	r7, r3
200002fa:	d039      	beq.n	20000370 <flash_do_cmd_cs+0xe8>
200002fc:	1a63      	subs	r3, r4, r1
200002fe:	2900      	cmp	r1, #0
20000300:	d12b      	bne.n	2000035a <flash_do_cmd_cs+0xd2>
20000302:	2a00      	cmp	r2, #0
20000304:	d10b      	bne.n	2000031e <flash_do_cmd_cs+0x96>
20000306:	2c00      	cmp	r4, #0
20000308:	d00b      	beq.n	20000322 <flash_do_cmd_cs+0x9a>
2000030a:	23c0      	movs	r3, #192	@ 0xc0
2000030c:	2208      	movs	r2, #8
2000030e:	2602      	movs	r6, #2
20000310:	055b      	lsls	r3, r3, #21
20000312:	6a9b      	ldr	r3, [r3, #40]	@ 0x28
20000314:	401a      	ands	r2, r3
20000316:	421e      	tst	r6, r3
20000318:	d042      	beq.n	200003a0 <flash_do_cmd_cs+0x118>
2000031a:	2a00      	cmp	r2, #0
2000031c:	d0f5      	beq.n	2000030a <flash_do_cmd_cs+0x82>
2000031e:	2c00      	cmp	r4, #0
20000320:	d130      	bne.n	20000384 <flash_do_cmd_cs+0xfc>
20000322:	4b29      	ldr	r3, [pc, #164]	@ (200003c8 <flash_do_cmd_cs+0x140>)
20000324:	681a      	ldr	r2, [r3, #0]
20000326:	23c0      	movs	r3, #192	@ 0xc0
20000328:	009b      	lsls	r3, r3, #2
2000032a:	4393      	bics	r3, r2
2000032c:	4a27      	ldr	r2, [pc, #156]	@ (200003cc <flash_do_cmd_cs+0x144>)
2000032e:	6013      	str	r3, [r2, #0]
20000330:	47d0      	blx	sl
20000332:	f7ff ff7b 	bl	2000022c <flash_enable_xip_via_boot2>
20000336:	a801      	add	r0, sp, #4
20000338:	f7ff ff92 	bl	20000260 <flash_restore_hardware_state>
2000033c:	b008      	add	sp, #32
2000033e:	bce0      	pop	{r5, r6, r7}
20000340:	46ba      	mov	sl, r7
20000342:	46b1      	mov	r9, r6
20000344:	46a8      	mov	r8, r5
20000346:	bdf0      	pop	{r4, r5, r6, r7, pc}
20000348:	2c00      	cmp	r4, #0
2000034a:	d12b      	bne.n	200003a4 <flash_do_cmd_cs+0x11c>
2000034c:	22c0      	movs	r2, #192	@ 0xc0
2000034e:	0552      	lsls	r2, r2, #21
20000350:	6a96      	ldr	r6, [r2, #40]	@ 0x28
20000352:	2208      	movs	r2, #8
20000354:	4032      	ands	r2, r6
20000356:	07b6      	lsls	r6, r6, #30
20000358:	d52b      	bpl.n	200003b2 <flash_do_cmd_cs+0x12a>
2000035a:	2b0d      	cmp	r3, #13
2000035c:	d919      	bls.n	20000392 <flash_do_cmd_cs+0x10a>
2000035e:	2a00      	cmp	r2, #0
20000360:	d1f2      	bne.n	20000348 <flash_do_cmd_cs+0xc0>
20000362:	22c0      	movs	r2, #192	@ 0xc0
20000364:	0552      	lsls	r2, r2, #21
20000366:	6a96      	ldr	r6, [r2, #40]	@ 0x28
20000368:	2208      	movs	r2, #8
2000036a:	4032      	ands	r2, r6
2000036c:	07b6      	lsls	r6, r6, #30
2000036e:	d4f4      	bmi.n	2000035a <flash_do_cmd_cs+0xd2>
20000370:	2a00      	cmp	r2, #0
20000372:	d104      	bne.n	2000037e <flash_do_cmd_cs+0xf6>
20000374:	000b      	movs	r3, r1
20000376:	4323      	orrs	r3, r4
20000378:	2b00      	cmp	r3, #0
2000037a:	d1ba      	bne.n	200002f2 <flash_do_cmd_cs+0x6a>
2000037c:	e7d1      	b.n	20000322 <flash_do_cmd_cs+0x9a>
2000037e:	000b      	movs	r3, r1
20000380:	2c00      	cmp	r4, #0
20000382:	d0f9      	beq.n	20000378 <flash_do_cmd_cs+0xf0>
20000384:	6e03      	ldr	r3, [r0, #96]	@ 0x60
20000386:	3c01      	subs	r4, #1
20000388:	702b      	strb	r3, [r5, #0]
2000038a:	0023      	movs	r3, r4
2000038c:	3501      	adds	r5, #1
2000038e:	430b      	orrs	r3, r1
20000390:	e7f2      	b.n	20000378 <flash_do_cmd_cs+0xf0>
20000392:	464b      	mov	r3, r9
20000394:	781b      	ldrb	r3, [r3, #0]
20000396:	3901      	subs	r1, #1
20000398:	6603      	str	r3, [r0, #96]	@ 0x60
2000039a:	2301      	movs	r3, #1
2000039c:	4499      	add	r9, r3
2000039e:	e7e7      	b.n	20000370 <flash_do_cmd_cs+0xe8>
200003a0:	2100      	movs	r1, #0
200003a2:	e7e5      	b.n	20000370 <flash_do_cmd_cs+0xe8>
200003a4:	23c0      	movs	r3, #192	@ 0xc0
200003a6:	055b      	lsls	r3, r3, #21
200003a8:	6e1b      	ldr	r3, [r3, #96]	@ 0x60
200003aa:	3c01      	subs	r4, #1
200003ac:	702b      	strb	r3, [r5, #0]
200003ae:	3501      	adds	r5, #1
200003b0:	e79f      	b.n	200002f2 <flash_do_cmd_cs+0x6a>
200003b2:	000b      	movs	r3, r1
200003b4:	42a2      	cmp	r2, r4
200003b6:	d1df      	bne.n	20000378 <flash_do_cmd_cs+0xf0>
200003b8:	e7dc      	b.n	20000374 <flash_do_cmd_cs+0xec>
200003ba:	46c0      	nop			@ (mov r8, r8)
200003bc:	00004649 	.word	0x00004649
200003c0:	00005845 	.word	0x00005845
200003c4:	00004346 	.word	0x00004346
200003c8:	4001800c 	.word	0x4001800c
200003cc:	4001900c 	.word	0x4001900c

200003d0 <reset_non_control_endpoints>:
200003d0:	2200      	movs	r2, #0
200003d2:	4b15      	ldr	r3, [pc, #84]	@ (20000428 <reset_non_control_endpoints+0x58>)
200003d4:	b510      	push	{r4, lr}
200003d6:	609a      	str	r2, [r3, #8]
200003d8:	60da      	str	r2, [r3, #12]
200003da:	611a      	str	r2, [r3, #16]
200003dc:	615a      	str	r2, [r3, #20]
200003de:	619a      	str	r2, [r3, #24]
200003e0:	61da      	str	r2, [r3, #28]
200003e2:	621a      	str	r2, [r3, #32]
200003e4:	625a      	str	r2, [r3, #36]	@ 0x24
200003e6:	629a      	str	r2, [r3, #40]	@ 0x28
200003e8:	62da      	str	r2, [r3, #44]	@ 0x2c
200003ea:	631a      	str	r2, [r3, #48]	@ 0x30
200003ec:	635a      	str	r2, [r3, #52]	@ 0x34
200003ee:	639a      	str	r2, [r3, #56]	@ 0x38
200003f0:	63da      	str	r2, [r3, #60]	@ 0x3c
200003f2:	641a      	str	r2, [r3, #64]	@ 0x40
200003f4:	645a      	str	r2, [r3, #68]	@ 0x44
200003f6:	649a      	str	r2, [r3, #72]	@ 0x48
200003f8:	64da      	str	r2, [r3, #76]	@ 0x4c
200003fa:	651a      	str	r2, [r3, #80]	@ 0x50
200003fc:	655a      	str	r2, [r3, #84]	@ 0x54
200003fe:	659a      	str	r2, [r3, #88]	@ 0x58
20000400:	65da      	str	r2, [r3, #92]	@ 0x5c
20000402:	661a      	str	r2, [r3, #96]	@ 0x60
20000404:	665a      	str	r2, [r3, #100]	@ 0x64
20000406:	669a      	str	r2, [r3, #104]	@ 0x68
20000408:	66da      	str	r2, [r3, #108]	@ 0x6c
2000040a:	671a      	str	r2, [r3, #112]	@ 0x70
2000040c:	675a      	str	r2, [r3, #116]	@ 0x74
2000040e:	679a      	str	r2, [r3, #120]	@ 0x78
20000410:	67da      	str	r2, [r3, #124]	@ 0x7c
20000412:	32f0      	adds	r2, #240	@ 0xf0
20000414:	0092      	lsls	r2, r2, #2
20000416:	2100      	movs	r1, #0
20000418:	4804      	ldr	r0, [pc, #16]	@ (2000042c <reset_non_control_endpoints+0x5c>)
2000041a:	f000 fd71 	bl	20000f00 <____wrap_memset_veneer>
2000041e:	4b04      	ldr	r3, [pc, #16]	@ (20000430 <reset_non_control_endpoints+0x60>)
20000420:	4a04      	ldr	r2, [pc, #16]	@ (20000434 <reset_non_control_endpoints+0x64>)
20000422:	601a      	str	r2, [r3, #0]
20000424:	bd10      	pop	{r4, pc}
20000426:	46c0      	nop			@ (mov r8, r8)
20000428:	50100000 	.word	0x50100000
2000042c:	20001848 	.word	0x20001848
20000430:	20001c14 	.word	0x20001c14
20000434:	50100180 	.word	0x50100180

20000438 <hw_handle_buff_status>:
20000438:	b5f0      	push	{r4, r5, r6, r7, lr}
2000043a:	4647      	mov	r7, r8
2000043c:	46ce      	mov	lr, r9
2000043e:	b580      	push	{r7, lr}
20000440:	4b1c      	ldr	r3, [pc, #112]	@ (200004b4 <hw_handle_buff_status+0x7c>)
20000442:	2400      	movs	r4, #0
20000444:	6d9f      	ldr	r7, [r3, #88]	@ 0x58
20000446:	2601      	movs	r6, #1
20000448:	b085      	sub	sp, #20
2000044a:	2f00      	cmp	r7, #0
2000044c:	d01b      	beq.n	20000486 <hw_handle_buff_status+0x4e>
2000044e:	4b1a      	ldr	r3, [pc, #104]	@ (200004b8 <hw_handle_buff_status+0x80>)
20000450:	4698      	mov	r8, r3
20000452:	4b1a      	ldr	r3, [pc, #104]	@ (200004bc <hw_handle_buff_status+0x84>)
20000454:	4699      	mov	r9, r3
20000456:	e004      	b.n	20000462 <hw_handle_buff_status+0x2a>
20000458:	3401      	adds	r4, #1
2000045a:	b2e4      	uxtb	r4, r4
2000045c:	0076      	lsls	r6, r6, #1
2000045e:	2c20      	cmp	r4, #32
20000460:	d011      	beq.n	20000486 <hw_handle_buff_status+0x4e>
20000462:	423e      	tst	r6, r7
20000464:	d0f8      	beq.n	20000458 <hw_handle_buff_status+0x20>
20000466:	4643      	mov	r3, r8
20000468:	659e      	str	r6, [r3, #88]	@ 0x58
2000046a:	2301      	movs	r3, #1
2000046c:	0865      	lsrs	r5, r4, #1
2000046e:	006d      	lsls	r5, r5, #1
20000470:	43a3      	bics	r3, r4
20000472:	18ed      	adds	r5, r5, r3
20000474:	016d      	lsls	r5, r5, #5
20000476:	444d      	add	r5, r9
20000478:	0028      	movs	r0, r5
2000047a:	f000 fc13 	bl	20000ca4 <hw_endpoint_xfer_continue>
2000047e:	2800      	cmp	r0, #0
20000480:	d106      	bne.n	20000490 <hw_handle_buff_status+0x58>
20000482:	43b7      	bics	r7, r6
20000484:	d1e8      	bne.n	20000458 <hw_handle_buff_status+0x20>
20000486:	b005      	add	sp, #20
20000488:	bcc0      	pop	{r6, r7}
2000048a:	46b9      	mov	r9, r7
2000048c:	46b0      	mov	r8, r6
2000048e:	bdf0      	pop	{r4, r5, r6, r7, pc}
20000490:	8aeb      	ldrh	r3, [r5, #22]
20000492:	21e0      	movs	r1, #224	@ 0xe0
20000494:	9303      	str	r3, [sp, #12]
20000496:	2300      	movs	r3, #0
20000498:	a801      	add	r0, sp, #4
2000049a:	78aa      	ldrb	r2, [r5, #2]
2000049c:	00c9      	lsls	r1, r1, #3
2000049e:	8001      	strh	r1, [r0, #0]
200004a0:	2101      	movs	r1, #1
200004a2:	7102      	strb	r2, [r0, #4]
200004a4:	7143      	strb	r3, [r0, #5]
200004a6:	f000 fc1d 	bl	20000ce4 <dcd_event_handler>
200004aa:	0028      	movs	r0, r5
200004ac:	f000 fb98 	bl	20000be0 <hw_endpoint_reset_transfer>
200004b0:	e7e7      	b.n	20000482 <hw_handle_buff_status+0x4a>
200004b2:	46c0      	nop			@ (mov r8, r8)
200004b4:	50110000 	.word	0x50110000
200004b8:	50113000 	.word	0x50113000
200004bc:	20001808 	.word	0x20001808

200004c0 <dcd_rp2040_irq>:
200004c0:	2398      	movs	r3, #152	@ 0x98
200004c2:	4ac6      	ldr	r2, [pc, #792]	@ (200007dc <dcd_rp2040_irq+0x31c>)
200004c4:	b5f0      	push	{r4, r5, r6, r7, lr}
200004c6:	58d5      	ldr	r5, [r2, r3]
200004c8:	2380      	movs	r3, #128	@ 0x80
200004ca:	002e      	movs	r6, r5
200004cc:	029b      	lsls	r3, r3, #10
200004ce:	2410      	movs	r4, #16
200004d0:	b085      	sub	sp, #20
200004d2:	401e      	ands	r6, r3
200004d4:	421d      	tst	r5, r3
200004d6:	d074      	beq.n	200005c2 <dcd_rp2040_irq+0x102>
200004d8:	4bc1      	ldr	r3, [pc, #772]	@ (200007e0 <dcd_rp2040_irq+0x320>)
200004da:	4cc2      	ldr	r4, [pc, #776]	@ (200007e4 <dcd_rp2040_irq+0x324>)
200004dc:	6a9a      	ldr	r2, [r3, #40]	@ 0x28
200004de:	4bc2      	ldr	r3, [pc, #776]	@ (200007e8 <dcd_rp2040_irq+0x328>)
200004e0:	2600      	movs	r6, #0
200004e2:	601a      	str	r2, [r3, #0]
200004e4:	233b      	movs	r3, #59	@ 0x3b
200004e6:	5ce3      	ldrb	r3, [r4, r3]
200004e8:	2b02      	cmp	r3, #2
200004ea:	d100      	bne.n	200004ee <dcd_rp2040_irq+0x2e>
200004ec:	e14b      	b.n	20000786 <dcd_rp2040_irq+0x2c6>
200004ee:	237b      	movs	r3, #123	@ 0x7b
200004f0:	5ce3      	ldrb	r3, [r4, r3]
200004f2:	2b02      	cmp	r3, #2
200004f4:	d100      	bne.n	200004f8 <dcd_rp2040_irq+0x38>
200004f6:	e0ef      	b.n	200006d8 <dcd_rp2040_irq+0x218>
200004f8:	23bb      	movs	r3, #187	@ 0xbb
200004fa:	5ce3      	ldrb	r3, [r4, r3]
200004fc:	2b02      	cmp	r3, #2
200004fe:	d100      	bne.n	20000502 <dcd_rp2040_irq+0x42>
20000500:	e0f6      	b.n	200006f0 <dcd_rp2040_irq+0x230>
20000502:	23fb      	movs	r3, #251	@ 0xfb
20000504:	5ce3      	ldrb	r3, [r4, r3]
20000506:	2b02      	cmp	r3, #2
20000508:	d100      	bne.n	2000050c <dcd_rp2040_irq+0x4c>
2000050a:	e0fd      	b.n	20000708 <dcd_rp2040_irq+0x248>
2000050c:	233c      	movs	r3, #60	@ 0x3c
2000050e:	33ff      	adds	r3, #255	@ 0xff
20000510:	5ce3      	ldrb	r3, [r4, r3]
20000512:	2b02      	cmp	r3, #2
20000514:	d100      	bne.n	20000518 <dcd_rp2040_irq+0x58>
20000516:	e129      	b.n	2000076c <dcd_rp2040_irq+0x2ac>
20000518:	237c      	movs	r3, #124	@ 0x7c
2000051a:	33ff      	adds	r3, #255	@ 0xff
2000051c:	5ce3      	ldrb	r3, [r4, r3]
2000051e:	2b02      	cmp	r3, #2
20000520:	d100      	bne.n	20000524 <dcd_rp2040_irq+0x64>
20000522:	e10a      	b.n	2000073a <dcd_rp2040_irq+0x27a>
20000524:	23bc      	movs	r3, #188	@ 0xbc
20000526:	33ff      	adds	r3, #255	@ 0xff
20000528:	5ce3      	ldrb	r3, [r4, r3]
2000052a:	2b02      	cmp	r3, #2
2000052c:	d100      	bne.n	20000530 <dcd_rp2040_irq+0x70>
2000052e:	e13b      	b.n	200007a8 <dcd_rp2040_irq+0x2e8>
20000530:	23fc      	movs	r3, #252	@ 0xfc
20000532:	33ff      	adds	r3, #255	@ 0xff
20000534:	5ce3      	ldrb	r3, [r4, r3]
20000536:	2b02      	cmp	r3, #2
20000538:	d100      	bne.n	2000053c <dcd_rp2040_irq+0x7c>
2000053a:	e0f1      	b.n	20000720 <dcd_rp2040_irq+0x260>
2000053c:	4bab      	ldr	r3, [pc, #684]	@ (200007ec <dcd_rp2040_irq+0x32c>)
2000053e:	5ce3      	ldrb	r3, [r4, r3]
20000540:	2b02      	cmp	r3, #2
20000542:	d100      	bne.n	20000546 <dcd_rp2040_irq+0x86>
20000544:	e170      	b.n	20000828 <dcd_rp2040_irq+0x368>
20000546:	4baa      	ldr	r3, [pc, #680]	@ (200007f0 <dcd_rp2040_irq+0x330>)
20000548:	5ce3      	ldrb	r3, [r4, r3]
2000054a:	2b02      	cmp	r3, #2
2000054c:	d100      	bne.n	20000550 <dcd_rp2040_irq+0x90>
2000054e:	e101      	b.n	20000754 <dcd_rp2040_irq+0x294>
20000550:	4ba8      	ldr	r3, [pc, #672]	@ (200007f4 <dcd_rp2040_irq+0x334>)
20000552:	5ce3      	ldrb	r3, [r4, r3]
20000554:	2b02      	cmp	r3, #2
20000556:	d100      	bne.n	2000055a <dcd_rp2040_irq+0x9a>
20000558:	e171      	b.n	2000083e <dcd_rp2040_irq+0x37e>
2000055a:	4ba7      	ldr	r3, [pc, #668]	@ (200007f8 <dcd_rp2040_irq+0x338>)
2000055c:	5ce3      	ldrb	r3, [r4, r3]
2000055e:	2b02      	cmp	r3, #2
20000560:	d100      	bne.n	20000564 <dcd_rp2040_irq+0xa4>
20000562:	e12e      	b.n	200007c2 <dcd_rp2040_irq+0x302>
20000564:	4ba5      	ldr	r3, [pc, #660]	@ (200007fc <dcd_rp2040_irq+0x33c>)
20000566:	5ce3      	ldrb	r3, [r4, r3]
20000568:	2b02      	cmp	r3, #2
2000056a:	d100      	bne.n	2000056e <dcd_rp2040_irq+0xae>
2000056c:	e19c      	b.n	200008a8 <dcd_rp2040_irq+0x3e8>
2000056e:	4ba4      	ldr	r3, [pc, #656]	@ (20000800 <dcd_rp2040_irq+0x340>)
20000570:	5ce3      	ldrb	r3, [r4, r3]
20000572:	2b02      	cmp	r3, #2
20000574:	d100      	bne.n	20000578 <dcd_rp2040_irq+0xb8>
20000576:	e16d      	b.n	20000854 <dcd_rp2040_irq+0x394>
20000578:	4ba2      	ldr	r3, [pc, #648]	@ (20000804 <dcd_rp2040_irq+0x344>)
2000057a:	5ce3      	ldrb	r3, [r4, r3]
2000057c:	2b02      	cmp	r3, #2
2000057e:	d100      	bne.n	20000582 <dcd_rp2040_irq+0xc2>
20000580:	e19d      	b.n	200008be <dcd_rp2040_irq+0x3fe>
20000582:	4ba1      	ldr	r3, [pc, #644]	@ (20000808 <dcd_rp2040_irq+0x348>)
20000584:	5ce3      	ldrb	r3, [r4, r3]
20000586:	2b02      	cmp	r3, #2
20000588:	d100      	bne.n	2000058c <dcd_rp2040_irq+0xcc>
2000058a:	e17b      	b.n	20000884 <dcd_rp2040_irq+0x3c4>
2000058c:	2e00      	cmp	r6, #0
2000058e:	d108      	bne.n	200005a2 <dcd_rp2040_irq+0xe2>
20000590:	4b9e      	ldr	r3, [pc, #632]	@ (2000080c <dcd_rp2040_irq+0x34c>)
20000592:	781b      	ldrb	r3, [r3, #0]
20000594:	2b00      	cmp	r3, #0
20000596:	d104      	bne.n	200005a2 <dcd_rp2040_irq+0xe2>
20000598:	2180      	movs	r1, #128	@ 0x80
2000059a:	4a9d      	ldr	r2, [pc, #628]	@ (20000810 <dcd_rp2040_irq+0x350>)
2000059c:	3390      	adds	r3, #144	@ 0x90
2000059e:	0289      	lsls	r1, r1, #10
200005a0:	50d1      	str	r1, [r2, r3]
200005a2:	22c0      	movs	r2, #192	@ 0xc0
200005a4:	4669      	mov	r1, sp
200005a6:	4b8d      	ldr	r3, [pc, #564]	@ (200007dc <dcd_rp2040_irq+0x31c>)
200005a8:	0092      	lsls	r2, r2, #2
200005aa:	6c9b      	ldr	r3, [r3, #72]	@ 0x48
200005ac:	2680      	movs	r6, #128	@ 0x80
200005ae:	055b      	lsls	r3, r3, #21
200005b0:	808a      	strh	r2, [r1, #4]
200005b2:	0d5b      	lsrs	r3, r3, #21
200005b4:	2101      	movs	r1, #1
200005b6:	a801      	add	r0, sp, #4
200005b8:	9302      	str	r3, [sp, #8]
200005ba:	f000 fb93 	bl	20000ce4 <dcd_event_handler>
200005be:	4c95      	ldr	r4, [pc, #596]	@ (20000814 <dcd_rp2040_irq+0x354>)
200005c0:	02b6      	lsls	r6, r6, #10
200005c2:	06eb      	lsls	r3, r5, #27
200005c4:	d500      	bpl.n	200005c8 <dcd_rp2040_irq+0x108>
200005c6:	e07b      	b.n	200006c0 <dcd_rp2040_irq+0x200>
200005c8:	2380      	movs	r3, #128	@ 0x80
200005ca:	025b      	lsls	r3, r3, #9
200005cc:	421d      	tst	r5, r3
200005ce:	d02f      	beq.n	20000630 <dcd_rp2040_irq+0x170>
200005d0:	2402      	movs	r4, #2
200005d2:	4f84      	ldr	r7, [pc, #528]	@ (200007e4 <dcd_rp2040_irq+0x324>)
200005d4:	431e      	orrs	r6, r3
200005d6:	7ebb      	ldrb	r3, [r7, #26]
200005d8:	2b00      	cmp	r3, #0
200005da:	d014      	beq.n	20000606 <dcd_rp2040_irq+0x146>
200005dc:	f000 fc70 	bl	20000ec0 <__rp2040_chip_version_veneer>
200005e0:	2801      	cmp	r0, #1
200005e2:	d900      	bls.n	200005e6 <dcd_rp2040_irq+0x126>
200005e4:	e070      	b.n	200006c8 <dcd_rp2040_irq+0x208>
200005e6:	22c0      	movs	r2, #192	@ 0xc0
200005e8:	2100      	movs	r1, #0
200005ea:	0038      	movs	r0, r7
200005ec:	0192      	lsls	r2, r2, #6
200005ee:	f000 fafd 	bl	20000bec <_hw_endpoint_buffer_control_update32>
200005f2:	0038      	movs	r0, r7
200005f4:	f000 faf4 	bl	20000be0 <hw_endpoint_reset_transfer>
200005f8:	f000 fc62 	bl	20000ec0 <__rp2040_chip_version_veneer>
200005fc:	2801      	cmp	r0, #1
200005fe:	d902      	bls.n	20000606 <dcd_rp2040_irq+0x146>
20000600:	4b83      	ldr	r3, [pc, #524]	@ (20000810 <dcd_rp2040_irq+0x350>)
20000602:	665c      	str	r4, [r3, #100]	@ 0x64
20000604:	661c      	str	r4, [r3, #96]	@ 0x60
20000606:	2301      	movs	r3, #1
20000608:	70fb      	strb	r3, [r7, #3]
2000060a:	3720      	adds	r7, #32
2000060c:	2c01      	cmp	r4, #1
2000060e:	d120      	bne.n	20000652 <dcd_rp2040_irq+0x192>
20000610:	23c0      	movs	r3, #192	@ 0xc0
20000612:	466a      	mov	r2, sp
20000614:	00db      	lsls	r3, r3, #3
20000616:	8093      	strh	r3, [r2, #4]
20000618:	4a7f      	ldr	r2, [pc, #508]	@ (20000818 <dcd_rp2040_irq+0x358>)
2000061a:	ab02      	add	r3, sp, #8
2000061c:	ca03      	ldmia	r2!, {r0, r1}
2000061e:	c303      	stmia	r3!, {r0, r1}
20000620:	2101      	movs	r1, #1
20000622:	a801      	add	r0, sp, #4
20000624:	f000 fb5e 	bl	20000ce4 <dcd_event_handler>
20000628:	2280      	movs	r2, #128	@ 0x80
2000062a:	4b79      	ldr	r3, [pc, #484]	@ (20000810 <dcd_rp2040_irq+0x350>)
2000062c:	0292      	lsls	r2, r2, #10
2000062e:	651a      	str	r2, [r3, #80]	@ 0x50
20000630:	2380      	movs	r3, #128	@ 0x80
20000632:	015b      	lsls	r3, r3, #5
20000634:	421d      	tst	r5, r3
20000636:	d10e      	bne.n	20000656 <dcd_rp2040_irq+0x196>
20000638:	2380      	movs	r3, #128	@ 0x80
2000063a:	01db      	lsls	r3, r3, #7
2000063c:	421d      	tst	r5, r3
2000063e:	d121      	bne.n	20000684 <dcd_rp2040_irq+0x1c4>
20000640:	2380      	movs	r3, #128	@ 0x80
20000642:	021b      	lsls	r3, r3, #8
20000644:	421d      	tst	r5, r3
20000646:	d12d      	bne.n	200006a4 <dcd_rp2040_irq+0x1e4>
20000648:	42ae      	cmp	r6, r5
2000064a:	d000      	beq.n	2000064e <dcd_rp2040_irq+0x18e>
2000064c:	e1be      	b.n	200009cc <dcd_rp2040_irq+0x50c>
2000064e:	b005      	add	sp, #20
20000650:	bdf0      	pop	{r4, r5, r6, r7, pc}
20000652:	2401      	movs	r4, #1
20000654:	e7bf      	b.n	200005d6 <dcd_rp2040_irq+0x116>
20000656:	2400      	movs	r4, #0
20000658:	431e      	orrs	r6, r3
2000065a:	4b60      	ldr	r3, [pc, #384]	@ (200007dc <dcd_rp2040_irq+0x31c>)
2000065c:	601c      	str	r4, [r3, #0]
2000065e:	f7ff feb7 	bl	200003d0 <reset_non_control_endpoints>
20000662:	2380      	movs	r3, #128	@ 0x80
20000664:	466a      	mov	r2, sp
20000666:	005b      	lsls	r3, r3, #1
20000668:	8093      	strh	r3, [r2, #4]
2000066a:	7214      	strb	r4, [r2, #8]
2000066c:	2101      	movs	r1, #1
2000066e:	a801      	add	r0, sp, #4
20000670:	f000 fb38 	bl	20000ce4 <dcd_event_handler>
20000674:	2280      	movs	r2, #128	@ 0x80
20000676:	4b66      	ldr	r3, [pc, #408]	@ (20000810 <dcd_rp2040_irq+0x350>)
20000678:	0312      	lsls	r2, r2, #12
2000067a:	651a      	str	r2, [r3, #80]	@ 0x50
2000067c:	2380      	movs	r3, #128	@ 0x80
2000067e:	01db      	lsls	r3, r3, #7
20000680:	421d      	tst	r5, r3
20000682:	d0dd      	beq.n	20000640 <dcd_rp2040_irq+0x180>
20000684:	431e      	orrs	r6, r3
20000686:	2380      	movs	r3, #128	@ 0x80
20000688:	466a      	mov	r2, sp
2000068a:	00db      	lsls	r3, r3, #3
2000068c:	8093      	strh	r3, [r2, #4]
2000068e:	2101      	movs	r1, #1
20000690:	a801      	add	r0, sp, #4
20000692:	f000 fb27 	bl	20000ce4 <dcd_event_handler>
20000696:	2210      	movs	r2, #16
20000698:	4b5d      	ldr	r3, [pc, #372]	@ (20000810 <dcd_rp2040_irq+0x350>)
2000069a:	651a      	str	r2, [r3, #80]	@ 0x50
2000069c:	2380      	movs	r3, #128	@ 0x80
2000069e:	021b      	lsls	r3, r3, #8
200006a0:	421d      	tst	r5, r3
200006a2:	d0d1      	beq.n	20000648 <dcd_rp2040_irq+0x188>
200006a4:	431e      	orrs	r6, r3
200006a6:	23a0      	movs	r3, #160	@ 0xa0
200006a8:	466a      	mov	r2, sp
200006aa:	00db      	lsls	r3, r3, #3
200006ac:	8093      	strh	r3, [r2, #4]
200006ae:	2101      	movs	r1, #1
200006b0:	a801      	add	r0, sp, #4
200006b2:	f000 fb17 	bl	20000ce4 <dcd_event_handler>
200006b6:	2280      	movs	r2, #128	@ 0x80
200006b8:	4b55      	ldr	r3, [pc, #340]	@ (20000810 <dcd_rp2040_irq+0x350>)
200006ba:	0112      	lsls	r2, r2, #4
200006bc:	651a      	str	r2, [r3, #80]	@ 0x50
200006be:	e7c3      	b.n	20000648 <dcd_rp2040_irq+0x188>
200006c0:	f7ff feba 	bl	20000438 <hw_handle_buff_status>
200006c4:	0026      	movs	r6, r4
200006c6:	e77f      	b.n	200005c8 <dcd_rp2040_irq+0x108>
200006c8:	4b54      	ldr	r3, [pc, #336]	@ (2000081c <dcd_rp2040_irq+0x35c>)
200006ca:	4a44      	ldr	r2, [pc, #272]	@ (200007dc <dcd_rp2040_irq+0x31c>)
200006cc:	661c      	str	r4, [r3, #96]	@ 0x60
200006ce:	6e53      	ldr	r3, [r2, #100]	@ 0x64
200006d0:	4023      	ands	r3, r4
200006d2:	42a3      	cmp	r3, r4
200006d4:	d1fb      	bne.n	200006ce <dcd_rp2040_irq+0x20e>
200006d6:	e786      	b.n	200005e6 <dcd_rp2040_irq+0x126>
200006d8:	3378      	adds	r3, #120	@ 0x78
200006da:	5ce7      	ldrb	r7, [r4, r3]
200006dc:	2f00      	cmp	r7, #0
200006de:	d100      	bne.n	200006e2 <dcd_rp2040_irq+0x222>
200006e0:	e70a      	b.n	200004f8 <dcd_rp2040_irq+0x38>
200006e2:	3302      	adds	r3, #2
200006e4:	5ce2      	ldrb	r2, [r4, r3]
200006e6:	2a00      	cmp	r2, #0
200006e8:	d000      	beq.n	200006ec <dcd_rp2040_irq+0x22c>
200006ea:	e10d      	b.n	20000908 <dcd_rp2040_irq+0x448>
200006ec:	003e      	movs	r6, r7
200006ee:	e703      	b.n	200004f8 <dcd_rp2040_irq+0x38>
200006f0:	33b8      	adds	r3, #184	@ 0xb8
200006f2:	5ce7      	ldrb	r7, [r4, r3]
200006f4:	2f00      	cmp	r7, #0
200006f6:	d100      	bne.n	200006fa <dcd_rp2040_irq+0x23a>
200006f8:	e703      	b.n	20000502 <dcd_rp2040_irq+0x42>
200006fa:	3302      	adds	r3, #2
200006fc:	5ce2      	ldrb	r2, [r4, r3]
200006fe:	2a00      	cmp	r2, #0
20000700:	d000      	beq.n	20000704 <dcd_rp2040_irq+0x244>
20000702:	e0f9      	b.n	200008f8 <dcd_rp2040_irq+0x438>
20000704:	003e      	movs	r6, r7
20000706:	e6fc      	b.n	20000502 <dcd_rp2040_irq+0x42>
20000708:	33f8      	adds	r3, #248	@ 0xf8
2000070a:	5ce7      	ldrb	r7, [r4, r3]
2000070c:	2f00      	cmp	r7, #0
2000070e:	d100      	bne.n	20000712 <dcd_rp2040_irq+0x252>
20000710:	e6fc      	b.n	2000050c <dcd_rp2040_irq+0x4c>
20000712:	3302      	adds	r3, #2
20000714:	5ce2      	ldrb	r2, [r4, r3]
20000716:	2a00      	cmp	r2, #0
20000718:	d000      	beq.n	2000071c <dcd_rp2040_irq+0x25c>
2000071a:	e141      	b.n	200009a0 <dcd_rp2040_irq+0x4e0>
2000071c:	003e      	movs	r6, r7
2000071e:	e6f5      	b.n	2000050c <dcd_rp2040_irq+0x4c>
20000720:	33f9      	adds	r3, #249	@ 0xf9
20000722:	33ff      	adds	r3, #255	@ 0xff
20000724:	5ce7      	ldrb	r7, [r4, r3]
20000726:	2f00      	cmp	r7, #0
20000728:	d100      	bne.n	2000072c <dcd_rp2040_irq+0x26c>
2000072a:	e707      	b.n	2000053c <dcd_rp2040_irq+0x7c>
2000072c:	3302      	adds	r3, #2
2000072e:	5ce2      	ldrb	r2, [r4, r3]
20000730:	2a00      	cmp	r2, #0
20000732:	d000      	beq.n	20000736 <dcd_rp2040_irq+0x276>
20000734:	e12b      	b.n	2000098e <dcd_rp2040_irq+0x4ce>
20000736:	003e      	movs	r6, r7
20000738:	e700      	b.n	2000053c <dcd_rp2040_irq+0x7c>
2000073a:	3379      	adds	r3, #121	@ 0x79
2000073c:	33ff      	adds	r3, #255	@ 0xff
2000073e:	5ce7      	ldrb	r7, [r4, r3]
20000740:	2f00      	cmp	r7, #0
20000742:	d100      	bne.n	20000746 <dcd_rp2040_irq+0x286>
20000744:	e6ee      	b.n	20000524 <dcd_rp2040_irq+0x64>
20000746:	3302      	adds	r3, #2
20000748:	5ce2      	ldrb	r2, [r4, r3]
2000074a:	2a00      	cmp	r2, #0
2000074c:	d000      	beq.n	20000750 <dcd_rp2040_irq+0x290>
2000074e:	e115      	b.n	2000097c <dcd_rp2040_irq+0x4bc>
20000750:	003e      	movs	r6, r7
20000752:	e6e7      	b.n	20000524 <dcd_rp2040_irq+0x64>
20000754:	4b32      	ldr	r3, [pc, #200]	@ (20000820 <dcd_rp2040_irq+0x360>)
20000756:	5ce7      	ldrb	r7, [r4, r3]
20000758:	2f00      	cmp	r7, #0
2000075a:	d100      	bne.n	2000075e <dcd_rp2040_irq+0x29e>
2000075c:	e6f8      	b.n	20000550 <dcd_rp2040_irq+0x90>
2000075e:	3302      	adds	r3, #2
20000760:	5ce2      	ldrb	r2, [r4, r3]
20000762:	2a00      	cmp	r2, #0
20000764:	d000      	beq.n	20000768 <dcd_rp2040_irq+0x2a8>
20000766:	e101      	b.n	2000096c <dcd_rp2040_irq+0x4ac>
20000768:	003e      	movs	r6, r7
2000076a:	e6f1      	b.n	20000550 <dcd_rp2040_irq+0x90>
2000076c:	3339      	adds	r3, #57	@ 0x39
2000076e:	33ff      	adds	r3, #255	@ 0xff
20000770:	5ce7      	ldrb	r7, [r4, r3]
20000772:	2f00      	cmp	r7, #0
20000774:	d100      	bne.n	20000778 <dcd_rp2040_irq+0x2b8>
20000776:	e6cf      	b.n	20000518 <dcd_rp2040_irq+0x58>
20000778:	3302      	adds	r3, #2
2000077a:	5ce2      	ldrb	r2, [r4, r3]
2000077c:	2a00      	cmp	r2, #0
2000077e:	d000      	beq.n	20000782 <dcd_rp2040_irq+0x2c2>
20000780:	e0eb      	b.n	2000095a <dcd_rp2040_irq+0x49a>
20000782:	003e      	movs	r6, r7
20000784:	e6c8      	b.n	20000518 <dcd_rp2040_irq+0x58>
20000786:	3338      	adds	r3, #56	@ 0x38
20000788:	5ce6      	ldrb	r6, [r4, r3]
2000078a:	2e00      	cmp	r6, #0
2000078c:	d100      	bne.n	20000790 <dcd_rp2040_irq+0x2d0>
2000078e:	e6ae      	b.n	200004ee <dcd_rp2040_irq+0x2e>
20000790:	3302      	adds	r3, #2
20000792:	5ce2      	ldrb	r2, [r4, r3]
20000794:	2a00      	cmp	r2, #0
20000796:	d100      	bne.n	2000079a <dcd_rp2040_irq+0x2da>
20000798:	e6a9      	b.n	200004ee <dcd_rp2040_irq+0x2e>
2000079a:	0020      	movs	r0, r4
2000079c:	2200      	movs	r2, #0
2000079e:	3020      	adds	r0, #32
200007a0:	54e2      	strb	r2, [r4, r3]
200007a2:	f000 fa4b 	bl	20000c3c <hw_endpoint_start_next_buffer>
200007a6:	e6a2      	b.n	200004ee <dcd_rp2040_irq+0x2e>
200007a8:	33b9      	adds	r3, #185	@ 0xb9
200007aa:	33ff      	adds	r3, #255	@ 0xff
200007ac:	5ce7      	ldrb	r7, [r4, r3]
200007ae:	2f00      	cmp	r7, #0
200007b0:	d100      	bne.n	200007b4 <dcd_rp2040_irq+0x2f4>
200007b2:	e6bd      	b.n	20000530 <dcd_rp2040_irq+0x70>
200007b4:	3302      	adds	r3, #2
200007b6:	5ce2      	ldrb	r2, [r4, r3]
200007b8:	2a00      	cmp	r2, #0
200007ba:	d000      	beq.n	200007be <dcd_rp2040_irq+0x2fe>
200007bc:	e0c4      	b.n	20000948 <dcd_rp2040_irq+0x488>
200007be:	003e      	movs	r6, r7
200007c0:	e6b6      	b.n	20000530 <dcd_rp2040_irq+0x70>
200007c2:	4b18      	ldr	r3, [pc, #96]	@ (20000824 <dcd_rp2040_irq+0x364>)
200007c4:	5ce7      	ldrb	r7, [r4, r3]
200007c6:	2f00      	cmp	r7, #0
200007c8:	d100      	bne.n	200007cc <dcd_rp2040_irq+0x30c>
200007ca:	e6cb      	b.n	20000564 <dcd_rp2040_irq+0xa4>
200007cc:	3302      	adds	r3, #2
200007ce:	5ce2      	ldrb	r2, [r4, r3]
200007d0:	2a00      	cmp	r2, #0
200007d2:	d000      	beq.n	200007d6 <dcd_rp2040_irq+0x316>
200007d4:	e0b0      	b.n	20000938 <dcd_rp2040_irq+0x478>
200007d6:	003e      	movs	r6, r7
200007d8:	e6c4      	b.n	20000564 <dcd_rp2040_irq+0xa4>
200007da:	46c0      	nop			@ (mov r8, r8)
200007dc:	50110000 	.word	0x50110000
200007e0:	40054000 	.word	0x40054000
200007e4:	20001808 	.word	0x20001808
200007e8:	20001800 	.word	0x20001800
200007ec:	0000023b 	.word	0x0000023b
200007f0:	0000027b 	.word	0x0000027b
200007f4:	000002bb 	.word	0x000002bb
200007f8:	000002fb 	.word	0x000002fb
200007fc:	0000033b 	.word	0x0000033b
20000800:	0000037b 	.word	0x0000037b
20000804:	000003bb 	.word	0x000003bb
20000808:	000003fb 	.word	0x000003fb
2000080c:	20001d29 	.word	0x20001d29
20000810:	50113000 	.word	0x50113000
20000814:	00020010 	.word	0x00020010
20000818:	50100000 	.word	0x50100000
2000081c:	50112000 	.word	0x50112000
20000820:	0000027a 	.word	0x0000027a
20000824:	000002fa 	.word	0x000002fa
20000828:	4b6b      	ldr	r3, [pc, #428]	@ (200009d8 <dcd_rp2040_irq+0x518>)
2000082a:	5ce7      	ldrb	r7, [r4, r3]
2000082c:	2f00      	cmp	r7, #0
2000082e:	d100      	bne.n	20000832 <dcd_rp2040_irq+0x372>
20000830:	e689      	b.n	20000546 <dcd_rp2040_irq+0x86>
20000832:	3302      	adds	r3, #2
20000834:	5ce2      	ldrb	r2, [r4, r3]
20000836:	2a00      	cmp	r2, #0
20000838:	d176      	bne.n	20000928 <dcd_rp2040_irq+0x468>
2000083a:	003e      	movs	r6, r7
2000083c:	e683      	b.n	20000546 <dcd_rp2040_irq+0x86>
2000083e:	4b67      	ldr	r3, [pc, #412]	@ (200009dc <dcd_rp2040_irq+0x51c>)
20000840:	5ce7      	ldrb	r7, [r4, r3]
20000842:	2f00      	cmp	r7, #0
20000844:	d100      	bne.n	20000848 <dcd_rp2040_irq+0x388>
20000846:	e688      	b.n	2000055a <dcd_rp2040_irq+0x9a>
20000848:	3302      	adds	r3, #2
2000084a:	5ce2      	ldrb	r2, [r4, r3]
2000084c:	2a00      	cmp	r2, #0
2000084e:	d163      	bne.n	20000918 <dcd_rp2040_irq+0x458>
20000850:	003e      	movs	r6, r7
20000852:	e682      	b.n	2000055a <dcd_rp2040_irq+0x9a>
20000854:	4b62      	ldr	r3, [pc, #392]	@ (200009e0 <dcd_rp2040_irq+0x520>)
20000856:	5ce7      	ldrb	r7, [r4, r3]
20000858:	2f00      	cmp	r7, #0
2000085a:	d100      	bne.n	2000085e <dcd_rp2040_irq+0x39e>
2000085c:	e68c      	b.n	20000578 <dcd_rp2040_irq+0xb8>
2000085e:	3302      	adds	r3, #2
20000860:	5ce2      	ldrb	r2, [r4, r3]
20000862:	2a00      	cmp	r2, #0
20000864:	d000      	beq.n	20000868 <dcd_rp2040_irq+0x3a8>
20000866:	e0a3      	b.n	200009b0 <dcd_rp2040_irq+0x4f0>
20000868:	4b5e      	ldr	r3, [pc, #376]	@ (200009e4 <dcd_rp2040_irq+0x524>)
2000086a:	5ce3      	ldrb	r3, [r4, r3]
2000086c:	2b02      	cmp	r3, #2
2000086e:	d130      	bne.n	200008d2 <dcd_rp2040_irq+0x412>
20000870:	4b5d      	ldr	r3, [pc, #372]	@ (200009e8 <dcd_rp2040_irq+0x528>)
20000872:	5ce3      	ldrb	r3, [r4, r3]
20000874:	2b00      	cmp	r3, #0
20000876:	d127      	bne.n	200008c8 <dcd_rp2040_irq+0x408>
20000878:	4b5c      	ldr	r3, [pc, #368]	@ (200009ec <dcd_rp2040_irq+0x52c>)
2000087a:	5ce3      	ldrb	r3, [r4, r3]
2000087c:	2b02      	cmp	r3, #2
2000087e:	d000      	beq.n	20000882 <dcd_rp2040_irq+0x3c2>
20000880:	e68f      	b.n	200005a2 <dcd_rp2040_irq+0xe2>
20000882:	003e      	movs	r6, r7
20000884:	4b5a      	ldr	r3, [pc, #360]	@ (200009f0 <dcd_rp2040_irq+0x530>)
20000886:	5ce3      	ldrb	r3, [r4, r3]
20000888:	2b00      	cmp	r3, #0
2000088a:	d100      	bne.n	2000088e <dcd_rp2040_irq+0x3ce>
2000088c:	e67e      	b.n	2000058c <dcd_rp2040_irq+0xcc>
2000088e:	23ff      	movs	r3, #255	@ 0xff
20000890:	009b      	lsls	r3, r3, #2
20000892:	5ce2      	ldrb	r2, [r4, r3]
20000894:	2a00      	cmp	r2, #0
20000896:	d100      	bne.n	2000089a <dcd_rp2040_irq+0x3da>
20000898:	e683      	b.n	200005a2 <dcd_rp2040_irq+0xe2>
2000089a:	2200      	movs	r2, #0
2000089c:	54e2      	strb	r2, [r4, r3]
2000089e:	3b1c      	subs	r3, #28
200008a0:	18e0      	adds	r0, r4, r3
200008a2:	f000 f9cb 	bl	20000c3c <hw_endpoint_start_next_buffer>
200008a6:	e67c      	b.n	200005a2 <dcd_rp2040_irq+0xe2>
200008a8:	4b52      	ldr	r3, [pc, #328]	@ (200009f4 <dcd_rp2040_irq+0x534>)
200008aa:	5ce7      	ldrb	r7, [r4, r3]
200008ac:	2f00      	cmp	r7, #0
200008ae:	d100      	bne.n	200008b2 <dcd_rp2040_irq+0x3f2>
200008b0:	e65d      	b.n	2000056e <dcd_rp2040_irq+0xae>
200008b2:	3302      	adds	r3, #2
200008b4:	5ce2      	ldrb	r2, [r4, r3]
200008b6:	2a00      	cmp	r2, #0
200008b8:	d116      	bne.n	200008e8 <dcd_rp2040_irq+0x428>
200008ba:	003e      	movs	r6, r7
200008bc:	e657      	b.n	2000056e <dcd_rp2040_irq+0xae>
200008be:	4b4a      	ldr	r3, [pc, #296]	@ (200009e8 <dcd_rp2040_irq+0x528>)
200008c0:	5ce3      	ldrb	r3, [r4, r3]
200008c2:	2b00      	cmp	r3, #0
200008c4:	d100      	bne.n	200008c8 <dcd_rp2040_irq+0x408>
200008c6:	e65c      	b.n	20000582 <dcd_rp2040_irq+0xc2>
200008c8:	23ef      	movs	r3, #239	@ 0xef
200008ca:	009b      	lsls	r3, r3, #2
200008cc:	5ce2      	ldrb	r2, [r4, r3]
200008ce:	2a00      	cmp	r2, #0
200008d0:	d175      	bne.n	200009be <dcd_rp2040_irq+0x4fe>
200008d2:	4b46      	ldr	r3, [pc, #280]	@ (200009ec <dcd_rp2040_irq+0x52c>)
200008d4:	5ce3      	ldrb	r3, [r4, r3]
200008d6:	2b02      	cmp	r3, #2
200008d8:	d000      	beq.n	200008dc <dcd_rp2040_irq+0x41c>
200008da:	e662      	b.n	200005a2 <dcd_rp2040_irq+0xe2>
200008dc:	4b44      	ldr	r3, [pc, #272]	@ (200009f0 <dcd_rp2040_irq+0x530>)
200008de:	5ce3      	ldrb	r3, [r4, r3]
200008e0:	2b00      	cmp	r3, #0
200008e2:	d100      	bne.n	200008e6 <dcd_rp2040_irq+0x426>
200008e4:	e65d      	b.n	200005a2 <dcd_rp2040_irq+0xe2>
200008e6:	e7d2      	b.n	2000088e <dcd_rp2040_irq+0x3ce>
200008e8:	2200      	movs	r2, #0
200008ea:	54e2      	strb	r2, [r4, r3]
200008ec:	3b1c      	subs	r3, #28
200008ee:	18e0      	adds	r0, r4, r3
200008f0:	f000 f9a4 	bl	20000c3c <hw_endpoint_start_next_buffer>
200008f4:	003e      	movs	r6, r7
200008f6:	e63a      	b.n	2000056e <dcd_rp2040_irq+0xae>
200008f8:	0020      	movs	r0, r4
200008fa:	2200      	movs	r2, #0
200008fc:	30a0      	adds	r0, #160	@ 0xa0
200008fe:	54e2      	strb	r2, [r4, r3]
20000900:	003e      	movs	r6, r7
20000902:	f000 f99b 	bl	20000c3c <hw_endpoint_start_next_buffer>
20000906:	e5fc      	b.n	20000502 <dcd_rp2040_irq+0x42>
20000908:	0020      	movs	r0, r4
2000090a:	2200      	movs	r2, #0
2000090c:	3060      	adds	r0, #96	@ 0x60
2000090e:	54e2      	strb	r2, [r4, r3]
20000910:	003e      	movs	r6, r7
20000912:	f000 f993 	bl	20000c3c <hw_endpoint_start_next_buffer>
20000916:	e5ef      	b.n	200004f8 <dcd_rp2040_irq+0x38>
20000918:	2200      	movs	r2, #0
2000091a:	54e2      	strb	r2, [r4, r3]
2000091c:	3b1c      	subs	r3, #28
2000091e:	18e0      	adds	r0, r4, r3
20000920:	f000 f98c 	bl	20000c3c <hw_endpoint_start_next_buffer>
20000924:	003e      	movs	r6, r7
20000926:	e618      	b.n	2000055a <dcd_rp2040_irq+0x9a>
20000928:	2200      	movs	r2, #0
2000092a:	54e2      	strb	r2, [r4, r3]
2000092c:	3b1c      	subs	r3, #28
2000092e:	18e0      	adds	r0, r4, r3
20000930:	f000 f984 	bl	20000c3c <hw_endpoint_start_next_buffer>
20000934:	003e      	movs	r6, r7
20000936:	e606      	b.n	20000546 <dcd_rp2040_irq+0x86>
20000938:	2200      	movs	r2, #0
2000093a:	54e2      	strb	r2, [r4, r3]
2000093c:	3b1c      	subs	r3, #28
2000093e:	18e0      	adds	r0, r4, r3
20000940:	f000 f97c 	bl	20000c3c <hw_endpoint_start_next_buffer>
20000944:	003e      	movs	r6, r7
20000946:	e60d      	b.n	20000564 <dcd_rp2040_irq+0xa4>
20000948:	0020      	movs	r0, r4
2000094a:	2200      	movs	r2, #0
2000094c:	30a1      	adds	r0, #161	@ 0xa1
2000094e:	30ff      	adds	r0, #255	@ 0xff
20000950:	54e2      	strb	r2, [r4, r3]
20000952:	003e      	movs	r6, r7
20000954:	f000 f972 	bl	20000c3c <hw_endpoint_start_next_buffer>
20000958:	e5ea      	b.n	20000530 <dcd_rp2040_irq+0x70>
2000095a:	0020      	movs	r0, r4
2000095c:	2200      	movs	r2, #0
2000095e:	3021      	adds	r0, #33	@ 0x21
20000960:	30ff      	adds	r0, #255	@ 0xff
20000962:	54e2      	strb	r2, [r4, r3]
20000964:	003e      	movs	r6, r7
20000966:	f000 f969 	bl	20000c3c <hw_endpoint_start_next_buffer>
2000096a:	e5d5      	b.n	20000518 <dcd_rp2040_irq+0x58>
2000096c:	2200      	movs	r2, #0
2000096e:	54e2      	strb	r2, [r4, r3]
20000970:	3b1c      	subs	r3, #28
20000972:	18e0      	adds	r0, r4, r3
20000974:	f000 f962 	bl	20000c3c <hw_endpoint_start_next_buffer>
20000978:	003e      	movs	r6, r7
2000097a:	e5e9      	b.n	20000550 <dcd_rp2040_irq+0x90>
2000097c:	0020      	movs	r0, r4
2000097e:	2200      	movs	r2, #0
20000980:	3061      	adds	r0, #97	@ 0x61
20000982:	30ff      	adds	r0, #255	@ 0xff
20000984:	54e2      	strb	r2, [r4, r3]
20000986:	003e      	movs	r6, r7
20000988:	f000 f958 	bl	20000c3c <hw_endpoint_start_next_buffer>
2000098c:	e5ca      	b.n	20000524 <dcd_rp2040_irq+0x64>
2000098e:	0020      	movs	r0, r4
20000990:	2200      	movs	r2, #0
20000992:	30e1      	adds	r0, #225	@ 0xe1
20000994:	30ff      	adds	r0, #255	@ 0xff
20000996:	54e2      	strb	r2, [r4, r3]
20000998:	003e      	movs	r6, r7
2000099a:	f000 f94f 	bl	20000c3c <hw_endpoint_start_next_buffer>
2000099e:	e5cd      	b.n	2000053c <dcd_rp2040_irq+0x7c>
200009a0:	0020      	movs	r0, r4
200009a2:	2200      	movs	r2, #0
200009a4:	30e0      	adds	r0, #224	@ 0xe0
200009a6:	54e2      	strb	r2, [r4, r3]
200009a8:	003e      	movs	r6, r7
200009aa:	f000 f947 	bl	20000c3c <hw_endpoint_start_next_buffer>
200009ae:	e5ad      	b.n	2000050c <dcd_rp2040_irq+0x4c>
200009b0:	2200      	movs	r2, #0
200009b2:	54e2      	strb	r2, [r4, r3]
200009b4:	3b1c      	subs	r3, #28
200009b6:	18e0      	adds	r0, r4, r3
200009b8:	f000 f940 	bl	20000c3c <hw_endpoint_start_next_buffer>
200009bc:	e754      	b.n	20000868 <dcd_rp2040_irq+0x3a8>
200009be:	2200      	movs	r2, #0
200009c0:	54e2      	strb	r2, [r4, r3]
200009c2:	3b1c      	subs	r3, #28
200009c4:	18e0      	adds	r0, r4, r3
200009c6:	f000 f939 	bl	20000c3c <hw_endpoint_start_next_buffer>
200009ca:	e782      	b.n	200008d2 <dcd_rp2040_irq+0x412>
200009cc:	0031      	movs	r1, r6
200009ce:	480a      	ldr	r0, [pc, #40]	@ (200009f8 <dcd_rp2040_irq+0x538>)
200009d0:	4069      	eors	r1, r5
200009d2:	f000 fa7d 	bl	20000ed0 <__panic_veneer>
200009d6:	46c0      	nop			@ (mov r8, r8)
200009d8:	0000023a 	.word	0x0000023a
200009dc:	000002ba 	.word	0x000002ba
200009e0:	0000037a 	.word	0x0000037a
200009e4:	000003bb 	.word	0x000003bb
200009e8:	000003ba 	.word	0x000003ba
200009ec:	000003fb 	.word	0x000003fb
200009f0:	000003fa 	.word	0x000003fa
200009f4:	0000033a 	.word	0x0000033a
200009f8:	10007b00 	.word	0x10007b00

200009fc <prepare_ep_buffer>:
200009fc:	b5f0      	push	{r4, r5, r6, r7, lr}
200009fe:	468c      	mov	ip, r1
20000a00:	8a83      	ldrh	r3, [r0, #20]
20000a02:	8b01      	ldrh	r1, [r0, #24]
20000a04:	0002      	movs	r2, r0
20000a06:	b083      	sub	sp, #12
20000a08:	1c0e      	adds	r6, r1, #0
20000a0a:	4299      	cmp	r1, r3
20000a0c:	d900      	bls.n	20000a10 <prepare_ep_buffer+0x14>
20000a0e:	1c1e      	adds	r6, r3, #0
20000a10:	b2b6      	uxth	r6, r6
20000a12:	1b9b      	subs	r3, r3, r6
20000a14:	b29c      	uxth	r4, r3
20000a16:	78d3      	ldrb	r3, [r2, #3]
20000a18:	2180      	movs	r1, #128	@ 0x80
20000a1a:	0018      	movs	r0, r3
20000a1c:	1e45      	subs	r5, r0, #1
20000a1e:	41a8      	sbcs	r0, r5
20000a20:	00c9      	lsls	r1, r1, #3
20000a22:	4331      	orrs	r1, r6
20000a24:	0340      	lsls	r0, r0, #13
20000a26:	4308      	orrs	r0, r1
20000a28:	2101      	movs	r1, #1
20000a2a:	404b      	eors	r3, r1
20000a2c:	70d3      	strb	r3, [r2, #3]
20000a2e:	7853      	ldrb	r3, [r2, #1]
20000a30:	8294      	strh	r4, [r2, #20]
20000a32:	2b00      	cmp	r3, #0
20000a34:	d132      	bne.n	20000a9c <prepare_ep_buffer+0xa0>
20000a36:	6911      	ldr	r1, [r2, #16]
20000a38:	2e00      	cmp	r6, #0
20000a3a:	d02a      	beq.n	20000a92 <prepare_ep_buffer+0x96>
20000a3c:	4663      	mov	r3, ip
20000a3e:	68d4      	ldr	r4, [r2, #12]
20000a40:	019b      	lsls	r3, r3, #6
20000a42:	18e4      	adds	r4, r4, r3
20000a44:	1e73      	subs	r3, r6, #1
20000a46:	9301      	str	r3, [sp, #4]
20000a48:	2b06      	cmp	r3, #6
20000a4a:	d932      	bls.n	20000ab2 <prepare_ep_buffer+0xb6>
20000a4c:	0023      	movs	r3, r4
20000a4e:	430b      	orrs	r3, r1
20000a50:	079b      	lsls	r3, r3, #30
20000a52:	d12e      	bne.n	20000ab2 <prepare_ep_buffer+0xb6>
20000a54:	1a63      	subs	r3, r4, r1
20000a56:	3b01      	subs	r3, #1
20000a58:	2b02      	cmp	r3, #2
20000a5a:	d92a      	bls.n	20000ab2 <prepare_ep_buffer+0xb6>
20000a5c:	2300      	movs	r3, #0
20000a5e:	08b7      	lsrs	r7, r6, #2
20000a60:	00bf      	lsls	r7, r7, #2
20000a62:	58cd      	ldr	r5, [r1, r3]
20000a64:	50e5      	str	r5, [r4, r3]
20000a66:	3304      	adds	r3, #4
20000a68:	42bb      	cmp	r3, r7
20000a6a:	d1fa      	bne.n	20000a62 <prepare_ep_buffer+0x66>
20000a6c:	429e      	cmp	r6, r3
20000a6e:	d00e      	beq.n	20000a8e <prepare_ep_buffer+0x92>
20000a70:	9d01      	ldr	r5, [sp, #4]
20000a72:	18e4      	adds	r4, r4, r3
20000a74:	1aef      	subs	r7, r5, r3
20000a76:	18cd      	adds	r5, r1, r3
20000a78:	5cc9      	ldrb	r1, [r1, r3]
20000a7a:	7021      	strb	r1, [r4, #0]
20000a7c:	9901      	ldr	r1, [sp, #4]
20000a7e:	4299      	cmp	r1, r3
20000a80:	d005      	beq.n	20000a8e <prepare_ep_buffer+0x92>
20000a82:	786b      	ldrb	r3, [r5, #1]
20000a84:	7063      	strb	r3, [r4, #1]
20000a86:	2f01      	cmp	r7, #1
20000a88:	d001      	beq.n	20000a8e <prepare_ep_buffer+0x92>
20000a8a:	78ab      	ldrb	r3, [r5, #2]
20000a8c:	70a3      	strb	r3, [r4, #2]
20000a8e:	6911      	ldr	r1, [r2, #16]
20000a90:	8a94      	ldrh	r4, [r2, #20]
20000a92:	2380      	movs	r3, #128	@ 0x80
20000a94:	1989      	adds	r1, r1, r6
20000a96:	021b      	lsls	r3, r3, #8
20000a98:	6111      	str	r1, [r2, #16]
20000a9a:	4318      	orrs	r0, r3
20000a9c:	2c00      	cmp	r4, #0
20000a9e:	d102      	bne.n	20000aa6 <prepare_ep_buffer+0xaa>
20000aa0:	2380      	movs	r3, #128	@ 0x80
20000aa2:	01db      	lsls	r3, r3, #7
20000aa4:	4318      	orrs	r0, r3
20000aa6:	4663      	mov	r3, ip
20000aa8:	2b00      	cmp	r3, #0
20000aaa:	d000      	beq.n	20000aae <prepare_ep_buffer+0xb2>
20000aac:	0400      	lsls	r0, r0, #16
20000aae:	b003      	add	sp, #12
20000ab0:	bdf0      	pop	{r4, r5, r6, r7, pc}
20000ab2:	2300      	movs	r3, #0
20000ab4:	5ccd      	ldrb	r5, [r1, r3]
20000ab6:	54e5      	strb	r5, [r4, r3]
20000ab8:	3301      	adds	r3, #1
20000aba:	429e      	cmp	r6, r3
20000abc:	d1fa      	bne.n	20000ab4 <prepare_ep_buffer+0xb8>
20000abe:	e7e6      	b.n	20000a8e <prepare_ep_buffer+0x92>

20000ac0 <sync_ep_buffer>:
20000ac0:	6883      	ldr	r3, [r0, #8]
20000ac2:	b5f0      	push	{r4, r5, r6, r7, lr}
20000ac4:	681a      	ldr	r2, [r3, #0]
20000ac6:	2900      	cmp	r1, #0
20000ac8:	d000      	beq.n	20000acc <sync_ep_buffer+0xc>
20000aca:	0c12      	lsrs	r2, r2, #16
20000acc:	7843      	ldrb	r3, [r0, #1]
20000ace:	0592      	lsls	r2, r2, #22
20000ad0:	0d95      	lsrs	r5, r2, #22
20000ad2:	2b00      	cmp	r3, #0
20000ad4:	d109      	bne.n	20000aea <sync_ep_buffer+0x2a>
20000ad6:	8ac3      	ldrh	r3, [r0, #22]
20000ad8:	18eb      	adds	r3, r5, r3
20000ada:	82c3      	strh	r3, [r0, #22]
20000adc:	8b03      	ldrh	r3, [r0, #24]
20000ade:	42ab      	cmp	r3, r5
20000ae0:	d901      	bls.n	20000ae6 <sync_ep_buffer+0x26>
20000ae2:	2300      	movs	r3, #0
20000ae4:	8283      	strh	r3, [r0, #20]
20000ae6:	0028      	movs	r0, r5
20000ae8:	bdf0      	pop	{r4, r5, r6, r7, pc}
20000aea:	6904      	ldr	r4, [r0, #16]
20000aec:	2d00      	cmp	r5, #0
20000aee:	d028      	beq.n	20000b42 <sync_ep_buffer+0x82>
20000af0:	68c3      	ldr	r3, [r0, #12]
20000af2:	0189      	lsls	r1, r1, #6
20000af4:	1e6f      	subs	r7, r5, #1
20000af6:	46bc      	mov	ip, r7
20000af8:	185e      	adds	r6, r3, r1
20000afa:	2f06      	cmp	r7, #6
20000afc:	d927      	bls.n	20000b4e <sync_ep_buffer+0x8e>
20000afe:	3101      	adds	r1, #1
20000b00:	185b      	adds	r3, r3, r1
20000b02:	1ae3      	subs	r3, r4, r3
20000b04:	2b02      	cmp	r3, #2
20000b06:	d922      	bls.n	20000b4e <sync_ep_buffer+0x8e>
20000b08:	0023      	movs	r3, r4
20000b0a:	4333      	orrs	r3, r6
20000b0c:	079b      	lsls	r3, r3, #30
20000b0e:	d11e      	bne.n	20000b4e <sync_ep_buffer+0x8e>
20000b10:	2300      	movs	r3, #0
20000b12:	0e12      	lsrs	r2, r2, #24
20000b14:	0092      	lsls	r2, r2, #2
20000b16:	58f1      	ldr	r1, [r6, r3]
20000b18:	50e1      	str	r1, [r4, r3]
20000b1a:	3304      	adds	r3, #4
20000b1c:	429a      	cmp	r2, r3
20000b1e:	d1fa      	bne.n	20000b16 <sync_ep_buffer+0x56>
20000b20:	4295      	cmp	r5, r2
20000b22:	d00d      	beq.n	20000b40 <sync_ep_buffer+0x80>
20000b24:	4663      	mov	r3, ip
20000b26:	1a9f      	subs	r7, r3, r2
20000b28:	18a3      	adds	r3, r4, r2
20000b2a:	5cb4      	ldrb	r4, [r6, r2]
20000b2c:	18b1      	adds	r1, r6, r2
20000b2e:	701c      	strb	r4, [r3, #0]
20000b30:	4594      	cmp	ip, r2
20000b32:	d005      	beq.n	20000b40 <sync_ep_buffer+0x80>
20000b34:	784a      	ldrb	r2, [r1, #1]
20000b36:	705a      	strb	r2, [r3, #1]
20000b38:	2f01      	cmp	r7, #1
20000b3a:	d001      	beq.n	20000b40 <sync_ep_buffer+0x80>
20000b3c:	788a      	ldrb	r2, [r1, #2]
20000b3e:	709a      	strb	r2, [r3, #2]
20000b40:	6904      	ldr	r4, [r0, #16]
20000b42:	8ac3      	ldrh	r3, [r0, #22]
20000b44:	1964      	adds	r4, r4, r5
20000b46:	18eb      	adds	r3, r5, r3
20000b48:	82c3      	strh	r3, [r0, #22]
20000b4a:	6104      	str	r4, [r0, #16]
20000b4c:	e7c6      	b.n	20000adc <sync_ep_buffer+0x1c>
20000b4e:	2200      	movs	r2, #0
20000b50:	5cb3      	ldrb	r3, [r6, r2]
20000b52:	54a3      	strb	r3, [r4, r2]
20000b54:	3201      	adds	r2, #1
20000b56:	4295      	cmp	r5, r2
20000b58:	d1fa      	bne.n	20000b50 <sync_ep_buffer+0x90>
20000b5a:	6904      	ldr	r4, [r0, #16]
20000b5c:	e7f1      	b.n	20000b42 <sync_ep_buffer+0x82>
20000b5e:	46c0      	nop			@ (mov r8, r8)

20000b60 <_hw_endpoint_xfer_sync>:
20000b60:	b510      	push	{r4, lr}
20000b62:	0004      	movs	r4, r0
20000b64:	6883      	ldr	r3, [r0, #8]
20000b66:	2100      	movs	r1, #0
20000b68:	681b      	ldr	r3, [r3, #0]
20000b6a:	f7ff ffa9 	bl	20000ac0 <sync_ep_buffer>
20000b6e:	6863      	ldr	r3, [r4, #4]
20000b70:	681b      	ldr	r3, [r3, #0]
20000b72:	005b      	lsls	r3, r3, #1
20000b74:	d502      	bpl.n	20000b7c <_hw_endpoint_xfer_sync+0x1c>
20000b76:	8b23      	ldrh	r3, [r4, #24]
20000b78:	4283      	cmp	r3, r0
20000b7a:	d000      	beq.n	20000b7e <_hw_endpoint_xfer_sync+0x1e>
20000b7c:	bd10      	pop	{r4, pc}
20000b7e:	2101      	movs	r1, #1
20000b80:	0020      	movs	r0, r4
20000b82:	f7ff ff9d 	bl	20000ac0 <sync_ep_buffer>
20000b86:	e7f9      	b.n	20000b7c <_hw_endpoint_xfer_sync+0x1c>

20000b88 <e15_is_bulkin_ep>:
20000b88:	4b08      	ldr	r3, [pc, #32]	@ (20000bac <e15_is_bulkin_ep+0x24>)
20000b8a:	6c1a      	ldr	r2, [r3, #64]	@ 0x40
20000b8c:	2300      	movs	r3, #0
20000b8e:	0792      	lsls	r2, r2, #30
20000b90:	d403      	bmi.n	20000b9a <e15_is_bulkin_ep+0x12>
20000b92:	7882      	ldrb	r2, [r0, #2]
20000b94:	09d2      	lsrs	r2, r2, #7
20000b96:	2a01      	cmp	r2, #1
20000b98:	d001      	beq.n	20000b9e <e15_is_bulkin_ep+0x16>
20000b9a:	0018      	movs	r0, r3
20000b9c:	4770      	bx	lr
20000b9e:	7ec3      	ldrb	r3, [r0, #27]
20000ba0:	3b02      	subs	r3, #2
20000ba2:	425a      	negs	r2, r3
20000ba4:	4153      	adcs	r3, r2
20000ba6:	b2db      	uxtb	r3, r3
20000ba8:	e7f7      	b.n	20000b9a <e15_is_bulkin_ep+0x12>
20000baa:	46c0      	nop			@ (mov r8, r8)
20000bac:	50110000 	.word	0x50110000

20000bb0 <e15_is_critical_frame_period>:
20000bb0:	b510      	push	{r4, lr}
20000bb2:	f7ff ffe9 	bl	20000b88 <e15_is_bulkin_ep>
20000bb6:	2800      	cmp	r0, #0
20000bb8:	d00a      	beq.n	20000bd0 <e15_is_critical_frame_period+0x20>
20000bba:	4b06      	ldr	r3, [pc, #24]	@ (20000bd4 <e15_is_critical_frame_period+0x24>)
20000bbc:	4a06      	ldr	r2, [pc, #24]	@ (20000bd8 <e15_is_critical_frame_period+0x28>)
20000bbe:	6a9b      	ldr	r3, [r3, #40]	@ 0x28
20000bc0:	4906      	ldr	r1, [pc, #24]	@ (20000bdc <e15_is_critical_frame_period+0x2c>)
20000bc2:	6812      	ldr	r2, [r2, #0]
20000bc4:	185b      	adds	r3, r3, r1
20000bc6:	1a9b      	subs	r3, r3, r2
20000bc8:	2000      	movs	r0, #0
20000bca:	22c6      	movs	r2, #198	@ 0xc6
20000bcc:	429a      	cmp	r2, r3
20000bce:	4140      	adcs	r0, r0
20000bd0:	bd10      	pop	{r4, pc}
20000bd2:	46c0      	nop			@ (mov r8, r8)
20000bd4:	40054000 	.word	0x40054000
20000bd8:	20001800 	.word	0x20001800
20000bdc:	fffffce0 	.word	0xfffffce0

20000be0 <hw_endpoint_reset_transfer>:
20000be0:	2300      	movs	r3, #0
20000be2:	7683      	strb	r3, [r0, #26]
20000be4:	6143      	str	r3, [r0, #20]
20000be6:	6103      	str	r3, [r0, #16]
20000be8:	4770      	bx	lr
20000bea:	46c0      	nop			@ (mov r8, r8)

20000bec <_hw_endpoint_buffer_control_update32>:
20000bec:	b510      	push	{r4, lr}
20000bee:	6883      	ldr	r3, [r0, #8]
20000bf0:	2900      	cmp	r1, #0
20000bf2:	d001      	beq.n	20000bf8 <_hw_endpoint_buffer_control_update32+0xc>
20000bf4:	681c      	ldr	r4, [r3, #0]
20000bf6:	4021      	ands	r1, r4
20000bf8:	2a00      	cmp	r2, #0
20000bfa:	d012      	beq.n	20000c22 <_hw_endpoint_buffer_control_update32+0x36>
20000bfc:	2480      	movs	r4, #128	@ 0x80
20000bfe:	00e4      	lsls	r4, r4, #3
20000c00:	4311      	orrs	r1, r2
20000c02:	4222      	tst	r2, r4
20000c04:	d00d      	beq.n	20000c22 <_hw_endpoint_buffer_control_update32+0x36>
20000c06:	681a      	ldr	r2, [r3, #0]
20000c08:	4222      	tst	r2, r4
20000c0a:	d10c      	bne.n	20000c26 <_hw_endpoint_buffer_control_update32+0x3a>
20000c0c:	4a08      	ldr	r2, [pc, #32]	@ (20000c30 <_hw_endpoint_buffer_control_update32+0x44>)
20000c0e:	400a      	ands	r2, r1
20000c10:	601a      	str	r2, [r3, #0]
20000c12:	4a08      	ldr	r2, [pc, #32]	@ (20000c34 <_hw_endpoint_buffer_control_update32+0x48>)
20000c14:	6c12      	ldr	r2, [r2, #64]	@ 0x40
20000c16:	0792      	lsls	r2, r2, #30
20000c18:	d403      	bmi.n	20000c22 <_hw_endpoint_buffer_control_update32+0x36>
20000c1a:	230c      	movs	r3, #12
20000c1c:	3b03      	subs	r3, #3
20000c1e:	d2fd      	bcs.n	20000c1c <_hw_endpoint_buffer_control_update32+0x30>
20000c20:	6883      	ldr	r3, [r0, #8]
20000c22:	6019      	str	r1, [r3, #0]
20000c24:	bd10      	pop	{r4, pc}
20000c26:	7881      	ldrb	r1, [r0, #2]
20000c28:	4803      	ldr	r0, [pc, #12]	@ (20000c38 <_hw_endpoint_buffer_control_update32+0x4c>)
20000c2a:	f000 f951 	bl	20000ed0 <__panic_veneer>
20000c2e:	46c0      	nop			@ (mov r8, r8)
20000c30:	fffffbff 	.word	0xfffffbff
20000c34:	50110000 	.word	0x50110000
20000c38:	10007b14 	.word	0x10007b14

20000c3c <hw_endpoint_start_next_buffer>:
20000c3c:	6843      	ldr	r3, [r0, #4]
20000c3e:	b570      	push	{r4, r5, r6, lr}
20000c40:	2100      	movs	r1, #0
20000c42:	2580      	movs	r5, #128	@ 0x80
20000c44:	0004      	movs	r4, r0
20000c46:	681e      	ldr	r6, [r3, #0]
20000c48:	f7ff fed8 	bl	200009fc <prepare_ep_buffer>
20000c4c:	4b12      	ldr	r3, [pc, #72]	@ (20000c98 <hw_endpoint_start_next_buffer+0x5c>)
20000c4e:	016d      	lsls	r5, r5, #5
20000c50:	6c1a      	ldr	r2, [r3, #64]	@ 0x40
20000c52:	4305      	orrs	r5, r0
20000c54:	78a3      	ldrb	r3, [r4, #2]
20000c56:	0792      	lsls	r2, r2, #30
20000c58:	d50e      	bpl.n	20000c78 <hw_endpoint_start_next_buffer+0x3c>
20000c5a:	065b      	lsls	r3, r3, #25
20000c5c:	d00e      	beq.n	20000c7c <hw_endpoint_start_next_buffer+0x40>
20000c5e:	4b0f      	ldr	r3, [pc, #60]	@ (20000c9c <hw_endpoint_start_next_buffer+0x60>)
20000c60:	401e      	ands	r6, r3
20000c62:	2380      	movs	r3, #128	@ 0x80
20000c64:	059b      	lsls	r3, r3, #22
20000c66:	4333      	orrs	r3, r6
20000c68:	6862      	ldr	r2, [r4, #4]
20000c6a:	2100      	movs	r1, #0
20000c6c:	6013      	str	r3, [r2, #0]
20000c6e:	0020      	movs	r0, r4
20000c70:	002a      	movs	r2, r5
20000c72:	f7ff ffbb 	bl	20000bec <_hw_endpoint_buffer_control_update32>
20000c76:	bd70      	pop	{r4, r5, r6, pc}
20000c78:	09db      	lsrs	r3, r3, #7
20000c7a:	d0f0      	beq.n	20000c5e <hw_endpoint_start_next_buffer+0x22>
20000c7c:	8aa3      	ldrh	r3, [r4, #20]
20000c7e:	2b00      	cmp	r3, #0
20000c80:	d0ed      	beq.n	20000c5e <hw_endpoint_start_next_buffer+0x22>
20000c82:	2101      	movs	r1, #1
20000c84:	0020      	movs	r0, r4
20000c86:	f7ff feb9 	bl	200009fc <prepare_ep_buffer>
20000c8a:	23a0      	movs	r3, #160	@ 0xa0
20000c8c:	4a04      	ldr	r2, [pc, #16]	@ (20000ca0 <hw_endpoint_start_next_buffer+0x64>)
20000c8e:	05db      	lsls	r3, r3, #23
20000c90:	4032      	ands	r2, r6
20000c92:	4305      	orrs	r5, r0
20000c94:	4313      	orrs	r3, r2
20000c96:	e7e7      	b.n	20000c68 <hw_endpoint_start_next_buffer+0x2c>
20000c98:	50110000 	.word	0x50110000
20000c9c:	afffffff 	.word	0xafffffff
20000ca0:	dfffffff 	.word	0xdfffffff

20000ca4 <hw_endpoint_xfer_continue>:
20000ca4:	b570      	push	{r4, r5, r6, lr}
20000ca6:	7e85      	ldrb	r5, [r0, #26]
20000ca8:	0004      	movs	r4, r0
20000caa:	2d00      	cmp	r5, #0
20000cac:	d014      	beq.n	20000cd8 <hw_endpoint_xfer_continue+0x34>
20000cae:	f7ff ff57 	bl	20000b60 <_hw_endpoint_xfer_sync>
20000cb2:	8aa3      	ldrh	r3, [r4, #20]
20000cb4:	2b00      	cmp	r3, #0
20000cb6:	d101      	bne.n	20000cbc <hw_endpoint_xfer_continue+0x18>
20000cb8:	0028      	movs	r0, r5
20000cba:	bd70      	pop	{r4, r5, r6, pc}
20000cbc:	0020      	movs	r0, r4
20000cbe:	f7ff ff77 	bl	20000bb0 <e15_is_critical_frame_period>
20000cc2:	2800      	cmp	r0, #0
20000cc4:	d003      	beq.n	20000cce <hw_endpoint_xfer_continue+0x2a>
20000cc6:	2301      	movs	r3, #1
20000cc8:	2500      	movs	r5, #0
20000cca:	7723      	strb	r3, [r4, #28]
20000ccc:	e7f4      	b.n	20000cb8 <hw_endpoint_xfer_continue+0x14>
20000cce:	0020      	movs	r0, r4
20000cd0:	f7ff ffb4 	bl	20000c3c <hw_endpoint_start_next_buffer>
20000cd4:	2500      	movs	r5, #0
20000cd6:	e7ef      	b.n	20000cb8 <hw_endpoint_xfer_continue+0x14>
20000cd8:	7881      	ldrb	r1, [r0, #2]
20000cda:	4801      	ldr	r0, [pc, #4]	@ (20000ce0 <hw_endpoint_xfer_continue+0x3c>)
20000cdc:	f000 f8f8 	bl	20000ed0 <__panic_veneer>
20000ce0:	10007b34 	.word	0x10007b34

20000ce4 <dcd_event_handler>:
20000ce4:	b5f0      	push	{r4, r5, r6, r7, lr}
20000ce6:	4647      	mov	r7, r8
20000ce8:	46ce      	mov	lr, r9
20000cea:	b580      	push	{r7, lr}
20000cec:	7843      	ldrb	r3, [r0, #1]
20000cee:	0005      	movs	r5, r0
20000cf0:	000f      	movs	r7, r1
20000cf2:	b085      	sub	sp, #20
20000cf4:	2b06      	cmp	r3, #6
20000cf6:	d807      	bhi.n	20000d08 <dcd_event_handler+0x24>
20000cf8:	4a68      	ldr	r2, [pc, #416]	@ (20000e9c <dcd_event_handler+0x1b8>)
20000cfa:	009b      	lsls	r3, r3, #2
20000cfc:	58d3      	ldr	r3, [r2, r3]
20000cfe:	469f      	mov	pc, r3
20000d00:	4a67      	ldr	r2, [pc, #412]	@ (20000ea0 <dcd_event_handler+0x1bc>)
20000d02:	7813      	ldrb	r3, [r2, #0]
20000d04:	3301      	adds	r3, #1
20000d06:	7013      	strb	r3, [r2, #0]
20000d08:	4b66      	ldr	r3, [pc, #408]	@ (20000ea4 <dcd_event_handler+0x1c0>)
20000d0a:	681c      	ldr	r4, [r3, #0]
20000d0c:	6962      	ldr	r2, [r4, #20]
20000d0e:	f3ef 8110 	mrs	r1, PRIMASK
20000d12:	b672      	cpsid	i
20000d14:	6813      	ldr	r3, [r2, #0]
20000d16:	2b00      	cmp	r3, #0
20000d18:	d0fc      	beq.n	20000d14 <dcd_event_handler+0x30>
20000d1a:	f3bf 8f5f 	dmb	sy
20000d1e:	61a1      	str	r1, [r4, #24]
20000d20:	0020      	movs	r0, r4
20000d22:	0029      	movs	r1, r5
20000d24:	f000 f8f4 	bl	20000f10 <__tu_fifo_write_veneer>
20000d28:	6962      	ldr	r2, [r4, #20]
20000d2a:	69a3      	ldr	r3, [r4, #24]
20000d2c:	f3bf 8f5f 	dmb	sy
20000d30:	2100      	movs	r1, #0
20000d32:	6011      	str	r1, [r2, #0]
20000d34:	f383 8810 	msr	PRIMASK, r3
20000d38:	2800      	cmp	r0, #0
20000d3a:	d104      	bne.n	20000d46 <dcd_event_handler+0x62>
20000d3c:	b005      	add	sp, #20
20000d3e:	bcc0      	pop	{r6, r7}
20000d40:	46b9      	mov	r9, r7
20000d42:	46b0      	mov	r8, r6
20000d44:	bdf0      	pop	{r4, r5, r6, r7, pc}
20000d46:	003a      	movs	r2, r7
20000d48:	7869      	ldrb	r1, [r5, #1]
20000d4a:	7828      	ldrb	r0, [r5, #0]
20000d4c:	f000 f8e8 	bl	20000f20 <__tud_event_hook_cb_veneer>
20000d50:	e7f4      	b.n	20000d3c <dcd_event_handler+0x58>
20000d52:	2101      	movs	r1, #1
20000d54:	4b54      	ldr	r3, [pc, #336]	@ (20000ea8 <dcd_event_handler+0x1c4>)
20000d56:	781a      	ldrb	r2, [r3, #0]
20000d58:	438a      	bics	r2, r1
20000d5a:	701a      	strb	r2, [r3, #0]
20000d5c:	781a      	ldrb	r2, [r3, #0]
20000d5e:	3101      	adds	r1, #1
20000d60:	438a      	bics	r2, r1
20000d62:	701a      	strb	r2, [r3, #0]
20000d64:	2200      	movs	r2, #0
20000d66:	705a      	strb	r2, [r3, #1]
20000d68:	781a      	ldrb	r2, [r3, #0]
20000d6a:	3102      	adds	r1, #2
20000d6c:	438a      	bics	r2, r1
20000d6e:	701a      	strb	r2, [r3, #0]
20000d70:	e7ca      	b.n	20000d08 <dcd_event_handler+0x24>
20000d72:	4b4e      	ldr	r3, [pc, #312]	@ (20000eac <dcd_event_handler+0x1c8>)
20000d74:	2400      	movs	r4, #0
20000d76:	001e      	movs	r6, r3
20000d78:	781a      	ldrb	r2, [r3, #0]
20000d7a:	4b4d      	ldr	r3, [pc, #308]	@ (20000eb0 <dcd_event_handler+0x1cc>)
20000d7c:	4698      	mov	r8, r3
20000d7e:	4b4d      	ldr	r3, [pc, #308]	@ (20000eb4 <dcd_event_handler+0x1d0>)
20000d80:	4699      	mov	r9, r3
20000d82:	e010      	b.n	20000da6 <dcd_event_handler+0xc2>
20000d84:	464b      	mov	r3, r9
20000d86:	681b      	ldr	r3, [r3, #0]
20000d88:	0161      	lsls	r1, r4, #5
20000d8a:	185b      	adds	r3, r3, r1
20000d8c:	2b00      	cmp	r3, #0
20000d8e:	d006      	beq.n	20000d9e <dcd_event_handler+0xba>
20000d90:	69db      	ldr	r3, [r3, #28]
20000d92:	2b00      	cmp	r3, #0
20000d94:	d003      	beq.n	20000d9e <dcd_event_handler+0xba>
20000d96:	6869      	ldr	r1, [r5, #4]
20000d98:	7828      	ldrb	r0, [r5, #0]
20000d9a:	4798      	blx	r3
20000d9c:	7832      	ldrb	r2, [r6, #0]
20000d9e:	3401      	adds	r4, #1
20000da0:	b2e4      	uxtb	r4, r4
20000da2:	4294      	cmp	r4, r2
20000da4:	d817      	bhi.n	20000dd6 <dcd_event_handler+0xf2>
20000da6:	42a2      	cmp	r2, r4
20000da8:	d8ec      	bhi.n	20000d84 <dcd_event_handler+0xa0>
20000daa:	1aa3      	subs	r3, r4, r2
20000dac:	015b      	lsls	r3, r3, #5
20000dae:	4443      	add	r3, r8
20000db0:	e7ee      	b.n	20000d90 <dcd_event_handler+0xac>
20000db2:	4b3d      	ldr	r3, [pc, #244]	@ (20000ea8 <dcd_event_handler+0x1c4>)
20000db4:	781a      	ldrb	r2, [r3, #0]
20000db6:	07d2      	lsls	r2, r2, #31
20000db8:	d5c0      	bpl.n	20000d3c <dcd_event_handler+0x58>
20000dba:	2104      	movs	r1, #4
20000dbc:	781a      	ldrb	r2, [r3, #0]
20000dbe:	430a      	orrs	r2, r1
20000dc0:	701a      	strb	r2, [r3, #0]
20000dc2:	e7a1      	b.n	20000d08 <dcd_event_handler+0x24>
20000dc4:	4b38      	ldr	r3, [pc, #224]	@ (20000ea8 <dcd_event_handler+0x1c4>)
20000dc6:	781a      	ldrb	r2, [r3, #0]
20000dc8:	07d2      	lsls	r2, r2, #31
20000dca:	d5b7      	bpl.n	20000d3c <dcd_event_handler+0x58>
20000dcc:	2104      	movs	r1, #4
20000dce:	781a      	ldrb	r2, [r3, #0]
20000dd0:	438a      	bics	r2, r1
20000dd2:	701a      	strb	r2, [r3, #0]
20000dd4:	e798      	b.n	20000d08 <dcd_event_handler+0x24>
20000dd6:	4a34      	ldr	r2, [pc, #208]	@ (20000ea8 <dcd_event_handler+0x1c4>)
20000dd8:	7813      	ldrb	r3, [r2, #0]
20000dda:	4690      	mov	r8, r2
20000ddc:	0011      	movs	r1, r2
20000dde:	075b      	lsls	r3, r3, #29
20000de0:	d528      	bpl.n	20000e34 <dcd_event_handler+0x150>
20000de2:	7813      	ldrb	r3, [r2, #0]
20000de4:	2204      	movs	r2, #4
20000de6:	ac01      	add	r4, sp, #4
20000de8:	4393      	bics	r3, r2
20000dea:	700b      	strb	r3, [r1, #0]
20000dec:	0020      	movs	r0, r4
20000dee:	2100      	movs	r1, #0
20000df0:	3208      	adds	r2, #8
20000df2:	f000 f885 	bl	20000f00 <____wrap_memset_veneer>
20000df6:	782b      	ldrb	r3, [r5, #0]
20000df8:	7023      	strb	r3, [r4, #0]
20000dfa:	2305      	movs	r3, #5
20000dfc:	7063      	strb	r3, [r4, #1]
20000dfe:	4b29      	ldr	r3, [pc, #164]	@ (20000ea4 <dcd_event_handler+0x1c0>)
20000e00:	681b      	ldr	r3, [r3, #0]
20000e02:	0018      	movs	r0, r3
20000e04:	695a      	ldr	r2, [r3, #20]
20000e06:	f3ef 8110 	mrs	r1, PRIMASK
20000e0a:	b672      	cpsid	i
20000e0c:	6813      	ldr	r3, [r2, #0]
20000e0e:	2b00      	cmp	r3, #0
20000e10:	d0fc      	beq.n	20000e0c <dcd_event_handler+0x128>
20000e12:	f3bf 8f5f 	dmb	sy
20000e16:	0006      	movs	r6, r0
20000e18:	6181      	str	r1, [r0, #24]
20000e1a:	0021      	movs	r1, r4
20000e1c:	f000 f878 	bl	20000f10 <__tu_fifo_write_veneer>
20000e20:	6972      	ldr	r2, [r6, #20]
20000e22:	69b3      	ldr	r3, [r6, #24]
20000e24:	f3bf 8f5f 	dmb	sy
20000e28:	2100      	movs	r1, #0
20000e2a:	6011      	str	r1, [r2, #0]
20000e2c:	f383 8810 	msr	PRIMASK, r3
20000e30:	2800      	cmp	r0, #0
20000e32:	d12c      	bne.n	20000e8e <dcd_event_handler+0x1aa>
20000e34:	4643      	mov	r3, r8
20000e36:	78db      	ldrb	r3, [r3, #3]
20000e38:	07db      	lsls	r3, r3, #31
20000e3a:	d400      	bmi.n	20000e3e <dcd_event_handler+0x15a>
20000e3c:	e77e      	b.n	20000d3c <dcd_event_handler+0x58>
20000e3e:	782b      	ldrb	r3, [r5, #0]
20000e40:	ac01      	add	r4, sp, #4
20000e42:	7023      	strb	r3, [r4, #0]
20000e44:	2303      	movs	r3, #3
20000e46:	7063      	strb	r3, [r4, #1]
20000e48:	686b      	ldr	r3, [r5, #4]
20000e4a:	6063      	str	r3, [r4, #4]
20000e4c:	4b15      	ldr	r3, [pc, #84]	@ (20000ea4 <dcd_event_handler+0x1c0>)
20000e4e:	681d      	ldr	r5, [r3, #0]
20000e50:	696a      	ldr	r2, [r5, #20]
20000e52:	f3ef 8110 	mrs	r1, PRIMASK
20000e56:	b672      	cpsid	i
20000e58:	6813      	ldr	r3, [r2, #0]
20000e5a:	2b00      	cmp	r3, #0
20000e5c:	d0fc      	beq.n	20000e58 <dcd_event_handler+0x174>
20000e5e:	f3bf 8f5f 	dmb	sy
20000e62:	61a9      	str	r1, [r5, #24]
20000e64:	0028      	movs	r0, r5
20000e66:	0021      	movs	r1, r4
20000e68:	f000 f852 	bl	20000f10 <__tu_fifo_write_veneer>
20000e6c:	696a      	ldr	r2, [r5, #20]
20000e6e:	69ab      	ldr	r3, [r5, #24]
20000e70:	f3bf 8f5f 	dmb	sy
20000e74:	2100      	movs	r1, #0
20000e76:	6011      	str	r1, [r2, #0]
20000e78:	f383 8810 	msr	PRIMASK, r3
20000e7c:	2800      	cmp	r0, #0
20000e7e:	d100      	bne.n	20000e82 <dcd_event_handler+0x19e>
20000e80:	e75c      	b.n	20000d3c <dcd_event_handler+0x58>
20000e82:	003a      	movs	r2, r7
20000e84:	7861      	ldrb	r1, [r4, #1]
20000e86:	7820      	ldrb	r0, [r4, #0]
20000e88:	f000 f84a 	bl	20000f20 <__tud_event_hook_cb_veneer>
20000e8c:	e756      	b.n	20000d3c <dcd_event_handler+0x58>
20000e8e:	003a      	movs	r2, r7
20000e90:	7861      	ldrb	r1, [r4, #1]
20000e92:	7820      	ldrb	r0, [r4, #0]
20000e94:	f000 f844 	bl	20000f20 <__tud_event_hook_cb_veneer>
20000e98:	e7cc      	b.n	20000e34 <dcd_event_handler+0x150>
20000e9a:	46c0      	nop			@ (mov r8, r8)
20000e9c:	10008008 	.word	0x10008008
20000ea0:	20001d2a 	.word	0x20001d2a
20000ea4:	200015d8 	.word	0x200015d8
20000ea8:	20001580 	.word	0x20001580
20000eac:	20001d28 	.word	0x20001d28
20000eb0:	10008024 	.word	0x10008024
20000eb4:	20001498 	.word	0x20001498

20000eb8 <__aeabi_idiv0>:
20000eb8:	4770      	bx	lr
20000eba:	46c0      	nop			@ (mov r8, r8)
20000ebc:	0000      	movs	r0, r0
	...

20000ec0 <__rp2040_chip_version_veneer>:
20000ec0:	b401      	push	{r0}
20000ec2:	4802      	ldr	r0, [pc, #8]	@ (20000ecc <__rp2040_chip_version_veneer+0xc>)
20000ec4:	4684      	mov	ip, r0
20000ec6:	bc01      	pop	{r0}
20000ec8:	4760      	bx	ip
20000eca:	bf00      	nop
20000ecc:	1000121d 	.word	0x1000121d

20000ed0 <__panic_veneer>:
20000ed0:	b401      	push	{r0}
20000ed2:	4802      	ldr	r0, [pc, #8]	@ (20000edc <__panic_veneer+0xc>)
20000ed4:	4684      	mov	ip, r0
20000ed6:	bc01      	pop	{r0}
20000ed8:	4760      	bx	ip
20000eda:	bf00      	nop
20000edc:	10001229 	.word	0x10001229

20000ee0 <__time_us_64_veneer>:
20000ee0:	b401      	push	{r0}
20000ee2:	4802      	ldr	r0, [pc, #8]	@ (20000eec <__time_us_64_veneer+0xc>)
20000ee4:	4684      	mov	ip, r0
20000ee6:	bc01      	pop	{r0}
20000ee8:	4760      	bx	ip
20000eea:	bf00      	nop
20000eec:	10002121 	.word	0x10002121

20000ef0 <____wrap___aeabi_lmul_veneer>:
20000ef0:	b401      	push	{r0}
20000ef2:	4802      	ldr	r0, [pc, #8]	@ (20000efc <____wrap___aeabi_lmul_veneer+0xc>)
20000ef4:	4684      	mov	ip, r0
20000ef6:	bc01      	pop	{r0}
20000ef8:	4760      	bx	ip
20000efa:	bf00      	nop
20000efc:	100034c5 	.word	0x100034c5

20000f00 <____wrap_memset_veneer>:
20000f00:	b401      	push	{r0}
20000f02:	4802      	ldr	r0, [pc, #8]	@ (20000f0c <____wrap_memset_veneer+0xc>)
20000f04:	4684      	mov	ip, r0
20000f06:	bc01      	pop	{r0}
20000f08:	4760      	bx	ip
20000f0a:	bf00      	nop
20000f0c:	100036dd 	.word	0x100036dd

20000f10 <__tu_fifo_write_veneer>:
20000f10:	b401      	push	{r0}
20000f12:	4802      	ldr	r0, [pc, #8]	@ (20000f1c <__tu_fifo_write_veneer+0xc>)
20000f14:	4684      	mov	ip, r0
20000f16:	bc01      	pop	{r0}
20000f18:	4760      	bx	ip
20000f1a:	bf00      	nop
20000f1c:	1000731d 	.word	0x1000731d

20000f20 <__tud_event_hook_cb_veneer>:
20000f20:	b401      	push	{r0}
20000f22:	4802      	ldr	r0, [pc, #8]	@ (20000f2c <__tud_event_hook_cb_veneer+0xc>)
20000f24:	4684      	mov	ip, r0
20000f26:	bc01      	pop	{r0}
20000f28:	4760      	bx	ip
20000f2a:	bf00      	nop
20000f2c:	10005d71 	.word	0x10005d71

20000f30 <__best_effort_wfe_or_timeout_veneer>:
20000f30:	b401      	push	{r0}
20000f32:	4802      	ldr	r0, [pc, #8]	@ (20000f3c <__best_effort_wfe_or_timeout_veneer+0xc>)
20000f34:	4684      	mov	ip, r0
20000f36:	bc01      	pop	{r0}
20000f38:	4760      	bx	ip
20000f3a:	bf00      	nop
20000f3c:	10001fd1 	.word	0x10001fd1

20000f40 <resistor_Ratio>:
20000f40:	41f30a3d                                =..A

20000f44 <PAGE_SWITCH_INTERVAL_MS>:
20000f44:	00001388                                ....

20000f48 <striped_spin_lock_num>:
20000f48:	00000010                                ....

20000f4c <irq_handler_chain_slots>:
20000f4c:	00000000 	.word	0x00000000
20000f50:	00010000 	.word	0x00010000
	...
20000f5c:	00020000 	.word	0x00020000
	...
20000f68:	00030000 	.word	0x00030000
	...
20000f74:	00040000 	.word	0x00040000
	...
20000f80:	00050000 	.word	0x00050000
	...
20000f8c:	00ff0000 	.word	0x00ff0000
20000f90:	00000000 	.word	0x00000000

20000f94 <irq_handler_chain_first_slot>:
20000f94:	b501      	push	{r0, lr}
20000f96:	6848      	ldr	r0, [r1, #4]
20000f98:	3101      	adds	r1, #1
20000f9a:	468e      	mov	lr, r1
20000f9c:	4700      	bx	r0

20000f9e <irq_handler_chain_remove_tail>:
20000f9e:	4670      	mov	r0, lr
20000fa0:	3809      	subs	r0, #9
20000fa2:	4901      	ldr	r1, [pc, #4]	@ (20000fa8 <irq_handler_chain_remove_tail+0xa>)
20000fa4:	4788      	blx	r1
20000fa6:	bd01      	pop	{r0, pc}
20000fa8:	10001645 	.word	0x10001645
20000fac:	00000000 	.word	0x00000000

20000fb0 <last_added.0>:
20000fb0:	ffffffff 7fffffff                       ........

20000fb8 <default_alarm_pool>:
	...
20000fcc:	20001108                                ... 

20000fd0 <aeabi_bits_funcs>:
20000fd0:	00003350 	.word	0x00003350
20000fd4:	0000334c 	.word	0x0000334c
20000fd8:	00003354 	.word	0x00003354
20000fdc:	00003352 	.word	0x00003352

20000fe0 <aeabi_bits_funcs_end>:
20000fe0:	0000534d 	.word	0x0000534d
20000fe4:	0000434d 	.word	0x0000434d
20000fe8:	00003453 	.word	0x00003453
20000fec:	00003443 	.word	0x00003443

20000ff0 <stdio_usb>:
20000ff0:	10005415 100053c9 1000533d 100052b5     .T...S..=S...R..
20001000:	00000000 00000100                       ........

20001008 <_usbd_qdef>:
20001008:	200015dc 000c0010 00000000 00000000     ... ............
	...

20001024 <_usbd_rhport>:
20001024:	000000ff                                ....

20001028 <i2c1_inst>:
20001028:	40048000 00000000                       ...@....

20001030 <i2c0_inst>:
20001030:	40044000 00000000                       .@.@....

20001038 <print_mutex>:
	...
