:020000041000EA
:1000000000B5324B212058609868022188439860DF
:10001000D860186158612E4B002199600221596106
:100020000121F02299502B49196001219960352056
:1000300000F044F80222904214D00621196600F024
:1000400034F8196E01211966002018661A6600F04E
:100050002CF8196E196E196E052000F02FF8012189
:100060000842F9D1002199601B49196000215960AB
:100070001A491B48016001219960EB211966A021F2
:10008000196600F012F800219960164914480160C1
:100090000121996001BC002800D000471248134993
:1000A000086003C880F30888084703B5996A0420EC
:1000B0000142FBD001200142F8D103BD02B5186610
:1000C0001866FFF7F2FF186E186E02BD00000240BE
:1000D000000000180000070000035F00212200005C
:1000E000F4000018222000A00001001008ED00E03C
:1000F00000000000000000000000000074B24E7A12
:1001000000200420F7010010CB010010CD010010E9
:10011000C9010010C9010010C9010010C901001077
:10012000C9010010C9010010C9010010CF01001061
:10013000C9010010C9010010D1010010D301001045
:10014000C1010010C1010010C1010010C101001067
:10015000C1010010C1010010C1010010C101001057
:10016000C1010010C1010010C1010010C101001047
:10017000C1010010C1010010C1010010C101001037
:10018000C1010010C1010010C1010010C101001027
:10019000C1010010C1010010C1010010C101001017
:1001A000C1010010C1010010C1010010C101001007
:1001B000C1010010C1010010C1010010C1010010F7
:1001C000EFF30580103800BE00BE00BE00BE00BECA
:1001D00000BE00BEF2EB88713C8000105C80001015
:1001E0003802001090A31AE700201E49086006C8D4
:1001F00081F3088810471C480068002801D00020BF
:10020000F3E70DA40ECC002902D000F012F8F9E7B4
:100210001649174A002000E001C19142FCD115495E
:100220008847154988471549884700BEFDE701C939
:1002300001C29A42FBD370475C800010C0000020CE
:1002400040100020DC8F001000000420000004207B
:10025000DC8F0010001004200010042000000000BB
:100260007047000008ED00E0000000D040100020C2
:10027000381D0020AD4E0010BD020010A54E00102C
:1002800010B500F0DDFB0021042000F037FC084829
:1002900000F0ACFC0121002000F030FC054800F02B
:1002A000A5FC054801F012FE00F0CAFB10BDC046D7
:1002B000307900103C790010B80B0000F0B5DE4634
:1002C0004E4645465746E0B597B004F013FFFA2076
:1002D0000121000102F088F8BF4CC049200007F05E
:1002E00043FA0321042000F03BFF0321052000F026
:1002F00037FF00220121042000F04AFF00220121E3
:10030000052000F045FF2000272100F09FF900F0B4
:1003100097FB07F049F91F211A2000F021FF002266
:1003200000211A2000F034FF00211A2000F042FFC3
:10033000E022AB4BD2011B680E201340A94AD02407
:10034000136000F049FF80232406DB01082063626C
:1003500000F042FF80235B000F20636200F03CFF4F
:1003600080231B02A362002201210F2000F010FF56
:10037000FFF786FF01F0D0FE9B4B9B4603C39B4BD0
:1003800007939B4B99469B4B08939B4B05939B4B29
:1003900098469B4B06939B4B09939B4B0A939B4B15
:1003A0000B939B4B0C939B4B0E939B4B0F939B4B35
:1003B00014939B4B0D939B4B10939B4B15939B4B13
:1003C00013939B4B11939B4B1293042280249A4BC3
:1003D00064001A60824A13682342FCD053681B04ED
:1003E0001B0C18009A4603F0DFF8944903F09DF8BF
:1003F000079B196803F099F8061C00F07BFE051CAA
:1004000000F092FD4A4604901060301C03F0EEF8B4
:10041000060004980F0003F0E9F802900391281CED
:1004200003F0E4F83200D026009001913B005146E1
:100430000898360604F02EFF7268802311001B0214
:1004400019408A46059909781A4200D08DE00029A2
:1004500000D0A0E05B46C0CB01F05EFE4346801BAF
:10046000B9411A6853019B1A9B009B18DB00DA17ED
:100470008A4269DD069B1B78002B3ED14B461E68E5
:10048000059B002100201C7800F038FB099800F043
:10049000ADFB04220121281C00F0B2FC0A9800F0F8
:1004A000A5FB0021082000F029FB0B9800F09EFB23
:1004B00003220021301C00F0A3FC0C9800F096FBF6
:1004C0000121002000F01AFB0E9800F08FFB0121A3
:1004D000082000F013FB0F9800F088FB0D98002C0B
:1004E00000D0149800F082FB554B42466420136004
:1004F00001F0ECFC01F06EFF67E70021032000F043
:10050000FDFA109800F072FB53461398002B00D0B0
:10051000159800F06BFB0121002000F0EFFA119814
:1005200000F064FB0121474800F0DEFB01210920B7
:1005300000F0E4FA129800F059FB0121424800F063
:10054000D3FBFA23DB00D0E78A4201D1834291D862
:10055000012306990A78013213400B7001F0DCFD8B
:100560005B4603C300F06CFA84E7002920D03649CB
:10057000281C03F011F8002800D16BE78027002326
:100580009620059AFF0113704000776101F09EFCF0
:10059000B761B4615EE780275246FA20059BFF01F0
:1005A0001A708000776101F091FCB761B46151E786
:1005B0002449281C02F0E8FF002800D14AE78027E0
:1005C00001239620059AFF0113704000776101F026
:1005D0007DFCB76174613DE730100020A08601000A
:1005E00000C0044000D0044090120020400F0020C2
:1005F000401C00205C790010341D0020440F0020B6
:100600002E1D00209C790010A0790010A479001004
:10061000AC790010B0790010B87900104C79001056
:10062000B4790010C0790010547900105879001086
:10063000C8790010D079001000E004403333533AF9
:100640008813000066664E4233335342F0B5F94CCE
:10065000F94D85B02060322000263827297001F03E
:1006600035FC6B460F222978DF7320686A4401232A
:10067000009607F0A3F86A463C21D1730F2229782F
:100680006A4401232068009607F098F801200021B1
:1006900001F0A6FB6A46D7730F2201236A4429782A
:1006A0002068009607F08AF80021322001F098FBBC
:1006B000052001F00BFC6A46D7730F2229782068C9
:1006C0006A440123009607F079F86A463C21D17309
:1006D0000F2229786A4401232068009607F06EF8FB
:1006E0000120002101F07CFB6A46D7730F22012311
:1006F0006A4429782068009607F060F832200021CB
:1007000001F06EFB9620002101F06AFB6A46D77368
:100710000F22297820686A440123009607F04EF8DA
:100720006A463C23D3730F2229786A4420683B3BF6
:10073000009607F043F80120002101F051FB6B46C1
:100740000F222978DF736A4401232068009607F09E
:1007500035F83220002101F043FB6B460F22103F99
:100760002978DF7320686A440123009607F026F891
:100770006A462C21D1730F2229786A44012320680C
:10078000009607F01BF80120002101F029FB6A46C2
:10079000D7730F2229786A4401232068009607F056
:1007A0000DF83220002101F01BFB6A46D7730F229F
:1007B000297820686A440123009606F0FFFF6A4604
:1007C0002C23D3730F2229786A4420682B3B009690
:1007D00006F0F4FF0120002101F002FB6B460F221E
:1007E0002978DF736A4401232068009606F0E6FF4B
:1007F0003220002101F0F4FA6B460F22603729788D
:10080000DF7320686A440123009606F0D7FF6A462A
:100810008C23D3730F2229786A4420688B3B00967F
:1008200006F0CCFF0120002101F0DAFA6B460F221E
:100830002978DF736A4401232068009606F0BEFF22
:100840003220002101F0CCFA6B460F22803F29783C
:10085000DF7320686A440123009606F0AFFF6A4602
:100860000C21D1730F2229786A4401232068009655
:1008700006F0A4FF0120002101F0B2FA6A46D77306
:100880000F2229786A4401232068009606F096FF1B
:100890003220002101F0A4FA6946C822CA73B93A8D
:1008A000297820686A440123009606F087FF69468C
:1008B000CC230F22CB736A4429782068CB3B009667
:1008C00006F07CFF0120002101F08AFA6946C82267
:1008D000CA73B93A29786A4401232068009606F061
:1008E0006DFF3220002101F07BFA6A46D7730F2298
:1008F000297820686A440123009606F05FFF6A4663
:100900000C21D1730F2229786A44012320680096B4
:1009100006F054FF0120002101F062FA6A46D77305
:100920000F2229786A4401232068009606F046FFCA
:100930003220002101F054FA694668200F22C87362
:100940006A44297820680123009606F037FF69463B
:100950006C230F22CB736A44297820686B3B009686
:1009600006F02CFF0120002101F03AFA69466822C6
:10097000CA73593A29786A4401232068009606F020
:100980001DFF3220002101F02BFA6A46D7730F2297
:10099000297820686A440123009606F00FFF6A4612
:1009A0000C23D3730F2229786A4420680B3B0096EE
:1009B00006F004FF0120002101F012FA6B460F221D
:1009C0002978DF736A4401232068009606F0F6FE5A
:1009D0003220002101F004FA6B460F2210372978EB
:1009E000DF7320686A440123009606F0E7FE6A463A
:1009F0001C23D3730F2229786A4420681B3B00967E
:100A000006F0DCFE0120002101F0EAF96B460F221E
:100A10002978DF736A4401232068009606F0CEFE31
:100A20000021322001F0DCF9022001F04FFA05B07C
:100A300004E0C0460C1C0020311D0020F0BDC04663
:100A4000F0B585B0002408276B460F22294E2A4DA9
:100A50003178DF7328686A440123009406F0AEFE03
:100A60006A460C23D3730F2231786A4428680B3B03
:100A7000009406F0A3FE0120002101F0B1F96B46BD
:100A80000F223178DF736A4401232868009406F04E
:100A900095FE3220002101F0A3F96B460F2210379A
:100AA0003178DF7328686A440123009406F086FEDB
:100AB0006A461C23D3730F2231786A4428681B3B93
:100AC000009406F07BFE0120002101F089F96B46BD
:100AD0000F223178DF736A4401232868009406F0FE
:100AE0006DFE0021322001F07BF9022001F0EEF9C9
:100AF00005B0F0BD311D00200C1C0020F0B5C6462D
:100B000000B5374A86B00B1C002900D00123DBB2A8
:100B1000D65C0F238619F6B2320078250F24002701
:100B20009A4302ABE4182F482F4B6D421543804681
:100B30001978257003920293220001230068009720
:100B400006F03CFE7423039A5B4213434246237033
:100B5000029B1068197822000123009706F02EFEF0
:100B60000120002101F03CF94246029B25701978D2
:100B7000106801232200009706F020FE082532208D
:100B8000002101F02DF94246029B360135431978C8
:100B90001068257022000123009706F00FFE0C2339
:100BA0001E4343462670029E2200317818680123B6
:100BB000009706F003FE0120002101F011F94346E1
:100BC00031782200186825700123009706F0F6FDA1
:100BD0003220002101F004F906B080BCB846F0BD17
:100BE000547B00100C1C0020311D0020F0B557462E
:100BF0004546DE464E46E0B50578824685B0002D76
:100C000067D0374B374F98463B000F2447460026A6
:100C100098466C4401230F229A442B009343994633
:100C200009234A46134323709B4643463978186884
:100C300022000123009606F0C1FD4B460D2213430E
:100C4000237043462200397818680123009606F085
:100C5000B5FD0120002101F0C3F85B462370434637
:100C60002200397818680123009606F0A7FD32208B
:100C7000002101F0B5F809232D012B43237099467B
:100C800043463978186822000123009606F096FD45
:100C90000D22434615433978220018682570012338
:100CA000009606F08BFD0120002101F099F84B46DB
:100CB000237043463978186822000123009606F015
:100CC0007DFD3220002101F08BF853461D78002D68
:100CD000A0D105B0F0BCBB46B246A946A046F0BDC7
:100CE000311D00200C1C0020F0B5DE464E46454666
:100CF0005746E0B589B00D0002F078FC04AE0090D4
:100D000001912B00102130003A4A04F08BF835781D
:100D1000002D68D0384B394F98463B000F24B2461F
:100D20004746002698466C4401230F229A442B0024
:100D30009343994609234A46134323709B464346EF
:100D40003978186822000123009606F037FD4B46DB
:100D50000D2213432370434622003978186801237B
:100D6000009606F02BFD0120002101F039F85B46CA
:100D7000237043462200397818680123009606F054
:100D80001DFD3220002101F02BF809232D012B43FA
:100D9000237099464346397818682200012300964B
:100DA00006F00CFD0D2243461543397822001868E1
:100DB00025700123009606F001FD0120002101F0BD
:100DC0000FF84B46237043463978186822000123F8
:100DD000009606F0F3FC3220002101F001F85346A2
:100DE0001D78002DA0D109B0F0BCBB46B246A94683
:100DF000A046F0BDD4790010311D00200C1C00204D
:100E0000F0B5DE46454657464E46E0B58BB013007A
:100E1000051C424A009104A8082104F003F8281C8C
:100E200002F0E4FB06AC0090019104AA102120001E
:100E300003F0F8FF2578002D68D0394B394F9846DC
:100E40003B00A2460F244746002698466C440123E7
:100E50000F229A442B009343994609234A46134391
:100E600023709B4643463978186822000123009678
:100E700006F0A4FC4B460D22134323704346220088
:100E8000397818680123009606F098FC01200021AB
:100E900000F0A6FF5B4623704346220039781868AD
:100EA0000123009606F08AFC3220002100F098FF12
:100EB00009232D012B43237099464346397818683E
:100EC00022000123009606F079FC0D2243461543CB
:100ED00039782200186825700123009606F06EFC10
:100EE0000120002100F07CFF4B46237043463978F7
:100EF000186822000123009606F060FC32200021D1
:100F000000F06EFF53461D78002DA0D10BB0F0BC51
:100F1000BB46B246A946A046F0BDC046DC790010EB
:100F2000311D00200C1C0020F8B5CE464746634911
:100F300080B5041C02F030FB002800D075E0604949
:100F4000201C02F021FB00286AD15C49201C02F021
:100F50001BFB002864D05B49201C02F01DFB00280D
:100F600000D079E05849201C02F016FB002865D11A
:100F70005649201C02F010FB002858D15449201C6F
:100F800002F00AFB002860D15249201C02F004FB49
:100F9000002868D15049201C02F0FEFA002869D1CF
:100FA0004E49201C02F0F8FA00286AD14C49201C56
:100FB00002F0F2FA00286BD14A49201C02F0ECFA48
:100FC00000286CD14849201C02F0E6FA00286DD1B7
:100FD0000A22454B914698460B233949434ADB0088
:100FE000D318201C15005E680F1C02F084FA391C0F
:100FF000041C404602F07FFA011C201C02F081FA1A
:101000004B46DB00EB18041C311C586802F073FAE5
:10101000011C201C02F089FA311C02F06FFA00E07A
:101020000020C0BCB946B046F8BD3148F9E70222FD
:10103000254B9146984625490323CFE70122214BB2
:101040009146984620490223C8E703221F4B914648
:1010500098461F490423C1E70022184B9146984641
:1010600018490123BAE70422194B914698461949B9
:101070000523B3E70522174B9146984616490623E8
:10108000ACE70622144B9146984614490723A5E77E
:101090000722124B91469846114908239EE70822E1
:1010A0000F4B914698460F49092397E709220D4BAC
:1010B000914698460C490A2390E7C0469A9969429E
:1010C000000020429A99594266665642666654422A
:1010D0003333534233335142CDCC5042000050425F
:1010E00000004E42CDCC4C4200004042587B0010E4
:1010F0000000C842F0B5C64600B5164C164E23781F
:1011000032219A00B050581C01F08CFBCFB28846B7
:10111000124B2770002919D101221A70322332276D
:10112000984600240025281C02CE02F0E7F901347D
:10113000E4B2051CBC42F6D3404602F035FA011C6D
:10114000281C02F0DEF980BCB846F0BD1B78002BED
:10115000E7D0E3E72D1D0020601C00202C1D00209F
:1011600010B54024074A83009A181268C000544002
:10117000C0222240044C1B191A60044BC018416065
:1011800010BDC04604C0014004D0014000400140F1
:10119000064B8000C3181B68C90092000A435A40DE
:1011A0000C231340024A80180360704704C00140BA
:1011B00004D001408000002904D0054BC018402312
:1011C00003607047034BC01840230360F9E7C04633
:1011D00004E0014004F001400123D02283401206C4
:1011E00093629361084A83009A1811684022514023
:1011F00080320A400549C0005B181A60044BC018D1
:10120000052343607047C04604C0014004D001403C
:10121000004001408023DB051868000F7047C0467E
:101220000FB400B5084883B003F0B2FF049B002B55
:1012300007D005A91800019103F018FE034803F038
:10124000A7FF012003F02AFEE87900105079001072
:1012500070B58C461600EFF3108472B60F490B6818
:10126000002BFCD0BFF35F8F6346DB08C518072255
:10127000C05C63461A40012393401A0002400342B7
:1012800007D118432870BFF35F8F0A6084F310887A
:1012900070BD61463000FFF7C3FFC0462C0100D08F
:1012A000F8B5CE4647468C4680B51C00EFF3108853
:1012B00072B61C490B68002BFCD0BFF35F8FA242B3
:1012C00021D80723994602E00132944218D34946B7
:1012D000012611408E40D308C718C35C1E42F3D1CB
:1012E000100033433B70BFF35F8F00220D4B1A6039
:1012F00088F3108800280EDBC0BCB946B046F8BDA4
:1013000001204042EFE7BFF35F8F00230B6088F3BB
:101310001088012040426346002BEDD00898FFF76B
:101320007FFFC0462C0100D0044A1078431CDBB27A
:10133000172B00D9102313707047C046480F0020A8
:1013400000B5054B83B00100009318221F2303480A
:10135000FFF7A6FF03B000BDF8790010A417002026
:101360000021044B044ABFF35F8F02C39342FAD1BA
:101370007047C046000100D0800100D0084B094AE8
:101380001360094A1360094A1360094A1360094A45
:101390001360094A1360094A1360094A13607047D1
:1013A0008080808000E400E004E400E008E400E0E5
:1013B0000CE400E010E400E014E400E018E400E0D5
:1013C0001CE400E01F2318401E3B8340002905D089
:1013D000C021044A490053501360704780220149DC
:1013E0008B50FAE700E100E001228240034B1B68CA
:1013F00013405A1E9341D8B27047C04600E100E046
:1014000001238340014A13607047C04600E200E0B8
:10141000054B10309B688000C358044A00209B1A7B
:1014200047229A424041704700ED00E04C0F0020F7
:1014300010B5EFF3108C72B60F4A1368002BFCD076
:10144000BFF35F8F0D4B10309B6880001B580C4A18
:10145000934201D099420CD1084B9B681950BFF3BD
:101460005F8FBFF35F8F0022034B1A608CF31088ED
:1014700010BD01F0ADF8C046240100D000ED00E041
:10148000C1010010F0B5DE4657464E464546E0B570
:101490008B4685B0EFF3108872B616005B4A13686E
:1014A000002BFCD0B246BFF35F8F002558494D5743
:1014B000002D00DAA8E06B00564A01935B199B00EF
:1014C000D418A77910300F7053498000896884467A
:1014D0000F58B91A472933D8012039008143CE79F2
:1014E000564500D86AE0A1465646039307E05800E7
:1014F000C01880001018C479B4424DD901000623E9
:10150000CB56002BF3DA081D4C46B24681460293B7
:10151000424B4E46043CA41B2405414E640D34430B
:101520008C808D7101994919890052189380029B12
:101530003C4993715346D3715B461160936017E049
:1015400039498F4260D139490127D1523849023394
:10155000D3180439CB1A324A1B055B0D1343638041
:10156000344BE671A380FF23A3715B462743A3603E
:101570006246294B9B689F50BFF35F8FBFF35F8F1D
:101580000022224B1A6088F3108805B0F0BCBB46DD
:10159000B246A946A046F0BDB2460E1D4C46B14625
:1015A00088880293039B4005001504334844D318F0
:1015B000C31A1B051A485B0D0343AAE79E1CB146DC
:1015C00091444E460F001C4DBF1A7F417D432D0DA7
:1015D000164FA571D752164F0433043FD318BF1BC3
:1015E000CB1A3F05043B7E0D1B050D4F5B0D3E43A3
:1015F0001F435346E3715B46A3600A4BA780668096
:10160000044327000B60B3E700F0E2FF240100D0A1
:101610002F1D00204C0F002000ED00E001BD000058
:1016200000E0FFFF01488047C101001000A1FFFF5B
:10163000940F002001BDFFFFAAAA0000012303436D
:1016400070B59C46EFF30581EFF3108572B6274A1B
:101650001368002BFCD0BFF35F8F254A0400254B95
:10166000A41A644163431B0D234C8900A6685BB236
:101670007658664524D006215156994224D012212D
:10168000515699422AD01E215156994228D02A21DA
:101690005156994226D036215156994224D04221A2
:1016A00051560524994210D0144A11781370817153
:1016B000BFF35F8F00220D4B1A6085F3108870BD59
:1016C000A2680F4C5450EFE700246100091989000B
:1016D0005218FF2191710B499180E5E70124F4E74D
:1016E0000224F2E70324F0E70424EEE7240100D00B
:1016F0004C0F0020AAAA000000ED00E02F1D0020E2
:10170000C101001001BDFFFF00B5074B83B0010010
:101710000093002205230548FFF7C2FD002801DBE6
:101720001F23181A03B000BD147A0010351D0020C5
:10173000024BC918890001607047C0464000003460
:1017400070B5114C114DAC420FD2FF262368002B0F
:101750000CD0FFF7E9FD01002000FFF7E9FFA680AC
:10176000BFF35F8F0834AC42F0D370BDFFF7DCFDF0
:1017700001002000FFF7DCFF2671BFF35F8F083404
:10178000AC42E3D3F1E7C0463810002040100020FF
:1017900010B50400FFF7C8FD01002000FFF7C8FFE7
:1017A000FF232371BFF35F8F10BDC04610B5040047
:1017B0000120FFF7C5FD034BC01880002060BFF378
:1017C0005F8F10BD40000034034BC91889000160D1
:1017D000BFF35F8F7047C046400000340A4B196862
:1017E000EFF3108072B60A68002AFCD0BFF35F8F57
:1017F0001B68BFF35F8F00221A6080F3108840BF20
:10180000002000217047C0463C1C0020F0B5DE4699
:1018100057464E464546E0B585B0EFF305830322B3
:101820001A40B34B91005F58012393409B460292AC
:101830005A468846AF4B1A60AF4B03935B46AF489E
:1018400043630823FE5E002E37DABB881BB2002BF1
:1018500000DBA4E0BB79002B00D0E5E00823F95EB3
:10186000002920DB4B007A695B18DB00D3189D68E8
:10187000DC686B1C00D104E1A04801004144826A8D
:101880000B69AE1A9B1A9E4215D30123026A029875
:1018900083401A420FD0994800F036FC8C4202DC9B
:1018A000CCD18542CAD940BF05B0F0BCBB46B246D8
:1018B000A946A046F0BD0D61EDE77A697300914637
:1018C0009B19DB0099444B469C68DD6800F01CFCCA
:1018D0008D42BADC00D1F6E0002D00DADBE04A46AA
:1018E0004B4652691B699246039A934200D1CCE061
:1018F0004A460821785E52880004514610439847B2
:10190000009001910099019A0B00134300D1C2E0AD
:1019100013000A00002B00DBD9E020002900801A08
:1019200099414B469860D96000229B5E002B00DAFB
:101930008BE75D007C69EA18D200A21800949468D5
:10194000D268A2468A4200DD7FE702D1844200D9F4
:101950007BE70824A4463B81BC44009C00972F00F1
:101960006546B4463E0006E05E00F218D200A218BA
:101970009768D268BA468A4207DC00D1B4E0F3180F
:10198000DB00E518E35E002BEEDA66464A46009F70
:1019900013802E80BB881BB2002B00DA5AE73A690D
:1019A000EFF3108172B61368002BFCD0BFF35F8F8A
:1019B0000123BE885B42BB8036B23B69BFF35F8FB9
:1019C00000221A6081F31088002E00DA42E73B0003
:1019D00008333A0099467D6973009B190824115F0A
:1019E000DB004846EB18002913DB9C680093A446F3
:1019F000DC6806E0A34240D00023F95E38000029ED
:101A000006DB4F007F18FF00EF19FB68A342F1DDF2
:101A1000009B068000201E5E1980002EDCDA170075
:101A2000BB79002B00D119E70023BB710823F95EB5
:101A30004B1C00D137E73D000835AC467C6903E01C
:101A400084464B1C00D109E74B005B18DB00E01813
:101A50000A00E15E43881BB2002BF1DA01256D42DA
:101A6000EE178560C66008257B5F9342E9D0634628
:101A700019803B8903803A81E3E7BB686345BBD9A2
:101A8000C6E7631C00D0F7E605E7534650461B69DE
:101A90009847002823D14B461B883A693B81EFF3D6
:101AA000108372B611680029FCD0BFF35F8F4946DE
:101AB0007A880A803A697E80BFF35F8F00211160C7
:101AC00083F31088C1E6844200D805E7BDE60B48E1
:101AD00000F01AFB009B019CC018614121E75346AE
:101AE0000CCB009201930DE7824500D847E74CE705
:101AF000201C00203C7005400D18001000400540DF
:101B000070B52D4C2569002D04D00A212B48FFF714
:101B10000FFE70BD2A4E0321294800F0EBFAE66063
:101B2000FFF702FC274B0322C018D02322701B06AC
:101B30001B6801216370244B8000A3600F23206188
:101B40000220638063694942A180198002311986AD
:101B500047311D83585218315A5275325C399952A7
:101B6000183201319952183201319952183201312B
:101B70009952083518329D52023118329952183252
:101B8000013199521832013199521832013199526A
:101B90001832013199521832013199520B4B0C49CC
:101BA000DC6001303562FFF743FC01210320FFF7C1
:101BB00009FC084B1D60A8E7B80F00203C1C002062
:101BC0000040054040000034FFFF1000201C0020B2
:101BD0000D1800103860054000487047B80F00200D
:101BE000F8B51F0008AB1B7804001600002B07D1C6
:101BF00000F092FA32003B00121A8B41002B51DBAD
:101C00002269EFF3108C72B61368002BFCD0BFF37F
:101C10005F8F0223E15E256900293ADB4B00606992
:101C20005B18DB00C218C35A6380BFF35F8F0023C9
:101C30002B608CF31088069B9660D7601361079B1E
:101C40005361538801335B045B0C181C002B1ED0BE
:101C500083B25080080418432569EFF3108672B6EA
:101C60002B68002BFCD0BFF35F8FA3881380A1806B
:101C70002369BFF35F8F00221A6086F310882378F0
:101C800001329A400849E3685B181A60F8BD0120E8
:101C9000DEE7BFF35F8F00232B608CF310880120F9
:101CA0004042F3E70020F1E73C20000070B582B02D
:101CB0000092019301000269EFF3108472B6136879
:101CC000002BFCD0BFF35F8F0223C85E0D69002894
:101CD0003FDB4A69430016001B18DB00D218F35A99
:101CE0004B80BFF35F8F00232B6084F31088069B2B
:101CF0001361079B5361009B019C9360D4605388E0
:101D000001335B045B0C1D1C002B20D0ACB2030420
:101D1000558023430D69EFF3108C72B62C68002CAC
:101D2000FCD0BFF35F8F8C88148088800A69BFF372
:101D30005F8F002010608CF310880A78013090408B
:101D4000CA68084952181060180002B070BD012519
:101D5000DCE7BFF35F8F00232B6084F31088013B27
:101D6000F2E7C0463C20000010B543890A149342B4
:101D70001ADD53009B184269DB00D3180469EFF3A6
:101D8000108C72B62268002AFCD0BFF35F8F5A888D
:101D9000090494B2090C8A4208D00369BFF35F8F2B
:101DA00000221A608CF31088002010BD094A2243DB
:101DB0005A80012302698371BFF35F8F0021116094
:101DC0008CF31088027804499340C26801205218AD
:101DD0001360EAE70080FFFF3C2000004078704776
:101DE000F0B5C64600B582B004000D0000F094F9CD
:101DF00024184D41002D02DA01242F4D644206269D
:101E00007642F71736196F41AF4214D811D000F05F
:101E100083F932003B00121A8B41002B15DC002B9A
:101E200046D02000290000F081F902B080BCB846FD
:101E3000F0BDA642EBD90026002700F06DF9320074
:101E40003B00121A8B41002BE9DD00F065F93200EE
:101E50003B00121A8B41002B0ADB00230193174B26
:101E60003200009316483B00FFF720FF0130D8D026
:101E700000233900B0469C46124A1348536A9942DF
:101E800004D8966A4645CCD29942CAD10668EFF387
:101E9000108772B63368002BFCD0BFF35F8F0368E6
:101EA000BFF35F8F66461E6087F3108820BFE5E7AB
:101EB000002AB6D0C9E7C046FFFFFF7FDD1700103C
:101EC000B80F0020004005403C1C0020F0B5C6467D
:101ED00000B582B0040000F01FF9FA2206000F00DE
:101EE000200000230021920001F0E8FA80197941D6
:101EF00004000D1E02DA01242E4D644206267642AD
:101F0000F71736196F41AF4214D811D000F004F919
:101F100032003B00121A8B41002B15DC002B46D0FF
:101F20002000290000F002F902B080BCB846F0BDE4
:101F3000A642EBD90026002700F0EEF832003B0065
:101F4000121A8B41002BE9DD00F0E6F832003B006D
:101F5000121A8B41002B0ADB00230193164B32002F
:101F6000009316483B00FFF7A1FE0130D8D00023B4
:101F70003900B0469C46124A1248536A994204D826
:101F8000966A4645CCD29942CAD10668EFF31087CB
:101F900072B63368002BFCD0BFF35F8F0368BFF3CA
:101FA0005F8F66461E6087F3108820BFE5E7002A32
:101FB000B6D0C9E7FFFFFF7FDD170010B80F002084
:101FC000004005403C1C0020F0B5CE46474680B599
:101FD00004000D0085B0EFF305838946002B32D154
:101FE000404E336883422AD03F4FFB683A78984688
:101FF0001800039200F088F8039A131D42469B00D4
:102000009B5822001B1A9C462B00121A8B41190068
:10201000002310008B4225DC22D020BF334B586AAE
:1020200048452BD3401B9A6A431E98410023A24285
:102030005B41184305B0C0BCB946B046F0BD7368FB
:102040008B42D1D1E9E7294900204B6AAB42F1D359
:102050008A6A5B1B591E8B41A24240411843E9E743
:102060008445DAD900F058F822002B00121A8B416F
:10207000002B05DA1D4A536A4B4529D20020D9E7C7
:10208000002301931A4B2200009338002B00FFF726
:102090000DFE0028EEDD154B30C65A6A4A4515D3B1
:1020A0009B6AA34210D301003800FFF75DFE0F4A80
:1020B0000020536A4B45BDD3926A5B1B591E8B416E
:1020C000A24240411843B5E74A45ECD120BFEAE7B8
:1020D0000020926A5B1BA24240415A1E9341184362
:1020E000A8E7C046B00F0020B80F00200040054010
:1020F000DD17001010B5024A0248FFF7A9F810BD1D
:10210000307A0010A81700200300416A0A00986A7C
:10211000596A8A42FAD17047034B596A0A00986A91
:10212000596A9142FAD1704700400540064A536A05
:102130009942FCD807D1044B02E05A6A914202D17D
:102140009A6A9042F9D8704700400540F8B5DE46DB
:102150004E4645465746E0B505008B4618000A999D
:10216000914600F087FB0A9B6C001E026419304BFD
:10217000A400E418636880469E4200D966602F1F61
:10218000FBB29A46012B2FD9C0238022294FAD00E4
:102190009B0179591201E3181A6000291BD14B46A3
:1021A00022685B015340E022134080225201A218B2
:1021B00013605346012B2FD9802380229B01E31803
:1021C00012011A60434666607B51F0BCBB46B246C2
:1021D000A946A046F8BD786900F04CFB01304300E9
:1021E0001B18033BFDD2DAE75B46012BCCD1C023A1
:1021F00003229B01E3181A60023AA3681A42FCD03A
:102200004A46236852015A40E0231340802252017B
:10221000A218084F1360AD005846032321684140BF
:102220000B40136001228240A3681A42FCD0C3E72E
:1022300000800040AC170020F0B5D6464F46464619
:10224000440098462418324BA400E41863688A4678
:102250009146C0B5FF2B02D880235B006360061F48
:10226000F6B2012E2FD9C02380222A4F85009B0170
:1022700079591201E3181A6000291BD14B462268D4
:102280005B015340E022134080225201A2181360E8
:10229000012E30D9802380229B01E31812011A609D
:1022A00080235B00636043467B51E0BCBA46B14685
:1022B000A846F0BD786900F0DDFA013043001B1834
:1022C000033BFDD2DAE75346012BCCD1C0230322D6
:1022D0009B01E3181A60023AA3681A42FCD04A46EE
:1022E000236852015A40E023134080225201A21871
:1022F000084F1360850050460323216841400B407E
:10230000136001228240A3681A42FCD0C2E7C04693
:1023100000800040AC170020014B8000C05870477F
:10232000AC170020F0B5C646040000B523481600DF
:1023300098460D0000F09EFA0100300000F09AFA75
:102340004346069A1B04120313439C462368060067
:10235000002B22DB1A4B1B48E218531E9A418023A4
:102360005242120B9B011203D218174B1A60174BE3
:102370001A60130001688B43FBD12122144B2560A6
:10238000E318A6601A602268002AFCDA6246E2605E
:1023900008221A6080BCB846F0BD3F232268134073
:1023A000AB42D7D1A3681B051B0D8342D2D1EE22CD
:1023B000E368D20213406345CCD1EBE7001BB700C2
:1023C0000040FDBF08C0004000E0004000F00040B9
:1023D00004300000024B1A68024B5A607047C04636
:1023E000101C002000800540194B1A4A10B5DA6114
:1023F0008022194BD2051A60184C194A1460002922
:102400000AD0E022174BD2041A60002809D180229A
:10241000144B12061A6010BDE022D2041A60002884
:10242000F5D043011B1A9B001818802300015B04A0
:10243000984209D203000C4A13608022044BD20553
:102440005860084B1A60E6E7084B1800F3E7C046EF
:10245000008005402131B76A00B00540FCFF010053
:102460000820014000A00540101C0020FFFFFF00D5
:1024700010B580241C4BE4051C6000281AD00123F1
:102480001A4C18431A4BDC611A4C44401C625962C6
:1024900098628021144BC9051960174817490860D4
:1024A000E021C9041960002A07D18022144B1206CA
:1024B0001A6010BD0E4BD861EBE753019B1A9B00CD
:1024C0009A18802312015B049A4209D213000D4925
:1024D0000B60074B5A608022094BD2051A60E8E76F
:1024E000094B1A00F3E7C04600B00540D3C007B05F
:1024F000008005402D3FF84FFCFF010008200140FF
:1025000000A00540101C0020FFFFFF008023024AAE
:102510009B000B43D362704700800540002310B539
:102520000100988A1B8B984710BDC046162310B532
:10253000010018885B88984710BDC046F8B547462B
:10254000CE4680B50F1E18D01423994604330400DC
:102550000025012698464B461888434621681B886B
:10256000984701C4431E984101350640AF42F2D15D
:102570003000C0BCB946B046F8BD0126F8E7C046F9
:10258000002370B504000D00988A05491B8B9847FD
:1025900003000020002C01DB0130A04029009847F7
:1025A00055420000AA23064A1B0113608D235B00DD
:1025B000D3600449044B19605368002BFCDA704760
:1025C0000040024000B0FA00006002407047C04680
:1025D00010B50148FEF724FE547A001070B5074D7F
:1025E000074EB54209D20024013E761BB6080136DB
:1025F00008CD01349847B442FAD170BDF07800108C
:102600002C790010054B064A06491A60064A074B0A
:102610001A6010000B689843FBD1704700E000403F
:10262000BFCDFBFE08C00040FE7F3C0000F0004034
:10263000044BDB6C002B03D18022034BD2021A60C7
:102640007047C046000011504C201150044A054B01
:102650001A60054A1368DB018033FBD17047C0461E
:10266000FFFFFF0100F0004008C000404022034B84
:102670009A675A671A67DA667047C04600F00140E9
:1026800010B5FEF76DFE10BD70B52749274E284DD9
:10269000761AB4082200302C00D93022280092008B
:1026A00001F01EF82F2C3BD823002A3B214A052B92
:1026B0001BD93020AE197107001B2600CB0F002953
:1026C00002DAA1006A50661CC01AE3189B00410898
:1026D000EB18C900C9181A605A6008338B42FAD146
:1026E000012303421CD098438419A300EA50631CC1
:1026F0002F2C15D09B00EA50A31C2E2C10D09B0031
:10270000EA50E31C2D2C0BD09B00EA50231D2C2CEF
:1027100006D09B00EA50631D2B2C01D09B00EA5091
:10272000054B9D6070BDC04600010010C001001047
:1027300000000020C101001000ED00E0002310B5F2
:10274000294C82B0A367FFF72DFF0122274B1A60A7
:10275000636C012BFCD10322254B1A60224A936B38
:10276000012BFCD1013300930121224A224804337A
:10277000FFF7D8FD052301210093204A2048FFF7E9
:10278000D1FD0022022104201E4BFFF755FD00223F
:10279000012105201C4BFFF74FFD002200210720DF
:1027A0001A4BFFF749FD002200210820174BFFF7C5
:1027B00043FD8023DB000093002200210920134BFE
:1027C000FFF7C4FC0022104B00210620FFF734FD68
:1027D0000420FFF7A1FD0E4900F04CF80100002095
:1027E000FFF794FE02B010BD008000403CB00040F6
:1027F00030B00040002F685900800240008C8647AE
:1028000000C00240001BB70040597307006CDC0297
:1028100040420F0001480421014B1847D00F00200F
:102820003D250010124A936F9B0815D29066D16621
:10283000002905D0FFE7FFE7FFE7516F106F7047F2
:1028400004B580210906C2175140002800D0C843B2
:1028500005F006F8002104BDF0B5146E556E576FF3
:10286000166FFFF7E3FF1466556657671667F0BDEE
:10287000000000D0114A936F9B0813D21066516676
:10288000002905D0FFE7FFE7FFE7516F106F7047A2
:1028900004B5002801D00020C04304F0E1FF00216E
:1028A00004BDC046F0B5146E556E576F166FFFF736
:1028B000E5FF1466556657671667F0BD000000D047
:1028C00094464A4A926F9208624601D228E0C04676
:1028D000F0B5464E346E756E776F366F00F020F8A7
:1028E0009446424A14665566576716676246F0BDBD
:1028F00094463E4A926F9208624601D254E0C04626
:10290000F0B53A4E346E756E776F366F00F04CF856
:102910009446364A14665566576716676246F0BD98
:10292000002B24DB11D000293EDA00B5C943404218
:1029300000D1013100F038F8C943404200D10131E3
:10294000DB43524200D1013300BD002AEBD1002805
:1029500001D1002905D00020C90FC90701D1C0430A
:10296000410800B504F064FF0022002300BD00B55B
:1029700000290ADBDB43524200D1013300F014F896
:10298000C943404200D1013100BDC943404200D19A
:102990000131DB43524200D1013300F005F8DB4343
:1029A000524200D1013300BD002923D1002B18D1A0
:1029B000002A0CD0BC460D4F38667A6600210023F1
:1029C000FFE7FFE7FFE77A6F386F67467047002839
:1029D00001D00748010000B504F02AFF00220023BF
:1029E00000BD02000B00002000217047000000D055
:1029F000FFFFFFFF002B00D0BFE0130C28D1002AFF
:102A0000E7D080B4114F39667A66FFE7FFE730B44C
:102A1000040C7B6F396F1B0423433B667A66FFE728
:102A2000FFE7FFE7C04684B27B6F3D6F1B04234383
:102A30003B667A66FFE7FFE7C04600232C042D0CB7
:102A40007A6F386F00196941B0BC7047000000D040
:102A5000F0B594460025140E01D112020835140F6A
:102A600001D112010435940F01D192000235D40F27
:102A700001D152000135D40B0134254F7C66254C21
:102A80003C660E0C93B2FFE7FFE7FFE73C6F66433F
:102A9000360C7703BE467343DF0B5B04C01AB941A3
:102AA000130C7343DB18C91ACE086643360CB644C0
:102AB00093B273431F0F1B01C01AB941130C734328
:102AC0001F0B1B05C01AB941860D8F023E4366439A
:102AD000360C092D24DB520A7243801A7703460A0A
:102AE0006643360C16235B1BDE40DF40BF1964468D
:102AF0006643821B7046043506330100D940A84066
:102B0000C01900D30131A24206D20023F0BD00005B
:102B1000000000D0FFFFFFFF121B0130F3D3F1E7ED
:102B200009277F1BFE406446A2B27243801A00D27E
:102B30000139220C7243130C1204821A99410B00C2
:102B40007046043513370100F940A840801900D3BE
:102B50000131002B02D1A2420AD2F0BD013000D3D4
:102B60000131121BFAD2013BF8D1A24200D2F0BDD2
:102B7000013000D30131121BF7E7F0B51C0C00D077
:102B800080E00CB400251C0A04D11B02160E33434E
:102B9000120208351C0B04D11B01160F334312011E
:102BA00004359C0B04D19B00960F334392000235F1
:102BB000DC0B02D192185B4101351C00971864416F
:102BC0000134464F7C66464C3C660E0CFFE7FFE73F
:102BD000FFE7C0463C6F6643360C7703BE4697B2AC
:102BE0007743C01B00D20139C01B00D201399FB20C
:102BF0007743C91BC91B170C77437E04FF0B801B4F
:102C0000B941CE086643360C0C2D33DBB644120BAB
:102C10001F053A431B0B97B27743C01B00D2013903
:102C20009FB27743C91B170C77433E043F0C801BB0
:102C3000B941860D8F023E43664329277F1BFE4024
:102C40000C3D7746AF40BF1930BCA2B2ABB2724365
:102C50007343801A9941220C7243130C1204801A98
:102C6000994102000B000137001BA941F9D2781EDF
:102C70000021F0BD0C277F1BFE4077467F0BAF4045
:102C8000FF19E0E700245D1C07D0144F7D6639660C
:102C9000FFE7FFE7FFE7FFE73C6F95B29EB26543B2
:102CA0006643401BB141150C1E0C65436643360458
:102CB0002F0C3E432D04401BB141994204D2020027
:102CC0000B0020000021F0BD01D19042F7D3801A03
:102CD000994101349942F2D3F6E70000000000D098
:102CE000FFFFFFFF48404140484018B41B4B5B6862
:102CF000FC46019308BD04DF8F2F001018B4174B5A
:102D00001B68FC46019308BD00DF992F0010944614
:102D1000134A926F920809D2624618B40F4BDB68CF
:102D2000FC46019308BD0CDF513200100C4AF0B58F
:102D3000146E556E576F166F6246FFF7EEFF084A26
:102D40001466556657671667F0BD18B4034B9B6849
:102D5000FC46019308BD08DFF530001098120020F2
:102D6000000000D0FFB550404240504059404B4019
:102D7000594000E0FFB5154F4C00640D03D0BC4234
:102D800004D10C0314D80020090D09055C00640D62
:102D900003D0BC4204D11C030AD800221B0D1B0522
:102DA00001264B4009D44B4003D58B4200D18242CF
:102DB000FFBD9942FCD19042FFBD0B43DB1803439A
:102DC0001343F5D0C9434918FFBD0000FF070000B9
:102DD00000B5FFF7CFFF804100BDC04600B5FFF74B
:102DE000C9FF01D9002000BD012000BD00B5FFF7DB
:102DF000B9FF01D9002000BD012000BD00B5FFF7DB
:102E0000B1FF804100BD012040054A00121804D8DE
:102E10005A00121801D800207047012070470000A6
:102E20000021002805D17047C1174840401AFAD048
:102E3000C90713B5064B1B6898470CBC441CA2403D
:102E40001005120B0349091B09051943114310BD55
:102E5000381C00201F04000010B54C00620D8023B8
:102E6000D218DB00D21A5B057E2A10DD9E3A13DAF7
:102E7000CC170903490819435242D1406400013478
:102E80001532202A05DAD0400843604310BD0020E7
:102E900010BD0846604310BDC80FC018013810BDF2
:102EA00018B4044B5B6AFC46019308BD24DF01346F
:102EB0000010000098120020132370B51D78012D1A
:102EC00019D014DD1F48FFF731FB06001E48FFF73D
:102ED0002DFB1E4C80223100200000F001FC022D51
:102EE0002DD01B48FFF71AFB1A4B186070BD1A4B08
:102EF000164CA364F5E7184B144C23606360A36081
:102F0000E36023616361A361E36123626362A3629F
:102F1000E36223636363A363E36323646364A3647F
:102F2000E36423656365A365E36523666366A3665F
:102F3000E36623676367A367E367A364D1E7064B90
:102F4000A364CEE7534400005346000098120020CB
:102F50004C330000381C00205D2F001007B5604680
:102F600001880A0A0230DF2AFAD1C9B2820804D3E2
:102F7000028840880004104300E00068014A505075
:102F8000039007BD981200200FB403BC0CBCF0B531
:102F90000124E407634000E0F0B50C0DCF0F661E7E
:102FA0003605891B640503D3C943404200D3013170
:102FB000640D03D0661CF60A07D0E41B00207F00D6
:102FC000791C89078912803C24031D0DDF0F6E1EBA
:102FD00036059B1B6D0503D3DB43524200D30133FF
:102FE0006D0D03D06E1CF60A07D0ED1B00227F008A
:102FF0007B1C9B079B12803D2D032F1B661B58D407
:10300000A446202E46DA20371400BC401D00BD40E7
:10301000F24033412A4380185941CB0F05D0C943B0
:10302000C043002264425041514162464D0D28D1B7
:103030000D0D07D100281FD0241940414941013A04
:103040000D0DF9D0640006D3013000D30131002CFE
:1030500001D140084000013A0BD4941CE40A04D189
:1030600012051144DB071944F0BDD907204B194361
:1030700000E0D9070020F0BD0029DDD1002CDBD114
:10308000F0BD0132C6074008CD0728434908002E8D
:10309000E1D0D9E73C2E29DA203E40371400BC406D
:1030A00000D00124F24014431A00BB401C43D31744
:1030B000ACE7AC46202F08DA20360400B4400D00FF
:1030C000B540F84039412843A5E73C2F0CDA203FB2
:1030D00040360400B44000D00124F8400443080006
:1030E000B1400C43C117EAE710001900002494E72F
:1030F0000000F07FF0B50C0D661E3605891BE60A50
:103100006405640D02D0651CED0A04D00020012185
:103110000905803C2403A4461C0D671E3F05DB1BEC
:10312000E70A6405640D02D0651CED0A04D0002294
:1031300001231B05803C24037740644497B484B288
:1031400096B27443070C7E43150C6F4380B26843FC
:10315000361802D3012000043F183004350C001942
:103160007D41844688B29AB250430C0C62431F0CD6
:103170007C438EB27E43921902D301263604A419F1
:103180001604170C3618674101BC81B29AB251433C
:10319000040C62431B0C5C4380B25843121802D3E8
:1031A0000120000424181004130C401863412D184A
:1031B0005E410020474106BC88B293B258430C0CD4
:1031C0006343120C544389B251435B1802D301216B
:1031D0000904641819041A0C091862416D18564143
:1031E0000020474118BCF902720D1143F0026A0D2C
:1031F0001043ED020A0D03D16D1940414941013BD5
:10320000124E9B1B7600B3420ED26D0007D30130E5
:10321000002671416646354301D1400840001B0538
:10322000C918E4072144F0BD0BDA013306D101309F
:1032300004D101314F0D01D04908F2E7E107002028
:10324000F0BD013631050020EBE70000FF03000070
:10325000F0B51C0D671E3F05DB1BE70A6405640D16
:1032600002D0661CF60A04D0002201231B05803C14
:103270002403D0252D060026F6432E661E096E6611
:10328000CE0FF619B44649004F0D02D07E1CF60A47
:1032900003D000200021403F3F033E1BB600B44452
:1032A000013F7F05C91B49082E6F013676089C0235
:1032B000950D25437543ED137543AD1301356D1021
:1032C000F603761B0CB4CC02450D2C43A2B2B3B26C
:1032D0005A43270C7B43350C6F43A4B26C431B1934
:1032E00002D3012424043F191C041D0CA4187D41A1
:1032F00024196D41009A91B2ACB26143170C7C4322
:103300002B0C5F4392B25A43A41802D30122120439
:10331000BF182204230C52187B41019C6C431B19DB
:10332000520ED9010A434401A01A81B2B2B25143EC
:1033300003145A43360C734387B27743D617D21916
:1033400000277E4136049B191704160C7F185E4136
:103350007316ED18F301002680337541A90F06D1CD
:103360006400690AE8055B0A184309D22FE00422C9
:10337000944480337541A90AA8059B0A184326D3B3
:10338000404149412404009A019B0D005543641BB0
:103390004343E41A95B286B27543170C7E43030C7F
:1033A0005F4392B25A43B61802D301221204BF18E7
:1033B0003204330C52197B4152429C41002C02D4FE
:1033C0000022013051414008CA071043490802B0A9
:1033D0006246D7079210084BD218084B9A4203D284
:1033E00012058918C919F0BD0020002A01DC390036
:1033F000F0BD01331905F5E7FD030000FE070000ED
:10340000002200B5203200F004F8080000BD0000E2
:1034100000220B150AD410B5944600F031F81414AC
:10342000013400DA0021CB17144C20470020002182
:1034300070476244343A0CD40C2A07DA04009140F5
:10344000904052422032D440214310BDD843D9434A
:1034500010BD203207D40C46944052422032114114
:10346000D040204310BD0800C917203203D4524277
:103470002032104110BD1800190010BD3334001067
:103480000A0DCC0F531E1B05C91A520503D3C9439D
:10349000404200D30131520D03D0531CDB0A07D048
:1034A000121B00206400611C89078912803A1203F4
:1034B000014BD21A70470000FF0300005143434301
:1034C000C9188C46110C83B24B4310B4040C6143F1
:1034D00092B280B2504362431C041B0C001910BC12
:1034E00059411304120CC018514161447047000047
:1034F0004840414048400E4B5B6818470C4B1B68E6
:1035000018470C4A936F9B0802D2094BDB68184797
:10351000F0B5146E556E576F166FFFF7F6FF054A3C
:103520001466556657671667F0BD014B9B681847D0
:1035300098130020000000D007B5484041404840A3
:1035400001E0C04607B54200120E03D0FF2A03D1A6
:10355000420218D8C00DC0054A00120E03D0FF2A3F
:1035600003D14A020FD8C90DC9050122414005D433
:10357000414001D5814207BD884207BD014349183A
:1035800001D0C043001807BD00B5FFF7DBFF01D92C
:10359000002000BD012000BD00B5FFF7CDFF01D91F
:1035A000002000BD012000BDC10FC90700D5404269
:1035B000002817D0F44603B40B4B1B68984706BC91
:1035C00081409E384042803107D20B0607D0490027
:1035D000490AC0051043084360470130F8E7490A2B
:1035E0008902F5E770470000381C0020034BDB6FB1
:1035F000FC4618477CDF9536001000009813002029
:10360000132310B51C781348FEF790FF012C0BD044
:1036100004DD01008022104800F062F80F48FEF738
:103620007DFF0F4B186010BD0B4C01005422200091
:1036300000F056F80B4B6365A365E365236663668C
:10364000A366E36623676367A367E3672362E361B7
:10365000E4E7C04653460000981300204C330000B6
:10366000381C00206936001007B5604601880A0A38
:103670000230DF2AFAD1C9B2820804D30288408816
:103680000004104300E00068014A5050039007BD59
:1036900098130020C30FDB0741000A0E07D0FF2A52
:1036A00008D00909054A89181943400770471900CD
:1036B000002070470249C918FAE7000000000038EE
:1036C0000000F07F01480421014B1847E00F002063
:1036D0003D250010014B1B6818470000E00F00203B
:1036E000014B5B6818470000E00F00209A4200D2AF
:1036F000885470477047C046F8B5DE4657464E4678
:103700004546E0B599460D9B0700884693469B07C2
:1037100028D00B9B002B3CD016000B9C0A9D361921
:10372000321B013C4B464146285DB847002CF7D17F
:1037300035000D9B9B070ED55B46EC1A0C9BA342F4
:1037400009D91E002A004B46414620200134B847C3
:103750000135B442F6D32800F0BCBB46B246A946B8
:10376000A046F8BD0B9B0C9A934214D213005D4601
:103770000C000B9A9E1A76192A004B46013521003F
:103780002020B847B542F7D10B9BA046002BC4D1EF
:10379000E1E71500CDE75E46002BBED15D46DAE7D6
:1037A000F0B54F46D6464646C0B584B09C460EABF3
:1037B0001F78129B9146BA460D9C109E119D9B0747
:1037C0004CD4002D41D1B44248D20123129F1F4056
:1037D000B8460C9B5F1E302303E001343B55A642E4
:1037E00001D9202CF9D14346002B00D187E00C9B56
:1037F0005F1E3023A54204D830E001343B55AC4273
:103800002CD0202CF9D1129BDB060DD5129B5B0529
:1038100057D4A64267D0A54265D00F9B102B53D03A
:10382000022B5BD0202C36D12023129C01930C9BC1
:103830004A460093039463460295FFF75DFF04B088
:10384000E0BCBA46B146A846F0BD0123129A134027
:103850009846012313422DD1B442BAD3129BDB0602
:103860001ED5129B5B05D8D4002CD2D10F9B102BF8
:1038700060D00F9B022B71D0302301240C9A13705F
:103880005346002B11D1129B5B0740D52B260C9A77
:10389000631C1655C9E72300013430260C9AD65410
:1038A000202CC1D05346002BEDD02D260C9A631C42
:1038B0001655BAE7002F34D0013DB44200D288E754
:1038C00095E70F9B102BAFD1129B9B063CD5202C6C
:1038D000AAD058230C9A13550134A3E7202CA3D067
:1038E0002300013407E0631E012CBFD00F9A102A79
:1038F00036D0022AD1D162260C9AD65492E7129B76
:10390000DB06CDD5129B5B0500D482E785E7129AD2
:103910002300160700D488E720260C9A0133165599
:1039200083E70C2313405F1EBB41ED1AB44200D263
:103930004FE75CE7129B9B060ED478230C9A022477
:103940001370302353709BE7202C00D16CE7782351
:103950000C9A1355013465E75823EFE76033EDE720
:103960000C9AA61EB618129A920602D558223270E8
:1039700093E77822327090E710B5002800D110BD8F
:1039800001F0BCFBFBE7C04610B5002803D04A6835
:103990000B681100984710BDF0B54E46DE465746FD
:1039A0004546E0B595B083468946924698461E9AAC
:1039B0001F9B10001900209EFFF725FA002800D059
:1039C000D2E11E981F990122C44B5242FFF700FA20
:1039D000002800D001E11E981F990122C04B5242DD
:1039E000FFF70CFA002800D0D6E01E981F9900229D
:1039F000BC4BFFF703FA002800D0B5E01E981F99D2
:103A00000022B94BFFF7E4F9002800D0ACE01E9883
:103A10001F9900220023FFF7DBF9002800D0D1E036
:103A200000230B93229B5B0500D406260024302341
:103A300006E006AA013417321355013E202C01D0AE
:103A4000092EF6D81E981F99FFF706FAA74BF20029
:103A50009B180CCB050008920993FFF7E5F90200CB
:103A60000B001E981F99FFF740F9089A099BFFF772
:103A70006CF906900791FFF713FA0700FFF7D0F9EA
:103A800002000B0006980799FFF72FF90022984BC8
:103A900006900791FFF7B2F9002800D1E9E001375D
:103AA0003800FFF7BDF902000B0008980999FFF7ED
:103AB00095F9002801D000270135002E00D1B7E08C
:103AC000069513E0172306AA9B180A213800013433
:103AD0001D19FEF7CFFE3031297038000A21013E52
:103AE000FEF7C8FE092F00D8E1E00700202CE9D13D
:103AF000069D20240CAB0693172706ABFF180DE09C
:103B000028000A21FEF78EFE013430312800395595
:103B10000A21FEF787FE051E00D1B7E0202CEFD169
:103B20000323229A1340012B17D1219B002B14D081
:103B30000B9B002B00D1E3E0219B013B2193202B29
:103B40000BD93023219A06E006A9013417310B5511
:103B5000944200D3A0E0202CF6D1229B0194039341
:103B6000219B0293069B21E0229B52460493219BBA
:103B70004946039358461E9B1F9C0296009301944E
:103B8000434600F043F90400200015B0F0BCBB46EA
:103B9000B246A946A046F0BD229B5B070FD4032284
:103BA000544B22990192039121990291009352461C
:103BB000434649465846FFF79FFD0400E4E70422C8
:103BC0004D4BEEE71E9A1F9B00200021FFF78DF85A
:103BD00001231E901F910B9324E70223229A54463F
:103BE0001A40229B06929B0700D1ACE02600434D71
:103BF00008942F1F3200E87843464946013DD847D4
:103C00000136BD42F6D1089C069B0434002BBBD084
:103C10005746219AE31B9A42B6D915002200434623
:103C2000494620200134D847E31BAB42F6D3ABE72B
:103C30002800FFF7F9F802000B001E981F99FFF704
:103C400054F82B4B002206000F00FFF7C1F80CAB15
:103C50000693002800D04FE7002230003900244BA3
:103C6000FFF7CCF8002800D046E7012301359D433B
:103C700042E70022069807991D4BFFF7A9F8002894
:103C800000D01AE7002F59D1013716E70323229AF3
:103C90001340012B00D1A6E0202C00D15DE70B9B47
:103CA000002B3AD02D23069A1355013455E7069D73
:103CB000202C00D11DE73023361906E006AA013476
:103CC00017321355202C00D113E7A642F6D12E232C
:103CD0000CAA0134069293550EE7C046FFFFEFFF92
:103CE000FFFFEF7F65CDCD4165CDCDC1A87D001033
:103CF0000000E03FA87A0010A07A0010B07A00100F
:103D00000C23229A134257D0219B013B2193A342BB
:103D100000D916E7202C00D11FE7229B5B0704D5B2
:103D20002B23069A1355013417E7229B1B0700D457
:103D300013E72023069A135501340EE7FB0700D43E
:103D4000BBE60137B9E6219B042B00D84EE7554668
:103D50004F46043CE4182A00434601353900202030
:103D6000D847AC42F7D141E70227229B55461F4076
:103D70009B0726D006975F46234EEC1C2A00B0789E
:103D8000434649460135B847013EAC42F6D1069F4D
:103D9000002F00D1F8E65746219AE31B9A4200D83B
:103DA000F2E6150022004346494620200134D84758
:103DB000E31BAB42F6D3E7E6219BA34200D9C0E662
:103DC000CBE6219B032BD5D9069754464F46033D9E
:103DD000ED1822004346013439002020D847A5427F
:103DE000F7D1069FC6E7219B002B00D154E70B9B20
:103DF000002B85D0219B013B21939C4200D2A0E661
:103E0000202C00D04EE7A8E6AC7A0010F0B545466D
:103E1000DE4657464E46E0B59BB0249C259D824623
:103E200088469346994622002B0020002900FEF781
:103E3000EAFF002800D0C1E00122200029007C4BCD
:103E40005242FEF7DBFF002800D0B7E0012220003D
:103E50002900784B5242FEF7BBFF002800D0ADE0AE
:103E60000022002320002900FEF7B2FF002800D026
:103E7000BBE108940995089809998023289ADB00EA
:103E80001A400F928022289E1201164032000E9690
:103E9000289E0F000A901E4200D0A4E00B000343AE
:103EA00000D0CBE0002A00D012E232000633269385
:103EB000022313400C930223134200D00AE2279BF3
:103EC000042B00D215E200270426043B0E930022A7
:103ED000002320002900FEF77BFF002800D0C8E166
:103EE000554B289A134004930E9B0393269B0293F1
:103EF000089B099C0093019441464B465A46504604
:103F0000FFF74AFD02002020289B0025034059426C
:103F10004B415B421840531C089341464B46453089
:103F2000D047FB17FC185C40FB0F1F270A93731E3A
:103F30000E930AABFF1806E020000A21FEF79AFC58
:103F40000400202D08D00A212000FEF793FC013543
:103F500030317955092CEFD8052306930E9B564630
:103F60000593002304930A3303930A9B414602936B
:103F700012AB009330004B46089A0195FFF710FCF6
:103F80000C9B002B28D05F46279BC41BA34223D940
:103F900082461D003A194B46414620200134B04765
:103FA000A542F7D850465946279C421A01320023B1
:103FB000944200D395E1013018180DE0289B00943D
:103FC00001950493279B0393269B02934B465A46E5
:103FD00041465046FFF7E0FC1BB0F0BCBB46B24682
:103FE000A946A046F0BD01432AD10E9B3200002B0A
:103FF00000D15DE70027269B0026BB4200DD82E161
:104000000022002320002900FEF7E2FE002800D055
:104010004BE1289B084A02961A408023DB00134399
:104020000493279B0393089B099C00930194CDE77D
:10403000FFFFEF7FFFFFEFFFFFF7FFFF0623269352
:10404000B24B7800400DC018FEF7EEFEB04AB14BFF
:10405000FEF77BFEB04AB14BFEF750FE3F03B04B7C
:104060003F0B3B430C900D9100220A981900AD4B79
:10407000FEF73BFEAC4AAD4BFEF767FE02000B00BD
:104080000C980D99FEF73AFEFEF7E6FE0700FEF7E4
:10409000CBFEA74AA74B0A900B91FEF756FE0022D3
:1040A000A54BFEF72BFEFEF7D7FEA44A06000A98A2
:1040B0000B99A34BFEF749FE0A900B913000FEF7D7
:1040C000B3FEA04AA04BFEF740FE02000B000A9888
:1040D0000B99FEF70AFE02000B000A900B91FEF707
:1040E00034FE0C900D910A980B9902000B00FEF71C
:1040F00005FE0022109011910C980D99934BFEF73C
:1041000006FE0022924BFEF7F9FD02000B000C9810
:104110000D99FEF7FCFD00228E4BFEF7EFFD02002D
:104120000B000C980D99FEF7F2FD0A9A0B9B0C9070
:104130000D9180210020C905FEF7D7FD02000B007C
:104140000C980D99FEF7DAFD02000B0010981199FA
:10415000FEF7DDFD0022724BFEF7D0FD7E4B002204
:10416000F6183305FEF7F1FD02000B000A900B91E3
:1041700008980999FEF72CFE002808D00A980B9998
:104180000022734BFEF7C3FD0A900B91013F0A9981
:104190000B9A0B0011003A006332C62A12D8022291
:1041A0002898042610400E9A0C90002A26D1279BAE
:1041B000042B05D9002800D0A1E0279B043B0E93D7
:1041C000042642E00222289810400E9A0C90002A01
:1041D00013D1279B052B00D889E0002800D084E06C
:1041E000279B0526053B0E9332E080231B069C4649
:1041F000AC446346089409933DE605260B4300D181
:10420000F9E608980999554A554BFEF7EFFD002845
:1042100008D0089809990022524BFEF7D9FD0028D2
:1042200000D0E8E6269B002B34D00F9B002B31D02A
:10423000269B013B2693279BB34204D90C9B002B62
:1042400059D002230C9300230E93002F00D13EE699
:104250000A9A0B9B08980999FEF759FD00220890CD
:104260000991002320002900FEF7B2FD002800D1AB
:1042700036E6089C099D289A80203B4B0006134097
:10428000220004930E9B0393269B02932B1800920B
:10429000019331E6279BB342D5D90C9B002B2AD042
:1042A00000230E9302330C93CFE7289B2E4A8020E5
:1042B000089C099D1A408023DB00134322000493CD
:1042C000279B000603932B180092019302967DE62C
:1042D000052695E600230E930233002704260C934F
:1042E000F5E54B1E1B191B1A65E602230C930526E8
:1042F000AEE70423E7E5279B9B1B0E93A5E702236C
:1043000004260C93A1E7DB1B5E1E79E601FCFFFF90
:10431000FB799F501344D33FB3C8608B288AC63FB4
:104320000000F03F0000F83F61436F63A787D23F72
:1043300071A379094F930A400000E03F1655B5BBC1
:10434000B16B0240EF39FAFE422EE63F00002C40EE
:104350000000244000001840FF0300002D431CEB28
:10436000E2361A3F80842E41FFF7FFFFF0B5574633
:10437000DE464E464546E0B5A3B01F002C9B924654
:104380000C93C94AC94B8B460B901A60002900D187
:10439000BFE1002338789946002800D1C1E1C44B21
:1043A0004C460993C34B0E935B460A9308E02200E8
:1043B00053460A990B9DA84701343878002876D0D7
:1043C00001372528F3D110239B46083B9946043B2F
:1043D0009846033B002602259C463878791C03004A
:1043E000203BDBB2102B03D8099A9B00D3589F4681
:1043F0000300303B092B36D900252A2800D1A7E03D
:1044000000230D932E283FD00300683BDBB2122B14
:104410001BD80E9A9B00D3589F4663460F001E433D
:10442000DBE70F002E43D8E743460F001E43D4E7D7
:104430005B460F001E43D0E74B460F001E43CCE700
:10444000802378785B001E4301310F00672845D830
:104450002428ACD90300253BDBB2422BA7D89649D0
:104460009B00CB589F460025AB005D196D002D18B1
:1044700008780F000300303B303D0131092BF3D9A0
:1044800000230D932E28BFD1302280205242904627
:10449000C000064378780B0080444246092A00D8C1
:1044A00051E12A2800D15EE10F000131ACE70A9BFF
:1044B000A1469B46CA4503D801235B425344994613
:1044C00053464A46594600200B9DA847200023B07A
:1044D000F0BCBB46B246A946A046F0BD0300693B0E
:1044E000DBB20F2B00D962E7012199408846734A5D
:1044F00011408B46110042460A4200D013E10A2BBC
:104500002FD0072B00D052E70C9D01CD002800D101
:1045100034E121231E43B0461F260D9A12ABF61834
:10452000A14694465946340002E0000920290AD0E9
:104530000F26064032003732092E00D8073A0131E3
:1045400062540F28F1D863464C468B460D9322E106
:104550000C9B20CB002D52DB78780C930F0001319F
:104560004EE70C9B0D9904CB90469B46002900D149
:1045700028E1434618784144002801D100F029FC85
:104580000D9A94460A0004E059780133002900D1BD
:1045900095E19A42F8D163460D934346D31A0F939F
:1045A000730500D46CE10F9B0D9A934200D90F92D2
:1045B00002231A0032400C92334200D191E20C9354
:1045C0000D9BB9461E1943461B1BA84622001F001F
:1045D0000B9D08E0541C53460A99A847385D0028F3
:1045E00000D163E122009642F4D145464F463400A3
:1045F0000C9B002B00D097E15B460C93DDE602227A
:10460000787816430F006D420C930131F8E6787804
:104610006C2800D159E180235B001E43013114E76F
:1046200080239B0078781E4301310EE77878682854
:1046300000D150E1802301311E4306E7672800D1F5
:10464000C2E0472800D134E1452800D134E10721F8
:104650000C9B0D9A07338B43190004960395029225
:104660000CC90B98009201930C91220053460A99B1
:10467000FFF7CCFB0400A0E6462800D1A8E0072104
:104680000C9B0D9A07338B431900049603950292F5
:104690000CC90B98009201930C91220053460A9981
:1046A000FFF77AF9040088E66D430010081C00202B
:1046B0000C7C0010507C00109C7C0010419000008D
:1046C0002200534625200A990B9DA847013474E621
:1046D0000C9B04339B46631C9846B60700D4FFE04E
:1046E0000C9B220018780A9953460B9EB047641918
:1046F000012D00D849E245460B9EB8460A9F2A0084
:104700005346013539002020B047A542F7D147462E
:1047100072E7DB4B38780B9300239946002800D0D2
:104720003DE60024C6E66F2855D000D8BCE2102331
:10473000782800D19EE09E430A239C4600230F93D5
:104740000A339B464DE000218A0052185200013383
:104750001118187830390200303A092AF4D90D912D
:104760001F00591C50E60C9BB87804CB0237D1438C
:10477000C9170A400D920C93791C45E610233000AE
:10478000984311331843802380463000DB001840E3
:104790001E4200D1C0E643460693082305930D9BB5
:1047A0002200049310230393002302935B4601939A
:1047B0001AAB00930A9953460B98FEF7F1FF0C953C
:1047C0000400FAE50139D4E680231B011E433EE7CD
:1047D00020231E4353E708239C4600230F930833EE
:1047E0009B4680233000DB0018401E4200D11AE1B6
:1047F0000D233100994380230A009B001A40914603
:10480000194200D0C3E180230A005B001A409046A1
:104810000C9A04320F92194200D08FE24B0600D559
:1048200097E10B0600D4E5E20C9B1B8899464B46AA
:10483000002B00D005E210339943002800D100E29C
:10484000002398460D9B069104935B460393002337
:10485000059502934346D9E0582808D0622878D1BC
:1048600002239C4600230F9302339B46B9E7202383
:104870001E43103B9C4600230F9310339B46B0E72A
:1048800002231A0032400C92334200D105E20C930D
:104890004346B9460B9E0A9FA8461D1B220053465D
:1048A00039000134B047285D0028F7D145464F460E
:1048B0009EE680231B011E4320231E43C7E662465B
:1048C0000D9242469B1A0F936AE6C0239B00B8786C
:1048D0001E43F91CB9E5C023B8781E43F91CB4E5A2
:1048E000012D00D84AE1631E9946A9444B46524621
:1048F0002600A146BA461C001700A8460B9D3200B0
:104900003B00013620200A99A847A642F7D13B0078
:1049100057469A464C460C9B320018780A995346E3
:104920000B9D4444A84767E6A0460F9B9D4200D8D4
:1049300062E62C190B9E4546B8460A9FE41A2A00E7
:104940005346013539002020B047A542F7D14746EC
:1049500052E680233200DB001A4090461E4200D10E
:10496000F3E011218E43B4469846802362469B00B3
:104970001A40934662461A4259D180235B001A407E
:1049800091460C9A04320F9262461A4200D0A0E17E
:1049900063465B0600D5D4E063461B0600D412E2F2
:1049A0000C9B00229B5ED8171918414089B2DA0F80
:1049B0000C92002B00D187E188461F2612ABBB4624
:1049C0001495F71845464E46E046A14606E02800F5
:1049D0000A21FDF74FFF0500202E08D00A212800EC
:1049E000FDF748FF01363031B955092DEFD84C4657
:1049F000C446B1465F46149D634606930D9B0595DC
:104A000004930A2303930C9B02934B4601931AAB26
:104A1000220000930A9953460B98FEF7C1FE0F9BA4
:104A200004000C93C9E40C2331009943E3E6082207
:104A3000072191460C9B07338B4399444A460ACB86
:104A400008000C92DA0F9346184300D085E000234B
:104A500099464346002B2FD1002200231092119338
:104A600000231F26994612ABF6185B461495BB46E9
:104A7000E04637000F934E46A146109C119D05E07D
:104A8000F536001004000D00202E0CD00A22002361
:104A900020002900FDF72CFF01363032BA55002DD9
:104AA000F0D1092CEED80F9B109411955F464C461F
:104AB000C446B1469B46149D634606930D9B0595DF
:104AC00004930A2303935B4602934B4601931AAB6C
:104AD000220000930A9953460B98FEF761FE0400EA
:104AE0006BE40F9B9D4200D896E18023DB000C9382
:104AF0000F9B2E19F61A43460F930D9BA846994615
:104B00005346BA461F000B9D22003B000134202073
:104B10000A99A847B442F7D10F9B454698464B46A1
:104B20000D933B0057469A4643461878002800D11B
:104B300062E56B1C0F930C9B002B00D1A8E60023B1
:104B40003DE50C9B1B78190031E710239E43B446CA
:104B50000BE70C9B1B78994669E6DA1712921392C1
:104B60004A401092129813990A005A401192109AD2
:104B7000119B121A8B411092119371E70C9B22002A
:104B800018780A9953460B9CA047444634E50822FE
:104B9000072690460C9B0733B343984442460C9239
:104BA0001A685B68149208931300089A134305D19E
:104BB0001033994300239846002838D161208B0692
:104BC00000D5412000231F2698465A4612ABF618FE
:104BD000030018920F9A0A3BB1461695179419973D
:104BE0004446664690469B46149F089D159103E0F7
:104BF00007000D00202C13D03200002338002900BC
:104C0000FDF776FE5B46D2B2D318092A01D813000D
:104C100030334A4601341355A845E9D1BE42E7D99D
:104C2000189BA0469B461599169D179C199F0D9B96
:104C3000069104935B460393002305950293434634
:104C400044E761208B0600D541201F2612ABF218E5
:104C500003000A3B0C934B464646A146A8461C005F
:104C60005D461491BB46170002E00400202E0DD0D3
:104C700029002000FDF7FEFD0C9BCB18092901D867
:104C80000B0030330136BB55AC42EED25F464C468A
:104C9000AB4614994546B046D4E50F9B9D4200D9DA
:104CA00026E701330F93F3E5102332009A4394462D
:104CB000692800D0A2E080233200DB001A40904631
:104CC0001E4200D151E64CE64346002B00D093E64D
:104CD00073E60C9B1B68DA0F002B70D0D9175B189A
:104CE0004B4098461F2612ABF618A14614955C4619
:104CF0004546BB46E04637000C9206E028000A21F4
:104D0000FDF7B8FD0500202C08D00A212800FDF78A
:104D1000B1FD013430313955092DEFD85F46C44615
:104D2000A3464C46149D0C9A634606930D9B05952D
:104D300004930A23029203935B4667E60C9B1B686D
:104D40009846002B03D11033994300282DD16120C0
:104D50008B0600D541201F2612ABF61803000A3B34
:104D60004A460C93149143463100A846A1465E463C
:104D70001400BB461D000F0002E00500202C0DD0E2
:104D800031002800FDF776FD0C9BCB18092901D8CE
:104D90000B00303301343B55B542EED223005F4661
:104DA0004C464546B346994614990D9B069104938B
:104DB0005B4603930023059502934B4626E6434644
:104DC000002BB1D18EE70C9B1B68D81719184140F6
:104DD000EDE580233200DB001A400F921E420FD017
:104DE0000230020032400F92304219D00023A04618
:104DF0000F939AE50C9B1B68994618E516009BE4F7
:104E000002231A0032400C92334200D08CE5002D70
:104E100000D06DE6FFF7F0FB01330F93FFF7D0FBF7
:104E20000C93F4E784460CB400B585B006AB0A00D9
:104E300002CB0548039300930B006146FFF796FAF7
:104E400005B008BC02B01847ED36001000B585B0BB
:104E50000391012102900093034813004A4202A9E2
:104E6000FFF784FA05B000BD8939001010B5094A72
:104E70000300146884B0002C08D001220091064879
:104E8000524203A9A047012004B010BD00F080F9F0
:104E90000020F9E7081C00207939001000BEFDE76A
:104EA0007047C04610B5FFF7F9FFC04670B5FDF773
:104EB00095FB074D074EB54209D20024013E761BF3
:104EC000B608013608CD01349847B442FAD170BD16
:104ED0002C79001030790010030010B50800110083
:104EE0001B68984710BDC046F8B5437D07000D000C
:104EF0001600002B38D0002A1ADD0B780A2B18D0A8
:104F00000020012E09D0012421006B5C01340A2B02
:104F10001AD0B442F8D1864203DD311A3B68281812
:104F20009847AD19013D2B780D3B5A4253413B75D3
:104F3000F8BD037D002BE3D102210E483B68984762
:104F4000012EEED00120DEE76B1E5B5C0D2BE0D066
:104F5000884203DA091A3B68281898470548022155
:104F60003B6898472000D4E7036811002800984761
:104F7000DEE7C046F87D0010F8B50B680D005A1C3E
:104F8000CB180A601871802A00D0F8BD0E4B1C683F
:104F9000002C15D00D4E0F1D02E02469002C0FD0FF
:104FA0002368002BF9D03368002B01D0A342F4D141
:104FB000200039002A68FFF797FF2469002CEFD101
:104FC00000232B60E1E7C046FC17002004180020F6
:104FD000F0B54646D6464F46C0B582B090461C0056
:104FE00006000D00FDF798F800232F4A12184B41D8
:104FF000002B02DA01222D4B52422D4908008A462D
:1050000002F036FC81466B1C03D1300002F0E0FB5D
:105010000500002C27D0274F274B1C68002C18D0E8
:105020004346002B21D1254B984602E02469002CF1
:105030000FD02368002BF9D043461B68002B01D00A
:105040009C42F3D120002A003100B8472469002C8B
:10505000EFD14B46002B23D1280002B0E0BCBA466A
:10506000B146A846F0BD164FD6E7144B984602E06D
:105070002469002CEDD02368002BF9D043461B682F
:10508000002B01D0A342F3D12A0031002000B84701
:105090006B460A222000DA71D91D093AB847E7E7C2
:1050A000504602F0FDFBD7E740420F00FFFFFF7FB5
:1050B00038100020E94E0010FC17002004180020D2
:1050C000D94E00100A4A1368002B05D10CE01A00D3
:1050D0001B691032002B07D08342F8D1002902D17E
:1050E00018691060196170470029FCD01060FAE758
:1050F000FC17002010B500F067FA10BDF0B5CE46E1
:10510000474680B583B06B460600DD1D2870FDF76D
:1051100003F80023194A12184B41002B02DA01222E
:10512000174B524217490800894602F0A1FB164B63
:1051300080461C68002C14D0144F02E02469002C17
:105140000FD02368002BF9D03B68002B01D09C4284
:10515000F4D1200001222900FFF7C6FE2469002CAB
:10516000EFD14346002B05D1300003B0C0BCB94697
:10517000B046F0BD484602F093FBF5E740420F0011
:10518000FFFFFF7F38100020FC17002004180020CC
:1051900070B5040002F01CFB012301000500012290
:1051A0002000FFF715FF084B1C68002C06D0636831
:1051B000002B05D098472469002CF8D1280070BD39
:1051C0002469002CF3D1F9E7FC170020F0B5CE4696
:1051D000474680B5A3B004000E00FCF79DFF0023F6
:1051E000264A12184B41002B02DA0122244B52426C
:1051F000244802F03DFB0023220001938046330047
:10520000214801A9FFF722FE204F019B81463C68FF
:10521000002B19D0002C2FD01D4E02E02469002C49
:105220000FD02368002BF9D03368002B01D0A342A4
:10523000F4D12000019A02A9FFF756FE2469002C40
:10524000EFD100233C680193002C06D06368002B4B
:105250000CD098472469002CF8D14346002B07D185
:10526000484623B0C0BCB946B046F0BD2469EBE760
:10527000044802F015FBF3E70194EEE740420F000B
:10528000FFFFFF7F38100020794F0010FC1700202F
:10529000041800200FB400B583B004A901C901911E
:1052A000FFF794FF03B008BC04B01847024B186026
:1052B000024B19607047C0469C170020A0170020C1
:1052C00010B5024B1878FCF79BF810BD321D00207A
:1052D000154B70B51A68002A22D0EFF3108172B610
:1052E00010680028FCD0BFF35F8F00200F4A596080
:1052F00010701B68BFF35F8F186081F31088002463
:1053000000250B4E3078FCF76FF8002804D10024FC
:1053100000252900200070BD3078FCF771F8F8E70F
:10532000FA240025A400ECE7181C0020331D0020FF
:10533000321D002070B5050000200E0001F078FB42
:10534000002834D0002001F089FB00282FD0FCF782
:10535000E3FE0023174A12184B41002B16DB164CB4
:10536000200002F085FA002821D0002001F060FB27
:1053700000280FD101200021404200F089FD0325C3
:105380006D42200002F08CFA280070BD01220B4B08
:105390005242E4E7002001F061FB0028EAD0290036
:1053A0003200002001F064FB051EEAD1E7E7032587
:1053B0006D42E9E740420F00441C0020FFFFFF7FE1
:1053C00010B5FCF7A9FE00230D4A12184B41002B23
:1053D00002DA01220B4B52420B4802F049FA002834
:1053E0000CD001200021404200F052FD002001F0CD
:1053F00083FB0028F5D1044802F052FA10BDC046E4
:1054000040420F00FFFFFF7F441C0020F8B5CE464E
:10541000474680B505000C00FCF77EFE0023344AA9
:1054200012184B41002B02DA0122324B5242324910
:105430000800884602F01CFA002803D1C0BCB94617
:10544000B046F8BD002001F0F3FA002848D000264D
:10545000002C41DD294B994613E0A919002001F0E9
:1054600087FB070001200021404200F011FD0020D1
:1054700001F042FBFCF750FE204BF61903C3B44287
:105480002ADD002001F094FBA71B0200B84200DDDA
:105490003A00002AE1D101200021404200F0F8FC4E
:1054A000002001F029FB002001F0C2FA002813D0EF
:1054B000002001F07DFB0028E1D1FCF72DFE4B46DA
:1054C0000F000CCB002184460D4812184B419F421F
:1054D00002D8D4D19445D2D9404602F0E1F9ADE7E3
:1054E00000200021054B03C3404602F0D9F9A5E78F
:1054F00040420F00FFFFFF7F441C00208812002065
:1055000020A1070030B5002185B0284802F098F9A5
:1055100000281CD1264B1A68002A16D0EFF3108100
:1055200072B610680028FCD0BFF35F8F01242148B9
:10553000596002781B68D2B20470BFF35F8F0020FD
:10554000186081F31088002A17D005B030BD012003
:105550000021404200F09CFC002001F07FFA050091
:10556000124802F09DF9002DEFD0134B1B68002B61
:10557000EBD0124A10689847E7E7FCF72DFB0400D0
:10558000FCF7CAFDFA220023920012184B41002BAF
:1055900002DA01220A4B52420121029100210191BB
:1055A000084920000091FCF71BFBCEE7441C0020BB
:1055B000181C0020331D00209C170020A01700207D
:1055C000FFFFFF7FD1520010D02310B51B0684B01F
:1055D0001C68FCF701FBFCF701FCA04202D0002094
:1055E00004B010BD284B002100201B7801F0A6FC60
:1055F00026480368002B44D00120FCF785F8FF23E0
:10560000234C244920701840FBF712FF2078012119
:10561000FBF7D8FE0520FBF7FBFE002824D108226B
:1056200000211D48FEF756F8FCF7D6FA0400FCF7F7
:1056300073FDFA220023920012184B41002B02DA6C
:105640000122164B5242012102910021019114497D
:1056500020000091FCF7C4FA0028C0DB11480121AA
:10566000FFF730FD0120BBE70120FBF769FE0100D9
:105670000948FCF7A9F8002205200B49FBF702FFB7
:10568000ECE7FCF785F8B7E758800010441C0020D1
:10569000321D002005550010181C0020FFFFFF7F61
:1056A000D1520010F00F0020C15200100048704786
:1056B000747E001000487047207E001010B5040072
:1056C00016480378002B20D0002C06D1144B154827
:1056D0004380063BFF3B038010BD052C1CD8124BBA
:1056E000A400E4580F480123811C013C04E001336D
:1056F0000A800231142B0CD0E25C002AF7D1C022C0
:10570000DBB25B0092001343E5E7112100F016F8CD
:10571000DAE7CA239B00DEE70020DDE74C1C00200F
:1057200009040000D4170020087E001010B50248BC
:1057300000F0F4F810BDC046301C002030B501293F
:1057400000D1BBE0744B01391A78121114003034C7
:10575000092A00DDB5E00470012900D1DAE00F224A
:105760001C78224014003034092A00D9ACE044707F
:10577000022900D1CEE05A78944612111400303438
:10578000092A00DDA3E08470032900D1C2E0644649
:105790000F22224014003034092A00D99AE0C47044
:1057A000042900D1B6E09A789446121114003034DE
:1057B000092A00DD91E00471052900D1AAE06446C0
:1057C0000F22224014003034092A00D988E04471A5
:1057D000062900D19EE03025AC46DC7822119444A5
:1057E000092A00DD7FE062468271072900D191E03D
:1057F0000F22224014003034092A00D977E0C47106
:10580000082900D186E03025AC461C792211944449
:10581000092A00DD6EE062460272092900D179E0B2
:105820000F22224014003034092A67D844720A2912
:1058300000D16FE03025AC465C7922119444092AEE
:105840005FDC624682720B2964D00F222240140072
:105850003034092A59D8C4720C295BD03025AC46A3
:105860009C7922119444092A02DD0735AC46944400
:10587000624602730D294DD00F22224014003034AD
:10588000092A01D93732140044730E2942D0DA793B
:1058900013111C003034092B01DD37331C008473D5
:1058A0000F2937D00F2313401A003732092B01D8A4
:1058B00030331A00C27310292CD01030002303702B
:1058C00030BD3732140046E7373214004FE7373225
:1058D000140058E73732140061E7373214006AE7E2
:1058E0003732140073E70735AC4694447BE7373210
:1058F000140084E70735AC4694448CE73732140033
:1059000094E70735AC4694449BE737321400C472E1
:105910000C29A3D14018D1E7301C002010B588B065
:1059200004000D2200216846FDF7D4FE0D2200215F
:1059300004A8FDF7CFFE6A464B236846137004A9FE
:1059400000230D2201F09CFF15210822200069444C
:10595000FDF7C6FE08B010BD7047C0460022014BDF
:105960001A707047301D00204B790020FF2B0BD19F
:105970008B79002B08D1CB79012B05D1082A03D9CB
:10598000024B8A7809301A707047C046301D0020DB
:105990000120704710B5012913D1154953791079A9
:1059A00009781B0203430020994200D010BD5378B0
:1059B000012B08D0022BF9D1642200210020FCF732
:1059C00057FD0120F2E7D17893780902194380232B
:1059D0000A005B001A40194206D00A06D20F480A94
:1059E00003231940FCF7CCFD01204042F8E7C046F4
:1059F000301D002000487047307F0010944601237E
:105A000010B501290AD152780023012A06D1624635
:105A10001179527912020A43072A01D0180010BDE9
:105A2000A6336146024A00F0EBFE0300F6E7C046EB
:105A3000887E00100123037000487047547F0010D7
:105A40004B780A781B0213438A7810B512041A4364
:105A5000CB781B0613439622D200934200D010BD90
:105A60000022012011004042FCF78AFDF8B500F049
:105A70003BF90C23194DFF22AB6705201849FBF7B2
:105A800001FD184C402200212000FDF723FE402795
:105A9000002301262121144A66702783A260136027
:105AA00063545F31618445396354104A104963601F
:105AB000E2602787A1620B606362E26201F000FF8F
:105AC00080239B052E64EB6490230A4A0120EA5050
:105AD0008022094B5202DA64F8BDC0460000115022
:105AE000C10400200818002084001050000110504C
:105AF0008000105010D001000020115010B501217D
:105B00000520FBF75FFC10BD10B500220021024804
:105B100000F00AF910BDC04628180020044B197087
:105B2000002904D080219023024A8902D150704775
:105B3000291D0020002011500B785B0600D0704713
:105B40004B78052BFBD18A78014B1A60F7E7C046EA
:105B500000001150F8B5CE464746CB7880B59B077C
:105B60009A0F1000012A58D08C780A794B797F213E
:105B70001B022140E50913434A0091462C4E52195D
:105B80005201B218947001246C40547000245B05DB
:105B90005B0DD4701383D076CA00012D2CD0254F15
:105BA000D2198F01BC46B4446746BA60146000291C
:105BB0002CD0214AC900891879603F339B090228FB
:105BC00032D09A014B461D4C5B1921685B01F618D7
:105BD0001B4B8A18F16022609A4227D8194A830623
:105BE0004A40134380221206134372681360012057
:105BF000C0BCB946B046F8BD134FD2198F01BC46A0
:105C0000B4446746BA621460002908D100236D01CC
:105C100075196B600D4BEB60E9E70020E8E7094A76
:105C2000C90089187962C8E7DA01CBE7FCF7D0FC34
:105C3000081800208400105004001050141C00208C
:105C4000FF0F105000001050800010500001105045
:105C500010B501F035FE10BD7F2010B508404000A2
:105C6000C90940181100044A400180181A0000F0C8
:105C70005BF8012010BDC046081800207F231800E3
:105C800000B5084083B00B4204D14B424B41084A57
:105C9000013393668022C9094000064B4018400139
:105CA0000021C018120101F0D3FD03B000BDC046B1
:105CB00000201150081800207F22130010B50B405F
:105CC0000A4200D110BDC9095B005B1804485B01A2
:105CD000C018002300220349C37001F0B9FDF1E7A9
:105CE00008180020FFF7FFFF80220A4B520410B56E
:105CF0001A60094B09491A6010000B689843FBD1E0
:105D00008022002152010648FDF7E4FC0922054BE0
:105D10005A6710BD00E0004000F0004008C000409D
:105D20000000105000001150002310B5C382013351
:105D3000828283760161040001F0BAFD002804D05C
:105D400080219023074A8902D150200001F0A0FD54
:105D5000002802D00123237710BD200001F0C0FDF0
:105D6000FAE7C046002011507047C0467047C04651
:105D700000207047002070477047C0467047C046FB
:105D80007047C0467047C046024B5878431E984142
:105D9000C0B2704780150020024B18784007C00F32
:105DA0007047C04680150020F0B5D6464F4646469F
:105DB000C0B52C4B814698461B788A46FF2B4BD1A9
:105DC00000293BD0002154222748FDF783FC002204
:105DD000264C274B20001A70FBF7DAFC254B1C6081
:105DE000254C2000143CFBF7E1FC200001F098FB5F
:105DF000224B234D1C60234B002B04D02800FFF7BF
:105E000019FE214B186000242B78204F1E4E0DE008
:105E1000336862019B18002B10D05B68002B0DD0FB
:105E2000984701342B78E4B2A34209D3A342EFD8B8
:105E3000E31A5B01DB195B68002BF1D100200CE059
:105E400042464B46514648461370FFF70FFE002866
:105E5000F4D04846FFF752FE0120E0BCBA46B146F6
:105E6000A846F0BD241000208015002078150020E1
:105E70002A1D0020D41500201C100020D815002059
:105E8000281D0020355A0010981400201C80001096
:105E9000F0B5DE4657464E464546E0B5C84B91B094
:105EA00003931B78FF2B00D142E1C64BC64E1F0067
:105EB000C64B0DAC0293C64B019335686A69EFF38C
:105EC000108172B61368002BFCD0BFF35F8FA961FD
:105ED0002800210001F05AF96A69AB69BFF35F8FAE
:105EE0000021116083F31088002800D120E163783D
:105EF000082BE2D89B00FB589F466368002BDCD040
:105F0000A0689847D9E77F222179B04D0A40530015
:105F1000EB189846C8098044404601233030057983
:105F20009D430571057903339D430571002A00D116
:105F300005E14346A74A1B7D1278934200D3F5E062
:105F4000A54A5B011568ED18002D00D1F0E0A368AB
:105F500062792078AD69A847AFE7A04B1A78002A8C
:105F600000D1E5E01A78013A1A701B78002BA4D111
:105F70000122964D01212B78042013432B703423EA
:105F8000EA5C8A43EA54EA5C8243EA540133EA5CFD
:105F90008A43EA54EA5C8243EA54237800209B4611
:105FA00000F088FC602223791A40602A00D1F1E0D9
:105FB000402A00D1F7E0DB06DB0E012B00D115E112
:105FC000022B00D1CAE0002B00D0E3E0202A00D150
:105FD00011E2002A00D0DDE06379092B00D9D9E075
:105FE0007F4A9B00D3589F46784D2B78DB0700D41F
:105FF00063E7FFF7C7FE60E7029BDB78DB0700D4AF
:106000005BE76068FFF7B2FE57E7704D2B78DB0760
:1060100000D452E728780007C00FFFF7B1FE4CE725
:1060200023786B4A994693466A4B6B4A9846924648
:106030003A00002547461B78B0464E4691460EE092
:1060400053461B686A019B18002B00D17DE0DB687A
:106050003000984701353B78EDB2AB420CD3AB42F0
:10606000EED8EB1A5B015B44DB68300098470135E2
:106070003B78EDB2AB42F2D2544D542200212800BD
:10608000FDF728FB1022FF21281DFDF723FB280028
:106090002022FF21143046464F46FDF71BFB00F03F
:1060A000FFFB2379AB7008E723784B4A9946494BAD
:1060B000924698463200BB464E46002547469146DA
:1060C0001B780DE053461B686A019B18002B40D0DB
:1060D000DB683000984701353B78EDB2AB420DD319
:1060E0009D42EFD3019AEB1A5B01D318DB683000B5
:1060F000984701353B78EDB2AB42F1D2029D542274
:1061000000212800FDF7E6FA1022FF213548FDF7AF
:10611000E1FA28002022FF2114304E465F46FDF7A9
:10612000D9FA00F0BDFBFFF729FEC6E6934213D073
:1061300011B0F0BCBB46B246A946A046F0BDA3686C
:106140006279207800F0CAFBB7E646464F461F4DFD
:10615000A5E74E465F46E4E71D4DF8E67023217A39
:106160000B4217D1C80982460F330B405B0098469B
:106170001848EB1853441B7D0078834264D21648BC
:106180005B01006881469944002A00D155E14B46E5
:10619000002B61D120780021FFF770FD802120784D
:1061A000FFF76CFD89E6104800F084FB012158469A
:1061B0000EAAFFF723FC002800D07EE6EAE7C046DF
:1061C00024100020747F0010D815002080150020B6
:1061D0001C800010281D0020981400202A1D00207B
:1061E000987F001084150020FD590010237A228921
:1061F0000F2BCFD8FF231340D14AEB181B7912780D
:10620000934234D3C6D1CF4D686900F053FB0121CE
:1062100058466B690EAA9847002800D04DE66022C8
:10622000150023791D401A42B4D163790A3B012B32
:10623000B0D800F03FFB63790A2B00D18AE15846C1
:106240000EA900F0C7FA38E6834200D0F0E0BD4B5B
:106250009946002A00D1F0E04B46586900F02AFB2D
:106260004B46012158465B690EAA9847A3E7B64AF8
:106270005B011568ED18002DC6D18BE7A37999460F
:106280006B789945DBD06B78002B00D02CE14B4626
:106290006B70002B00D124E148460138C0B2FFF7F3
:1062A00009FA002800D174E143780793022B00D04B
:1062B0006FE10122C179B1468B11491113400A40A7
:1062C000302112015B0113432A78A8468A43134305
:1062D0002B7009239A4682445646BA46C378827880
:1062E0001B021343C3180593954B0493954B0893D6
:1062F000954B0993954B0A93059BB34200D84BE10C
:10630000737801220B2B03D13378F278F618737867
:10631000042B00D03AE1059B00279B1B9BB2069300
:10632000049B0B921D7819E0099A7B011568ED1802
:10633000002D00D12AE1310058462B69069A984772
:106340008446082803D9069A824200D30BE1049BB5
:1063500001371D78FFB2BD4200D217E1BD42E3D83C
:10636000089B7D1B6D015D19E5E76B780CAA023275
:106370001370584601230EA900F042FA9DE5E0880B
:10638000030AC0B20F2B00D904E771499A008A585A
:1063900097460EA800F094FA5846A179FFF7B4FB8F
:1063A00002222B7813432B7087E5E388012B00D062
:1063B000F0E608222B78584693430EA92B7000F084
:1063C00009FA7AE5022029780CAB9A1C8B06890819
:1063D000DB0F01400B431380584602230EA900F047
:1063E0000FFA6AE5E388012B00D0D3E608222B7868
:1063F00013432B7023E7237A22890F2B00D9C9E698
:10640000FF2313404E4AEB181B791278934228D28F
:106410004D4A5B011568ED18002D00D1BAE6686998
:1064200000F048FA012158466B690EAA9847C2E667
:10643000002A00D0AEE600239946627902201300BC
:1064400004928343012B11D0002A00D0A2E62B0036
:106450004344534430331B790CAA9B07DB0F0232B1
:10646000B9E7934200D095E6364DD8E7E388002B94
:1064700012D1039B1878049B012B23D0FFF7FEFB5E
:1064800043460221EB18534430331A790A43012161
:106490001A711A790A431A714B46002B00D10CE588
:1064A000586900F007FA4B4601215B690EAA58466D
:1064B0009847002000F0FEF93523EB5CDB0700D5A0
:1064C000FBE4BCE6FFF7F8FB43460221EB1853441C
:1064D00030331A798A431A711A7904998A431A71E6
:1064E000DAE7FFF74BFCAAE600215846FFF716FB58
:1064F0005846FFF7ADFB00229246124AAB78059250
:10650000114A049306922A000D4B5546984692462E
:106510001B780EE0069B6A011B689B18002B54D069
:10652000DB6858469847434601351B78EDB2AB42CD
:1065300037D3AB42EED8059AEB1A5B01D318EFE7DD
:10654000281D00201C8000109814002094150020A5
:10655000C07F00100CAB9A1C584601230EA9157081
:1065600000F04EF9A9E40B9A012A4CD0002A3CD045
:106570000023B07804E00133DBB20F71934234D2D0
:10658000C118C9B241440D79FF2DF4D04E4645469D
:10659000574600236B70FDE54E465746FFF7ECFB70
:1065A0004DE65546542200212800FDF793F81022AD
:1065B000FF21281DFDF78EF828002022FF2114302E
:1065C000FDF788F8049BAB7061E65546FAE7FFF7E4
:1065D00011FA021E00D1DDE5D37891781B020B433E
:1065E00058460EA900F00CF9E5E565463B00310080
:1065F0002A000A9800F046FD049B76191B78BB42DE
:1066000000D379E6C2E7174B29699942B0D1079ABE
:10661000AEE7FFF7ADFB021E00D1BBE5584613788D
:106620000EA900F0EDF8C6E52189FFF747F8021E34
:10663000F4D1AFE5022B0FD0FFF79CFB021ECBD1AC
:10664000A8E5FFF733F8021E00D1A3E51223584650
:106650000EA900F0D5F8AEE5FFF72CF8021EBBD16D
:1066600098E5C046AD6C0010F0B54F464646D6469C
:10667000C0B50C0016001F0082B0002A3AD070236B
:1066800098461D4B002599461C4B9A461AE04B46EE
:106690001B78200001935346997800F0B9FC00283C
:1066A0001CD021000198FFF755FA002816D0A378D6
:1066B000DA09012A19D00A9A01351370B54219DA9C
:1066C0002378E4186378052B08D1E3789B079B0FA8
:1066D000BB4203D14246A3781A42D8D0002002B070
:1066E000E0BCBA46B146A846F0BD0B9A013513701E
:1066F000B542E5DB0120F2E72410002080150020E0
:10670000702270B58B780C001A4201D0002070BD49
:10671000064B20001D78064B997800F079FC002884
:10672000F4D021002800FFF715FAF0E7241000202C
:10673000801500207F20074B10B51A680840CB0950
:1067400034334000C018044B1100C01800F01CFC8A
:1067500010BDC046D4150020801500207F20074BB7
:1067600010B51A680840CB0934334000C018044BF8
:106770001100C01800F030FC10BDC046D415002038
:106780008015002070B57F24C80984460C400F484E
:1067900064000419644430342079C00701D5002016
:1067A00070BD0B480125007884462079284320716C
:1067B0006046FFF751FA0028F2D101222379934372
:1067C00023712379033293432371E8E78015002076
:1067D0002410002070B5094C0600082220000D008E
:1067E000FCF77EFF00238021E360A3602B7830005C
:1067F000994300220023FFF7C5FF70BD60150020FC
:10680000F0B5C646244C170080460822200000B58B
:106810000D001E00FCF764FF0023A760E381EB7905
:10682000AA791B0213431A1CB34200D9321C96B238
:10683000A281002B0CD0002E15D0002F2AD0402E84
:106840001AD8237896B27F2B1BD80021134A0EE06A
:1068500080212B780022994340460023FFF792FFC6
:1068600080BCB846F0BD7F230022217899433300D5
:106870004046FFF787FFF3E74022237896B27F2B4D
:10688000E3D9064C320039002000FCF729FF8021B3
:106890002200ECE70020E3E760150020201500202F
:1068A00010B5142200210248FCF714FF10BDC046A9
:1068B00060150020014B18617047C046601500202C
:1068C00010B5054C010008222000FCF709FF002349
:1068D000A360E36010BDC0466015002070B5374C62
:1068E0001D0023780600DA09C9098A4210D0002069
:1068F000002D00D070BD21003000FFF71DF9236985
:10690000002B03D022000321300098470120F1E73B
:106910007F2B06D8A0680028ECD02A002849FCF775
:10692000DFFEE289A1685219E38892B24919E28137
:10693000A160934214D03F2D12D9A389981A051C47
:1069400080B2402828D82078ADB27F2826D80021F0
:106950009A4230D01A4A2B003000FFF713FFC9E7E4
:106960002369002B05D0220002213000984700281F
:1069700008D0802123780022994330000023FFF7BC
:1069800001FFB7E700213000FFF778F930008021E0
:10699000FFF774F90120ADE74025D4E79A4207D00C
:1069A000074C2A002000FCF79BFE80212200D2E742
:1069B00080210022CFE70022CDE7C04660150020ED
:1069C0002015002070B50400FFF7DEF9002800D183
:1069D00070BDFFF7E1F90028FAD1C8236343124ADA
:1069E0002500D418E1780029F2D010339E18300029
:1069F00000F0B6FB3F28EBD90020E178FFF79AFEC4
:106A00000028E5D0300000F0ABFBE1783F2807D943
:106A1000064BEA01D21800204023FFF7B3FED7E768
:106A20000020FFF79BFED3E7401000209C140020BD
:106A300010B50400FFF7A8F9002801D1002010BD0F
:106A4000FFF7AAF90028F9D1C8226243024B0130AE
:106A50009B181B791840F2E740100020C82310B59E
:106A600043430248181800F05DFB10BD5010002091
:106A7000F8B5C82343431D4D1033EE18802304009E
:106A80005B029A4200D31A4A300092B200F0CCFB6B
:106A90000700FFF779F9002801D13800F8BDFFF7AA
:106AA0007BF90028F9D1C8236343ED18EB78002B5C
:106AB000F3D0300000F054FB3F28EED90020E978F5
:106AC000FFF738FE0028E8D0300000F049FBE978F5
:106AD0003F2807D9074BE201D21800204023FFF7D7
:106AE00051FEDAE70020FFF739FED6E7401000201C
:106AF000FFFF00009C140020F8B50400FFF744F9E4
:106B0000002801D10020F8BDFFF746F90028F9D18F
:106B1000C82325005D432B00134E2433F71838009B
:106B200000F000FB0028EDD075190020A978FFF7D0
:106B300001FE0028E6D00D4AE3019C182100402206
:106B4000380000F071FBA9780300051E07D0220071
:106B50000020FFF717FE0028D4D02800D3E700203C
:106B6000FFF7FCFDCEE7C04640100020DC140020FB
:106B700070B5C82444430C4B0500E41880235B0225
:106B80009A4200D3094A200092B200F015FC060098
:106B9000200000F0C7FA3F2801D8300070BD28005F
:106BA000FFF7AAFFF9E7C04664100020FFFF0000CE
:106BB000C82310B543430248181800F0D1FA10BD9D
:106BC00064100020F0B50025184C83B0C8220021C5
:106BD0002000FCF77FFD164B21001D70FF23637121
:106BE000E1235B02A360200008234022A373383115
:106BF0000095073B103000F05FFA270001232100C9
:106C000020002600402278310093B837243000F06D
:106C100053FAC0363800FAF7BBFD3000FAF7B8FD7A
:106C2000E56127622663656303B0F0BD4010002074
:106C30001C1500200A4B196B1A6A00290CD0002A77
:106C400007D00022DA615A631A6300221A62012017
:106C500070475A631A63FAE7002AF8D0D961F4E75B
:106C60004010002070B5052200210D48FCF732FDD0
:106C70000C4D2B78DA0707D50B4C9B070CD501215F
:106C8000200000F06DFC70BD0548103000F048FC9D
:106C90002B78054C9B07F2D4200000F041FCEEE776
:106CA000401000201C15002064100020F0B54B7926
:106CB000070083B0022B02D18B79022B03D0002472
:106CC000200003B0F0BD214B1E009B78002BF6D1B5
:106CD0008B78092433700D784D196B78242B07D0ED
:106CE0000CE02B78ED181C196B78A4B2242B05D17D
:106CF000A242F6D20020FFF765FEE1E71A00052B5D
:106D000015D0042AF6D16B790A2BF3D1104B2E78CB
:106D100001930133009338000223A919023AFFF7C7
:106D2000A3FC0028CBD00E34A419A4B2E2E72900BA
:106D30003800FFF7E5FC0028C1D0AB7873702B78E2
:106D40001C19ED186A78A4B2DBE7C0464010002099
:106D50004210002060238C461100127870B5134059
:106D60000022202B08D1324C4B7926000D79247853
:106D70001B022B439C4201D0100070BD4B78222B8C
:106D80001CD008D8202B39D0212BF5D16346012BFC
:106D900043D00122F0E7232BEED16346012B42D0F2
:106DA000032BF6D1234B002BF3D08B78C97800202E
:106DB0000902194300E000BF0122DDE76346012B11
:106DC00031D0032BE5D10125CB788A781B02134300
:106DD0001C001D4033000121243318006940347128
:106DE00000F0BEFB144B002BD3D0012362081A40E5
:106DF0002900002000E000BF0122BDE76346012B0F
:106E00000BD0032BC5D10D4B002BC2D0310000207D
:106E10000831FEF715FE0122AEE7094A0723FFF706
:106E2000EFFC0122A8E7FFF7D5FC0122A4E7C0464A
:106E3000401000200000000000000000415A001037
:106E400048100020F8B54746CE4680B5344C1F00A8
:106E5000E37880460D008B423BD0A37800208B4224
:106E600011D0C0BCB946B046F8BD2E4B002B04D0A3
:106E70002D4800F06DF900284FD00020FFF7A2FD4B
:106E8000A378AB420AD1294B002B02D0002000E0AE
:106E900000BF0020FFF730FE002801D00120E0E70E
:106EA000234C200000F03EF90028F7D1002FF5D048
:106EB000BB06F3D1243C4046A178FFF73BFC0028F9
:106EC000ECD0002300224046A178FFF75BFC0120B4
:106ED000C7E7184E14483100BAB200F06DFA164BED
:106EE000002BC2D06379FF2BBFD0002FBDD0BC4692
:106EF000B444E14603E001364E45B6D063793278BA
:106F00009A42F8D1084800F023F90028F3D1064B43
:106F1000103B597900E000BFEDE700E000BFACE7AF
:106F20004010002000000000501000200000000071
:106F3000641000209C1400200000000000B5030035
:106F400083B0002910D00020012B07D80A78002A2E
:106F500004D00C48C2540120012A01D003B000BD66
:106F60001800FEF721FFF9E701236A46002001A976
:106F70009380FEF719FF0028F0D00122014B1A7010
:106F8000ECE7C0467415002070B5040023780800B3
:106F9000DB070E00DD0F002B16D123785B0701D530
:106FA000280070BD0121494200F092FC2378DB07E4
:106FB000DD0F002B0AD123785B0708D40422237845
:106FC00001251343237002E00025E9E70025300086
:106FD00000F066FCE4E7C04670B50D000121040036
:106FE0004942280000F074FC23785B07DE0F002B79
:106FF00004DB280000F054FC300070BD2378DB0770
:1070000004D40422237893432370F2E70026F0E7A8
:10701000437902791B021343C2785B0592075B0D2B
:10702000920F022A1AD0032A0BD00020012A07D17E
:1070300002394A425141104A891899424041C0B22E
:10704000704702394A1E91410C4A49421140802240
:107050000020D200891899424041F1E7022904D06A
:10706000002040229A424041EAE7054A98184342EC
:107070005841C0B2E4E7C046FF03000040FCFFFFF8
:1070800000FEFFFF8446881830B51C00814206D2FE
:107090004A78052A04D00A7889188842F8D830BD81
:1070A0007F228B781A4052006244DB09D4540A785C
:1070B00089188842ECD8F2E7F0B5C64600B5984684
:1070C0006B461E7E802304000F0015001B029A42AF
:1070D00026D8C068002803D00121494200F0F8FBFF
:1070E0002069002803D00121494200F0F1FB42460B
:1070F0005204F303520C1343E3800023E0686381DE
:107100002760A5802381002801D000F0C9FB2069F9
:10711000002801D000F0C4FB012080BCB846F0BDBF
:107120000020FAE7038941899C4682889BB288B295
:107130008C4507D31B1A9BB2101C9A4200D9181C0D
:1071400080B270475100091A5B189BB2F4E7C04641
:1071500003894089181A43425841C0B27047C0465B
:10716000038941899C4682889BB288B28C4507D3AB
:107170001B1A9BB200209A4201D9D21A90B27047D2
:107180005100091A5B189BB2F4E7C04670B50400C1
:1071900000690D00002803D00121494200F098FB4E
:1071A000238962899C4698B291B2A388944532D3D0
:1071B000421A92B2002A27D0934208D298422FD383
:1071C000C01A81B261818B4203D8C91A89B28B423D
:1071D000FBD9E28823685204520C51432800591805
:1071E000FCF77EFA618901254A1C92B2A38891427C
:1071F0000DD900225B00D21A20696281002801D0DB
:1072000000F04EFB280070BD0025628992B25B0041
:107210009A42F1DBEFE75A00521A821892B2C9E79C
:10722000C01881B26181CEE7F0B54646D6464F46DA
:10723000C0B5060000698A46904682B0002803D097
:107240000121494200F044FB31897289B5888BB233
:1072500094B2914255D31F1BBFB2002F4BD0BD42F9
:1072600005D2AB4252D25B199CB22F0074814346C7
:10727000B8453ED89FB2A54203D8641BA4B2A5422C
:10728000FBD9F28831685204500C020062432B1B78
:107290009BB28918019002009F4225D943439BB2BB
:1072A0001A0050469946FCF71BFA5046019A7D1B7E
:1072B0006419544331684844A2B2FCF711FA718949
:1072C000B588CB199BB26A00994216D99B1A3069CE
:1072D0007381002801D000F0E3FA380002B0E0BC6E
:1072E000BA46B146A846F0BD50467A43FCF7F8F9D5
:1072F000E5E73B1CBEE773899BB26A009342E6DB7D
:10730000E4E76F003F1BDF19BFB2A6E75B1B9CB22F
:10731000ABE7C046F8B50400C0680F00002803D0F2
:107320000121494200F0D4FA258920896189A28887
:10733000ADB283B28EB2884228D39B1B9BB29A42D5
:1073400009D8E679F60906D1E068002801D000F0F6
:10735000A7FA3000F8BD2B0095421CD39B1A9BB2B4
:107360009342FBD2E28820685204520C5343390006
:10737000C018FCF7B5F96B1C9BB2A2889D4216D9C8
:10738000002352009B1A01262381DDE75100891B4F
:107390005B189BB2D3E7E28820685204520C534337
:1073A0003900C018FCF79CF90135A288ABB2520035
:1073B0009342E8DBE6E7C046F0B54E464546DE467A
:1073C0005746E0B589460500160083B0002A6BD009
:1073D000C068002803D00121494200F079FA2F89C2
:1073E000EA79BBB298466B89AF889BB2D2093DD18E
:1073F000984562D27A00D31A43449BB2BB4261D211
:10740000FB1A1A1C9BB2B34200D9321C96B2F31B72
:1074100001934346F3189BB29B46EA884446B8451D
:1074200003D3E41BA4B2BC42FBD252043B1B570C57
:107430003A00624328689BB28018B34256D33A00A0
:1074400049467243FCF74CF9AB885B00D84501D83C
:107450009B4502DB5A46D31A9B465B4637002B817D
:10746000E868002821D000F01BFA1EE0BE422BD2B3
:1074700098454CD34246D21A92B27900F01B921929
:1074800001908A42C5DBDA1992B29346921B92B2FE
:107490009046934240D94346591A8BB29846F31806
:1074A0009BB29B46EA88B9E70027380003B0F0BCDE
:1074B000BB46B246A946A046F0BD4246D31A9BB28F
:1074C000BB429DD30027CBE7002FC9D0CC46EA882A
:1074D000F61B5104490C714398468C44D91900237A
:1074E00089B2E1468B463E00019397E77B439BB20E
:1074F0001A0049469A46FCF7F3F84946019B28686A
:10750000E2187A43514492B2FCF7EAF89CE779001A
:10751000CA1A424492B2B1E79142BCDDC2E7C0460A
:1075200010B50400C068002803D00121494200F0D2
:10753000CFF92069002803D00121494200F0C8F9A1
:107540000023E06863812381002801D000F0A8F9BE
:107550002069002801D000F0A3F9012010BDC04629
:1075600070B50400C0680D00002803D00121494215
:1075700000F0AEF92069002803D00121494200F053
:10758000A7F97F21E279EB011140E0681943E1712D
:10759000002801D000F084F92069002801D000F013
:1075A0007FF9012070BDC04601230121084A136004
:1075B000084A1360084A080013689843FBD1074A39
:1075C00011608021490013680B42FCD07047C0460F
:1075D00000E0004000F0004008C0004000C004404F
:1075E000F0B54E464546DE4657468446E0B585B082
:1075F00098460EAB91461A78634608001968002336
:10760000CB6601334860CB6643460392002B4EDDC8
:1076100001275E1E6346802457401A79A2468025C2
:107620004C469202002010239146AD000194841B29
:1076300062426241019C3A40245C520222434C4621
:107640002243019C0A614A6B1342FCD052468A587D
:1076500001949146002A10D1B04223D0002201307B
:1076600091468045E3D16346039A1A7105B0F0BC98
:10767000BB46B246A946A046F0BD4A6D01229346DC
:107680004A6B2A42FCD00A6E5A460194002AE5D081
:107690004C46002C03D009232340082BE3D00120C3
:1076A0004042E0E7039A002AD8D19346E8E7002059
:1076B000D9E7C046F0B5D6464F4646468246C0B5E5
:1076C00005200C00FAF728FE05006008210040198B
:1076D000FBF7D0F847003F18060005213800FBF7FC
:1076E000C9F8A0461C4B321A0400680091464019A4
:1076F00098452BD81949FBF7BDF8013053460022B5
:107700001B68DA6619680432514002320A4080214F
:10771000490159180A604A46DA6101221C624F2F5A
:1077200000D92209A0215A50DA6F310050400C4A8A
:1077300000049A18000C106001222800DA66FBF79A
:1077400099F8E0BCBA46B146A846F0BD0549FBF73A
:1077500091F80130D2E7C0463F420F008096980072
:107760007C10000040787D01104A70B5821A531ECB
:107770009A41072352429A430D4B10321A600D4B27
:107780000D4C1A60150023689D432B1EFAD1662408
:107790000268FF340571D5661460633C8833FF3C92
:1077A000D5639563D450FFF785FF70BD2810002086
:1077B00000E0004000F0004008C0004010B582B07A
:1077C0006C46247C0094FFF70BFF02B010BDC0464E
:1077D000030084469B070BD00300032102E0013322
:1077E0000B4206D01A78002AF9D16246981A7047DF
:1077F000030019680C4A0D488A188A4302420FD1C7
:107800005968094A04338A188A43024208D15968E0
:10781000054A04338A188A430242F1D000E001335A
:107820001A78002AFBD1E0E7FFFEFEFE8080808010
:1078300001B40248844601BC604700BFB90E002075
:1078400001B40248844601BC604700BFC10000206B
:1078500001B40248844601BC604700BFED0B002024
:1078600001B40248844601BC604700BFB90E002045
:1078700001B40248844601BC604700BF6501002096
:1078800001B40248844601BC604700BF8902002061
:1078900001B40248844601BC604700BFB10B002020
:1078A00001B40248844601BC604700BFD5010020F6
:1078B00001B40248844601BC604700BF890B002028
:1078C00001B40248844601BC604700BFD1030020D8
:1078D00001B40248844601BC604700BF9901002002
:1078E00001B40248844601BC604700BF3D0C002043
:1078F000052600103126001015280010C53600108E
:10790000B92E0010013600103D2700104D26001042
:107910006D260010812600104117001089260010E6
:10792000011B0010CD2500107D1300102D570010F5
:10793000534C5320434C4154000000005375707267
:10794000656D65204C69746869756D004F46462009
:10795000000000004F4646004F4E20005261773A2B
:1079600020253464207C20566F6C746167653A2052
:10797000252E33662056207C2046696C746572651E
:10798000643A20252E33662056207C20534F433AFC
:1079900020252E32662025250A000000563A0000D8
:1079A00056000000534F433A00000000250000003D
:1079B000434C313A204F4E00434C323A0000000015
:1079C0004D61696E732000004F46463A000000008A
:1079D0004F4E3A00252E2A66000000002525257509
:1079E0002E257566000000000A2A2A2A2050414EE2
:1079F0004943202A2A2A0A004E6F207370696E6C50
:107A00006F636B732061726520617661696C61627E
:107A10006C6500004E6F207573657220495251737A
:107A20002061726520617661696C61626C6500003D
:107A3000486172647761726520616C61726D2025A6
:107A40006420616C726561647920636C61696D6545
:107A50006400000048617264206173736572740091
:107A600052656C6561736500626F6F74325F773267
:107A70003571303830000000322E332E30000000D7
:107A80007069636F000000006D61696E434C415482
:107A90000000000041756720203620323032360069
:107AA000666E692B00000000666E69006E616E00F4
:107AB000666E692D0000000055534220737464699E
:107AC0006E202F207374646F7574000052617370A0
:107AD0006265727279205069000000005069636F1E
:107AE00000000000426F61726420434443000000C4
:107AF0005265736574000000556E68616E646C6554
:107B0000642049525120307825780A00657020257C
:107B10003032582077617320616C7265616479201E
:107B2000617661696C61626C6500000043616E277B
:107B30007420636F6E74696E756520786665722057
:107B40006F6E20696E6163746976652065702025AB
:107B500030325800004000009A9969420000C84243
:107B60009A9959420000C842666656420000B442E3
:107B7000666654420000A0423333534200008C42F8
:107B80003333514200007042CDCC50420000484295
:107B9000000050420000204200004E420000F04130
:107BA000CDCC4C420000A0410000404200002041EA
:107BB000000020420000000006005250D3F0754241
:107BC000607A001006005250E182887F687A0010C7
:107BD00006005250ABB36053787A00100600525042
:107BE000BBFF3CB6807A001006005250861C030290
:107BF000887A0010060052505422A29D947A0010F8
:107C000005005250DE65F468DC8F00103844001027
:107C1000F0430010F043001030440010F043001017
:107C2000F0430010F0430010F0430010F043001048
:107C3000F0430010F043001028440010F0430010FF
:107C400022440010F0430010F04300101A440010CA
:107C50002C4600104A440010204600104A440010F0
:107C60000E4600104A4400104A4400104A440010D6
:107C70004A4400104A4400104A4400104A4400108C
:107C8000404400104A4400104A4400104A44001086
:107C90004A4400104A44001040440010C0460010FE
:107CA000AE430010AE430010AE430010AE430010D0
:107CB000AE430010AE430010AE430010AE430010C0
:107CC000AE430010AE430010AE430010AE430010B0
:107CD000AE430010AE430010AE430010AE430010A0
:107CE000AE430010AE430010AE430010AE43001090
:107CF000AE430010AE430010AE430010AE43001080
:107D0000AE430010AE430010AE430010AE4300106F
:107D1000AE430010AE430010AE4300103C460010CE
:107D2000784600103C460010AE430010AE430010F1
:107D3000AE430010AE430010AE430010AE4300103F
:107D4000AE430010AE430010AE430010AE4300102F
:107D5000AE430010AE430010AE430010AE4300101F
:107D6000AE430010AE43001058480010AE43001060
:107D7000AE430010AE430010AE430010AE430010FF
:107D8000AE430010AE430010AE430010AE430010EF
:107D900058480010D0460010584800103C460010CB
:107DA000784600103C460010000000000000F03F44
:107DB00000000000000024400000000000005940C6
:107DC0000000000000408F40000000000088C34019
:107DD00000000000006AF8400000000080842E418E
:107DE00000000000D01263410000000084D79741DA
:107DF0000000000065CDCD410D0A00000600525084
:107E000053B4F4A1B87A001000000000CC7A00103E
:107E1000DC7A00104C1C0020E47A0010F07A00108C
:107E200009025400030100807D080B0002020200D9
:107E300000090400000102020004052400200105DD
:107E4000240100010424020605240600010705811F
:107E50000308001009040100020A000000070502DF
:107E600002400000070582024000000904020000F1
:107E7000FF00010512011002EF0201408A2E0A00E4
:107E800000010102030100000A00000000000306D7
:107E9000A6000800020002009C00140003005749DD
:107EA0004E5553420000000000000000000080001A
:107EB00004000100280044006500760069006300AA
:107EC000650049006E007400650072006600610084
:107ED00063006500470055004900440000004E0063
:107EE0007B00620063003700330039003800630014
:107EF00031002D0037003300630064002D00340092
:107F00006300620037002D0039003800620038003D
:107F10002D00390031003300610038006600630035
:107F2000610037006200660036007D00000000003E
:107F3000050F2100011C100500DF60DDD88945C751
:107F40004C9CD2659D9E648A9F00000306A600019A
:107F5000000000000000000059590010000000005F
:107F60005D59001069590010955900109159001081
:107F700000000000BA5E001020600010A860001031
:107F8000F85F00100A600010E85F00105A5F0010F0
:107F9000065F0010FA5E0010C4630010AA630010B0
:107FA00094610010E463001094610010926300106B
:107FB0007E630010946100106A6300107C62001000
:107FC00094610010426600103466001028660010AC
:107FD0009461001094610010126600103466001065
:107FE000946100109461001094610010946100107D
:107FF000946100109461001094610010CE6500102F
:10800000080D0020080D0020520D0020720D0020E8
:10801000B20D0020C40D0020000D00200000000063
:10802000C56B0010356C0010656C0010AD6C001055
:0C803000556D0010456E001000000000AF
:10803C00B87B0010C47B0010D07B0010DC7B0010E0
:10804C00E87B0010F47B0010007C0010FC7D00101D
:10805C0003000068EFF3108C72B60268002AFCD0A3
:10806C00BFF35F8F04229A56002A0BDB002900D045
:10807C000A6000201B68BFF35F8F00221A608CF32C
:10808C0010887047D0221206126801201A71F1E78D
:10809C00F0B51F00D023C6461B061B680400160053
:1080AC009846002500B50AE0BFF35F8F156081F399
:1080BC0010883000390000F003FF002818D1226826
:1080CC00EFF3108172B61368002BFCD0BFF35F8FF7
:1080DC00237922687F2BE7D943462371BFF35F8F47
:1080EC000023136081F31088012080BCB846F0BDDA
:1080FC000020FAE770B582B001A9060014001D003B
:10810C00FFF7A6FF002807D1D0221206019B127898
:10811C005BB252B2934201D102B070BD22002B006F
:10812C003000FFF7B5FFF7E7F8B50E00070000F0D9
:10813C009FFEFA2204000D00002392003000002163
:10814C0000F09EFE22002B0012184B41002B02DA8D
:10815C000122034B52423800FFF79AFFF8BDC0468C
:10816C00FFFFFF7F0268EFF3108172B61368002BDC
:10817C00FCD0BFF35F8FFF2303710368BFF35F8FE6
:10818C0000221A6081F3108840BF7047084B9C4650
:10819C001B78002B0BD18023064807495B051A6816
:1081AC00C25004338B42FAD10123624613707047DC
:1081BC002B1D00209C1600100001001010B5014B67
:1081CC00984710BD9D160020084B5A6842609A686B
:1081DC008260DA68C2601A6902615A6942619B69FD
:1081EC008361A0235B051B6803607047000002409D
:1081FC004268084B5A6082689A60C268DA60026909
:10820C001A6142695A6182699A61A02302685B050E
:10821C001A60704700000240F0B5D6464F464646FD
:10822C000023C0B5182788B01E0081460D00988A1F
:10823C0046493B88140098473B8880464449B08A9D
:10824C009847002343490600988A3B889847824602
:10825C00FFF79CFF01A8FFF7B7FFC047B0473E4BA5
:10826C0021001A6880239B005340C02292001340C7
:10827C003A4A1360002C1CD00823C0209C464005B1
:10828C00163F6246836A1A401F4239D0631A00298E
:10829C002BD1002A0BD1002C0BD0C0230822022694
:1082AC005B059B6A1A401E4242D0002AF5D0002C76
:1082BC0030D1294B1A68C0239B009343274A136083
:1082CC00D047FFF77BFF01A8FFF792FF08B0E0BC97
:1082DC00BA46B146A846F0BD002C2BD1C02252059F
:1082EC00966A08223240B6072BD50D2B19D9002AD5
:1082FC00F2D1C0225205966A08223240B607F4D455
:10830C00002A04D10B002343002BBAD1D1E70B0078
:10831C00002CF9D0036E013C2B70230001350B436C
:10832C00F2E74B461B780139036601239944E7E7D2
:10833C000021E5E7C0235B051B6E013C2B7001356A
:10834C009FE70B00A242DFD1DCE7C04649460000A4
:10835C0045580000464300000C8001400C90014041
:10836C000022154B10B59A60DA601A615A619A6155
:10837C00DA611A625A629A62DA621A635A639A630F
:10838C00DA631A645A649A64DA641A655A659A65EF
:10839C00DA651A665A669A66DA661A675A679A67CF
:1083AC00DA67F03292000021044800F071FD044BB2
:1083BC00044A1A6010BDC046000010504818002036
:1083CC00141C002080011050F0B54746CE4680B5F5
:1083DC001C4B00249F6D012685B0002F1BD01A4B1F
:1083EC0098461A4B994604E00134E4B27600202CEE
:1083FC0011D03E42F8D043469E65012365086D00BE
:10840C00A343ED186D014D44280000F013FC002827
:10841C0006D1B743E8D105B0C0BCB946B046F0BDF3
:10842C00EB8AE0210393002301A8AA78C9000180FC
:10843C0001210271437100F01DFC280000F098FB33
:10844C00E7E7C0460000115000301150081800201A
:10845C009823C64AF0B5D55880232E009B021024D1
:10846C0085B01E401D4274D0C14BC24C9A6AC24B9F
:10847C0000261A603B23E35C022B00D14BE17B23EB
:10848C00E35C022B00D1EFE0BB23E35C022B00D1B9
:10849C00F6E0FB23E35C022B00D1FDE03C23FF3331
:1084AC00E35C022B00D129E17C23FF33E35C022B3C
:1084BC0000D10AE1BC23FF33E35C022B00D13BE18A
:1084CC00FC23FF33E35C022B00D1F1E0AB4BE35C0C
:1084DC00022B00D170E1AA4BE35C022B00D101E12D
:1084EC00A84BE35C022B00D171E1A74BE35C022BA0
:1084FC0000D12EE1A54BE35C022B00D19CE1A44BF7
:10850C00E35C022B00D16DE1A24BE35C022B00D1AA
:10851C009DE1A14BE35C022B00D17BE1002E08D145
:10852C009E4B1B78002B04D180219D4A90338902ED
:10853C00D150C02269468D4B92009B6C80265B0506
:10854C008A805B0D012101A8029300F093FB954CEE
:10855C00B602EB0600D57BE080235B021D422FD0D8
:10856C000224844F1E43BB7E002B14D000F070FC01
:10857C00012800D970E0C02200213800920100F0DF
:10858C00FDFA380000F0F4FA00F062FC012802D980
:10859C00834B5C661C660123FB702037012C20D1B9
:1085AC00C0236A46DB0093807F4A02AB03CA03C335
:1085BC00012101A800F05EFB8022794B92021A6522
:1085CC0080235B011D420ED18023DB011D4221D192
:1085DC0080231B021D422DD1AE4200D0BEE105B05E
:1085EC00F0BD0124BFE700241E43604B1C60FFF765
:1085FC00B7FE80236A465B0093801472012101A8A8
:10860C0000F038FB8022664B12031A658023DB01D5
:10861C001D42DDD01E4380236A46DB00938001217E
:10862C0001A800F027FB10225D4B1A6580231B026A
:10863C001D42D1D01E43A0236A46DB00938001214A
:10864C0001A800F017FB8022554B12011A65C3E7F5
:10865C00FFF7BAFE26007FE7544B444A1C66536E64
:10866C002340A342FBD186E77833E75C002F00D18F
:10867C000AE70233E25C002A00D00DE13E0003E77A
:10868C00B833E75C002F00D103E70233E25C002A29
:10869C0000D0F9E03E00FCE6F833E75C002F00D197
:1086AC00FCE60233E25C002A00D041E13E00F5E634
:1086BC00F933FF33E75C002F00D107E70233E25CAC
:1086CC00002A00D02BE13E0000E77933FF33E75C52
:1086DC00002F00D1EEE60233E25C002A00D015E157
:1086EC003E00E7E6324BE75C002F00D1F8E60233A0
:1086FC00E25C002A00D001E13E00F1E63933FF33A1
:10870C00E75C002F00D1CFE60233E25C002A00D0F8
:10871C00EBE03E00C8E63833E65C002E00D1AEE656
:10872C000233E25C002A00D1A9E6200000222030AE
:10873C00E25400F04BFAA2E6B933FF33E75C002FAA
:10874C0000D1BDE60233E25C002A00D0C4E03E005A
:10875C00B6E6184BE75C002F00D1CBE60233E25CA7
:10876C00002A00D0B0E03E00C4E6C0460000115024
:10877C000040054008180020001800203B020000B3
:10878C007B020000BB020000FB0200003B03000068
:10879C007B030000BB030000FB030000291D00202D
:1087AC000030115010000200000010500020115039
:1087BC007A020000FA0200006B4BE75C002F00D13C
:1087CC0089E60233E25C002A76D13E0083E6674BF1
:1087DC00E75C002F00D188E60233E25C002A63D10B
:1087EC003E0082E6624BE75C002F00D18CE6023340
:1087FC00E25C002A00D0A3E05E4BE35C022B30D19C
:10880C005D4BE35C002B27D15C4BE35C022B00D06F
:10881C008FE63E005A4BE35C002B00D17EE6FF2333
:10882C009B00E25C002A00D183E60022E2541C3B50
:10883C00E01800F0CBF97CE6524BE75C002F00D13E
:10884C005DE60233E25C002A16D13E0057E64A4B45
:10885C00E35C002B00D15CE6EF239B00E25C002A7A
:10886C0075D1464BE35C022B00D062E6444BE35CD3
:10887C00002B00D15DE6D2E70022E2541C3BE0184D
:10888C0000F0A4F93E003AE620000022A030E254A9
:10889C003E0000F09BF9FCE5200000226030E25421
:1088AC003E0000F093F9EFE50022E2541C3BE01887
:1088BC0000F08CF93E0018E60022E2541C3BE01854
:1088CC0000F084F93E0006E60022E2541C3BE0185E
:1088DC0000F07CF93E000DE620000022A130FF30B4
:1088EC00E2543E0000F072F9EAE52000002221304B
:1088FC00FF30E2543E0000F069F9D5E50022E25465
:10890C001C3BE01800F062F93E00E9E52000002273
:10891C006130FF30E2543E0000F058F9CAE5200007
:10892C000022E130FF30E2543E0000F04FF9CDE57B
:10893C0020000022E030E2543E0000F047F9ADE5A3
:10894C000022E2541C3BE01800F040F954E70022EE
:10895C00E2541C3BE01800F039F982E731000A4878
:10896C00694000F07DFAC0463A020000BA020000ED
:10897C007A030000BB030000BA030000FB030000F5
:10898C00FA0300003A030000F87A0010F0B58C46A8
:10899C00838A018B020083B00E1C994200D91E1CE5
:1089AC00B6B29B1B9CB2D37880211800451EA841FF
:1089BC00C90031434003084301214B40D370537825
:1089CC009482002B32D11169002E2AD06346D468D0
:1089DC009B01E418731E0193062B32D923000B4321
:1089EC009B072ED1631A013B022B2AD90023B7080F
:1089FC00BF00CD58E5500433BB42FAD19E420ED095
:108A0C00019DE418EF1ACD18C95C217001999942A7
:108A1C0005D06B786370012F01D0AB78A37011690E
:108A2C00948A802389191B0211611843002C02D1EE
:108A3C008023DB0118436346002B00D0000403B0F5
:108A4C00F0BD0023CD5CE55401339E42FAD1E6E73C
:108A5C008368F0B51A68002900D0120C437892058F
:108A6C00950D002B09D1C38AEB18C382038BAB4243
:108A7C0001D9002383822800F0BD0469002D28D081
:108A8C00C36889016F1EBC465E18062F27D90131B9
:108A9C005B18E31A022B22D9230033439B071ED108
:108AAC000023120E9200F158E15004339A42FAD18D
:108ABC0095420DD063469F1AA318B45CB1181C7074
:108ACC00944505D04A785A70012F01D08A789A7053
:108ADC000469C38A6419EB18C3820461C6E70022D7
:108AEC00B35CA35401329542FAD10469F1E7C04654
:108AFC0010B50400836800211B68FFF7A9FF6368A9
:108B0C001B685B0002D5238B834200D010BD012172
:108B1C002000FFF79DFFF9E7084B1A6C0023920722
:108B2C0003D48278D209012A01D018007047C37E81
:108B3C00023B5A425341DBB2F7E7C04600001150EA
:108B4C0010B5FFF7E9FF00280AD0064B064A9B6ACE
:108B5C00064912685B189B1A0020C6229A424041B3
:108B6C0010BDC0460040054000180020E0FCFFFF8F
:108B7C0000238376436103617047C04610B5836858
:108B8C00002901D01C682140002A12D08024E40066
:108B9C00114322420DD01A6822420CD1084A0A40D5
:108BAC001A60084A126C920703D40C23033BFDD2C3
:108BBC008368196010BD8178034800F051F9C046F4
:108BCC00FFFBFFFF000011500C7B0010436870B5D9
:108BDC000021802504001E68FFF7D8FE124B6D01A2
:108BEC001A6C0543A37892070ED55B060ED00F4B7B
:108BFC001E4080239B0533436268002113602000D4
:108C0C002A00FFF7BBFF70BDDB09F0D0A38A002B55
:108C1C00EDD001212000FFF7B9FEA023044ADB05AB
:108C2C00324005431343E7E700001150FFFFFFAF4D
:108C3C00FFFFFFDF70B5857E0400002D14D0FFF719
:108C4C0057FFA38A002B01D1280070BD2000FFF72D
:108C5C0077FF002803D0012300252377F4E72000B9
:108C6C00FFF7B4FF0025EFE78178014800F0F8F832
:108C7C002C7B0010F0B54746CE4680B543780500F6
:108C8C000F0085B0062B07D8684A9B00D3589F4627
:108C9C00674A137801331370664B1C686269EFF3F3
:108CAC00108172B61368002BFCD0BFF35F8FA161EB
:108CBC002000290000F0F4F86269A369BFF35F8F0C
:108CCC000021116083F31088002804D105B0C0BCCA
:108CDC00B946B046F0BD3A006978287800F0E8F85B
:108CEC00F4E70121544B1A788A431A701A7801312F
:108CFC008A431A7000225A701A7802318A431A7009
:108D0C00CAE74E4B00241E001A784D4B98464D4B2B
:108D1C00994610E04B461B6861015B18002B06D08E
:108D2C00DB69002B03D069682878984732780134C6
:108D3C00E4B2944217D8A242ECD8A31A5B01434484
:108D4C00EEE73D4B1A78D207C0D504211A780A43B6
:108D5C001A70A1E7384B1A78D207B7D504211A78C4
:108D6C008A431A7098E7344A1378904611005B07CF
:108D7C0028D51378042201AC93430B7020000021FA
:108D8C00083200F085F82B78237005236370294B8B
:108D9C001B6818005A69EFF3108172B61368002B28
:108DAC00FCD0BFF35F8F06008161210000F078F8E2
:108DBC007269B369BFF35F8F0021116083F3108870
:108DCC0000282CD14346DB78DB0700D47EE72B78D8
:108DDC0001AC2370032363706B686360154B1D68D3
:108DEC006A69EFF3108172B61368002BFCD0BFF3E5
:108DFC005F8FA9612800210000F052F86A69AB6905
:108E0C00BFF35F8F0021116083F31088002800D11D
:108E1C005CE73A006178207800F04AF856E73A00AF
:108E2C006178207800F044F8CCE7C0460080001050
:108E3C002A1D0020D815002080150020281D002098
:108E4C001C800010981400207047C04600000000E1
:108E5C0001B40248844601BC604700BF15120010E3
:108E6C0001B40248844601BC604700BF21120010C7
:108E7C0001B40248844601BC604700BF19210010B0
:108E8C0001B40248844601BC604700BFBD340010E9
:108E9C0001B40248844601BC604700BFD5360010BF
:108EAC0001B40248844601BC604700BF1573001032
:108EBC0001B40248844601BC604700BF695D0010E4
:108ECC0001B40248844601BC604700BFC91F0010B2
:108EDC000000F441881300001000000000000000A6
:108EEC000000010000000000000000000000020073
:108EFC000000000000000000000003000000000063
:108F0C000000000000000400000000000000000051
:108F1C000000050000000000000000000000FF0041
:108F2C000000000001B5486801318E4600477046CC
:108F3C0009380149884701BD3D16001000000000AA
:108F4C00FFFFFFFFFFFFFF7F00000000000000009D
:108F5C0000000000000000000000000008110020CC
:108F6C00503300004C3300005433000052330000E7
:108F7C004D5300004D4300005334000043340000B7
:108F8C000D540010C153001035530010AD52001099
:108F9C000000000000010000DC15002010000C0097
:108FAC0000000000000000000000000000000000B5
:108FBC0000000000FF0000000080044000000000E2
:108FCC000040044000000000000000000000000011
:04000005100001E9FD
:00000001FF
