
/Users/mdalaminashik/My Drive/Skills and works/Supreme Lithium Solution/SLS_critical_load_auto_transfer_device/Codes/MainCLAT/build/mainCLAT.elf:     file format elf32-littlearm

Sections:
Idx Name          Size      VMA       LMA       File off  Algn
  0 .boot2        00000100  10000000  10000000  00001000  2**0
                  CONTENTS, ALLOC, LOAD, READONLY, CODE
  1 .text         00007478  10000100  10000100  00001100  2**3
                  CONTENTS, ALLOC, LOAD, READONLY, CODE
  2 .rodata       000006bc  10007578  10007578  00008578  2**3
                  CONTENTS, ALLOC, LOAD, READONLY, DATA
  3 .binary_info  00000020  10007c34  10007c34  00008c34  2**2
                  CONTENTS, ALLOC, LOAD, READONLY, DATA
  4 .xip_ram      00000000  15000000  15000000  0000a040  2**0
                  CONTENTS
  5 .ram_vector_table 000000c0  20000000  20000000  0000b000  2**2
                  ALLOC
  6 .uninitialized_data 00000000  200000c0  200000c0  0000a040  2**0
                  CONTENTS
  7 .data         00000f80  200000c0  10007c54  000090c0  2**4
                  CONTENTS, ALLOC, LOAD, READONLY, CODE
  8 .tdata        00000000  20001040  20001040  0000a040  2**0
                  CONTENTS, ALLOC, LOAD, DATA, THREAD_LOCAL
  9 .tbss         00000000  20001040  20001040  00000000  2**0
                  ALLOC, THREAD_LOCAL
 10 .tbss_space   00000000  20001040  20001040  0000a040  2**0
                  CONTENTS
 11 .bss          00000ce8  20001040  10008bd4  0000a040  2**3
                  ALLOC
 12 .tls0         00000000  20001d28  20001d28  0000a040  2**0
                  CONTENTS
 13 .tls1         00000000  20001d28  20001d28  0000a040  2**0
                  CONTENTS
 14 .persistent_data 00000000  20001d28  20001d28  0000a040  2**0
                  CONTENTS
 15 .dummy_pre_heap 00000000  20001d28  20001d28  0000a040  2**0
                  CONTENTS
 16 .heap         00000800  20001d28  20001d28  0000b000  2**2
                  ALLOC, READONLY
 17 .scratch_x    00000000  20040000  20040000  0000a040  2**0
                  CONTENTS
 18 .scratch_y    00000000  20041000  20041000  0000a040  2**0
                  CONTENTS
 19 .stack_dummy  00000800  20041000  20041000  0000b000  2**5
                  ALLOC, READONLY
 20 .debug_info   00034284  00000000  00000000  0000a040  2**0
                  CONTENTS, READONLY, DEBUGGING, OCTETS
 21 .debug_abbrev 00008fd1  00000000  00000000  0003e2c4  2**0
                  CONTENTS, READONLY, DEBUGGING, OCTETS
 22 .debug_loclists 0001ba39  00000000  00000000  00047295  2**0
                  CONTENTS, READONLY, DEBUGGING, OCTETS
 23 .debug_aranges 00001748  00000000  00000000  00062cd0  2**3
                  CONTENTS, READONLY, DEBUGGING, OCTETS
 24 .debug_rnglists 00004693  00000000  00000000  00064418  2**0
                  CONTENTS, READONLY, DEBUGGING, OCTETS
 25 .debug_line   00026059  00000000  00000000  00068aab  2**0
                  CONTENTS, READONLY, DEBUGGING, OCTETS
 26 .debug_str    00009528  00000000  00000000  0008eb04  2**0
                  CONTENTS, READONLY, DEBUGGING, OCTETS
 27 .comment      00000045  00000000  00000000  0009802c  2**0
                  CONTENTS, READONLY
 28 .ARM.attributes 0000002a  00000000  00000000  00098071  2**0
                  CONTENTS, READONLY
 29 .debug_frame  00003060  00000000  00000000  0009809c  2**2
                  CONTENTS, READONLY, DEBUGGING, OCTETS
 30 .debug_line_str 000003e1  00000000  00000000  0009b0fc  2**0
                  CONTENTS, READONLY, DEBUGGING, OCTETS

/Users/mdalaminashik/My Drive/Skills and works/Supreme Lithium Solution/SLS_critical_load_auto_transfer_device/Codes/MainCLAT/build/mainCLAT.elf:     file format elf32-littlearm


Disassembly of section .boot2:

10000000 <__boot2_start__>:
10000000:	4b32b500 	.word	0x4b32b500
10000004:	60582021 	.word	0x60582021
10000008:	21026898 	.word	0x21026898
1000000c:	60984388 	.word	0x60984388
10000010:	611860d8 	.word	0x611860d8
10000014:	4b2e6158 	.word	0x4b2e6158
10000018:	60992100 	.word	0x60992100
1000001c:	61592102 	.word	0x61592102
10000020:	22f02101 	.word	0x22f02101
10000024:	492b5099 	.word	0x492b5099
10000028:	21016019 	.word	0x21016019
1000002c:	20356099 	.word	0x20356099
10000030:	f844f000 	.word	0xf844f000
10000034:	42902202 	.word	0x42902202
10000038:	2106d014 	.word	0x2106d014
1000003c:	f0006619 	.word	0xf0006619
10000040:	6e19f834 	.word	0x6e19f834
10000044:	66192101 	.word	0x66192101
10000048:	66182000 	.word	0x66182000
1000004c:	f000661a 	.word	0xf000661a
10000050:	6e19f82c 	.word	0x6e19f82c
10000054:	6e196e19 	.word	0x6e196e19
10000058:	f0002005 	.word	0xf0002005
1000005c:	2101f82f 	.word	0x2101f82f
10000060:	d1f94208 	.word	0xd1f94208
10000064:	60992100 	.word	0x60992100
10000068:	6019491b 	.word	0x6019491b
1000006c:	60592100 	.word	0x60592100
10000070:	481b491a 	.word	0x481b491a
10000074:	21016001 	.word	0x21016001
10000078:	21eb6099 	.word	0x21eb6099
1000007c:	21a06619 	.word	0x21a06619
10000080:	f0006619 	.word	0xf0006619
10000084:	2100f812 	.word	0x2100f812
10000088:	49166099 	.word	0x49166099
1000008c:	60014814 	.word	0x60014814
10000090:	60992101 	.word	0x60992101
10000094:	2800bc01 	.word	0x2800bc01
10000098:	4700d000 	.word	0x4700d000
1000009c:	49134812 	.word	0x49134812
100000a0:	c8036008 	.word	0xc8036008
100000a4:	8808f380 	.word	0x8808f380
100000a8:	b5034708 	.word	0xb5034708
100000ac:	20046a99 	.word	0x20046a99
100000b0:	d0fb4201 	.word	0xd0fb4201
100000b4:	42012001 	.word	0x42012001
100000b8:	bd03d1f8 	.word	0xbd03d1f8
100000bc:	6618b502 	.word	0x6618b502
100000c0:	f7ff6618 	.word	0xf7ff6618
100000c4:	6e18fff2 	.word	0x6e18fff2
100000c8:	bd026e18 	.word	0xbd026e18
100000cc:	40020000 	.word	0x40020000
100000d0:	18000000 	.word	0x18000000
100000d4:	00070000 	.word	0x00070000
100000d8:	005f0300 	.word	0x005f0300
100000dc:	00002221 	.word	0x00002221
100000e0:	180000f4 	.word	0x180000f4
100000e4:	a0002022 	.word	0xa0002022
100000e8:	10000100 	.word	0x10000100
100000ec:	e000ed08 	.word	0xe000ed08
	...
100000fc:	7a4eb274 	.word	0x7a4eb274

Disassembly of section .text:

10000100 <__VECTOR_TABLE>:
10000100:	20042000 	.word	0x20042000
10000104:	100001f7 	.word	0x100001f7
10000108:	100001cb 	.word	0x100001cb
1000010c:	100001cd 	.word	0x100001cd
10000110:	100001c9 	.word	0x100001c9
10000114:	100001c9 	.word	0x100001c9
10000118:	100001c9 	.word	0x100001c9
1000011c:	100001c9 	.word	0x100001c9
10000120:	100001c9 	.word	0x100001c9
10000124:	100001c9 	.word	0x100001c9
10000128:	100001c9 	.word	0x100001c9
1000012c:	100001cf 	.word	0x100001cf
10000130:	100001c9 	.word	0x100001c9
10000134:	100001c9 	.word	0x100001c9
10000138:	100001d1 	.word	0x100001d1
1000013c:	100001d3 	.word	0x100001d3
10000140:	100001c1 	.word	0x100001c1
10000144:	100001c1 	.word	0x100001c1
10000148:	100001c1 	.word	0x100001c1
1000014c:	100001c1 	.word	0x100001c1
10000150:	100001c1 	.word	0x100001c1
10000154:	100001c1 	.word	0x100001c1
10000158:	100001c1 	.word	0x100001c1
1000015c:	100001c1 	.word	0x100001c1
10000160:	100001c1 	.word	0x100001c1
10000164:	100001c1 	.word	0x100001c1
10000168:	100001c1 	.word	0x100001c1
1000016c:	100001c1 	.word	0x100001c1
10000170:	100001c1 	.word	0x100001c1
10000174:	100001c1 	.word	0x100001c1
10000178:	100001c1 	.word	0x100001c1
1000017c:	100001c1 	.word	0x100001c1
10000180:	100001c1 	.word	0x100001c1
10000184:	100001c1 	.word	0x100001c1
10000188:	100001c1 	.word	0x100001c1
1000018c:	100001c1 	.word	0x100001c1
10000190:	100001c1 	.word	0x100001c1
10000194:	100001c1 	.word	0x100001c1
10000198:	100001c1 	.word	0x100001c1
1000019c:	100001c1 	.word	0x100001c1
100001a0:	100001c1 	.word	0x100001c1
100001a4:	100001c1 	.word	0x100001c1
100001a8:	100001c1 	.word	0x100001c1
100001ac:	100001c1 	.word	0x100001c1
100001b0:	100001c1 	.word	0x100001c1
100001b4:	100001c1 	.word	0x100001c1
100001b8:	100001c1 	.word	0x100001c1
100001bc:	100001c1 	.word	0x100001c1

100001c0 <__unhandled_user_irq>:
100001c0:	f3ef 8005 	mrs	r0, IPSR
100001c4:	3810      	subs	r0, #16

100001c6 <unhandled_user_irq_num_in_r0>:
100001c6:	be00      	bkpt	0x0000

100001c8 <isr_invalid>:
100001c8:	be00      	bkpt	0x0000

100001ca <isr_nmi>:
100001ca:	be00      	bkpt	0x0000

100001cc <isr_hardfault>:
100001cc:	be00      	bkpt	0x0000

100001ce <isr_svcall>:
100001ce:	be00      	bkpt	0x0000

100001d0 <isr_pendsv>:
100001d0:	be00      	bkpt	0x0000

100001d2 <isr_systick>:
100001d2:	be00      	bkpt	0x0000

100001d4 <__default_isrs_end>:
100001d4:	7188ebf2 	.word	0x7188ebf2
100001d8:	10007c34 	.word	0x10007c34
100001dc:	10007c54 	.word	0x10007c54
100001e0:	10000238 	.word	0x10000238
100001e4:	e71aa390 	.word	0xe71aa390

100001e8 <_entry_point>:
100001e8:	2000      	movs	r0, #0

100001ea <_enter_vtable_in_r0>:
100001ea:	491e      	ldr	r1, [pc, #120]	@ (10000264 <data_cpy_table+0x2c>)
100001ec:	6008      	str	r0, [r1, #0]
100001ee:	c806      	ldmia	r0!, {r1, r2}
100001f0:	f381 8808 	msr	MSP, r1
100001f4:	4710      	bx	r2

100001f6 <_reset_handler>:
100001f6:	481c      	ldr	r0, [pc, #112]	@ (10000268 <data_cpy_table+0x30>)
100001f8:	6800      	ldr	r0, [r0, #0]
100001fa:	2800      	cmp	r0, #0
100001fc:	d001      	beq.n	10000202 <hold_non_core0_in_bootrom+0x4>

100001fe <hold_non_core0_in_bootrom>:
100001fe:	2000      	movs	r0, #0
10000200:	e7f3      	b.n	100001ea <_enter_vtable_in_r0>
10000202:	a40d      	add	r4, pc, #52	@ (adr r4, 10000238 <data_cpy_table>)
10000204:	cc0e      	ldmia	r4!, {r1, r2, r3}
10000206:	2900      	cmp	r1, #0
10000208:	d002      	beq.n	10000210 <hold_non_core0_in_bootrom+0x12>
1000020a:	f000 f812 	bl	10000232 <data_cpy>
1000020e:	e7f9      	b.n	10000204 <hold_non_core0_in_bootrom+0x6>
10000210:	4916      	ldr	r1, [pc, #88]	@ (1000026c <data_cpy_table+0x34>)
10000212:	4a17      	ldr	r2, [pc, #92]	@ (10000270 <data_cpy_table+0x38>)
10000214:	2000      	movs	r0, #0
10000216:	e000      	b.n	1000021a <bss_fill_test>

10000218 <bss_fill_loop>:
10000218:	c101      	stmia	r1!, {r0}

1000021a <bss_fill_test>:
1000021a:	4291      	cmp	r1, r2
1000021c:	d1fc      	bne.n	10000218 <bss_fill_loop>

1000021e <platform_entry>:
1000021e:	4915      	ldr	r1, [pc, #84]	@ (10000274 <data_cpy_table+0x3c>)
10000220:	4788      	blx	r1
10000222:	4915      	ldr	r1, [pc, #84]	@ (10000278 <data_cpy_table+0x40>)
10000224:	4788      	blx	r1
10000226:	4915      	ldr	r1, [pc, #84]	@ (1000027c <data_cpy_table+0x44>)
10000228:	4788      	blx	r1
1000022a:	be00      	bkpt	0x0000
1000022c:	e7fd      	b.n	1000022a <platform_entry+0xc>

1000022e <data_cpy_loop>:
1000022e:	c901      	ldmia	r1!, {r0}
10000230:	c201      	stmia	r2!, {r0}

10000232 <data_cpy>:
10000232:	429a      	cmp	r2, r3
10000234:	d3fb      	bcc.n	1000022e <data_cpy_loop>

10000236 <data_cpy_done>:
10000236:	4770      	bx	lr

10000238 <data_cpy_table>:
10000238:	10007c54 	.word	0x10007c54
1000023c:	200000c0 	.word	0x200000c0
10000240:	20001040 	.word	0x20001040
10000244:	10008bd4 	.word	0x10008bd4
10000248:	20040000 	.word	0x20040000
1000024c:	20040000 	.word	0x20040000
10000250:	10008bd4 	.word	0x10008bd4
10000254:	20041000 	.word	0x20041000
10000258:	20041000 	.word	0x20041000
1000025c:	00000000 	.word	0x00000000
10000260:	4770      	bx	lr
10000262:	0000      	.short	0x0000
10000264:	e000ed08 	.word	0xe000ed08
10000268:	d0000000 	.word	0xd0000000
1000026c:	20001040 	.word	0x20001040
10000270:	20001d28 	.word	0x20001d28
10000274:	10004af5 	.word	0x10004af5
10000278:	10000281 	.word	0x10000281
1000027c:	10004aed 	.word	0x10004aed

10000280 <main>:
10000280:	b5f0      	push	{r4, r5, r6, r7, lr}
10000282:	46de      	mov	lr, fp
10000284:	4657      	mov	r7, sl
10000286:	4645      	mov	r5, r8
10000288:	464e      	mov	r6, r9
1000028a:	b5e0      	push	{r5, r6, r7, lr}
1000028c:	b089      	sub	sp, #36	@ 0x24
1000028e:	f004 fd55 	bl	10004d3c <stdio_init_all>
10000292:	4c61      	ldr	r4, [pc, #388]	@ (10000418 <main+0x198>)
10000294:	4961      	ldr	r1, [pc, #388]	@ (1000041c <main+0x19c>)
10000296:	0020      	movs	r0, r4
10000298:	f007 f88a 	bl	100073b0 <i2c_init>
1000029c:	2103      	movs	r1, #3
1000029e:	2004      	movs	r0, #4
100002a0:	f000 fdca 	bl	10000e38 <gpio_set_function>
100002a4:	2103      	movs	r1, #3
100002a6:	2005      	movs	r0, #5
100002a8:	f000 fdc6 	bl	10000e38 <gpio_set_function>
100002ac:	2200      	movs	r2, #0
100002ae:	2101      	movs	r1, #1
100002b0:	2004      	movs	r0, #4
100002b2:	f000 fdd9 	bl	10000e68 <gpio_set_pulls>
100002b6:	2200      	movs	r2, #0
100002b8:	2101      	movs	r1, #1
100002ba:	2005      	movs	r0, #5
100002bc:	f000 fdd4 	bl	10000e68 <gpio_set_pulls>
100002c0:	0020      	movs	r0, r4
100002c2:	2127      	movs	r1, #39	@ 0x27
100002c4:	f000 f8c4 	bl	10000450 <lcd_init>
100002c8:	f000 fabc 	bl	10000844 <lcd_clear>
100002cc:	f006 ff90 	bl	100071f0 <adc_init>
100002d0:	211f      	movs	r1, #31
100002d2:	201a      	movs	r0, #26
100002d4:	f000 fdb0 	bl	10000e38 <gpio_set_function>
100002d8:	2200      	movs	r2, #0
100002da:	2100      	movs	r1, #0
100002dc:	201a      	movs	r0, #26
100002de:	f000 fdc3 	bl	10000e68 <gpio_set_pulls>
100002e2:	2100      	movs	r1, #0
100002e4:	201a      	movs	r0, #26
100002e6:	f000 fdd1 	bl	10000e8c <gpio_set_input_enabled>
100002ea:	22e0      	movs	r2, #224	@ 0xe0
100002ec:	20fa      	movs	r0, #250	@ 0xfa
100002ee:	4d4c      	ldr	r5, [pc, #304]	@ (10000420 <main+0x1a0>)
100002f0:	01d2      	lsls	r2, r2, #7
100002f2:	682b      	ldr	r3, [r5, #0]
100002f4:	00c0      	lsls	r0, r0, #3
100002f6:	4013      	ands	r3, r2
100002f8:	4a4a      	ldr	r2, [pc, #296]	@ (10000424 <main+0x1a4>)
100002fa:	24d0      	movs	r4, #208	@ 0xd0
100002fc:	6013      	str	r3, [r2, #0]
100002fe:	f001 fc51 	bl	10001ba4 <sleep_ms>
10000302:	200e      	movs	r0, #14
10000304:	f000 fdd4 	bl	10000eb0 <gpio_init>
10000308:	2380      	movs	r3, #128	@ 0x80
1000030a:	0624      	lsls	r4, r4, #24
1000030c:	01db      	lsls	r3, r3, #7
1000030e:	2008      	movs	r0, #8
10000310:	6263      	str	r3, [r4, #36]	@ 0x24
10000312:	f000 fdcd 	bl	10000eb0 <gpio_init>
10000316:	2380      	movs	r3, #128	@ 0x80
10000318:	005b      	lsls	r3, r3, #1
1000031a:	6263      	str	r3, [r4, #36]	@ 0x24
1000031c:	200f      	movs	r0, #15
1000031e:	f000 fdc7 	bl	10000eb0 <gpio_init>
10000322:	2380      	movs	r3, #128	@ 0x80
10000324:	021b      	lsls	r3, r3, #8
10000326:	62a3      	str	r3, [r4, #40]	@ 0x28
10000328:	6163      	str	r3, [r4, #20]
1000032a:	4b3f      	ldr	r3, [pc, #252]	@ (10000428 <main+0x1a8>)
1000032c:	4a3f      	ldr	r2, [pc, #252]	@ (1000042c <main+0x1ac>)
1000032e:	9305      	str	r3, [sp, #20]
10000330:	4b3f      	ldr	r3, [pc, #252]	@ (10000430 <main+0x1b0>)
10000332:	9204      	str	r2, [sp, #16]
10000334:	9306      	str	r3, [sp, #24]
10000336:	4b3f      	ldr	r3, [pc, #252]	@ (10000434 <main+0x1b4>)
10000338:	9307      	str	r3, [sp, #28]
1000033a:	4b3f      	ldr	r3, [pc, #252]	@ (10000438 <main+0x1b8>)
1000033c:	469a      	mov	sl, r3
1000033e:	2204      	movs	r2, #4
10000340:	2480      	movs	r4, #128	@ 0x80
10000342:	4b3e      	ldr	r3, [pc, #248]	@ (1000043c <main+0x1bc>)
10000344:	0064      	lsls	r4, r4, #1
10000346:	601a      	str	r2, [r3, #0]
10000348:	682b      	ldr	r3, [r5, #0]
1000034a:	4223      	tst	r3, r4
1000034c:	d0fc      	beq.n	10000348 <main+0xc8>
1000034e:	686b      	ldr	r3, [r5, #4]
10000350:	041b      	lsls	r3, r3, #16
10000352:	0c1b      	lsrs	r3, r3, #16
10000354:	0018      	movs	r0, r3
10000356:	4698      	mov	r8, r3
10000358:	f002 ff4a 	bl	100031f0 <__wrap___aeabi_i2f>
1000035c:	4938      	ldr	r1, [pc, #224]	@ (10000440 <main+0x1c0>)
1000035e:	f002 ff02 	bl	10003166 <__wrap___aeabi_fmul>
10000362:	4938      	ldr	r1, [pc, #224]	@ (10000444 <main+0x1c4>)
10000364:	f002 feff 	bl	10003166 <__wrap___aeabi_fmul>
10000368:	1c06      	adds	r6, r0, #0
1000036a:	f000 fd2f 	bl	10000dcc <filter_voltage>
1000036e:	4683      	mov	fp, r0
10000370:	f000 fc46 	bl	10000c00 <voltage_to_soc>
10000374:	4681      	mov	r9, r0
10000376:	1c30      	adds	r0, r6, #0
10000378:	f002 ff5c 	bl	10003234 <__wrap___aeabi_f2d>
1000037c:	0006      	movs	r6, r0
1000037e:	4648      	mov	r0, r9
10000380:	000f      	movs	r7, r1
10000382:	f002 ff57 	bl	10003234 <__wrap___aeabi_f2d>
10000386:	9002      	str	r0, [sp, #8]
10000388:	9103      	str	r1, [sp, #12]
1000038a:	4658      	mov	r0, fp
1000038c:	f002 ff52 	bl	10003234 <__wrap___aeabi_f2d>
10000390:	0032      	movs	r2, r6
10000392:	003b      	movs	r3, r7
10000394:	9000      	str	r0, [sp, #0]
10000396:	9101      	str	r1, [sp, #4]
10000398:	4641      	mov	r1, r8
1000039a:	9805      	ldr	r0, [sp, #20]
1000039c:	f004 fd9e 	bl	10004edc <__wrap_printf>
100003a0:	2100      	movs	r1, #0
100003a2:	2000      	movs	r0, #0
100003a4:	f000 faac 	bl	10000900 <lcd_set_cursor>
100003a8:	9806      	ldr	r0, [sp, #24]
100003aa:	f000 fb21 	bl	100009f0 <lcd_print>
100003ae:	4658      	mov	r0, fp
100003b0:	f000 fb9c 	bl	10000aec <lcd_print_num>
100003b4:	9807      	ldr	r0, [sp, #28]
100003b6:	f000 fb1b 	bl	100009f0 <lcd_print>
100003ba:	2101      	movs	r1, #1
100003bc:	2000      	movs	r0, #0
100003be:	f000 fa9f 	bl	10000900 <lcd_set_cursor>
100003c2:	4650      	mov	r0, sl
100003c4:	f000 fb14 	bl	100009f0 <lcd_print>
100003c8:	4648      	mov	r0, r9
100003ca:	f000 fb8f 	bl	10000aec <lcd_print_num>
100003ce:	9804      	ldr	r0, [sp, #16]
100003d0:	f000 fb0e 	bl	100009f0 <lcd_print>
100003d4:	4648      	mov	r0, r9
100003d6:	491c      	ldr	r1, [pc, #112]	@ (10000448 <main+0x1c8>)
100003d8:	f002 fef4 	bl	100031c4 <__wrap___aeabi_fcmplt>
100003dc:	2800      	cmp	r0, #0
100003de:	d00d      	beq.n	100003fc <main+0x17c>
100003e0:	23d0      	movs	r3, #208	@ 0xd0
100003e2:	2280      	movs	r2, #128	@ 0x80
100003e4:	061b      	lsls	r3, r3, #24
100003e6:	01d2      	lsls	r2, r2, #7
100003e8:	615a      	str	r2, [r3, #20]
100003ea:	23d0      	movs	r3, #208	@ 0xd0
100003ec:	2280      	movs	r2, #128	@ 0x80
100003ee:	061b      	lsls	r3, r3, #24
100003f0:	0052      	lsls	r2, r2, #1
100003f2:	615a      	str	r2, [r3, #20]
100003f4:	2064      	movs	r0, #100	@ 0x64
100003f6:	f001 fbd5 	bl	10001ba4 <sleep_ms>
100003fa:	e7a0      	b.n	1000033e <main+0xbe>
100003fc:	26d0      	movs	r6, #208	@ 0xd0
100003fe:	2380      	movs	r3, #128	@ 0x80
10000400:	0636      	lsls	r6, r6, #24
10000402:	01db      	lsls	r3, r3, #7
10000404:	4648      	mov	r0, r9
10000406:	4911      	ldr	r1, [pc, #68]	@ (1000044c <main+0x1cc>)
10000408:	61b3      	str	r3, [r6, #24]
1000040a:	f002 fedb 	bl	100031c4 <__wrap___aeabi_fcmplt>
1000040e:	2800      	cmp	r0, #0
10000410:	d1eb      	bne.n	100003ea <main+0x16a>
10000412:	61b4      	str	r4, [r6, #24]
10000414:	e7ee      	b.n	100003f4 <main+0x174>
10000416:	46c0      	nop			@ (mov r8, r8)
10000418:	20001030 	.word	0x20001030
1000041c:	000186a0 	.word	0x000186a0
10000420:	4004c000 	.word	0x4004c000
10000424:	4004d000 	.word	0x4004d000
10000428:	10007578 	.word	0x10007578
1000042c:	100075d0 	.word	0x100075d0
10000430:	100075b8 	.word	0x100075b8
10000434:	100075c4 	.word	0x100075c4
10000438:	100075c8 	.word	0x100075c8
1000043c:	4004e000 	.word	0x4004e000
10000440:	3a533333 	.word	0x3a533333
10000444:	41980000 	.word	0x41980000
10000448:	42200000 	.word	0x42200000
1000044c:	42480000 	.word	0x42480000

10000450 <lcd_init>:
10000450:	b5f0      	push	{r4, r5, r6, r7, lr}
10000452:	4cf9      	ldr	r4, [pc, #996]	@ (10000838 <lcd_init+0x3e8>)
10000454:	4df9      	ldr	r5, [pc, #996]	@ (1000083c <lcd_init+0x3ec>)
10000456:	b085      	sub	sp, #20
10000458:	6020      	str	r0, [r4, #0]
1000045a:	2032      	movs	r0, #50	@ 0x32
1000045c:	2600      	movs	r6, #0
1000045e:	2738      	movs	r7, #56	@ 0x38
10000460:	7029      	strb	r1, [r5, #0]
10000462:	f001 fb9f 	bl	10001ba4 <sleep_ms>
10000466:	466b      	mov	r3, sp
10000468:	220f      	movs	r2, #15
1000046a:	7829      	ldrb	r1, [r5, #0]
1000046c:	73df      	strb	r7, [r3, #15]
1000046e:	6820      	ldr	r0, [r4, #0]
10000470:	446a      	add	r2, sp
10000472:	2301      	movs	r3, #1
10000474:	9600      	str	r6, [sp, #0]
10000476:	f006 ffc5 	bl	10007404 <i2c_write_blocking>
1000047a:	466a      	mov	r2, sp
1000047c:	213c      	movs	r1, #60	@ 0x3c
1000047e:	73d1      	strb	r1, [r2, #15]
10000480:	220f      	movs	r2, #15
10000482:	7829      	ldrb	r1, [r5, #0]
10000484:	446a      	add	r2, sp
10000486:	2301      	movs	r3, #1
10000488:	6820      	ldr	r0, [r4, #0]
1000048a:	9600      	str	r6, [sp, #0]
1000048c:	f006 ffba 	bl	10007404 <i2c_write_blocking>
10000490:	2001      	movs	r0, #1
10000492:	2100      	movs	r1, #0
10000494:	f001 fb10 	bl	10001ab8 <sleep_us>
10000498:	466a      	mov	r2, sp
1000049a:	73d7      	strb	r7, [r2, #15]
1000049c:	220f      	movs	r2, #15
1000049e:	2301      	movs	r3, #1
100004a0:	446a      	add	r2, sp
100004a2:	7829      	ldrb	r1, [r5, #0]
100004a4:	6820      	ldr	r0, [r4, #0]
100004a6:	9600      	str	r6, [sp, #0]
100004a8:	f006 ffac 	bl	10007404 <i2c_write_blocking>
100004ac:	2100      	movs	r1, #0
100004ae:	2032      	movs	r0, #50	@ 0x32
100004b0:	f001 fb02 	bl	10001ab8 <sleep_us>
100004b4:	2005      	movs	r0, #5
100004b6:	f001 fb75 	bl	10001ba4 <sleep_ms>
100004ba:	466a      	mov	r2, sp
100004bc:	73d7      	strb	r7, [r2, #15]
100004be:	220f      	movs	r2, #15
100004c0:	7829      	ldrb	r1, [r5, #0]
100004c2:	6820      	ldr	r0, [r4, #0]
100004c4:	446a      	add	r2, sp
100004c6:	2301      	movs	r3, #1
100004c8:	9600      	str	r6, [sp, #0]
100004ca:	f006 ff9b 	bl	10007404 <i2c_write_blocking>
100004ce:	466a      	mov	r2, sp
100004d0:	213c      	movs	r1, #60	@ 0x3c
100004d2:	73d1      	strb	r1, [r2, #15]
100004d4:	220f      	movs	r2, #15
100004d6:	7829      	ldrb	r1, [r5, #0]
100004d8:	446a      	add	r2, sp
100004da:	2301      	movs	r3, #1
100004dc:	6820      	ldr	r0, [r4, #0]
100004de:	9600      	str	r6, [sp, #0]
100004e0:	f006 ff90 	bl	10007404 <i2c_write_blocking>
100004e4:	2001      	movs	r0, #1
100004e6:	2100      	movs	r1, #0
100004e8:	f001 fae6 	bl	10001ab8 <sleep_us>
100004ec:	466a      	mov	r2, sp
100004ee:	73d7      	strb	r7, [r2, #15]
100004f0:	220f      	movs	r2, #15
100004f2:	2301      	movs	r3, #1
100004f4:	446a      	add	r2, sp
100004f6:	7829      	ldrb	r1, [r5, #0]
100004f8:	6820      	ldr	r0, [r4, #0]
100004fa:	9600      	str	r6, [sp, #0]
100004fc:	f006 ff82 	bl	10007404 <i2c_write_blocking>
10000500:	2032      	movs	r0, #50	@ 0x32
10000502:	2100      	movs	r1, #0
10000504:	f001 fad8 	bl	10001ab8 <sleep_us>
10000508:	2096      	movs	r0, #150	@ 0x96
1000050a:	2100      	movs	r1, #0
1000050c:	f001 fad4 	bl	10001ab8 <sleep_us>
10000510:	466a      	mov	r2, sp
10000512:	73d7      	strb	r7, [r2, #15]
10000514:	220f      	movs	r2, #15
10000516:	7829      	ldrb	r1, [r5, #0]
10000518:	6820      	ldr	r0, [r4, #0]
1000051a:	446a      	add	r2, sp
1000051c:	2301      	movs	r3, #1
1000051e:	9600      	str	r6, [sp, #0]
10000520:	f006 ff70 	bl	10007404 <i2c_write_blocking>
10000524:	466a      	mov	r2, sp
10000526:	233c      	movs	r3, #60	@ 0x3c
10000528:	73d3      	strb	r3, [r2, #15]
1000052a:	220f      	movs	r2, #15
1000052c:	7829      	ldrb	r1, [r5, #0]
1000052e:	446a      	add	r2, sp
10000530:	6820      	ldr	r0, [r4, #0]
10000532:	3b3b      	subs	r3, #59	@ 0x3b
10000534:	9600      	str	r6, [sp, #0]
10000536:	f006 ff65 	bl	10007404 <i2c_write_blocking>
1000053a:	2001      	movs	r0, #1
1000053c:	2100      	movs	r1, #0
1000053e:	f001 fabb 	bl	10001ab8 <sleep_us>
10000542:	466b      	mov	r3, sp
10000544:	220f      	movs	r2, #15
10000546:	7829      	ldrb	r1, [r5, #0]
10000548:	73df      	strb	r7, [r3, #15]
1000054a:	446a      	add	r2, sp
1000054c:	2301      	movs	r3, #1
1000054e:	6820      	ldr	r0, [r4, #0]
10000550:	9600      	str	r6, [sp, #0]
10000552:	f006 ff57 	bl	10007404 <i2c_write_blocking>
10000556:	2032      	movs	r0, #50	@ 0x32
10000558:	2100      	movs	r1, #0
1000055a:	f001 faad 	bl	10001ab8 <sleep_us>
1000055e:	466b      	mov	r3, sp
10000560:	220f      	movs	r2, #15
10000562:	3f10      	subs	r7, #16
10000564:	7829      	ldrb	r1, [r5, #0]
10000566:	73df      	strb	r7, [r3, #15]
10000568:	6820      	ldr	r0, [r4, #0]
1000056a:	446a      	add	r2, sp
1000056c:	2301      	movs	r3, #1
1000056e:	9600      	str	r6, [sp, #0]
10000570:	f006 ff48 	bl	10007404 <i2c_write_blocking>
10000574:	466a      	mov	r2, sp
10000576:	212c      	movs	r1, #44	@ 0x2c
10000578:	73d1      	strb	r1, [r2, #15]
1000057a:	220f      	movs	r2, #15
1000057c:	7829      	ldrb	r1, [r5, #0]
1000057e:	446a      	add	r2, sp
10000580:	2301      	movs	r3, #1
10000582:	6820      	ldr	r0, [r4, #0]
10000584:	9600      	str	r6, [sp, #0]
10000586:	f006 ff3d 	bl	10007404 <i2c_write_blocking>
1000058a:	2001      	movs	r0, #1
1000058c:	2100      	movs	r1, #0
1000058e:	f001 fa93 	bl	10001ab8 <sleep_us>
10000592:	466a      	mov	r2, sp
10000594:	73d7      	strb	r7, [r2, #15]
10000596:	220f      	movs	r2, #15
10000598:	7829      	ldrb	r1, [r5, #0]
1000059a:	446a      	add	r2, sp
1000059c:	2301      	movs	r3, #1
1000059e:	6820      	ldr	r0, [r4, #0]
100005a0:	9600      	str	r6, [sp, #0]
100005a2:	f006 ff2f 	bl	10007404 <i2c_write_blocking>
100005a6:	2032      	movs	r0, #50	@ 0x32
100005a8:	2100      	movs	r1, #0
100005aa:	f001 fa85 	bl	10001ab8 <sleep_us>
100005ae:	466a      	mov	r2, sp
100005b0:	73d7      	strb	r7, [r2, #15]
100005b2:	220f      	movs	r2, #15
100005b4:	7829      	ldrb	r1, [r5, #0]
100005b6:	6820      	ldr	r0, [r4, #0]
100005b8:	446a      	add	r2, sp
100005ba:	2301      	movs	r3, #1
100005bc:	9600      	str	r6, [sp, #0]
100005be:	f006 ff21 	bl	10007404 <i2c_write_blocking>
100005c2:	466a      	mov	r2, sp
100005c4:	232c      	movs	r3, #44	@ 0x2c
100005c6:	73d3      	strb	r3, [r2, #15]
100005c8:	220f      	movs	r2, #15
100005ca:	7829      	ldrb	r1, [r5, #0]
100005cc:	446a      	add	r2, sp
100005ce:	6820      	ldr	r0, [r4, #0]
100005d0:	3b2b      	subs	r3, #43	@ 0x2b
100005d2:	9600      	str	r6, [sp, #0]
100005d4:	f006 ff16 	bl	10007404 <i2c_write_blocking>
100005d8:	2001      	movs	r0, #1
100005da:	2100      	movs	r1, #0
100005dc:	f001 fa6c 	bl	10001ab8 <sleep_us>
100005e0:	466b      	mov	r3, sp
100005e2:	220f      	movs	r2, #15
100005e4:	7829      	ldrb	r1, [r5, #0]
100005e6:	73df      	strb	r7, [r3, #15]
100005e8:	446a      	add	r2, sp
100005ea:	2301      	movs	r3, #1
100005ec:	6820      	ldr	r0, [r4, #0]
100005ee:	9600      	str	r6, [sp, #0]
100005f0:	f006 ff08 	bl	10007404 <i2c_write_blocking>
100005f4:	2032      	movs	r0, #50	@ 0x32
100005f6:	2100      	movs	r1, #0
100005f8:	f001 fa5e 	bl	10001ab8 <sleep_us>
100005fc:	466b      	mov	r3, sp
100005fe:	220f      	movs	r2, #15
10000600:	3760      	adds	r7, #96	@ 0x60
10000602:	7829      	ldrb	r1, [r5, #0]
10000604:	73df      	strb	r7, [r3, #15]
10000606:	6820      	ldr	r0, [r4, #0]
10000608:	446a      	add	r2, sp
1000060a:	2301      	movs	r3, #1
1000060c:	9600      	str	r6, [sp, #0]
1000060e:	f006 fef9 	bl	10007404 <i2c_write_blocking>
10000612:	466a      	mov	r2, sp
10000614:	238c      	movs	r3, #140	@ 0x8c
10000616:	73d3      	strb	r3, [r2, #15]
10000618:	220f      	movs	r2, #15
1000061a:	7829      	ldrb	r1, [r5, #0]
1000061c:	446a      	add	r2, sp
1000061e:	6820      	ldr	r0, [r4, #0]
10000620:	3b8b      	subs	r3, #139	@ 0x8b
10000622:	9600      	str	r6, [sp, #0]
10000624:	f006 feee 	bl	10007404 <i2c_write_blocking>
10000628:	2001      	movs	r0, #1
1000062a:	2100      	movs	r1, #0
1000062c:	f001 fa44 	bl	10001ab8 <sleep_us>
10000630:	466b      	mov	r3, sp
10000632:	220f      	movs	r2, #15
10000634:	7829      	ldrb	r1, [r5, #0]
10000636:	73df      	strb	r7, [r3, #15]
10000638:	446a      	add	r2, sp
1000063a:	2301      	movs	r3, #1
1000063c:	6820      	ldr	r0, [r4, #0]
1000063e:	9600      	str	r6, [sp, #0]
10000640:	f006 fee0 	bl	10007404 <i2c_write_blocking>
10000644:	2032      	movs	r0, #50	@ 0x32
10000646:	2100      	movs	r1, #0
10000648:	f001 fa36 	bl	10001ab8 <sleep_us>
1000064c:	466b      	mov	r3, sp
1000064e:	220f      	movs	r2, #15
10000650:	3f80      	subs	r7, #128	@ 0x80
10000652:	7829      	ldrb	r1, [r5, #0]
10000654:	73df      	strb	r7, [r3, #15]
10000656:	6820      	ldr	r0, [r4, #0]
10000658:	446a      	add	r2, sp
1000065a:	2301      	movs	r3, #1
1000065c:	9600      	str	r6, [sp, #0]
1000065e:	f006 fed1 	bl	10007404 <i2c_write_blocking>
10000662:	466a      	mov	r2, sp
10000664:	210c      	movs	r1, #12
10000666:	73d1      	strb	r1, [r2, #15]
10000668:	220f      	movs	r2, #15
1000066a:	7829      	ldrb	r1, [r5, #0]
1000066c:	446a      	add	r2, sp
1000066e:	2301      	movs	r3, #1
10000670:	6820      	ldr	r0, [r4, #0]
10000672:	9600      	str	r6, [sp, #0]
10000674:	f006 fec6 	bl	10007404 <i2c_write_blocking>
10000678:	2001      	movs	r0, #1
1000067a:	2100      	movs	r1, #0
1000067c:	f001 fa1c 	bl	10001ab8 <sleep_us>
10000680:	466a      	mov	r2, sp
10000682:	73d7      	strb	r7, [r2, #15]
10000684:	220f      	movs	r2, #15
10000686:	7829      	ldrb	r1, [r5, #0]
10000688:	446a      	add	r2, sp
1000068a:	2301      	movs	r3, #1
1000068c:	6820      	ldr	r0, [r4, #0]
1000068e:	9600      	str	r6, [sp, #0]
10000690:	f006 feb8 	bl	10007404 <i2c_write_blocking>
10000694:	2032      	movs	r0, #50	@ 0x32
10000696:	2100      	movs	r1, #0
10000698:	f001 fa0e 	bl	10001ab8 <sleep_us>
1000069c:	4669      	mov	r1, sp
1000069e:	22c8      	movs	r2, #200	@ 0xc8
100006a0:	73ca      	strb	r2, [r1, #15]
100006a2:	3ab9      	subs	r2, #185	@ 0xb9
100006a4:	7829      	ldrb	r1, [r5, #0]
100006a6:	6820      	ldr	r0, [r4, #0]
100006a8:	446a      	add	r2, sp
100006aa:	2301      	movs	r3, #1
100006ac:	9600      	str	r6, [sp, #0]
100006ae:	f006 fea9 	bl	10007404 <i2c_write_blocking>
100006b2:	4669      	mov	r1, sp
100006b4:	23cc      	movs	r3, #204	@ 0xcc
100006b6:	220f      	movs	r2, #15
100006b8:	73cb      	strb	r3, [r1, #15]
100006ba:	446a      	add	r2, sp
100006bc:	7829      	ldrb	r1, [r5, #0]
100006be:	6820      	ldr	r0, [r4, #0]
100006c0:	3bcb      	subs	r3, #203	@ 0xcb
100006c2:	9600      	str	r6, [sp, #0]
100006c4:	f006 fe9e 	bl	10007404 <i2c_write_blocking>
100006c8:	2001      	movs	r0, #1
100006ca:	2100      	movs	r1, #0
100006cc:	f001 f9f4 	bl	10001ab8 <sleep_us>
100006d0:	4669      	mov	r1, sp
100006d2:	22c8      	movs	r2, #200	@ 0xc8
100006d4:	73ca      	strb	r2, [r1, #15]
100006d6:	3ab9      	subs	r2, #185	@ 0xb9
100006d8:	7829      	ldrb	r1, [r5, #0]
100006da:	446a      	add	r2, sp
100006dc:	2301      	movs	r3, #1
100006de:	6820      	ldr	r0, [r4, #0]
100006e0:	9600      	str	r6, [sp, #0]
100006e2:	f006 fe8f 	bl	10007404 <i2c_write_blocking>
100006e6:	2032      	movs	r0, #50	@ 0x32
100006e8:	2100      	movs	r1, #0
100006ea:	f001 f9e5 	bl	10001ab8 <sleep_us>
100006ee:	466a      	mov	r2, sp
100006f0:	73d7      	strb	r7, [r2, #15]
100006f2:	220f      	movs	r2, #15
100006f4:	7829      	ldrb	r1, [r5, #0]
100006f6:	6820      	ldr	r0, [r4, #0]
100006f8:	446a      	add	r2, sp
100006fa:	2301      	movs	r3, #1
100006fc:	9600      	str	r6, [sp, #0]
100006fe:	f006 fe81 	bl	10007404 <i2c_write_blocking>
10000702:	466a      	mov	r2, sp
10000704:	210c      	movs	r1, #12
10000706:	73d1      	strb	r1, [r2, #15]
10000708:	220f      	movs	r2, #15
1000070a:	7829      	ldrb	r1, [r5, #0]
1000070c:	446a      	add	r2, sp
1000070e:	2301      	movs	r3, #1
10000710:	6820      	ldr	r0, [r4, #0]
10000712:	9600      	str	r6, [sp, #0]
10000714:	f006 fe76 	bl	10007404 <i2c_write_blocking>
10000718:	2001      	movs	r0, #1
1000071a:	2100      	movs	r1, #0
1000071c:	f001 f9cc 	bl	10001ab8 <sleep_us>
10000720:	466a      	mov	r2, sp
10000722:	73d7      	strb	r7, [r2, #15]
10000724:	220f      	movs	r2, #15
10000726:	7829      	ldrb	r1, [r5, #0]
10000728:	446a      	add	r2, sp
1000072a:	2301      	movs	r3, #1
1000072c:	6820      	ldr	r0, [r4, #0]
1000072e:	9600      	str	r6, [sp, #0]
10000730:	f006 fe68 	bl	10007404 <i2c_write_blocking>
10000734:	2032      	movs	r0, #50	@ 0x32
10000736:	2100      	movs	r1, #0
10000738:	f001 f9be 	bl	10001ab8 <sleep_us>
1000073c:	4669      	mov	r1, sp
1000073e:	2068      	movs	r0, #104	@ 0x68
10000740:	220f      	movs	r2, #15
10000742:	73c8      	strb	r0, [r1, #15]
10000744:	446a      	add	r2, sp
10000746:	7829      	ldrb	r1, [r5, #0]
10000748:	6820      	ldr	r0, [r4, #0]
1000074a:	2301      	movs	r3, #1
1000074c:	9600      	str	r6, [sp, #0]
1000074e:	f006 fe59 	bl	10007404 <i2c_write_blocking>
10000752:	4669      	mov	r1, sp
10000754:	236c      	movs	r3, #108	@ 0x6c
10000756:	220f      	movs	r2, #15
10000758:	73cb      	strb	r3, [r1, #15]
1000075a:	446a      	add	r2, sp
1000075c:	7829      	ldrb	r1, [r5, #0]
1000075e:	6820      	ldr	r0, [r4, #0]
10000760:	3b6b      	subs	r3, #107	@ 0x6b
10000762:	9600      	str	r6, [sp, #0]
10000764:	f006 fe4e 	bl	10007404 <i2c_write_blocking>
10000768:	2001      	movs	r0, #1
1000076a:	2100      	movs	r1, #0
1000076c:	f001 f9a4 	bl	10001ab8 <sleep_us>
10000770:	4669      	mov	r1, sp
10000772:	2268      	movs	r2, #104	@ 0x68
10000774:	73ca      	strb	r2, [r1, #15]
10000776:	3a59      	subs	r2, #89	@ 0x59
10000778:	7829      	ldrb	r1, [r5, #0]
1000077a:	446a      	add	r2, sp
1000077c:	2301      	movs	r3, #1
1000077e:	6820      	ldr	r0, [r4, #0]
10000780:	9600      	str	r6, [sp, #0]
10000782:	f006 fe3f 	bl	10007404 <i2c_write_blocking>
10000786:	2032      	movs	r0, #50	@ 0x32
10000788:	2100      	movs	r1, #0
1000078a:	f001 f995 	bl	10001ab8 <sleep_us>
1000078e:	466a      	mov	r2, sp
10000790:	73d7      	strb	r7, [r2, #15]
10000792:	220f      	movs	r2, #15
10000794:	7829      	ldrb	r1, [r5, #0]
10000796:	6820      	ldr	r0, [r4, #0]
10000798:	446a      	add	r2, sp
1000079a:	2301      	movs	r3, #1
1000079c:	9600      	str	r6, [sp, #0]
1000079e:	f006 fe31 	bl	10007404 <i2c_write_blocking>
100007a2:	466a      	mov	r2, sp
100007a4:	230c      	movs	r3, #12
100007a6:	73d3      	strb	r3, [r2, #15]
100007a8:	220f      	movs	r2, #15
100007aa:	7829      	ldrb	r1, [r5, #0]
100007ac:	446a      	add	r2, sp
100007ae:	6820      	ldr	r0, [r4, #0]
100007b0:	3b0b      	subs	r3, #11
100007b2:	9600      	str	r6, [sp, #0]
100007b4:	f006 fe26 	bl	10007404 <i2c_write_blocking>
100007b8:	2001      	movs	r0, #1
100007ba:	2100      	movs	r1, #0
100007bc:	f001 f97c 	bl	10001ab8 <sleep_us>
100007c0:	466b      	mov	r3, sp
100007c2:	220f      	movs	r2, #15
100007c4:	7829      	ldrb	r1, [r5, #0]
100007c6:	73df      	strb	r7, [r3, #15]
100007c8:	446a      	add	r2, sp
100007ca:	2301      	movs	r3, #1
100007cc:	6820      	ldr	r0, [r4, #0]
100007ce:	9600      	str	r6, [sp, #0]
100007d0:	f006 fe18 	bl	10007404 <i2c_write_blocking>
100007d4:	2032      	movs	r0, #50	@ 0x32
100007d6:	2100      	movs	r1, #0
100007d8:	f001 f96e 	bl	10001ab8 <sleep_us>
100007dc:	466b      	mov	r3, sp
100007de:	220f      	movs	r2, #15
100007e0:	3710      	adds	r7, #16
100007e2:	7829      	ldrb	r1, [r5, #0]
100007e4:	73df      	strb	r7, [r3, #15]
100007e6:	6820      	ldr	r0, [r4, #0]
100007e8:	446a      	add	r2, sp
100007ea:	2301      	movs	r3, #1
100007ec:	9600      	str	r6, [sp, #0]
100007ee:	f006 fe09 	bl	10007404 <i2c_write_blocking>
100007f2:	466a      	mov	r2, sp
100007f4:	231c      	movs	r3, #28
100007f6:	73d3      	strb	r3, [r2, #15]
100007f8:	220f      	movs	r2, #15
100007fa:	7829      	ldrb	r1, [r5, #0]
100007fc:	446a      	add	r2, sp
100007fe:	6820      	ldr	r0, [r4, #0]
10000800:	3b1b      	subs	r3, #27
10000802:	9600      	str	r6, [sp, #0]
10000804:	f006 fdfe 	bl	10007404 <i2c_write_blocking>
10000808:	2001      	movs	r0, #1
1000080a:	2100      	movs	r1, #0
1000080c:	f001 f954 	bl	10001ab8 <sleep_us>
10000810:	466b      	mov	r3, sp
10000812:	220f      	movs	r2, #15
10000814:	7829      	ldrb	r1, [r5, #0]
10000816:	73df      	strb	r7, [r3, #15]
10000818:	446a      	add	r2, sp
1000081a:	2301      	movs	r3, #1
1000081c:	6820      	ldr	r0, [r4, #0]
1000081e:	9600      	str	r6, [sp, #0]
10000820:	f006 fdf0 	bl	10007404 <i2c_write_blocking>
10000824:	2100      	movs	r1, #0
10000826:	2032      	movs	r0, #50	@ 0x32
10000828:	f001 f946 	bl	10001ab8 <sleep_us>
1000082c:	2002      	movs	r0, #2
1000082e:	f001 f9b9 	bl	10001ba4 <sleep_ms>
10000832:	b005      	add	sp, #20
10000834:	e004      	b.n	10000840 <lcd_init+0x3f0>
10000836:	46c0      	nop			@ (mov r8, r8)
10000838:	20001c04 	.word	0x20001c04
1000083c:	20001d24 	.word	0x20001d24
10000840:	bdf0      	pop	{r4, r5, r6, r7, pc}
10000842:	46c0      	nop			@ (mov r8, r8)

10000844 <lcd_clear>:
10000844:	b5f0      	push	{r4, r5, r6, r7, lr}
10000846:	b085      	sub	sp, #20
10000848:	2400      	movs	r4, #0
1000084a:	2708      	movs	r7, #8
1000084c:	466b      	mov	r3, sp
1000084e:	220f      	movs	r2, #15
10000850:	4e29      	ldr	r6, [pc, #164]	@ (100008f8 <lcd_clear+0xb4>)
10000852:	4d2a      	ldr	r5, [pc, #168]	@ (100008fc <lcd_clear+0xb8>)
10000854:	7831      	ldrb	r1, [r6, #0]
10000856:	73df      	strb	r7, [r3, #15]
10000858:	6828      	ldr	r0, [r5, #0]
1000085a:	446a      	add	r2, sp
1000085c:	2301      	movs	r3, #1
1000085e:	9400      	str	r4, [sp, #0]
10000860:	f006 fdd0 	bl	10007404 <i2c_write_blocking>
10000864:	466a      	mov	r2, sp
10000866:	230c      	movs	r3, #12
10000868:	73d3      	strb	r3, [r2, #15]
1000086a:	220f      	movs	r2, #15
1000086c:	7831      	ldrb	r1, [r6, #0]
1000086e:	446a      	add	r2, sp
10000870:	6828      	ldr	r0, [r5, #0]
10000872:	3b0b      	subs	r3, #11
10000874:	9400      	str	r4, [sp, #0]
10000876:	f006 fdc5 	bl	10007404 <i2c_write_blocking>
1000087a:	2001      	movs	r0, #1
1000087c:	2100      	movs	r1, #0
1000087e:	f001 f91b 	bl	10001ab8 <sleep_us>
10000882:	466b      	mov	r3, sp
10000884:	220f      	movs	r2, #15
10000886:	7831      	ldrb	r1, [r6, #0]
10000888:	73df      	strb	r7, [r3, #15]
1000088a:	446a      	add	r2, sp
1000088c:	2301      	movs	r3, #1
1000088e:	6828      	ldr	r0, [r5, #0]
10000890:	9400      	str	r4, [sp, #0]
10000892:	f006 fdb7 	bl	10007404 <i2c_write_blocking>
10000896:	2032      	movs	r0, #50	@ 0x32
10000898:	2100      	movs	r1, #0
1000089a:	f001 f90d 	bl	10001ab8 <sleep_us>
1000089e:	466b      	mov	r3, sp
100008a0:	220f      	movs	r2, #15
100008a2:	3710      	adds	r7, #16
100008a4:	7831      	ldrb	r1, [r6, #0]
100008a6:	73df      	strb	r7, [r3, #15]
100008a8:	6828      	ldr	r0, [r5, #0]
100008aa:	446a      	add	r2, sp
100008ac:	2301      	movs	r3, #1
100008ae:	9400      	str	r4, [sp, #0]
100008b0:	f006 fda8 	bl	10007404 <i2c_write_blocking>
100008b4:	466a      	mov	r2, sp
100008b6:	231c      	movs	r3, #28
100008b8:	73d3      	strb	r3, [r2, #15]
100008ba:	220f      	movs	r2, #15
100008bc:	7831      	ldrb	r1, [r6, #0]
100008be:	446a      	add	r2, sp
100008c0:	6828      	ldr	r0, [r5, #0]
100008c2:	3b1b      	subs	r3, #27
100008c4:	9400      	str	r4, [sp, #0]
100008c6:	f006 fd9d 	bl	10007404 <i2c_write_blocking>
100008ca:	2001      	movs	r0, #1
100008cc:	2100      	movs	r1, #0
100008ce:	f001 f8f3 	bl	10001ab8 <sleep_us>
100008d2:	466b      	mov	r3, sp
100008d4:	220f      	movs	r2, #15
100008d6:	7831      	ldrb	r1, [r6, #0]
100008d8:	73df      	strb	r7, [r3, #15]
100008da:	446a      	add	r2, sp
100008dc:	2301      	movs	r3, #1
100008de:	6828      	ldr	r0, [r5, #0]
100008e0:	9400      	str	r4, [sp, #0]
100008e2:	f006 fd8f 	bl	10007404 <i2c_write_blocking>
100008e6:	2100      	movs	r1, #0
100008e8:	2032      	movs	r0, #50	@ 0x32
100008ea:	f001 f8e5 	bl	10001ab8 <sleep_us>
100008ee:	2002      	movs	r0, #2
100008f0:	f001 f958 	bl	10001ba4 <sleep_ms>
100008f4:	b005      	add	sp, #20
100008f6:	bdf0      	pop	{r4, r5, r6, r7, pc}
100008f8:	20001d24 	.word	0x20001d24
100008fc:	20001c04 	.word	0x20001c04

10000900 <lcd_set_cursor>:
10000900:	b5f0      	push	{r4, r5, r6, r7, lr}
10000902:	46c6      	mov	lr, r8
10000904:	b500      	push	{lr}
10000906:	4a37      	ldr	r2, [pc, #220]	@ (100009e4 <lcd_set_cursor+0xe4>)
10000908:	b086      	sub	sp, #24
1000090a:	1c0b      	adds	r3, r1, #0
1000090c:	2900      	cmp	r1, #0
1000090e:	d000      	beq.n	10000912 <lcd_set_cursor+0x12>
10000910:	2301      	movs	r3, #1
10000912:	b2db      	uxtb	r3, r3
10000914:	5cd6      	ldrb	r6, [r2, r3]
10000916:	230f      	movs	r3, #15
10000918:	1986      	adds	r6, r0, r6
1000091a:	b2f6      	uxtb	r6, r6
1000091c:	0032      	movs	r2, r6
1000091e:	2578      	movs	r5, #120	@ 0x78
10000920:	240f      	movs	r4, #15
10000922:	2700      	movs	r7, #0
10000924:	439a      	bics	r2, r3
10000926:	ab02      	add	r3, sp, #8
10000928:	18e4      	adds	r4, r4, r3
1000092a:	482f      	ldr	r0, [pc, #188]	@ (100009e8 <lcd_set_cursor+0xe8>)
1000092c:	4b2f      	ldr	r3, [pc, #188]	@ (100009ec <lcd_set_cursor+0xec>)
1000092e:	426d      	negs	r5, r5
10000930:	4315      	orrs	r5, r2
10000932:	4680      	mov	r8, r0
10000934:	7819      	ldrb	r1, [r3, #0]
10000936:	7025      	strb	r5, [r4, #0]
10000938:	9203      	str	r2, [sp, #12]
1000093a:	9302      	str	r3, [sp, #8]
1000093c:	0022      	movs	r2, r4
1000093e:	2301      	movs	r3, #1
10000940:	6800      	ldr	r0, [r0, #0]
10000942:	9700      	str	r7, [sp, #0]
10000944:	f006 fd5e 	bl	10007404 <i2c_write_blocking>
10000948:	2374      	movs	r3, #116	@ 0x74
1000094a:	9a03      	ldr	r2, [sp, #12]
1000094c:	425b      	negs	r3, r3
1000094e:	4313      	orrs	r3, r2
10000950:	4642      	mov	r2, r8
10000952:	7023      	strb	r3, [r4, #0]
10000954:	9b02      	ldr	r3, [sp, #8]
10000956:	6810      	ldr	r0, [r2, #0]
10000958:	7819      	ldrb	r1, [r3, #0]
1000095a:	0022      	movs	r2, r4
1000095c:	2301      	movs	r3, #1
1000095e:	9700      	str	r7, [sp, #0]
10000960:	f006 fd50 	bl	10007404 <i2c_write_blocking>
10000964:	2001      	movs	r0, #1
10000966:	2100      	movs	r1, #0
10000968:	f001 f8a6 	bl	10001ab8 <sleep_us>
1000096c:	4642      	mov	r2, r8
1000096e:	9b02      	ldr	r3, [sp, #8]
10000970:	7025      	strb	r5, [r4, #0]
10000972:	7819      	ldrb	r1, [r3, #0]
10000974:	6810      	ldr	r0, [r2, #0]
10000976:	2301      	movs	r3, #1
10000978:	0022      	movs	r2, r4
1000097a:	9700      	str	r7, [sp, #0]
1000097c:	f006 fd42 	bl	10007404 <i2c_write_blocking>
10000980:	2508      	movs	r5, #8
10000982:	2032      	movs	r0, #50	@ 0x32
10000984:	2100      	movs	r1, #0
10000986:	f001 f897 	bl	10001ab8 <sleep_us>
1000098a:	4642      	mov	r2, r8
1000098c:	9b02      	ldr	r3, [sp, #8]
1000098e:	0136      	lsls	r6, r6, #4
10000990:	4335      	orrs	r5, r6
10000992:	7819      	ldrb	r1, [r3, #0]
10000994:	6810      	ldr	r0, [r2, #0]
10000996:	7025      	strb	r5, [r4, #0]
10000998:	0022      	movs	r2, r4
1000099a:	2301      	movs	r3, #1
1000099c:	9700      	str	r7, [sp, #0]
1000099e:	f006 fd31 	bl	10007404 <i2c_write_blocking>
100009a2:	230c      	movs	r3, #12
100009a4:	431e      	orrs	r6, r3
100009a6:	4643      	mov	r3, r8
100009a8:	7026      	strb	r6, [r4, #0]
100009aa:	9e02      	ldr	r6, [sp, #8]
100009ac:	0022      	movs	r2, r4
100009ae:	7831      	ldrb	r1, [r6, #0]
100009b0:	6818      	ldr	r0, [r3, #0]
100009b2:	2301      	movs	r3, #1
100009b4:	9700      	str	r7, [sp, #0]
100009b6:	f006 fd25 	bl	10007404 <i2c_write_blocking>
100009ba:	2001      	movs	r0, #1
100009bc:	2100      	movs	r1, #0
100009be:	f001 f87b 	bl	10001ab8 <sleep_us>
100009c2:	4643      	mov	r3, r8
100009c4:	7831      	ldrb	r1, [r6, #0]
100009c6:	0022      	movs	r2, r4
100009c8:	6818      	ldr	r0, [r3, #0]
100009ca:	7025      	strb	r5, [r4, #0]
100009cc:	2301      	movs	r3, #1
100009ce:	9700      	str	r7, [sp, #0]
100009d0:	f006 fd18 	bl	10007404 <i2c_write_blocking>
100009d4:	2032      	movs	r0, #50	@ 0x32
100009d6:	2100      	movs	r1, #0
100009d8:	f001 f86e 	bl	10001ab8 <sleep_us>
100009dc:	b006      	add	sp, #24
100009de:	bc80      	pop	{r7}
100009e0:	46b8      	mov	r8, r7
100009e2:	bdf0      	pop	{r4, r5, r6, r7, pc}
100009e4:	10007748 	.word	0x10007748
100009e8:	20001c04 	.word	0x20001c04
100009ec:	20001d24 	.word	0x20001d24

100009f0 <lcd_print>:
100009f0:	b5f0      	push	{r4, r5, r6, r7, lr}
100009f2:	4657      	mov	r7, sl
100009f4:	4645      	mov	r5, r8
100009f6:	46de      	mov	lr, fp
100009f8:	464e      	mov	r6, r9
100009fa:	b5e0      	push	{r5, r6, r7, lr}
100009fc:	7805      	ldrb	r5, [r0, #0]
100009fe:	4682      	mov	sl, r0
10000a00:	b085      	sub	sp, #20
10000a02:	2d00      	cmp	r5, #0
10000a04:	d067      	beq.n	10000ad6 <lcd_print+0xe6>
10000a06:	4b37      	ldr	r3, [pc, #220]	@ (10000ae4 <lcd_print+0xf4>)
10000a08:	4f37      	ldr	r7, [pc, #220]	@ (10000ae8 <lcd_print+0xf8>)
10000a0a:	4698      	mov	r8, r3
10000a0c:	003b      	movs	r3, r7
10000a0e:	240f      	movs	r4, #15
10000a10:	4647      	mov	r7, r8
10000a12:	2600      	movs	r6, #0
10000a14:	4698      	mov	r8, r3
10000a16:	446c      	add	r4, sp
10000a18:	2301      	movs	r3, #1
10000a1a:	220f      	movs	r2, #15
10000a1c:	449a      	add	sl, r3
10000a1e:	002b      	movs	r3, r5
10000a20:	4393      	bics	r3, r2
10000a22:	4699      	mov	r9, r3
10000a24:	2309      	movs	r3, #9
10000a26:	464a      	mov	r2, r9
10000a28:	4313      	orrs	r3, r2
10000a2a:	7023      	strb	r3, [r4, #0]
10000a2c:	469b      	mov	fp, r3
10000a2e:	4643      	mov	r3, r8
10000a30:	7839      	ldrb	r1, [r7, #0]
10000a32:	6818      	ldr	r0, [r3, #0]
10000a34:	0022      	movs	r2, r4
10000a36:	2301      	movs	r3, #1
10000a38:	9600      	str	r6, [sp, #0]
10000a3a:	f006 fce3 	bl	10007404 <i2c_write_blocking>
10000a3e:	464b      	mov	r3, r9
10000a40:	220d      	movs	r2, #13
10000a42:	4313      	orrs	r3, r2
10000a44:	7023      	strb	r3, [r4, #0]
10000a46:	4643      	mov	r3, r8
10000a48:	0022      	movs	r2, r4
10000a4a:	7839      	ldrb	r1, [r7, #0]
10000a4c:	6818      	ldr	r0, [r3, #0]
10000a4e:	2301      	movs	r3, #1
10000a50:	9600      	str	r6, [sp, #0]
10000a52:	f006 fcd7 	bl	10007404 <i2c_write_blocking>
10000a56:	2001      	movs	r0, #1
10000a58:	2100      	movs	r1, #0
10000a5a:	f001 f82d 	bl	10001ab8 <sleep_us>
10000a5e:	465b      	mov	r3, fp
10000a60:	7023      	strb	r3, [r4, #0]
10000a62:	4643      	mov	r3, r8
10000a64:	0022      	movs	r2, r4
10000a66:	7839      	ldrb	r1, [r7, #0]
10000a68:	6818      	ldr	r0, [r3, #0]
10000a6a:	2301      	movs	r3, #1
10000a6c:	9600      	str	r6, [sp, #0]
10000a6e:	f006 fcc9 	bl	10007404 <i2c_write_blocking>
10000a72:	2032      	movs	r0, #50	@ 0x32
10000a74:	2100      	movs	r1, #0
10000a76:	f001 f81f 	bl	10001ab8 <sleep_us>
10000a7a:	2309      	movs	r3, #9
10000a7c:	012d      	lsls	r5, r5, #4
10000a7e:	432b      	orrs	r3, r5
10000a80:	7023      	strb	r3, [r4, #0]
10000a82:	4699      	mov	r9, r3
10000a84:	4643      	mov	r3, r8
10000a86:	7839      	ldrb	r1, [r7, #0]
10000a88:	6818      	ldr	r0, [r3, #0]
10000a8a:	0022      	movs	r2, r4
10000a8c:	2301      	movs	r3, #1
10000a8e:	9600      	str	r6, [sp, #0]
10000a90:	f006 fcb8 	bl	10007404 <i2c_write_blocking>
10000a94:	220d      	movs	r2, #13
10000a96:	4643      	mov	r3, r8
10000a98:	4315      	orrs	r5, r2
10000a9a:	7839      	ldrb	r1, [r7, #0]
10000a9c:	0022      	movs	r2, r4
10000a9e:	6818      	ldr	r0, [r3, #0]
10000aa0:	7025      	strb	r5, [r4, #0]
10000aa2:	2301      	movs	r3, #1
10000aa4:	9600      	str	r6, [sp, #0]
10000aa6:	f006 fcad 	bl	10007404 <i2c_write_blocking>
10000aaa:	2001      	movs	r0, #1
10000aac:	2100      	movs	r1, #0
10000aae:	f001 f803 	bl	10001ab8 <sleep_us>
10000ab2:	464b      	mov	r3, r9
10000ab4:	7023      	strb	r3, [r4, #0]
10000ab6:	4643      	mov	r3, r8
10000ab8:	7839      	ldrb	r1, [r7, #0]
10000aba:	6818      	ldr	r0, [r3, #0]
10000abc:	0022      	movs	r2, r4
10000abe:	2301      	movs	r3, #1
10000ac0:	9600      	str	r6, [sp, #0]
10000ac2:	f006 fc9f 	bl	10007404 <i2c_write_blocking>
10000ac6:	2032      	movs	r0, #50	@ 0x32
10000ac8:	2100      	movs	r1, #0
10000aca:	f000 fff5 	bl	10001ab8 <sleep_us>
10000ace:	4653      	mov	r3, sl
10000ad0:	781d      	ldrb	r5, [r3, #0]
10000ad2:	2d00      	cmp	r5, #0
10000ad4:	d1a0      	bne.n	10000a18 <lcd_print+0x28>
10000ad6:	b005      	add	sp, #20
10000ad8:	bcf0      	pop	{r4, r5, r6, r7}
10000ada:	46bb      	mov	fp, r7
10000adc:	46b2      	mov	sl, r6
10000ade:	46a9      	mov	r9, r5
10000ae0:	46a0      	mov	r8, r4
10000ae2:	bdf0      	pop	{r4, r5, r6, r7, pc}
10000ae4:	20001d24 	.word	0x20001d24
10000ae8:	20001c04 	.word	0x20001c04

10000aec <lcd_print_num>:
10000aec:	b5f0      	push	{r4, r5, r6, r7, lr}
10000aee:	46de      	mov	lr, fp
10000af0:	464e      	mov	r6, r9
10000af2:	4645      	mov	r5, r8
10000af4:	4657      	mov	r7, sl
10000af6:	b5e0      	push	{r5, r6, r7, lr}
10000af8:	b089      	sub	sp, #36	@ 0x24
10000afa:	f002 fb9b 	bl	10003234 <__wrap___aeabi_f2d>
10000afe:	ae04      	add	r6, sp, #16
10000b00:	9000      	str	r0, [sp, #0]
10000b02:	9101      	str	r1, [sp, #4]
10000b04:	4a3b      	ldr	r2, [pc, #236]	@ (10000bf4 <lcd_print_num+0x108>)
10000b06:	2110      	movs	r1, #16
10000b08:	0030      	movs	r0, r6
10000b0a:	f003 ffaf 	bl	10004a6c <__wrap_snprintf>
10000b0e:	7835      	ldrb	r5, [r6, #0]
10000b10:	2d00      	cmp	r5, #0
10000b12:	d068      	beq.n	10000be6 <lcd_print_num+0xfa>
10000b14:	4b38      	ldr	r3, [pc, #224]	@ (10000bf8 <lcd_print_num+0x10c>)
10000b16:	4f39      	ldr	r7, [pc, #228]	@ (10000bfc <lcd_print_num+0x110>)
10000b18:	4698      	mov	r8, r3
10000b1a:	003b      	movs	r3, r7
10000b1c:	240f      	movs	r4, #15
10000b1e:	46b2      	mov	sl, r6
10000b20:	4647      	mov	r7, r8
10000b22:	2600      	movs	r6, #0
10000b24:	4698      	mov	r8, r3
10000b26:	446c      	add	r4, sp
10000b28:	2301      	movs	r3, #1
10000b2a:	220f      	movs	r2, #15
10000b2c:	449a      	add	sl, r3
10000b2e:	002b      	movs	r3, r5
10000b30:	4393      	bics	r3, r2
10000b32:	4699      	mov	r9, r3
10000b34:	2309      	movs	r3, #9
10000b36:	464a      	mov	r2, r9
10000b38:	4313      	orrs	r3, r2
10000b3a:	7023      	strb	r3, [r4, #0]
10000b3c:	469b      	mov	fp, r3
10000b3e:	4643      	mov	r3, r8
10000b40:	7839      	ldrb	r1, [r7, #0]
10000b42:	6818      	ldr	r0, [r3, #0]
10000b44:	0022      	movs	r2, r4
10000b46:	2301      	movs	r3, #1
10000b48:	9600      	str	r6, [sp, #0]
10000b4a:	f006 fc5b 	bl	10007404 <i2c_write_blocking>
10000b4e:	464b      	mov	r3, r9
10000b50:	220d      	movs	r2, #13
10000b52:	4313      	orrs	r3, r2
10000b54:	7023      	strb	r3, [r4, #0]
10000b56:	4643      	mov	r3, r8
10000b58:	0022      	movs	r2, r4
10000b5a:	7839      	ldrb	r1, [r7, #0]
10000b5c:	6818      	ldr	r0, [r3, #0]
10000b5e:	2301      	movs	r3, #1
10000b60:	9600      	str	r6, [sp, #0]
10000b62:	f006 fc4f 	bl	10007404 <i2c_write_blocking>
10000b66:	2001      	movs	r0, #1
10000b68:	2100      	movs	r1, #0
10000b6a:	f000 ffa5 	bl	10001ab8 <sleep_us>
10000b6e:	465b      	mov	r3, fp
10000b70:	7023      	strb	r3, [r4, #0]
10000b72:	4643      	mov	r3, r8
10000b74:	0022      	movs	r2, r4
10000b76:	7839      	ldrb	r1, [r7, #0]
10000b78:	6818      	ldr	r0, [r3, #0]
10000b7a:	2301      	movs	r3, #1
10000b7c:	9600      	str	r6, [sp, #0]
10000b7e:	f006 fc41 	bl	10007404 <i2c_write_blocking>
10000b82:	2032      	movs	r0, #50	@ 0x32
10000b84:	2100      	movs	r1, #0
10000b86:	f000 ff97 	bl	10001ab8 <sleep_us>
10000b8a:	2309      	movs	r3, #9
10000b8c:	012d      	lsls	r5, r5, #4
10000b8e:	432b      	orrs	r3, r5
10000b90:	7023      	strb	r3, [r4, #0]
10000b92:	4699      	mov	r9, r3
10000b94:	4643      	mov	r3, r8
10000b96:	7839      	ldrb	r1, [r7, #0]
10000b98:	6818      	ldr	r0, [r3, #0]
10000b9a:	0022      	movs	r2, r4
10000b9c:	2301      	movs	r3, #1
10000b9e:	9600      	str	r6, [sp, #0]
10000ba0:	f006 fc30 	bl	10007404 <i2c_write_blocking>
10000ba4:	220d      	movs	r2, #13
10000ba6:	4643      	mov	r3, r8
10000ba8:	4315      	orrs	r5, r2
10000baa:	7839      	ldrb	r1, [r7, #0]
10000bac:	0022      	movs	r2, r4
10000bae:	6818      	ldr	r0, [r3, #0]
10000bb0:	7025      	strb	r5, [r4, #0]
10000bb2:	2301      	movs	r3, #1
10000bb4:	9600      	str	r6, [sp, #0]
10000bb6:	f006 fc25 	bl	10007404 <i2c_write_blocking>
10000bba:	2001      	movs	r0, #1
10000bbc:	2100      	movs	r1, #0
10000bbe:	f000 ff7b 	bl	10001ab8 <sleep_us>
10000bc2:	464b      	mov	r3, r9
10000bc4:	7023      	strb	r3, [r4, #0]
10000bc6:	4643      	mov	r3, r8
10000bc8:	7839      	ldrb	r1, [r7, #0]
10000bca:	6818      	ldr	r0, [r3, #0]
10000bcc:	0022      	movs	r2, r4
10000bce:	2301      	movs	r3, #1
10000bd0:	9600      	str	r6, [sp, #0]
10000bd2:	f006 fc17 	bl	10007404 <i2c_write_blocking>
10000bd6:	2032      	movs	r0, #50	@ 0x32
10000bd8:	2100      	movs	r1, #0
10000bda:	f000 ff6d 	bl	10001ab8 <sleep_us>
10000bde:	4653      	mov	r3, sl
10000be0:	781d      	ldrb	r5, [r3, #0]
10000be2:	2d00      	cmp	r5, #0
10000be4:	d1a0      	bne.n	10000b28 <lcd_print_num+0x3c>
10000be6:	b009      	add	sp, #36	@ 0x24
10000be8:	bcf0      	pop	{r4, r5, r6, r7}
10000bea:	46bb      	mov	fp, r7
10000bec:	46b2      	mov	sl, r6
10000bee:	46a9      	mov	r9, r5
10000bf0:	46a0      	mov	r8, r4
10000bf2:	bdf0      	pop	{r4, r5, r6, r7, pc}
10000bf4:	100075d4 	.word	0x100075d4
10000bf8:	20001d24 	.word	0x20001d24
10000bfc:	20001c04 	.word	0x20001c04

10000c00 <voltage_to_soc>:
10000c00:	b5f8      	push	{r3, r4, r5, r6, r7, lr}
10000c02:	46ce      	mov	lr, r9
10000c04:	4647      	mov	r7, r8
10000c06:	4963      	ldr	r1, [pc, #396]	@ (10000d94 <voltage_to_soc+0x194>)
10000c08:	b580      	push	{r7, lr}
10000c0a:	1c04      	adds	r4, r0, #0
10000c0c:	f002 fae8 	bl	100031e0 <__wrap___aeabi_fcmpge>
10000c10:	2800      	cmp	r0, #0
10000c12:	d000      	beq.n	10000c16 <voltage_to_soc+0x16>
10000c14:	e075      	b.n	10000d02 <voltage_to_soc+0x102>
10000c16:	4960      	ldr	r1, [pc, #384]	@ (10000d98 <voltage_to_soc+0x198>)
10000c18:	1c20      	adds	r0, r4, #0
10000c1a:	f002 fad9 	bl	100031d0 <__wrap___aeabi_fcmple>
10000c1e:	2800      	cmp	r0, #0
10000c20:	d16a      	bne.n	10000cf8 <voltage_to_soc+0xf8>
10000c22:	495c      	ldr	r1, [pc, #368]	@ (10000d94 <voltage_to_soc+0x194>)
10000c24:	1c20      	adds	r0, r4, #0
10000c26:	f002 fad3 	bl	100031d0 <__wrap___aeabi_fcmple>
10000c2a:	2800      	cmp	r0, #0
10000c2c:	d064      	beq.n	10000cf8 <voltage_to_soc+0xf8>
10000c2e:	495b      	ldr	r1, [pc, #364]	@ (10000d9c <voltage_to_soc+0x19c>)
10000c30:	1c20      	adds	r0, r4, #0
10000c32:	f002 fad5 	bl	100031e0 <__wrap___aeabi_fcmpge>
10000c36:	2800      	cmp	r0, #0
10000c38:	d000      	beq.n	10000c3c <voltage_to_soc+0x3c>
10000c3a:	e079      	b.n	10000d30 <voltage_to_soc+0x130>
10000c3c:	4958      	ldr	r1, [pc, #352]	@ (10000da0 <voltage_to_soc+0x1a0>)
10000c3e:	1c20      	adds	r0, r4, #0
10000c40:	f002 face 	bl	100031e0 <__wrap___aeabi_fcmpge>
10000c44:	2800      	cmp	r0, #0
10000c46:	d165      	bne.n	10000d14 <voltage_to_soc+0x114>
10000c48:	4956      	ldr	r1, [pc, #344]	@ (10000da4 <voltage_to_soc+0x1a4>)
10000c4a:	1c20      	adds	r0, r4, #0
10000c4c:	f002 fac8 	bl	100031e0 <__wrap___aeabi_fcmpge>
10000c50:	2800      	cmp	r0, #0
10000c52:	d158      	bne.n	10000d06 <voltage_to_soc+0x106>
10000c54:	4954      	ldr	r1, [pc, #336]	@ (10000da8 <voltage_to_soc+0x1a8>)
10000c56:	1c20      	adds	r0, r4, #0
10000c58:	f002 fac2 	bl	100031e0 <__wrap___aeabi_fcmpge>
10000c5c:	2800      	cmp	r0, #0
10000c5e:	d160      	bne.n	10000d22 <voltage_to_soc+0x122>
10000c60:	4952      	ldr	r1, [pc, #328]	@ (10000dac <voltage_to_soc+0x1ac>)
10000c62:	1c20      	adds	r0, r4, #0
10000c64:	f002 fabc 	bl	100031e0 <__wrap___aeabi_fcmpge>
10000c68:	2800      	cmp	r0, #0
10000c6a:	d168      	bne.n	10000d3e <voltage_to_soc+0x13e>
10000c6c:	4950      	ldr	r1, [pc, #320]	@ (10000db0 <voltage_to_soc+0x1b0>)
10000c6e:	1c20      	adds	r0, r4, #0
10000c70:	f002 fab6 	bl	100031e0 <__wrap___aeabi_fcmpge>
10000c74:	2800      	cmp	r0, #0
10000c76:	d169      	bne.n	10000d4c <voltage_to_soc+0x14c>
10000c78:	494e      	ldr	r1, [pc, #312]	@ (10000db4 <voltage_to_soc+0x1b4>)
10000c7a:	1c20      	adds	r0, r4, #0
10000c7c:	f002 fab0 	bl	100031e0 <__wrap___aeabi_fcmpge>
10000c80:	2800      	cmp	r0, #0
10000c82:	d16a      	bne.n	10000d5a <voltage_to_soc+0x15a>
10000c84:	494c      	ldr	r1, [pc, #304]	@ (10000db8 <voltage_to_soc+0x1b8>)
10000c86:	1c20      	adds	r0, r4, #0
10000c88:	f002 faaa 	bl	100031e0 <__wrap___aeabi_fcmpge>
10000c8c:	2800      	cmp	r0, #0
10000c8e:	d16b      	bne.n	10000d68 <voltage_to_soc+0x168>
10000c90:	494a      	ldr	r1, [pc, #296]	@ (10000dbc <voltage_to_soc+0x1bc>)
10000c92:	1c20      	adds	r0, r4, #0
10000c94:	f002 faa4 	bl	100031e0 <__wrap___aeabi_fcmpge>
10000c98:	2800      	cmp	r0, #0
10000c9a:	d16c      	bne.n	10000d76 <voltage_to_soc+0x176>
10000c9c:	4948      	ldr	r1, [pc, #288]	@ (10000dc0 <voltage_to_soc+0x1c0>)
10000c9e:	1c20      	adds	r0, r4, #0
10000ca0:	f002 fa9e 	bl	100031e0 <__wrap___aeabi_fcmpge>
10000ca4:	2800      	cmp	r0, #0
10000ca6:	d16d      	bne.n	10000d84 <voltage_to_soc+0x184>
10000ca8:	220a      	movs	r2, #10
10000caa:	4b45      	ldr	r3, [pc, #276]	@ (10000dc0 <voltage_to_soc+0x1c0>)
10000cac:	4691      	mov	r9, r2
10000cae:	4698      	mov	r8, r3
10000cb0:	230b      	movs	r3, #11
10000cb2:	4939      	ldr	r1, [pc, #228]	@ (10000d98 <voltage_to_soc+0x198>)
10000cb4:	4a43      	ldr	r2, [pc, #268]	@ (10000dc4 <voltage_to_soc+0x1c4>)
10000cb6:	00db      	lsls	r3, r3, #3
10000cb8:	18d3      	adds	r3, r2, r3
10000cba:	1c20      	adds	r0, r4, #0
10000cbc:	0015      	movs	r5, r2
10000cbe:	685e      	ldr	r6, [r3, #4]
10000cc0:	1c0f      	adds	r7, r1, #0
10000cc2:	f002 fa36 	bl	10003132 <__wrap___aeabi_fsub>
10000cc6:	1c39      	adds	r1, r7, #0
10000cc8:	1c04      	adds	r4, r0, #0
10000cca:	4640      	mov	r0, r8
10000ccc:	f002 fa31 	bl	10003132 <__wrap___aeabi_fsub>
10000cd0:	1c01      	adds	r1, r0, #0
10000cd2:	1c20      	adds	r0, r4, #0
10000cd4:	f002 fa33 	bl	1000313e <__wrap___aeabi_fdiv>
10000cd8:	464b      	mov	r3, r9
10000cda:	00db      	lsls	r3, r3, #3
10000cdc:	18eb      	adds	r3, r5, r3
10000cde:	1c04      	adds	r4, r0, #0
10000ce0:	1c31      	adds	r1, r6, #0
10000ce2:	6858      	ldr	r0, [r3, #4]
10000ce4:	f002 fa25 	bl	10003132 <__wrap___aeabi_fsub>
10000ce8:	1c01      	adds	r1, r0, #0
10000cea:	1c20      	adds	r0, r4, #0
10000cec:	f002 fa3b 	bl	10003166 <__wrap___aeabi_fmul>
10000cf0:	1c31      	adds	r1, r6, #0
10000cf2:	f002 fa21 	bl	10003138 <__wrap___aeabi_fadd>
10000cf6:	e000      	b.n	10000cfa <voltage_to_soc+0xfa>
10000cf8:	2000      	movs	r0, #0
10000cfa:	bcc0      	pop	{r6, r7}
10000cfc:	46b9      	mov	r9, r7
10000cfe:	46b0      	mov	r8, r6
10000d00:	bdf8      	pop	{r3, r4, r5, r6, r7, pc}
10000d02:	4831      	ldr	r0, [pc, #196]	@ (10000dc8 <voltage_to_soc+0x1c8>)
10000d04:	e7f9      	b.n	10000cfa <voltage_to_soc+0xfa>
10000d06:	2202      	movs	r2, #2
10000d08:	4b25      	ldr	r3, [pc, #148]	@ (10000da0 <voltage_to_soc+0x1a0>)
10000d0a:	4691      	mov	r9, r2
10000d0c:	4698      	mov	r8, r3
10000d0e:	4925      	ldr	r1, [pc, #148]	@ (10000da4 <voltage_to_soc+0x1a4>)
10000d10:	2303      	movs	r3, #3
10000d12:	e7cf      	b.n	10000cb4 <voltage_to_soc+0xb4>
10000d14:	2201      	movs	r2, #1
10000d16:	4b21      	ldr	r3, [pc, #132]	@ (10000d9c <voltage_to_soc+0x19c>)
10000d18:	4691      	mov	r9, r2
10000d1a:	4698      	mov	r8, r3
10000d1c:	4920      	ldr	r1, [pc, #128]	@ (10000da0 <voltage_to_soc+0x1a0>)
10000d1e:	2302      	movs	r3, #2
10000d20:	e7c8      	b.n	10000cb4 <voltage_to_soc+0xb4>
10000d22:	2203      	movs	r2, #3
10000d24:	4b1f      	ldr	r3, [pc, #124]	@ (10000da4 <voltage_to_soc+0x1a4>)
10000d26:	4691      	mov	r9, r2
10000d28:	4698      	mov	r8, r3
10000d2a:	491f      	ldr	r1, [pc, #124]	@ (10000da8 <voltage_to_soc+0x1a8>)
10000d2c:	2304      	movs	r3, #4
10000d2e:	e7c1      	b.n	10000cb4 <voltage_to_soc+0xb4>
10000d30:	2200      	movs	r2, #0
10000d32:	4b18      	ldr	r3, [pc, #96]	@ (10000d94 <voltage_to_soc+0x194>)
10000d34:	4691      	mov	r9, r2
10000d36:	4698      	mov	r8, r3
10000d38:	4918      	ldr	r1, [pc, #96]	@ (10000d9c <voltage_to_soc+0x19c>)
10000d3a:	2301      	movs	r3, #1
10000d3c:	e7ba      	b.n	10000cb4 <voltage_to_soc+0xb4>
10000d3e:	2204      	movs	r2, #4
10000d40:	4b19      	ldr	r3, [pc, #100]	@ (10000da8 <voltage_to_soc+0x1a8>)
10000d42:	4691      	mov	r9, r2
10000d44:	4698      	mov	r8, r3
10000d46:	4919      	ldr	r1, [pc, #100]	@ (10000dac <voltage_to_soc+0x1ac>)
10000d48:	2305      	movs	r3, #5
10000d4a:	e7b3      	b.n	10000cb4 <voltage_to_soc+0xb4>
10000d4c:	2205      	movs	r2, #5
10000d4e:	4b17      	ldr	r3, [pc, #92]	@ (10000dac <voltage_to_soc+0x1ac>)
10000d50:	4691      	mov	r9, r2
10000d52:	4698      	mov	r8, r3
10000d54:	4916      	ldr	r1, [pc, #88]	@ (10000db0 <voltage_to_soc+0x1b0>)
10000d56:	2306      	movs	r3, #6
10000d58:	e7ac      	b.n	10000cb4 <voltage_to_soc+0xb4>
10000d5a:	2206      	movs	r2, #6
10000d5c:	4b14      	ldr	r3, [pc, #80]	@ (10000db0 <voltage_to_soc+0x1b0>)
10000d5e:	4691      	mov	r9, r2
10000d60:	4698      	mov	r8, r3
10000d62:	4914      	ldr	r1, [pc, #80]	@ (10000db4 <voltage_to_soc+0x1b4>)
10000d64:	2307      	movs	r3, #7
10000d66:	e7a5      	b.n	10000cb4 <voltage_to_soc+0xb4>
10000d68:	2207      	movs	r2, #7
10000d6a:	4b12      	ldr	r3, [pc, #72]	@ (10000db4 <voltage_to_soc+0x1b4>)
10000d6c:	4691      	mov	r9, r2
10000d6e:	4698      	mov	r8, r3
10000d70:	4911      	ldr	r1, [pc, #68]	@ (10000db8 <voltage_to_soc+0x1b8>)
10000d72:	2308      	movs	r3, #8
10000d74:	e79e      	b.n	10000cb4 <voltage_to_soc+0xb4>
10000d76:	2208      	movs	r2, #8
10000d78:	4b0f      	ldr	r3, [pc, #60]	@ (10000db8 <voltage_to_soc+0x1b8>)
10000d7a:	4691      	mov	r9, r2
10000d7c:	4698      	mov	r8, r3
10000d7e:	490f      	ldr	r1, [pc, #60]	@ (10000dbc <voltage_to_soc+0x1bc>)
10000d80:	2309      	movs	r3, #9
10000d82:	e797      	b.n	10000cb4 <voltage_to_soc+0xb4>
10000d84:	2209      	movs	r2, #9
10000d86:	4b0d      	ldr	r3, [pc, #52]	@ (10000dbc <voltage_to_soc+0x1bc>)
10000d88:	4691      	mov	r9, r2
10000d8a:	4698      	mov	r8, r3
10000d8c:	490c      	ldr	r1, [pc, #48]	@ (10000dc0 <voltage_to_soc+0x1c0>)
10000d8e:	230a      	movs	r3, #10
10000d90:	e790      	b.n	10000cb4 <voltage_to_soc+0xb4>
10000d92:	46c0      	nop			@ (mov r8, r8)
10000d94:	4269999a 	.word	0x4269999a
10000d98:	42200000 	.word	0x42200000
10000d9c:	4259999a 	.word	0x4259999a
10000da0:	42566666 	.word	0x42566666
10000da4:	42546666 	.word	0x42546666
10000da8:	42533333 	.word	0x42533333
10000dac:	42513333 	.word	0x42513333
10000db0:	4250cccd 	.word	0x4250cccd
10000db4:	42500000 	.word	0x42500000
10000db8:	424e0000 	.word	0x424e0000
10000dbc:	424ccccd 	.word	0x424ccccd
10000dc0:	42400000 	.word	0x42400000
10000dc4:	1000774c 	.word	0x1000774c
10000dc8:	42c80000 	.word	0x42c80000

10000dcc <filter_voltage>:
10000dcc:	b5f0      	push	{r4, r5, r6, r7, lr}
10000dce:	46c6      	mov	lr, r8
10000dd0:	b500      	push	{lr}
10000dd2:	4c16      	ldr	r4, [pc, #88]	@ (10000e2c <filter_voltage+0x60>)
10000dd4:	4e16      	ldr	r6, [pc, #88]	@ (10000e30 <filter_voltage+0x64>)
10000dd6:	7823      	ldrb	r3, [r4, #0]
10000dd8:	2132      	movs	r1, #50	@ 0x32
10000dda:	009a      	lsls	r2, r3, #2
10000ddc:	50b0      	str	r0, [r6, r2]
10000dde:	1c58      	adds	r0, r3, #1
10000de0:	f001 fb3e 	bl	10002460 <__wrap___aeabi_idiv>
10000de4:	b2cf      	uxtb	r7, r1
10000de6:	4688      	mov	r8, r1
10000de8:	4b12      	ldr	r3, [pc, #72]	@ (10000e34 <filter_voltage+0x68>)
10000dea:	7027      	strb	r7, [r4, #0]
10000dec:	2900      	cmp	r1, #0
10000dee:	d119      	bne.n	10000e24 <filter_voltage+0x58>
10000df0:	2201      	movs	r2, #1
10000df2:	701a      	strb	r2, [r3, #0]
10000df4:	2332      	movs	r3, #50	@ 0x32
10000df6:	2732      	movs	r7, #50	@ 0x32
10000df8:	4698      	mov	r8, r3
10000dfa:	2400      	movs	r4, #0
10000dfc:	2500      	movs	r5, #0
10000dfe:	1c28      	adds	r0, r5, #0
10000e00:	ce02      	ldmia	r6!, {r1}
10000e02:	f002 f999 	bl	10003138 <__wrap___aeabi_fadd>
10000e06:	3401      	adds	r4, #1
10000e08:	b2e4      	uxtb	r4, r4
10000e0a:	1c05      	adds	r5, r0, #0
10000e0c:	42bc      	cmp	r4, r7
10000e0e:	d3f6      	bcc.n	10000dfe <filter_voltage+0x32>
10000e10:	4640      	mov	r0, r8
10000e12:	f002 f9ed 	bl	100031f0 <__wrap___aeabi_i2f>
10000e16:	1c01      	adds	r1, r0, #0
10000e18:	1c28      	adds	r0, r5, #0
10000e1a:	f002 f990 	bl	1000313e <__wrap___aeabi_fdiv>
10000e1e:	bc80      	pop	{r7}
10000e20:	46b8      	mov	r8, r7
10000e22:	bdf0      	pop	{r4, r5, r6, r7, pc}
10000e24:	781b      	ldrb	r3, [r3, #0]
10000e26:	2b00      	cmp	r3, #0
10000e28:	d0e7      	beq.n	10000dfa <filter_voltage+0x2e>
10000e2a:	e7e3      	b.n	10000df4 <filter_voltage+0x28>
10000e2c:	20001d21 	.word	0x20001d21
10000e30:	20001c54 	.word	0x20001c54
10000e34:	20001d20 	.word	0x20001d20

10000e38 <gpio_set_function>:
10000e38:	b510      	push	{r4, lr}
10000e3a:	2440      	movs	r4, #64	@ 0x40
10000e3c:	4a07      	ldr	r2, [pc, #28]	@ (10000e5c <gpio_set_function+0x24>)
10000e3e:	0083      	lsls	r3, r0, #2
10000e40:	189a      	adds	r2, r3, r2
10000e42:	6812      	ldr	r2, [r2, #0]
10000e44:	00c0      	lsls	r0, r0, #3
10000e46:	4054      	eors	r4, r2
10000e48:	22c0      	movs	r2, #192	@ 0xc0
10000e4a:	4022      	ands	r2, r4
10000e4c:	4c04      	ldr	r4, [pc, #16]	@ (10000e60 <gpio_set_function+0x28>)
10000e4e:	191b      	adds	r3, r3, r4
10000e50:	601a      	str	r2, [r3, #0]
10000e52:	4b04      	ldr	r3, [pc, #16]	@ (10000e64 <gpio_set_function+0x2c>)
10000e54:	18c0      	adds	r0, r0, r3
10000e56:	6041      	str	r1, [r0, #4]
10000e58:	bd10      	pop	{r4, pc}
10000e5a:	46c0      	nop			@ (mov r8, r8)
10000e5c:	4001c004 	.word	0x4001c004
10000e60:	4001d004 	.word	0x4001d004
10000e64:	40014000 	.word	0x40014000

10000e68 <gpio_set_pulls>:
10000e68:	4b06      	ldr	r3, [pc, #24]	@ (10000e84 <gpio_set_pulls+0x1c>)
10000e6a:	0080      	lsls	r0, r0, #2
10000e6c:	18c3      	adds	r3, r0, r3
10000e6e:	681b      	ldr	r3, [r3, #0]
10000e70:	00c9      	lsls	r1, r1, #3
10000e72:	0092      	lsls	r2, r2, #2
10000e74:	430a      	orrs	r2, r1
10000e76:	405a      	eors	r2, r3
10000e78:	230c      	movs	r3, #12
10000e7a:	4013      	ands	r3, r2
10000e7c:	4a02      	ldr	r2, [pc, #8]	@ (10000e88 <gpio_set_pulls+0x20>)
10000e7e:	1880      	adds	r0, r0, r2
10000e80:	6003      	str	r3, [r0, #0]
10000e82:	4770      	bx	lr
10000e84:	4001c004 	.word	0x4001c004
10000e88:	4001d004 	.word	0x4001d004

10000e8c <gpio_set_input_enabled>:
10000e8c:	0080      	lsls	r0, r0, #2
10000e8e:	2900      	cmp	r1, #0
10000e90:	d004      	beq.n	10000e9c <gpio_set_input_enabled+0x10>
10000e92:	4b05      	ldr	r3, [pc, #20]	@ (10000ea8 <gpio_set_input_enabled+0x1c>)
10000e94:	18c0      	adds	r0, r0, r3
10000e96:	2340      	movs	r3, #64	@ 0x40
10000e98:	6003      	str	r3, [r0, #0]
10000e9a:	4770      	bx	lr
10000e9c:	4b03      	ldr	r3, [pc, #12]	@ (10000eac <gpio_set_input_enabled+0x20>)
10000e9e:	18c0      	adds	r0, r0, r3
10000ea0:	2340      	movs	r3, #64	@ 0x40
10000ea2:	6003      	str	r3, [r0, #0]
10000ea4:	e7f9      	b.n	10000e9a <gpio_set_input_enabled+0xe>
10000ea6:	46c0      	nop			@ (mov r8, r8)
10000ea8:	4001e004 	.word	0x4001e004
10000eac:	4001f004 	.word	0x4001f004

10000eb0 <gpio_init>:
10000eb0:	2301      	movs	r3, #1
10000eb2:	22d0      	movs	r2, #208	@ 0xd0
10000eb4:	4083      	lsls	r3, r0
10000eb6:	0612      	lsls	r2, r2, #24
10000eb8:	6293      	str	r3, [r2, #40]	@ 0x28
10000eba:	6193      	str	r3, [r2, #24]
10000ebc:	4a08      	ldr	r2, [pc, #32]	@ (10000ee0 <gpio_init+0x30>)
10000ebe:	0083      	lsls	r3, r0, #2
10000ec0:	189a      	adds	r2, r3, r2
10000ec2:	6811      	ldr	r1, [r2, #0]
10000ec4:	2240      	movs	r2, #64	@ 0x40
10000ec6:	4051      	eors	r1, r2
10000ec8:	3280      	adds	r2, #128	@ 0x80
10000eca:	400a      	ands	r2, r1
10000ecc:	4905      	ldr	r1, [pc, #20]	@ (10000ee4 <gpio_init+0x34>)
10000ece:	00c0      	lsls	r0, r0, #3
10000ed0:	185b      	adds	r3, r3, r1
10000ed2:	601a      	str	r2, [r3, #0]
10000ed4:	4b04      	ldr	r3, [pc, #16]	@ (10000ee8 <gpio_init+0x38>)
10000ed6:	18c0      	adds	r0, r0, r3
10000ed8:	2305      	movs	r3, #5
10000eda:	6043      	str	r3, [r0, #4]
10000edc:	4770      	bx	lr
10000ede:	46c0      	nop			@ (mov r8, r8)
10000ee0:	4001c004 	.word	0x4001c004
10000ee4:	4001d004 	.word	0x4001d004
10000ee8:	40014000 	.word	0x40014000

10000eec <rp2040_chip_version>:
10000eec:	2380      	movs	r3, #128	@ 0x80
10000eee:	05db      	lsls	r3, r3, #23
10000ef0:	6818      	ldr	r0, [r3, #0]
10000ef2:	0f00      	lsrs	r0, r0, #28
10000ef4:	4770      	bx	lr
10000ef6:	46c0      	nop			@ (mov r8, r8)

10000ef8 <panic>:
10000ef8:	b40f      	push	{r0, r1, r2, r3}
10000efa:	b500      	push	{lr}
10000efc:	4808      	ldr	r0, [pc, #32]	@ (10000f20 <panic+0x28>)
10000efe:	b083      	sub	sp, #12
10000f00:	f003 ff6a 	bl	10004dd8 <__wrap_puts>
10000f04:	9b04      	ldr	r3, [sp, #16]
10000f06:	2b00      	cmp	r3, #0
10000f08:	d007      	beq.n	10000f1a <panic+0x22>
10000f0a:	a905      	add	r1, sp, #20
10000f0c:	0018      	movs	r0, r3
10000f0e:	9101      	str	r1, [sp, #4]
10000f10:	f003 fdd0 	bl	10004ab4 <weak_raw_vprintf>
10000f14:	4803      	ldr	r0, [pc, #12]	@ (10000f24 <panic+0x2c>)
10000f16:	f003 ff5f 	bl	10004dd8 <__wrap_puts>
10000f1a:	2001      	movs	r0, #1
10000f1c:	f003 fde2 	bl	10004ae4 <_exit>
10000f20:	100075dc 	.word	0x100075dc
10000f24:	10007698 	.word	0x10007698

10000f28 <hw_claim_or_assert>:
10000f28:	b570      	push	{r4, r5, r6, lr}
10000f2a:	468c      	mov	ip, r1
10000f2c:	0016      	movs	r6, r2
10000f2e:	f3ef 8410 	mrs	r4, PRIMASK
10000f32:	b672      	cpsid	i
10000f34:	490f      	ldr	r1, [pc, #60]	@ (10000f74 <hw_claim_or_assert+0x4c>)
10000f36:	680b      	ldr	r3, [r1, #0]
10000f38:	2b00      	cmp	r3, #0
10000f3a:	d0fc      	beq.n	10000f36 <hw_claim_or_assert+0xe>
10000f3c:	f3bf 8f5f 	dmb	sy
10000f40:	4663      	mov	r3, ip
10000f42:	08db      	lsrs	r3, r3, #3
10000f44:	18c5      	adds	r5, r0, r3
10000f46:	2207      	movs	r2, #7
10000f48:	5cc0      	ldrb	r0, [r0, r3]
10000f4a:	4663      	mov	r3, ip
10000f4c:	401a      	ands	r2, r3
10000f4e:	2301      	movs	r3, #1
10000f50:	4093      	lsls	r3, r2
10000f52:	001a      	movs	r2, r3
10000f54:	4002      	ands	r2, r0
10000f56:	4203      	tst	r3, r0
10000f58:	d107      	bne.n	10000f6a <hw_claim_or_assert+0x42>
10000f5a:	4318      	orrs	r0, r3
10000f5c:	7028      	strb	r0, [r5, #0]
10000f5e:	f3bf 8f5f 	dmb	sy
10000f62:	600a      	str	r2, [r1, #0]
10000f64:	f384 8810 	msr	PRIMASK, r4
10000f68:	bd70      	pop	{r4, r5, r6, pc}
10000f6a:	4661      	mov	r1, ip
10000f6c:	0030      	movs	r0, r6
10000f6e:	f7ff ffc3 	bl	10000ef8 <panic>
10000f72:	46c0      	nop			@ (mov r8, r8)
10000f74:	d000012c 	.word	0xd000012c

10000f78 <hw_claim_unused_from_range>:
10000f78:	b5f8      	push	{r3, r4, r5, r6, r7, lr}
10000f7a:	46ce      	mov	lr, r9
10000f7c:	4647      	mov	r7, r8
10000f7e:	468c      	mov	ip, r1
10000f80:	b580      	push	{r7, lr}
10000f82:	001c      	movs	r4, r3
10000f84:	f3ef 8810 	mrs	r8, PRIMASK
10000f88:	b672      	cpsid	i
10000f8a:	491c      	ldr	r1, [pc, #112]	@ (10000ffc <hw_claim_unused_from_range+0x84>)
10000f8c:	680b      	ldr	r3, [r1, #0]
10000f8e:	2b00      	cmp	r3, #0
10000f90:	d0fc      	beq.n	10000f8c <hw_claim_unused_from_range+0x14>
10000f92:	f3bf 8f5f 	dmb	sy
10000f96:	42a2      	cmp	r2, r4
10000f98:	d821      	bhi.n	10000fde <hw_claim_unused_from_range+0x66>
10000f9a:	2307      	movs	r3, #7
10000f9c:	4699      	mov	r9, r3
10000f9e:	e002      	b.n	10000fa6 <hw_claim_unused_from_range+0x2e>
10000fa0:	3201      	adds	r2, #1
10000fa2:	4294      	cmp	r4, r2
10000fa4:	d318      	bcc.n	10000fd8 <hw_claim_unused_from_range+0x60>
10000fa6:	4649      	mov	r1, r9
10000fa8:	2601      	movs	r6, #1
10000faa:	4011      	ands	r1, r2
10000fac:	408e      	lsls	r6, r1
10000fae:	08d3      	lsrs	r3, r2, #3
10000fb0:	18c7      	adds	r7, r0, r3
10000fb2:	5cc3      	ldrb	r3, [r0, r3]
10000fb4:	421e      	tst	r6, r3
10000fb6:	d1f3      	bne.n	10000fa0 <hw_claim_unused_from_range+0x28>
10000fb8:	0010      	movs	r0, r2
10000fba:	4333      	orrs	r3, r6
10000fbc:	703b      	strb	r3, [r7, #0]
10000fbe:	f3bf 8f5f 	dmb	sy
10000fc2:	2200      	movs	r2, #0
10000fc4:	4b0d      	ldr	r3, [pc, #52]	@ (10000ffc <hw_claim_unused_from_range+0x84>)
10000fc6:	601a      	str	r2, [r3, #0]
10000fc8:	f388 8810 	msr	PRIMASK, r8
10000fcc:	2800      	cmp	r0, #0
10000fce:	db0e      	blt.n	10000fee <hw_claim_unused_from_range+0x76>
10000fd0:	bcc0      	pop	{r6, r7}
10000fd2:	46b9      	mov	r9, r7
10000fd4:	46b0      	mov	r8, r6
10000fd6:	bdf8      	pop	{r3, r4, r5, r6, r7, pc}
10000fd8:	2001      	movs	r0, #1
10000fda:	4240      	negs	r0, r0
10000fdc:	e7ef      	b.n	10000fbe <hw_claim_unused_from_range+0x46>
10000fde:	f3bf 8f5f 	dmb	sy
10000fe2:	2300      	movs	r3, #0
10000fe4:	600b      	str	r3, [r1, #0]
10000fe6:	f388 8810 	msr	PRIMASK, r8
10000fea:	2001      	movs	r0, #1
10000fec:	4240      	negs	r0, r0
10000fee:	4663      	mov	r3, ip
10000ff0:	2b00      	cmp	r3, #0
10000ff2:	d0ed      	beq.n	10000fd0 <hw_claim_unused_from_range+0x58>
10000ff4:	9808      	ldr	r0, [sp, #32]
10000ff6:	f7ff ff7f 	bl	10000ef8 <panic>
10000ffa:	46c0      	nop			@ (mov r8, r8)
10000ffc:	d000012c 	.word	0xd000012c

10001000 <next_striped_spin_lock_num>:
10001000:	4a04      	ldr	r2, [pc, #16]	@ (10001014 <next_striped_spin_lock_num+0x14>)
10001002:	7810      	ldrb	r0, [r2, #0]
10001004:	1c43      	adds	r3, r0, #1
10001006:	b2db      	uxtb	r3, r3
10001008:	2b17      	cmp	r3, #23
1000100a:	d900      	bls.n	1000100e <next_striped_spin_lock_num+0xe>
1000100c:	2310      	movs	r3, #16
1000100e:	7013      	strb	r3, [r2, #0]
10001010:	4770      	bx	lr
10001012:	46c0      	nop			@ (mov r8, r8)
10001014:	20000f40 	.word	0x20000f40

10001018 <spin_lock_claim_unused>:
10001018:	b500      	push	{lr}
1000101a:	4b05      	ldr	r3, [pc, #20]	@ (10001030 <spin_lock_claim_unused+0x18>)
1000101c:	b083      	sub	sp, #12
1000101e:	0001      	movs	r1, r0
10001020:	9300      	str	r3, [sp, #0]
10001022:	2218      	movs	r2, #24
10001024:	231f      	movs	r3, #31
10001026:	4803      	ldr	r0, [pc, #12]	@ (10001034 <spin_lock_claim_unused+0x1c>)
10001028:	f7ff ffa6 	bl	10000f78 <hw_claim_unused_from_range>
1000102c:	b003      	add	sp, #12
1000102e:	bd00      	pop	{pc}
10001030:	100075ec 	.word	0x100075ec
10001034:	2000179c 	.word	0x2000179c

10001038 <spin_locks_reset>:
10001038:	2100      	movs	r1, #0
1000103a:	4b04      	ldr	r3, [pc, #16]	@ (1000104c <spin_locks_reset+0x14>)
1000103c:	4a04      	ldr	r2, [pc, #16]	@ (10001050 <spin_locks_reset+0x18>)
1000103e:	f3bf 8f5f 	dmb	sy
10001042:	c302      	stmia	r3!, {r1}
10001044:	4293      	cmp	r3, r2
10001046:	d1fa      	bne.n	1000103e <spin_locks_reset+0x6>
10001048:	4770      	bx	lr
1000104a:	46c0      	nop			@ (mov r8, r8)
1000104c:	d0000100 	.word	0xd0000100
10001050:	d0000180 	.word	0xd0000180

10001054 <runtime_init_per_core_irq_priorities>:
10001054:	4b08      	ldr	r3, [pc, #32]	@ (10001078 <runtime_init_per_core_irq_priorities+0x24>)
10001056:	4a09      	ldr	r2, [pc, #36]	@ (1000107c <runtime_init_per_core_irq_priorities+0x28>)
10001058:	6013      	str	r3, [r2, #0]
1000105a:	4a09      	ldr	r2, [pc, #36]	@ (10001080 <runtime_init_per_core_irq_priorities+0x2c>)
1000105c:	6013      	str	r3, [r2, #0]
1000105e:	4a09      	ldr	r2, [pc, #36]	@ (10001084 <runtime_init_per_core_irq_priorities+0x30>)
10001060:	6013      	str	r3, [r2, #0]
10001062:	4a09      	ldr	r2, [pc, #36]	@ (10001088 <runtime_init_per_core_irq_priorities+0x34>)
10001064:	6013      	str	r3, [r2, #0]
10001066:	4a09      	ldr	r2, [pc, #36]	@ (1000108c <runtime_init_per_core_irq_priorities+0x38>)
10001068:	6013      	str	r3, [r2, #0]
1000106a:	4a09      	ldr	r2, [pc, #36]	@ (10001090 <runtime_init_per_core_irq_priorities+0x3c>)
1000106c:	6013      	str	r3, [r2, #0]
1000106e:	4a09      	ldr	r2, [pc, #36]	@ (10001094 <runtime_init_per_core_irq_priorities+0x40>)
10001070:	6013      	str	r3, [r2, #0]
10001072:	4a09      	ldr	r2, [pc, #36]	@ (10001098 <runtime_init_per_core_irq_priorities+0x44>)
10001074:	6013      	str	r3, [r2, #0]
10001076:	4770      	bx	lr
10001078:	80808080 	.word	0x80808080
1000107c:	e000e400 	.word	0xe000e400
10001080:	e000e404 	.word	0xe000e404
10001084:	e000e408 	.word	0xe000e408
10001088:	e000e40c 	.word	0xe000e40c
1000108c:	e000e410 	.word	0xe000e410
10001090:	e000e414 	.word	0xe000e414
10001094:	e000e418 	.word	0xe000e418
10001098:	e000e41c 	.word	0xe000e41c

1000109c <irq_set_enabled>:
1000109c:	231f      	movs	r3, #31
1000109e:	4018      	ands	r0, r3
100010a0:	3b1e      	subs	r3, #30
100010a2:	4083      	lsls	r3, r0
100010a4:	2900      	cmp	r1, #0
100010a6:	d005      	beq.n	100010b4 <irq_set_enabled+0x18>
100010a8:	21c0      	movs	r1, #192	@ 0xc0
100010aa:	4a04      	ldr	r2, [pc, #16]	@ (100010bc <irq_set_enabled+0x20>)
100010ac:	0049      	lsls	r1, r1, #1
100010ae:	5053      	str	r3, [r2, r1]
100010b0:	6013      	str	r3, [r2, #0]
100010b2:	4770      	bx	lr
100010b4:	2280      	movs	r2, #128	@ 0x80
100010b6:	4901      	ldr	r1, [pc, #4]	@ (100010bc <irq_set_enabled+0x20>)
100010b8:	508b      	str	r3, [r1, r2]
100010ba:	e7fa      	b.n	100010b2 <irq_set_enabled+0x16>
100010bc:	e000e100 	.word	0xe000e100

100010c0 <irq_is_enabled>:
100010c0:	2201      	movs	r2, #1
100010c2:	4082      	lsls	r2, r0
100010c4:	4b03      	ldr	r3, [pc, #12]	@ (100010d4 <irq_is_enabled+0x14>)
100010c6:	681b      	ldr	r3, [r3, #0]
100010c8:	4013      	ands	r3, r2
100010ca:	1e5a      	subs	r2, r3, #1
100010cc:	4193      	sbcs	r3, r2
100010ce:	b2d8      	uxtb	r0, r3
100010d0:	4770      	bx	lr
100010d2:	46c0      	nop			@ (mov r8, r8)
100010d4:	e000e100 	.word	0xe000e100

100010d8 <irq_set_pending>:
100010d8:	2301      	movs	r3, #1
100010da:	4083      	lsls	r3, r0
100010dc:	4a01      	ldr	r2, [pc, #4]	@ (100010e4 <irq_set_pending+0xc>)
100010de:	6013      	str	r3, [r2, #0]
100010e0:	4770      	bx	lr
100010e2:	46c0      	nop			@ (mov r8, r8)
100010e4:	e000e200 	.word	0xe000e200

100010e8 <irq_has_shared_handler>:
100010e8:	4b05      	ldr	r3, [pc, #20]	@ (10001100 <irq_has_shared_handler+0x18>)
100010ea:	3010      	adds	r0, #16
100010ec:	689b      	ldr	r3, [r3, #8]
100010ee:	0080      	lsls	r0, r0, #2
100010f0:	58c3      	ldr	r3, [r0, r3]
100010f2:	4a04      	ldr	r2, [pc, #16]	@ (10001104 <irq_has_shared_handler+0x1c>)
100010f4:	2000      	movs	r0, #0
100010f6:	1a9b      	subs	r3, r3, r2
100010f8:	2247      	movs	r2, #71	@ 0x47
100010fa:	429a      	cmp	r2, r3
100010fc:	4140      	adcs	r0, r0
100010fe:	4770      	bx	lr
10001100:	e000ed00 	.word	0xe000ed00
10001104:	20000f44 	.word	0x20000f44

10001108 <irq_set_exclusive_handler>:
10001108:	b510      	push	{r4, lr}
1000110a:	f3ef 8c10 	mrs	ip, PRIMASK
1000110e:	b672      	cpsid	i
10001110:	4a0f      	ldr	r2, [pc, #60]	@ (10001150 <irq_set_exclusive_handler+0x48>)
10001112:	6813      	ldr	r3, [r2, #0]
10001114:	2b00      	cmp	r3, #0
10001116:	d0fc      	beq.n	10001112 <irq_set_exclusive_handler+0xa>
10001118:	f3bf 8f5f 	dmb	sy
1000111c:	4b0d      	ldr	r3, [pc, #52]	@ (10001154 <irq_set_exclusive_handler+0x4c>)
1000111e:	3010      	adds	r0, #16
10001120:	689b      	ldr	r3, [r3, #8]
10001122:	0080      	lsls	r0, r0, #2
10001124:	581b      	ldr	r3, [r3, r0]
10001126:	4a0c      	ldr	r2, [pc, #48]	@ (10001158 <irq_set_exclusive_handler+0x50>)
10001128:	4293      	cmp	r3, r2
1000112a:	d001      	beq.n	10001130 <irq_set_exclusive_handler+0x28>
1000112c:	4299      	cmp	r1, r3
1000112e:	d10c      	bne.n	1000114a <irq_set_exclusive_handler+0x42>
10001130:	4b08      	ldr	r3, [pc, #32]	@ (10001154 <irq_set_exclusive_handler+0x4c>)
10001132:	689b      	ldr	r3, [r3, #8]
10001134:	5019      	str	r1, [r3, r0]
10001136:	f3bf 8f5f 	dmb	sy
1000113a:	f3bf 8f5f 	dmb	sy
1000113e:	2200      	movs	r2, #0
10001140:	4b03      	ldr	r3, [pc, #12]	@ (10001150 <irq_set_exclusive_handler+0x48>)
10001142:	601a      	str	r2, [r3, #0]
10001144:	f38c 8810 	msr	PRIMASK, ip
10001148:	bd10      	pop	{r4, pc}
1000114a:	f001 f85f 	bl	1000220c <hard_assertion_failure>
1000114e:	46c0      	nop			@ (mov r8, r8)
10001150:	d0000124 	.word	0xd0000124
10001154:	e000ed00 	.word	0xe000ed00
10001158:	100001c1 	.word	0x100001c1

1000115c <irq_add_shared_handler>:
1000115c:	b5f0      	push	{r4, r5, r6, r7, lr}
1000115e:	46de      	mov	lr, fp
10001160:	4657      	mov	r7, sl
10001162:	464e      	mov	r6, r9
10001164:	4645      	mov	r5, r8
10001166:	b5e0      	push	{r5, r6, r7, lr}
10001168:	468b      	mov	fp, r1
1000116a:	b085      	sub	sp, #20
1000116c:	f3ef 8810 	mrs	r8, PRIMASK
10001170:	b672      	cpsid	i
10001172:	0016      	movs	r6, r2
10001174:	4a5b      	ldr	r2, [pc, #364]	@ (100012e4 <irq_add_shared_handler+0x188>)
10001176:	6813      	ldr	r3, [r2, #0]
10001178:	2b00      	cmp	r3, #0
1000117a:	d0fc      	beq.n	10001176 <irq_add_shared_handler+0x1a>
1000117c:	46b2      	mov	sl, r6
1000117e:	f3bf 8f5f 	dmb	sy
10001182:	2500      	movs	r5, #0
10001184:	4958      	ldr	r1, [pc, #352]	@ (100012e8 <irq_add_shared_handler+0x18c>)
10001186:	574d      	ldrsb	r5, [r1, r5]
10001188:	2d00      	cmp	r5, #0
1000118a:	da00      	bge.n	1000118e <irq_add_shared_handler+0x32>
1000118c:	e0a8      	b.n	100012e0 <irq_add_shared_handler+0x184>
1000118e:	006b      	lsls	r3, r5, #1
10001190:	4a56      	ldr	r2, [pc, #344]	@ (100012ec <irq_add_shared_handler+0x190>)
10001192:	9301      	str	r3, [sp, #4]
10001194:	195b      	adds	r3, r3, r5
10001196:	009b      	lsls	r3, r3, #2
10001198:	18d4      	adds	r4, r2, r3
1000119a:	79a7      	ldrb	r7, [r4, #6]
1000119c:	3010      	adds	r0, #16
1000119e:	700f      	strb	r7, [r1, #0]
100011a0:	4953      	ldr	r1, [pc, #332]	@ (100012f0 <irq_add_shared_handler+0x194>)
100011a2:	0080      	lsls	r0, r0, #2
100011a4:	6889      	ldr	r1, [r1, #8]
100011a6:	4684      	mov	ip, r0
100011a8:	580f      	ldr	r7, [r1, r0]
100011aa:	1ab9      	subs	r1, r7, r2
100011ac:	2947      	cmp	r1, #71	@ 0x47
100011ae:	d833      	bhi.n	10001218 <irq_add_shared_handler+0xbc>
100011b0:	2001      	movs	r0, #1
100011b2:	0039      	movs	r1, r7
100011b4:	4381      	bics	r1, r0
100011b6:	79ce      	ldrb	r6, [r1, #7]
100011b8:	4556      	cmp	r6, sl
100011ba:	d800      	bhi.n	100011be <irq_add_shared_handler+0x62>
100011bc:	e06a      	b.n	10001294 <irq_add_shared_handler+0x138>
100011be:	46a1      	mov	r9, r4
100011c0:	4656      	mov	r6, sl
100011c2:	9303      	str	r3, [sp, #12]
100011c4:	e007      	b.n	100011d6 <irq_add_shared_handler+0x7a>
100011c6:	0058      	lsls	r0, r3, #1
100011c8:	18c0      	adds	r0, r0, r3
100011ca:	0080      	lsls	r0, r0, #2
100011cc:	1810      	adds	r0, r2, r0
100011ce:	79c4      	ldrb	r4, [r0, #7]
100011d0:	42b4      	cmp	r4, r6
100011d2:	d94d      	bls.n	10001270 <irq_add_shared_handler+0x114>
100011d4:	0001      	movs	r1, r0
100011d6:	2306      	movs	r3, #6
100011d8:	56cb      	ldrsb	r3, [r1, r3]
100011da:	2b00      	cmp	r3, #0
100011dc:	daf3      	bge.n	100011c6 <irq_add_shared_handler+0x6a>
100011de:	1d08      	adds	r0, r1, #4
100011e0:	464c      	mov	r4, r9
100011e2:	46b2      	mov	sl, r6
100011e4:	4681      	mov	r9, r0
100011e6:	9302      	str	r3, [sp, #8]
100011e8:	4b42      	ldr	r3, [pc, #264]	@ (100012f4 <irq_add_shared_handler+0x198>)
100011ea:	464e      	mov	r6, r9
100011ec:	3c04      	subs	r4, #4
100011ee:	1ba4      	subs	r4, r4, r6
100011f0:	0524      	lsls	r4, r4, #20
100011f2:	4e41      	ldr	r6, [pc, #260]	@ (100012f8 <irq_add_shared_handler+0x19c>)
100011f4:	0d64      	lsrs	r4, r4, #21
100011f6:	4334      	orrs	r4, r6
100011f8:	808c      	strh	r4, [r1, #4]
100011fa:	718d      	strb	r5, [r1, #6]
100011fc:	9901      	ldr	r1, [sp, #4]
100011fe:	1949      	adds	r1, r1, r5
10001200:	0089      	lsls	r1, r1, #2
10001202:	1852      	adds	r2, r2, r1
10001204:	8093      	strh	r3, [r2, #4]
10001206:	9b02      	ldr	r3, [sp, #8]
10001208:	493c      	ldr	r1, [pc, #240]	@ (100012fc <irq_add_shared_handler+0x1a0>)
1000120a:	7193      	strb	r3, [r2, #6]
1000120c:	4653      	mov	r3, sl
1000120e:	71d3      	strb	r3, [r2, #7]
10001210:	465b      	mov	r3, fp
10001212:	6011      	str	r1, [r2, #0]
10001214:	6093      	str	r3, [r2, #8]
10001216:	e017      	b.n	10001248 <irq_add_shared_handler+0xec>
10001218:	4939      	ldr	r1, [pc, #228]	@ (10001300 <irq_add_shared_handler+0x1a4>)
1000121a:	428f      	cmp	r7, r1
1000121c:	d160      	bne.n	100012e0 <irq_add_shared_handler+0x184>
1000121e:	4939      	ldr	r1, [pc, #228]	@ (10001304 <irq_add_shared_handler+0x1a8>)
10001220:	2701      	movs	r7, #1
10001222:	52d1      	strh	r1, [r2, r3]
10001224:	4938      	ldr	r1, [pc, #224]	@ (10001308 <irq_add_shared_handler+0x1ac>)
10001226:	3302      	adds	r3, #2
10001228:	18d3      	adds	r3, r2, r3
1000122a:	3904      	subs	r1, #4
1000122c:	1acb      	subs	r3, r1, r3
1000122e:	4a32      	ldr	r2, [pc, #200]	@ (100012f8 <irq_add_shared_handler+0x19c>)
10001230:	051b      	lsls	r3, r3, #20
10001232:	0d5b      	lsrs	r3, r3, #21
10001234:	4313      	orrs	r3, r2
10001236:	8063      	strh	r3, [r4, #2]
10001238:	4b34      	ldr	r3, [pc, #208]	@ (1000130c <irq_add_shared_handler+0x1b0>)
1000123a:	71e6      	strb	r6, [r4, #7]
1000123c:	80a3      	strh	r3, [r4, #4]
1000123e:	23ff      	movs	r3, #255	@ 0xff
10001240:	71a3      	strb	r3, [r4, #6]
10001242:	465b      	mov	r3, fp
10001244:	4327      	orrs	r7, r4
10001246:	60a3      	str	r3, [r4, #8]
10001248:	4662      	mov	r2, ip
1000124a:	4b29      	ldr	r3, [pc, #164]	@ (100012f0 <irq_add_shared_handler+0x194>)
1000124c:	689b      	ldr	r3, [r3, #8]
1000124e:	509f      	str	r7, [r3, r2]
10001250:	f3bf 8f5f 	dmb	sy
10001254:	f3bf 8f5f 	dmb	sy
10001258:	2200      	movs	r2, #0
1000125a:	4b22      	ldr	r3, [pc, #136]	@ (100012e4 <irq_add_shared_handler+0x188>)
1000125c:	601a      	str	r2, [r3, #0]
1000125e:	f388 8810 	msr	PRIMASK, r8
10001262:	b005      	add	sp, #20
10001264:	bcf0      	pop	{r4, r5, r6, r7}
10001266:	46bb      	mov	fp, r7
10001268:	46b2      	mov	sl, r6
1000126a:	46a9      	mov	r9, r5
1000126c:	46a0      	mov	r8, r4
1000126e:	bdf0      	pop	{r4, r5, r6, r7, pc}
10001270:	46b2      	mov	sl, r6
10001272:	1d0e      	adds	r6, r1, #4
10001274:	464c      	mov	r4, r9
10001276:	46b1      	mov	r9, r6
10001278:	8888      	ldrh	r0, [r1, #4]
1000127a:	9302      	str	r3, [sp, #8]
1000127c:	9b03      	ldr	r3, [sp, #12]
1000127e:	0540      	lsls	r0, r0, #21
10001280:	1500      	asrs	r0, r0, #20
10001282:	3304      	adds	r3, #4
10001284:	4448      	add	r0, r9
10001286:	18d3      	adds	r3, r2, r3
10001288:	1ac3      	subs	r3, r0, r3
1000128a:	051b      	lsls	r3, r3, #20
1000128c:	481a      	ldr	r0, [pc, #104]	@ (100012f8 <irq_add_shared_handler+0x19c>)
1000128e:	0d5b      	lsrs	r3, r3, #21
10001290:	4303      	orrs	r3, r0
10001292:	e7aa      	b.n	100011ea <irq_add_shared_handler+0x8e>
10001294:	1c9e      	adds	r6, r3, #2
10001296:	46b1      	mov	r9, r6
10001298:	4491      	add	r9, r2
1000129a:	464e      	mov	r6, r9
1000129c:	000f      	movs	r7, r1
1000129e:	4d1c      	ldr	r5, [pc, #112]	@ (10001310 <irq_add_shared_handler+0x1b4>)
100012a0:	1abf      	subs	r7, r7, r2
100012a2:	417f      	adcs	r7, r7
100012a4:	437d      	muls	r5, r7
100012a6:	0d2d      	lsrs	r5, r5, #20
100012a8:	4f16      	ldr	r7, [pc, #88]	@ (10001304 <irq_add_shared_handler+0x1a8>)
100012aa:	71a5      	strb	r5, [r4, #6]
100012ac:	52d7      	strh	r7, [r2, r3]
100012ae:	4f16      	ldr	r7, [pc, #88]	@ (10001308 <irq_add_shared_handler+0x1ac>)
100012b0:	3304      	adds	r3, #4
100012b2:	3f04      	subs	r7, #4
100012b4:	18d3      	adds	r3, r2, r3
100012b6:	1bbf      	subs	r7, r7, r6
100012b8:	1acb      	subs	r3, r1, r3
100012ba:	053f      	lsls	r7, r7, #20
100012bc:	3b04      	subs	r3, #4
100012be:	0d7e      	lsrs	r6, r7, #21
100012c0:	051b      	lsls	r3, r3, #20
100012c2:	4f0d      	ldr	r7, [pc, #52]	@ (100012f8 <irq_add_shared_handler+0x19c>)
100012c4:	0d5b      	lsrs	r3, r3, #21
100012c6:	433e      	orrs	r6, r7
100012c8:	431f      	orrs	r7, r3
100012ca:	4653      	mov	r3, sl
100012cc:	71e3      	strb	r3, [r4, #7]
100012ce:	465b      	mov	r3, fp
100012d0:	60a3      	str	r3, [r4, #8]
100012d2:	4b0a      	ldr	r3, [pc, #40]	@ (100012fc <irq_add_shared_handler+0x1a0>)
100012d4:	80a7      	strh	r7, [r4, #4]
100012d6:	8066      	strh	r6, [r4, #2]
100012d8:	4304      	orrs	r4, r0
100012da:	0027      	movs	r7, r4
100012dc:	600b      	str	r3, [r1, #0]
100012de:	e7b3      	b.n	10001248 <irq_add_shared_handler+0xec>
100012e0:	f000 ff94 	bl	1000220c <hard_assertion_failure>
100012e4:	d0000124 	.word	0xd0000124
100012e8:	20001d22 	.word	0x20001d22
100012ec:	20000f44 	.word	0x20000f44
100012f0:	e000ed00 	.word	0xe000ed00
100012f4:	0000bd01 	.word	0x0000bd01
100012f8:	ffffe000 	.word	0xffffe000
100012fc:	47804801 	.word	0x47804801
10001300:	100001c1 	.word	0x100001c1
10001304:	ffffa100 	.word	0xffffa100
10001308:	20000f8c 	.word	0x20000f8c
1000130c:	ffffbd01 	.word	0xffffbd01
10001310:	0000aaaa 	.word	0x0000aaaa

10001314 <irq_add_tail_to_free_list>:
10001314:	2301      	movs	r3, #1
10001316:	4303      	orrs	r3, r0
10001318:	b570      	push	{r4, r5, r6, lr}
1000131a:	469c      	mov	ip, r3
1000131c:	f3ef 8105 	mrs	r1, IPSR
10001320:	f3ef 8510 	mrs	r5, PRIMASK
10001324:	b672      	cpsid	i
10001326:	4a27      	ldr	r2, [pc, #156]	@ (100013c4 <irq_add_tail_to_free_list+0xb0>)
10001328:	6813      	ldr	r3, [r2, #0]
1000132a:	2b00      	cmp	r3, #0
1000132c:	d0fc      	beq.n	10001328 <irq_add_tail_to_free_list+0x14>
1000132e:	f3bf 8f5f 	dmb	sy
10001332:	4a25      	ldr	r2, [pc, #148]	@ (100013c8 <irq_add_tail_to_free_list+0xb4>)
10001334:	0004      	movs	r4, r0
10001336:	4b25      	ldr	r3, [pc, #148]	@ (100013cc <irq_add_tail_to_free_list+0xb8>)
10001338:	1aa4      	subs	r4, r4, r2
1000133a:	4164      	adcs	r4, r4
1000133c:	4363      	muls	r3, r4
1000133e:	0d1b      	lsrs	r3, r3, #20
10001340:	4c23      	ldr	r4, [pc, #140]	@ (100013d0 <irq_add_tail_to_free_list+0xbc>)
10001342:	0089      	lsls	r1, r1, #2
10001344:	68a6      	ldr	r6, [r4, #8]
10001346:	b25b      	sxtb	r3, r3
10001348:	5876      	ldr	r6, [r6, r1]
1000134a:	4566      	cmp	r6, ip
1000134c:	d024      	beq.n	10001398 <irq_add_tail_to_free_list+0x84>
1000134e:	2106      	movs	r1, #6
10001350:	5651      	ldrsb	r1, [r2, r1]
10001352:	4299      	cmp	r1, r3
10001354:	d024      	beq.n	100013a0 <irq_add_tail_to_free_list+0x8c>
10001356:	2112      	movs	r1, #18
10001358:	5651      	ldrsb	r1, [r2, r1]
1000135a:	4299      	cmp	r1, r3
1000135c:	d02a      	beq.n	100013b4 <irq_add_tail_to_free_list+0xa0>
1000135e:	211e      	movs	r1, #30
10001360:	5651      	ldrsb	r1, [r2, r1]
10001362:	4299      	cmp	r1, r3
10001364:	d028      	beq.n	100013b8 <irq_add_tail_to_free_list+0xa4>
10001366:	212a      	movs	r1, #42	@ 0x2a
10001368:	5651      	ldrsb	r1, [r2, r1]
1000136a:	4299      	cmp	r1, r3
1000136c:	d026      	beq.n	100013bc <irq_add_tail_to_free_list+0xa8>
1000136e:	2136      	movs	r1, #54	@ 0x36
10001370:	5651      	ldrsb	r1, [r2, r1]
10001372:	4299      	cmp	r1, r3
10001374:	d024      	beq.n	100013c0 <irq_add_tail_to_free_list+0xac>
10001376:	2142      	movs	r1, #66	@ 0x42
10001378:	5651      	ldrsb	r1, [r2, r1]
1000137a:	2405      	movs	r4, #5
1000137c:	4299      	cmp	r1, r3
1000137e:	d010      	beq.n	100013a2 <irq_add_tail_to_free_list+0x8e>
10001380:	4a14      	ldr	r2, [pc, #80]	@ (100013d4 <irq_add_tail_to_free_list+0xc0>)
10001382:	7811      	ldrb	r1, [r2, #0]
10001384:	7013      	strb	r3, [r2, #0]
10001386:	7181      	strb	r1, [r0, #6]
10001388:	f3bf 8f5f 	dmb	sy
1000138c:	2200      	movs	r2, #0
1000138e:	4b0d      	ldr	r3, [pc, #52]	@ (100013c4 <irq_add_tail_to_free_list+0xb0>)
10001390:	601a      	str	r2, [r3, #0]
10001392:	f385 8810 	msr	PRIMASK, r5
10001396:	bd70      	pop	{r4, r5, r6, pc}
10001398:	68a2      	ldr	r2, [r4, #8]
1000139a:	4c0f      	ldr	r4, [pc, #60]	@ (100013d8 <irq_add_tail_to_free_list+0xc4>)
1000139c:	5054      	str	r4, [r2, r1]
1000139e:	e7ef      	b.n	10001380 <irq_add_tail_to_free_list+0x6c>
100013a0:	2400      	movs	r4, #0
100013a2:	0061      	lsls	r1, r4, #1
100013a4:	1909      	adds	r1, r1, r4
100013a6:	0089      	lsls	r1, r1, #2
100013a8:	1852      	adds	r2, r2, r1
100013aa:	21ff      	movs	r1, #255	@ 0xff
100013ac:	7191      	strb	r1, [r2, #6]
100013ae:	490b      	ldr	r1, [pc, #44]	@ (100013dc <irq_add_tail_to_free_list+0xc8>)
100013b0:	8091      	strh	r1, [r2, #4]
100013b2:	e7e5      	b.n	10001380 <irq_add_tail_to_free_list+0x6c>
100013b4:	2401      	movs	r4, #1
100013b6:	e7f4      	b.n	100013a2 <irq_add_tail_to_free_list+0x8e>
100013b8:	2402      	movs	r4, #2
100013ba:	e7f2      	b.n	100013a2 <irq_add_tail_to_free_list+0x8e>
100013bc:	2403      	movs	r4, #3
100013be:	e7f0      	b.n	100013a2 <irq_add_tail_to_free_list+0x8e>
100013c0:	2404      	movs	r4, #4
100013c2:	e7ee      	b.n	100013a2 <irq_add_tail_to_free_list+0x8e>
100013c4:	d0000124 	.word	0xd0000124
100013c8:	20000f44 	.word	0x20000f44
100013cc:	0000aaaa 	.word	0x0000aaaa
100013d0:	e000ed00 	.word	0xe000ed00
100013d4:	20001d22 	.word	0x20001d22
100013d8:	100001c1 	.word	0x100001c1
100013dc:	ffffbd01 	.word	0xffffbd01

100013e0 <user_irq_claim_unused>:
100013e0:	b500      	push	{lr}
100013e2:	4b07      	ldr	r3, [pc, #28]	@ (10001400 <user_irq_claim_unused+0x20>)
100013e4:	b083      	sub	sp, #12
100013e6:	0001      	movs	r1, r0
100013e8:	9300      	str	r3, [sp, #0]
100013ea:	2200      	movs	r2, #0
100013ec:	2305      	movs	r3, #5
100013ee:	4805      	ldr	r0, [pc, #20]	@ (10001404 <user_irq_claim_unused+0x24>)
100013f0:	f7ff fdc2 	bl	10000f78 <hw_claim_unused_from_range>
100013f4:	2800      	cmp	r0, #0
100013f6:	db01      	blt.n	100013fc <user_irq_claim_unused+0x1c>
100013f8:	231f      	movs	r3, #31
100013fa:	1a18      	subs	r0, r3, r0
100013fc:	b003      	add	sp, #12
100013fe:	bd00      	pop	{pc}
10001400:	10007608 	.word	0x10007608
10001404:	20001d27 	.word	0x20001d27

10001408 <lock_init>:
10001408:	4b02      	ldr	r3, [pc, #8]	@ (10001414 <lock_init+0xc>)
1000140a:	18c9      	adds	r1, r1, r3
1000140c:	0089      	lsls	r1, r1, #2
1000140e:	6001      	str	r1, [r0, #0]
10001410:	4770      	bx	lr
10001412:	46c0      	nop			@ (mov r8, r8)
10001414:	34000040 	.word	0x34000040

10001418 <runtime_init_mutex>:
10001418:	b570      	push	{r4, r5, r6, lr}
1000141a:	4c11      	ldr	r4, [pc, #68]	@ (10001460 <runtime_init_mutex+0x48>)
1000141c:	4d11      	ldr	r5, [pc, #68]	@ (10001464 <runtime_init_mutex+0x4c>)
1000141e:	42ac      	cmp	r4, r5
10001420:	d20f      	bcs.n	10001442 <runtime_init_mutex+0x2a>
10001422:	26ff      	movs	r6, #255	@ 0xff
10001424:	6823      	ldr	r3, [r4, #0]
10001426:	2b00      	cmp	r3, #0
10001428:	d00c      	beq.n	10001444 <runtime_init_mutex+0x2c>
1000142a:	f7ff fde9 	bl	10001000 <next_striped_spin_lock_num>
1000142e:	0001      	movs	r1, r0
10001430:	0020      	movs	r0, r4
10001432:	f7ff ffe9 	bl	10001408 <lock_init>
10001436:	80a6      	strh	r6, [r4, #4]
10001438:	f3bf 8f5f 	dmb	sy
1000143c:	3408      	adds	r4, #8
1000143e:	42ac      	cmp	r4, r5
10001440:	d3f0      	bcc.n	10001424 <runtime_init_mutex+0xc>
10001442:	bd70      	pop	{r4, r5, r6, pc}
10001444:	f7ff fddc 	bl	10001000 <next_striped_spin_lock_num>
10001448:	0001      	movs	r1, r0
1000144a:	0020      	movs	r0, r4
1000144c:	f7ff ffdc 	bl	10001408 <lock_init>
10001450:	7126      	strb	r6, [r4, #4]
10001452:	f3bf 8f5f 	dmb	sy
10001456:	3408      	adds	r4, #8
10001458:	42ac      	cmp	r4, r5
1000145a:	d3e3      	bcc.n	10001424 <runtime_init_mutex+0xc>
1000145c:	e7f1      	b.n	10001442 <runtime_init_mutex+0x2a>
1000145e:	46c0      	nop			@ (mov r8, r8)
10001460:	20001038 	.word	0x20001038
10001464:	20001040 	.word	0x20001040

10001468 <mutex_init>:
10001468:	b510      	push	{r4, lr}
1000146a:	0004      	movs	r4, r0
1000146c:	f7ff fdc8 	bl	10001000 <next_striped_spin_lock_num>
10001470:	0001      	movs	r1, r0
10001472:	0020      	movs	r0, r4
10001474:	f7ff ffc8 	bl	10001408 <lock_init>
10001478:	23ff      	movs	r3, #255	@ 0xff
1000147a:	7123      	strb	r3, [r4, #4]
1000147c:	f3bf 8f5f 	dmb	sy
10001480:	bd10      	pop	{r4, pc}
10001482:	46c0      	nop			@ (mov r8, r8)

10001484 <critical_section_init>:
10001484:	b510      	push	{r4, lr}
10001486:	0004      	movs	r4, r0
10001488:	2001      	movs	r0, #1
1000148a:	f7ff fdc5 	bl	10001018 <spin_lock_claim_unused>
1000148e:	4b03      	ldr	r3, [pc, #12]	@ (1000149c <critical_section_init+0x18>)
10001490:	18c0      	adds	r0, r0, r3
10001492:	0080      	lsls	r0, r0, #2
10001494:	6020      	str	r0, [r4, #0]
10001496:	f3bf 8f5f 	dmb	sy
1000149a:	bd10      	pop	{r4, pc}
1000149c:	34000040 	.word	0x34000040

100014a0 <critical_section_init_with_lock_num>:
100014a0:	4b03      	ldr	r3, [pc, #12]	@ (100014b0 <critical_section_init_with_lock_num+0x10>)
100014a2:	18c9      	adds	r1, r1, r3
100014a4:	0089      	lsls	r1, r1, #2
100014a6:	6001      	str	r1, [r0, #0]
100014a8:	f3bf 8f5f 	dmb	sy
100014ac:	4770      	bx	lr
100014ae:	46c0      	nop			@ (mov r8, r8)
100014b0:	34000040 	.word	0x34000040

100014b4 <sleep_until_callback>:
100014b4:	4b0a      	ldr	r3, [pc, #40]	@ (100014e0 <sleep_until_callback+0x2c>)
100014b6:	6819      	ldr	r1, [r3, #0]
100014b8:	f3ef 8010 	mrs	r0, PRIMASK
100014bc:	b672      	cpsid	i
100014be:	680a      	ldr	r2, [r1, #0]
100014c0:	2a00      	cmp	r2, #0
100014c2:	d0fc      	beq.n	100014be <sleep_until_callback+0xa>
100014c4:	f3bf 8f5f 	dmb	sy
100014c8:	681b      	ldr	r3, [r3, #0]
100014ca:	f3bf 8f5f 	dmb	sy
100014ce:	2200      	movs	r2, #0
100014d0:	601a      	str	r2, [r3, #0]
100014d2:	f380 8810 	msr	PRIMASK, r0
100014d6:	bf40      	sev
100014d8:	2000      	movs	r0, #0
100014da:	2100      	movs	r1, #0
100014dc:	4770      	bx	lr
100014de:	46c0      	nop			@ (mov r8, r8)
100014e0:	20001c34 	.word	0x20001c34

100014e4 <alarm_pool_irq_handler>:
100014e4:	b5f0      	push	{r4, r5, r6, r7, lr}
100014e6:	46de      	mov	lr, fp
100014e8:	4657      	mov	r7, sl
100014ea:	464e      	mov	r6, r9
100014ec:	4645      	mov	r5, r8
100014ee:	b5e0      	push	{r5, r6, r7, lr}
100014f0:	b085      	sub	sp, #20
100014f2:	f3ef 8305 	mrs	r3, IPSR
100014f6:	2203      	movs	r2, #3
100014f8:	401a      	ands	r2, r3
100014fa:	4bb3      	ldr	r3, [pc, #716]	@ (100017c8 <alarm_pool_irq_handler+0x2e4>)
100014fc:	0091      	lsls	r1, r2, #2
100014fe:	585f      	ldr	r7, [r3, r1]
10001500:	2301      	movs	r3, #1
10001502:	4093      	lsls	r3, r2
10001504:	469b      	mov	fp, r3
10001506:	9202      	str	r2, [sp, #8]
10001508:	465a      	mov	r2, fp
1000150a:	4688      	mov	r8, r1
1000150c:	4baf      	ldr	r3, [pc, #700]	@ (100017cc <alarm_pool_irq_handler+0x2e8>)
1000150e:	601a      	str	r2, [r3, #0]
10001510:	4baf      	ldr	r3, [pc, #700]	@ (100017d0 <alarm_pool_irq_handler+0x2ec>)
10001512:	9303      	str	r3, [sp, #12]
10001514:	465b      	mov	r3, fp
10001516:	48af      	ldr	r0, [pc, #700]	@ (100017d4 <alarm_pool_irq_handler+0x2f0>)
10001518:	6343      	str	r3, [r0, #52]	@ 0x34
1000151a:	2308      	movs	r3, #8
1000151c:	5efe      	ldrsh	r6, [r7, r3]
1000151e:	2e00      	cmp	r6, #0
10001520:	da37      	bge.n	10001592 <alarm_pool_irq_handler+0xae>
10001522:	88bb      	ldrh	r3, [r7, #4]
10001524:	b21b      	sxth	r3, r3
10001526:	2b00      	cmp	r3, #0
10001528:	db00      	blt.n	1000152c <alarm_pool_irq_handler+0x48>
1000152a:	e0a4      	b.n	10001676 <alarm_pool_irq_handler+0x192>
1000152c:	79bb      	ldrb	r3, [r7, #6]
1000152e:	2b00      	cmp	r3, #0
10001530:	d000      	beq.n	10001534 <alarm_pool_irq_handler+0x50>
10001532:	e0e5      	b.n	10001700 <alarm_pool_irq_handler+0x21c>
10001534:	2308      	movs	r3, #8
10001536:	5ef9      	ldrsh	r1, [r7, r3]
10001538:	2900      	cmp	r1, #0
1000153a:	db20      	blt.n	1000157e <alarm_pool_irq_handler+0x9a>
1000153c:	004b      	lsls	r3, r1, #1
1000153e:	697a      	ldr	r2, [r7, #20]
10001540:	185b      	adds	r3, r3, r1
10001542:	00db      	lsls	r3, r3, #3
10001544:	18d3      	adds	r3, r2, r3
10001546:	689d      	ldr	r5, [r3, #8]
10001548:	68dc      	ldr	r4, [r3, #12]
1000154a:	1c6b      	adds	r3, r5, #1
1000154c:	d100      	bne.n	10001550 <alarm_pool_irq_handler+0x6c>
1000154e:	e104      	b.n	1000175a <alarm_pool_irq_handler+0x276>
10001550:	48a0      	ldr	r0, [pc, #640]	@ (100017d4 <alarm_pool_irq_handler+0x2f0>)
10001552:	0001      	movs	r1, r0
10001554:	4441      	add	r1, r8
10001556:	6a82      	ldr	r2, [r0, #40]	@ 0x28
10001558:	690b      	ldr	r3, [r1, #16]
1000155a:	1aae      	subs	r6, r5, r2
1000155c:	1a9b      	subs	r3, r3, r2
1000155e:	429e      	cmp	r6, r3
10001560:	d315      	bcc.n	1000158e <alarm_pool_irq_handler+0xaa>
10001562:	2301      	movs	r3, #1
10001564:	6a02      	ldr	r2, [r0, #32]
10001566:	9802      	ldr	r0, [sp, #8]
10001568:	4083      	lsls	r3, r0
1000156a:	421a      	tst	r2, r3
1000156c:	d00f      	beq.n	1000158e <alarm_pool_irq_handler+0xaa>
1000156e:	4899      	ldr	r0, [pc, #612]	@ (100017d4 <alarm_pool_irq_handler+0x2f0>)
10001570:	f000 fc36 	bl	10001de0 <timer_time_us_64>
10001574:	428c      	cmp	r4, r1
10001576:	dc02      	bgt.n	1000157e <alarm_pool_irq_handler+0x9a>
10001578:	d1cc      	bne.n	10001514 <alarm_pool_irq_handler+0x30>
1000157a:	4285      	cmp	r5, r0
1000157c:	d9ca      	bls.n	10001514 <alarm_pool_irq_handler+0x30>
1000157e:	bf40      	sev
10001580:	b005      	add	sp, #20
10001582:	bcf0      	pop	{r4, r5, r6, r7}
10001584:	46bb      	mov	fp, r7
10001586:	46b2      	mov	sl, r6
10001588:	46a9      	mov	r9, r5
1000158a:	46a0      	mov	r8, r4
1000158c:	bdf0      	pop	{r4, r5, r6, r7, pc}
1000158e:	610d      	str	r5, [r1, #16]
10001590:	e7ed      	b.n	1000156e <alarm_pool_irq_handler+0x8a>
10001592:	697a      	ldr	r2, [r7, #20]
10001594:	0073      	lsls	r3, r6, #1
10001596:	4691      	mov	r9, r2
10001598:	199b      	adds	r3, r3, r6
1000159a:	00db      	lsls	r3, r3, #3
1000159c:	4499      	add	r9, r3
1000159e:	464b      	mov	r3, r9
100015a0:	689c      	ldr	r4, [r3, #8]
100015a2:	68dd      	ldr	r5, [r3, #12]
100015a4:	f000 fc1c 	bl	10001de0 <timer_time_us_64>
100015a8:	428d      	cmp	r5, r1
100015aa:	dcba      	bgt.n	10001522 <alarm_pool_irq_handler+0x3e>
100015ac:	d100      	bne.n	100015b0 <alarm_pool_irq_handler+0xcc>
100015ae:	e0f6      	b.n	1000179e <alarm_pool_irq_handler+0x2ba>
100015b0:	2d00      	cmp	r5, #0
100015b2:	da00      	bge.n	100015b6 <alarm_pool_irq_handler+0xd2>
100015b4:	e0db      	b.n	1000176e <alarm_pool_irq_handler+0x28a>
100015b6:	464a      	mov	r2, r9
100015b8:	464b      	mov	r3, r9
100015ba:	6952      	ldr	r2, [r2, #20]
100015bc:	691b      	ldr	r3, [r3, #16]
100015be:	4692      	mov	sl, r2
100015c0:	9a03      	ldr	r2, [sp, #12]
100015c2:	4293      	cmp	r3, r2
100015c4:	d100      	bne.n	100015c8 <alarm_pool_irq_handler+0xe4>
100015c6:	e0cc      	b.n	10001762 <alarm_pool_irq_handler+0x27e>
100015c8:	464a      	mov	r2, r9
100015ca:	2108      	movs	r1, #8
100015cc:	5e78      	ldrsh	r0, [r7, r1]
100015ce:	8852      	ldrh	r2, [r2, #2]
100015d0:	0400      	lsls	r0, r0, #16
100015d2:	4651      	mov	r1, sl
100015d4:	4310      	orrs	r0, r2
100015d6:	4798      	blx	r3
100015d8:	9000      	str	r0, [sp, #0]
100015da:	9101      	str	r1, [sp, #4]
100015dc:	9900      	ldr	r1, [sp, #0]
100015de:	9a01      	ldr	r2, [sp, #4]
100015e0:	000b      	movs	r3, r1
100015e2:	4313      	orrs	r3, r2
100015e4:	d100      	bne.n	100015e8 <alarm_pool_irq_handler+0x104>
100015e6:	e0c2      	b.n	1000176e <alarm_pool_irq_handler+0x28a>
100015e8:	0013      	movs	r3, r2
100015ea:	000a      	movs	r2, r1
100015ec:	2b00      	cmp	r3, #0
100015ee:	db00      	blt.n	100015f2 <alarm_pool_irq_handler+0x10e>
100015f0:	e0d9      	b.n	100017a6 <alarm_pool_irq_handler+0x2c2>
100015f2:	0020      	movs	r0, r4
100015f4:	0029      	movs	r1, r5
100015f6:	1a80      	subs	r0, r0, r2
100015f8:	4199      	sbcs	r1, r3
100015fa:	464b      	mov	r3, r9
100015fc:	6098      	str	r0, [r3, #8]
100015fe:	60d9      	str	r1, [r3, #12]
10001600:	2200      	movs	r2, #0
10001602:	5e9b      	ldrsh	r3, [r3, r2]
10001604:	2b00      	cmp	r3, #0
10001606:	da00      	bge.n	1000160a <alarm_pool_irq_handler+0x126>
10001608:	e78b      	b.n	10001522 <alarm_pool_irq_handler+0x3e>
1000160a:	005d      	lsls	r5, r3, #1
1000160c:	697c      	ldr	r4, [r7, #20]
1000160e:	18ea      	adds	r2, r5, r3
10001610:	00d2      	lsls	r2, r2, #3
10001612:	18a2      	adds	r2, r4, r2
10001614:	9400      	str	r4, [sp, #0]
10001616:	6894      	ldr	r4, [r2, #8]
10001618:	68d2      	ldr	r2, [r2, #12]
1000161a:	46a2      	mov	sl, r4
1000161c:	428a      	cmp	r2, r1
1000161e:	dd00      	ble.n	10001622 <alarm_pool_irq_handler+0x13e>
10001620:	e77f      	b.n	10001522 <alarm_pool_irq_handler+0x3e>
10001622:	d102      	bne.n	1000162a <alarm_pool_irq_handler+0x146>
10001624:	4284      	cmp	r4, r0
10001626:	d900      	bls.n	1000162a <alarm_pool_irq_handler+0x146>
10001628:	e77b      	b.n	10001522 <alarm_pool_irq_handler+0x3e>
1000162a:	2408      	movs	r4, #8
1000162c:	46a4      	mov	ip, r4
1000162e:	813b      	strh	r3, [r7, #8]
10001630:	44bc      	add	ip, r7
10001632:	9c00      	ldr	r4, [sp, #0]
10001634:	9700      	str	r7, [sp, #0]
10001636:	002f      	movs	r7, r5
10001638:	4665      	mov	r5, ip
1000163a:	46b4      	mov	ip, r6
1000163c:	003e      	movs	r6, r7
1000163e:	e006      	b.n	1000164e <alarm_pool_irq_handler+0x16a>
10001640:	005e      	lsls	r6, r3, #1
10001642:	18f2      	adds	r2, r6, r3
10001644:	00d2      	lsls	r2, r2, #3
10001646:	18a2      	adds	r2, r4, r2
10001648:	6897      	ldr	r7, [r2, #8]
1000164a:	68d2      	ldr	r2, [r2, #12]
1000164c:	46ba      	mov	sl, r7
1000164e:	428a      	cmp	r2, r1
10001650:	dc07      	bgt.n	10001662 <alarm_pool_irq_handler+0x17e>
10001652:	d100      	bne.n	10001656 <alarm_pool_irq_handler+0x172>
10001654:	e0b4      	b.n	100017c0 <alarm_pool_irq_handler+0x2dc>
10001656:	18f3      	adds	r3, r6, r3
10001658:	00db      	lsls	r3, r3, #3
1000165a:	18e5      	adds	r5, r4, r3
1000165c:	5ee3      	ldrsh	r3, [r4, r3]
1000165e:	2b00      	cmp	r3, #0
10001660:	daee      	bge.n	10001640 <alarm_pool_irq_handler+0x15c>
10001662:	4666      	mov	r6, ip
10001664:	464a      	mov	r2, r9
10001666:	9f00      	ldr	r7, [sp, #0]
10001668:	8013      	strh	r3, [r2, #0]
1000166a:	802e      	strh	r6, [r5, #0]
1000166c:	88bb      	ldrh	r3, [r7, #4]
1000166e:	b21b      	sxth	r3, r3
10001670:	2b00      	cmp	r3, #0
10001672:	da00      	bge.n	10001676 <alarm_pool_irq_handler+0x192>
10001674:	e75a      	b.n	1000152c <alarm_pool_irq_handler+0x48>
10001676:	693a      	ldr	r2, [r7, #16]
10001678:	f3ef 8110 	mrs	r1, PRIMASK
1000167c:	b672      	cpsid	i
1000167e:	6813      	ldr	r3, [r2, #0]
10001680:	2b00      	cmp	r3, #0
10001682:	d0fc      	beq.n	1000167e <alarm_pool_irq_handler+0x19a>
10001684:	f3bf 8f5f 	dmb	sy
10001688:	2301      	movs	r3, #1
1000168a:	88be      	ldrh	r6, [r7, #4]
1000168c:	425b      	negs	r3, r3
1000168e:	80bb      	strh	r3, [r7, #4]
10001690:	b236      	sxth	r6, r6
10001692:	693b      	ldr	r3, [r7, #16]
10001694:	f3bf 8f5f 	dmb	sy
10001698:	2200      	movs	r2, #0
1000169a:	601a      	str	r2, [r3, #0]
1000169c:	f381 8810 	msr	PRIMASK, r1
100016a0:	2e00      	cmp	r6, #0
100016a2:	da00      	bge.n	100016a6 <alarm_pool_irq_handler+0x1c2>
100016a4:	e742      	b.n	1000152c <alarm_pool_irq_handler+0x48>
100016a6:	003b      	movs	r3, r7
100016a8:	3308      	adds	r3, #8
100016aa:	003a      	movs	r2, r7
100016ac:	4699      	mov	r9, r3
100016ae:	697d      	ldr	r5, [r7, #20]
100016b0:	0073      	lsls	r3, r6, #1
100016b2:	199b      	adds	r3, r3, r6
100016b4:	2408      	movs	r4, #8
100016b6:	5f11      	ldrsh	r1, [r2, r4]
100016b8:	00db      	lsls	r3, r3, #3
100016ba:	4648      	mov	r0, r9
100016bc:	18eb      	adds	r3, r5, r3
100016be:	2900      	cmp	r1, #0
100016c0:	db13      	blt.n	100016ea <alarm_pool_irq_handler+0x206>
100016c2:	689c      	ldr	r4, [r3, #8]
100016c4:	9300      	str	r3, [sp, #0]
100016c6:	46a4      	mov	ip, r4
100016c8:	68dc      	ldr	r4, [r3, #12]
100016ca:	e006      	b.n	100016da <alarm_pool_irq_handler+0x1f6>
100016cc:	42a3      	cmp	r3, r4
100016ce:	d040      	beq.n	10001752 <alarm_pool_irq_handler+0x26e>
100016d0:	2300      	movs	r3, #0
100016d2:	5ef9      	ldrsh	r1, [r7, r3]
100016d4:	0038      	movs	r0, r7
100016d6:	2900      	cmp	r1, #0
100016d8:	db06      	blt.n	100016e8 <alarm_pool_irq_handler+0x204>
100016da:	004f      	lsls	r7, r1, #1
100016dc:	187f      	adds	r7, r7, r1
100016de:	00ff      	lsls	r7, r7, #3
100016e0:	19ef      	adds	r7, r5, r7
100016e2:	68fb      	ldr	r3, [r7, #12]
100016e4:	42a3      	cmp	r3, r4
100016e6:	ddf1      	ble.n	100016cc <alarm_pool_irq_handler+0x1e8>
100016e8:	9b00      	ldr	r3, [sp, #0]
100016ea:	8006      	strh	r6, [r0, #0]
100016ec:	2000      	movs	r0, #0
100016ee:	5e1e      	ldrsh	r6, [r3, r0]
100016f0:	8019      	strh	r1, [r3, #0]
100016f2:	2e00      	cmp	r6, #0
100016f4:	dadc      	bge.n	100016b0 <alarm_pool_irq_handler+0x1cc>
100016f6:	0017      	movs	r7, r2
100016f8:	79bb      	ldrb	r3, [r7, #6]
100016fa:	2b00      	cmp	r3, #0
100016fc:	d100      	bne.n	10001700 <alarm_pool_irq_handler+0x21c>
100016fe:	e719      	b.n	10001534 <alarm_pool_irq_handler+0x50>
10001700:	2300      	movs	r3, #0
10001702:	71bb      	strb	r3, [r7, #6]
10001704:	2308      	movs	r3, #8
10001706:	5ef9      	ldrsh	r1, [r7, r3]
10001708:	1c4b      	adds	r3, r1, #1
1000170a:	d100      	bne.n	1000170e <alarm_pool_irq_handler+0x22a>
1000170c:	e737      	b.n	1000157e <alarm_pool_irq_handler+0x9a>
1000170e:	003d      	movs	r5, r7
10001710:	3508      	adds	r5, #8
10001712:	46ac      	mov	ip, r5
10001714:	697c      	ldr	r4, [r7, #20]
10001716:	e003      	b.n	10001720 <alarm_pool_irq_handler+0x23c>
10001718:	4684      	mov	ip, r0
1000171a:	1c4b      	adds	r3, r1, #1
1000171c:	d100      	bne.n	10001720 <alarm_pool_irq_handler+0x23c>
1000171e:	e709      	b.n	10001534 <alarm_pool_irq_handler+0x50>
10001720:	004b      	lsls	r3, r1, #1
10001722:	185b      	adds	r3, r3, r1
10001724:	00db      	lsls	r3, r3, #3
10001726:	18e0      	adds	r0, r4, r3
10001728:	000a      	movs	r2, r1
1000172a:	5ee1      	ldrsh	r1, [r4, r3]
1000172c:	8843      	ldrh	r3, [r0, #2]
1000172e:	b21b      	sxth	r3, r3
10001730:	2b00      	cmp	r3, #0
10001732:	daf1      	bge.n	10001718 <alarm_pool_irq_handler+0x234>
10001734:	2501      	movs	r5, #1
10001736:	426d      	negs	r5, r5
10001738:	17ee      	asrs	r6, r5, #31
1000173a:	6085      	str	r5, [r0, #8]
1000173c:	60c6      	str	r6, [r0, #12]
1000173e:	2508      	movs	r5, #8
10001740:	5f7b      	ldrsh	r3, [r7, r5]
10001742:	4293      	cmp	r3, r2
10001744:	d0e9      	beq.n	1000171a <alarm_pool_irq_handler+0x236>
10001746:	4663      	mov	r3, ip
10001748:	8019      	strh	r1, [r3, #0]
1000174a:	893b      	ldrh	r3, [r7, #8]
1000174c:	8003      	strh	r3, [r0, #0]
1000174e:	813a      	strh	r2, [r7, #8]
10001750:	e7e3      	b.n	1000171a <alarm_pool_irq_handler+0x236>
10001752:	68bb      	ldr	r3, [r7, #8]
10001754:	4563      	cmp	r3, ip
10001756:	d9bb      	bls.n	100016d0 <alarm_pool_irq_handler+0x1ec>
10001758:	e7c6      	b.n	100016e8 <alarm_pool_irq_handler+0x204>
1000175a:	1c63      	adds	r3, r4, #1
1000175c:	d000      	beq.n	10001760 <alarm_pool_irq_handler+0x27c>
1000175e:	e6f7      	b.n	10001550 <alarm_pool_irq_handler+0x6c>
10001760:	e705      	b.n	1000156e <alarm_pool_irq_handler+0x8a>
10001762:	4653      	mov	r3, sl
10001764:	4650      	mov	r0, sl
10001766:	691b      	ldr	r3, [r3, #16]
10001768:	4798      	blx	r3
1000176a:	2800      	cmp	r0, #0
1000176c:	d123      	bne.n	100017b6 <alarm_pool_irq_handler+0x2d2>
1000176e:	464b      	mov	r3, r9
10001770:	881b      	ldrh	r3, [r3, #0]
10001772:	693a      	ldr	r2, [r7, #16]
10001774:	813b      	strh	r3, [r7, #8]
10001776:	f3ef 8310 	mrs	r3, PRIMASK
1000177a:	b672      	cpsid	i
1000177c:	6811      	ldr	r1, [r2, #0]
1000177e:	2900      	cmp	r1, #0
10001780:	d0fc      	beq.n	1000177c <alarm_pool_irq_handler+0x298>
10001782:	f3bf 8f5f 	dmb	sy
10001786:	4649      	mov	r1, r9
10001788:	887a      	ldrh	r2, [r7, #2]
1000178a:	800a      	strh	r2, [r1, #0]
1000178c:	693a      	ldr	r2, [r7, #16]
1000178e:	807e      	strh	r6, [r7, #2]
10001790:	f3bf 8f5f 	dmb	sy
10001794:	2100      	movs	r1, #0
10001796:	6011      	str	r1, [r2, #0]
10001798:	f383 8810 	msr	PRIMASK, r3
1000179c:	e6c1      	b.n	10001522 <alarm_pool_irq_handler+0x3e>
1000179e:	4284      	cmp	r4, r0
100017a0:	d800      	bhi.n	100017a4 <alarm_pool_irq_handler+0x2c0>
100017a2:	e705      	b.n	100015b0 <alarm_pool_irq_handler+0xcc>
100017a4:	e6bd      	b.n	10001522 <alarm_pool_irq_handler+0x3e>
100017a6:	480b      	ldr	r0, [pc, #44]	@ (100017d4 <alarm_pool_irq_handler+0x2f0>)
100017a8:	f000 fb1a 	bl	10001de0 <timer_time_us_64>
100017ac:	9b00      	ldr	r3, [sp, #0]
100017ae:	9c01      	ldr	r4, [sp, #4]
100017b0:	18c0      	adds	r0, r0, r3
100017b2:	4161      	adcs	r1, r4
100017b4:	e721      	b.n	100015fa <alarm_pool_irq_handler+0x116>
100017b6:	4653      	mov	r3, sl
100017b8:	cb0c      	ldmia	r3, {r2, r3}
100017ba:	9200      	str	r2, [sp, #0]
100017bc:	9301      	str	r3, [sp, #4]
100017be:	e70d      	b.n	100015dc <alarm_pool_irq_handler+0xf8>
100017c0:	4582      	cmp	sl, r0
100017c2:	d800      	bhi.n	100017c6 <alarm_pool_irq_handler+0x2e2>
100017c4:	e747      	b.n	10001656 <alarm_pool_irq_handler+0x172>
100017c6:	e74c      	b.n	10001662 <alarm_pool_irq_handler+0x17e>
100017c8:	20001c18 	.word	0x20001c18
100017cc:	4005703c 	.word	0x4005703c
100017d0:	100014e5 	.word	0x100014e5
100017d4:	40054000 	.word	0x40054000

100017d8 <runtime_init_default_alarm_pool>:
100017d8:	b570      	push	{r4, r5, r6, lr}
100017da:	4c2d      	ldr	r4, [pc, #180]	@ (10001890 <runtime_init_default_alarm_pool+0xb8>)
100017dc:	6925      	ldr	r5, [r4, #16]
100017de:	2d00      	cmp	r5, #0
100017e0:	d004      	beq.n	100017ec <runtime_init_default_alarm_pool+0x14>
100017e2:	210a      	movs	r1, #10
100017e4:	482b      	ldr	r0, [pc, #172]	@ (10001894 <runtime_init_default_alarm_pool+0xbc>)
100017e6:	f7ff fe0f 	bl	10001408 <lock_init>
100017ea:	bd70      	pop	{r4, r5, r6, pc}
100017ec:	4e2a      	ldr	r6, [pc, #168]	@ (10001898 <runtime_init_default_alarm_pool+0xc0>)
100017ee:	2103      	movs	r1, #3
100017f0:	4829      	ldr	r0, [pc, #164]	@ (10001898 <runtime_init_default_alarm_pool+0xc0>)
100017f2:	f000 faeb 	bl	10001dcc <timer_hardware_alarm_claim>
100017f6:	60e6      	str	r6, [r4, #12]
100017f8:	f7ff fc02 	bl	10001000 <next_striped_spin_lock_num>
100017fc:	4b27      	ldr	r3, [pc, #156]	@ (1000189c <runtime_init_default_alarm_pool+0xc4>)
100017fe:	2203      	movs	r2, #3
10001800:	18c0      	adds	r0, r0, r3
10001802:	23d0      	movs	r3, #208	@ 0xd0
10001804:	7022      	strb	r2, [r4, #0]
10001806:	061b      	lsls	r3, r3, #24
10001808:	681b      	ldr	r3, [r3, #0]
1000180a:	2101      	movs	r1, #1
1000180c:	7063      	strb	r3, [r4, #1]
1000180e:	4b24      	ldr	r3, [pc, #144]	@ (100018a0 <runtime_init_default_alarm_pool+0xc8>)
10001810:	0080      	lsls	r0, r0, #2
10001812:	60a3      	str	r3, [r4, #8]
10001814:	230f      	movs	r3, #15
10001816:	6120      	str	r0, [r4, #16]
10001818:	2002      	movs	r0, #2
1000181a:	8063      	strh	r3, [r4, #2]
1000181c:	6963      	ldr	r3, [r4, #20]
1000181e:	4249      	negs	r1, r1
10001820:	80a1      	strh	r1, [r4, #4]
10001822:	8019      	strh	r1, [r3, #0]
10001824:	3102      	adds	r1, #2
10001826:	8619      	strh	r1, [r3, #48]	@ 0x30
10001828:	3147      	adds	r1, #71	@ 0x47
1000182a:	831d      	strh	r5, [r3, #24]
1000182c:	5258      	strh	r0, [r3, r1]
1000182e:	3118      	adds	r1, #24
10001830:	525a      	strh	r2, [r3, r1]
10001832:	3275      	adds	r2, #117	@ 0x75
10001834:	395c      	subs	r1, #92	@ 0x5c
10001836:	5299      	strh	r1, [r3, r2]
10001838:	3218      	adds	r2, #24
1000183a:	3101      	adds	r1, #1
1000183c:	5299      	strh	r1, [r3, r2]
1000183e:	3218      	adds	r2, #24
10001840:	3101      	adds	r1, #1
10001842:	5299      	strh	r1, [r3, r2]
10001844:	3218      	adds	r2, #24
10001846:	3101      	adds	r1, #1
10001848:	5299      	strh	r1, [r3, r2]
1000184a:	3508      	adds	r5, #8
1000184c:	3218      	adds	r2, #24
1000184e:	529d      	strh	r5, [r3, r2]
10001850:	3102      	adds	r1, #2
10001852:	3218      	adds	r2, #24
10001854:	5299      	strh	r1, [r3, r2]
10001856:	3218      	adds	r2, #24
10001858:	3101      	adds	r1, #1
1000185a:	5299      	strh	r1, [r3, r2]
1000185c:	3218      	adds	r2, #24
1000185e:	3101      	adds	r1, #1
10001860:	5299      	strh	r1, [r3, r2]
10001862:	3218      	adds	r2, #24
10001864:	3101      	adds	r1, #1
10001866:	5299      	strh	r1, [r3, r2]
10001868:	3218      	adds	r2, #24
1000186a:	3101      	adds	r1, #1
1000186c:	5299      	strh	r1, [r3, r2]
1000186e:	3218      	adds	r2, #24
10001870:	3101      	adds	r1, #1
10001872:	5299      	strh	r1, [r3, r2]
10001874:	4b0b      	ldr	r3, [pc, #44]	@ (100018a4 <runtime_init_default_alarm_pool+0xcc>)
10001876:	490c      	ldr	r1, [pc, #48]	@ (100018a8 <runtime_init_default_alarm_pool+0xd0>)
10001878:	60dc      	str	r4, [r3, #12]
1000187a:	3001      	adds	r0, #1
1000187c:	6235      	str	r5, [r6, #32]
1000187e:	f7ff fc43 	bl	10001108 <irq_set_exclusive_handler>
10001882:	2101      	movs	r1, #1
10001884:	2003      	movs	r0, #3
10001886:	f7ff fc09 	bl	1000109c <irq_set_enabled>
1000188a:	4b08      	ldr	r3, [pc, #32]	@ (100018ac <runtime_init_default_alarm_pool+0xd4>)
1000188c:	601d      	str	r5, [r3, #0]
1000188e:	e7a8      	b.n	100017e2 <runtime_init_default_alarm_pool+0xa>
10001890:	20000fb0 	.word	0x20000fb0
10001894:	20001c34 	.word	0x20001c34
10001898:	40054000 	.word	0x40054000
1000189c:	34000040 	.word	0x34000040
100018a0:	0010ffff 	.word	0x0010ffff
100018a4:	20001c18 	.word	0x20001c18
100018a8:	100014e5 	.word	0x100014e5
100018ac:	40056038 	.word	0x40056038

100018b0 <alarm_pool_get_default>:
100018b0:	4800      	ldr	r0, [pc, #0]	@ (100018b4 <alarm_pool_get_default+0x4>)
100018b2:	4770      	bx	lr
100018b4:	20000fb0 	.word	0x20000fb0

100018b8 <alarm_pool_add_alarm_at>:
100018b8:	b5f8      	push	{r3, r4, r5, r6, r7, lr}
100018ba:	001f      	movs	r7, r3
100018bc:	ab08      	add	r3, sp, #32
100018be:	781b      	ldrb	r3, [r3, #0]
100018c0:	0004      	movs	r4, r0
100018c2:	0016      	movs	r6, r2
100018c4:	2b00      	cmp	r3, #0
100018c6:	d107      	bne.n	100018d8 <alarm_pool_add_alarm_at+0x20>
100018c8:	f000 fa92 	bl	10001df0 <time_us_64>
100018cc:	0032      	movs	r2, r6
100018ce:	003b      	movs	r3, r7
100018d0:	1a12      	subs	r2, r2, r0
100018d2:	418b      	sbcs	r3, r1
100018d4:	2b00      	cmp	r3, #0
100018d6:	db51      	blt.n	1000197c <alarm_pool_add_alarm_at+0xc4>
100018d8:	6922      	ldr	r2, [r4, #16]
100018da:	f3ef 8c10 	mrs	ip, PRIMASK
100018de:	b672      	cpsid	i
100018e0:	6813      	ldr	r3, [r2, #0]
100018e2:	2b00      	cmp	r3, #0
100018e4:	d0fc      	beq.n	100018e0 <alarm_pool_add_alarm_at+0x28>
100018e6:	f3bf 8f5f 	dmb	sy
100018ea:	2302      	movs	r3, #2
100018ec:	5ee1      	ldrsh	r1, [r4, r3]
100018ee:	6925      	ldr	r5, [r4, #16]
100018f0:	2900      	cmp	r1, #0
100018f2:	db3a      	blt.n	1000196a <alarm_pool_add_alarm_at+0xb2>
100018f4:	004b      	lsls	r3, r1, #1
100018f6:	6960      	ldr	r0, [r4, #20]
100018f8:	185b      	adds	r3, r3, r1
100018fa:	00db      	lsls	r3, r3, #3
100018fc:	18c2      	adds	r2, r0, r3
100018fe:	5ac3      	ldrh	r3, [r0, r3]
10001900:	8063      	strh	r3, [r4, #2]
10001902:	f3bf 8f5f 	dmb	sy
10001906:	2300      	movs	r3, #0
10001908:	602b      	str	r3, [r5, #0]
1000190a:	f38c 8810 	msr	PRIMASK, ip
1000190e:	9b06      	ldr	r3, [sp, #24]
10001910:	6096      	str	r6, [r2, #8]
10001912:	60d7      	str	r7, [r2, #12]
10001914:	6113      	str	r3, [r2, #16]
10001916:	9b07      	ldr	r3, [sp, #28]
10001918:	6153      	str	r3, [r2, #20]
1000191a:	8853      	ldrh	r3, [r2, #2]
1000191c:	3301      	adds	r3, #1
1000191e:	045b      	lsls	r3, r3, #17
10001920:	0c5b      	lsrs	r3, r3, #17
10001922:	1c18      	adds	r0, r3, #0
10001924:	2b00      	cmp	r3, #0
10001926:	d01e      	beq.n	10001966 <alarm_pool_add_alarm_at+0xae>
10001928:	b283      	uxth	r3, r0
1000192a:	8050      	strh	r0, [r2, #2]
1000192c:	0408      	lsls	r0, r1, #16
1000192e:	4318      	orrs	r0, r3
10001930:	6925      	ldr	r5, [r4, #16]
10001932:	f3ef 8610 	mrs	r6, PRIMASK
10001936:	b672      	cpsid	i
10001938:	682b      	ldr	r3, [r5, #0]
1000193a:	2b00      	cmp	r3, #0
1000193c:	d0fc      	beq.n	10001938 <alarm_pool_add_alarm_at+0x80>
1000193e:	f3bf 8f5f 	dmb	sy
10001942:	88a3      	ldrh	r3, [r4, #4]
10001944:	8013      	strh	r3, [r2, #0]
10001946:	80a1      	strh	r1, [r4, #4]
10001948:	6923      	ldr	r3, [r4, #16]
1000194a:	f3bf 8f5f 	dmb	sy
1000194e:	2200      	movs	r2, #0
10001950:	601a      	str	r2, [r3, #0]
10001952:	f386 8810 	msr	PRIMASK, r6
10001956:	7823      	ldrb	r3, [r4, #0]
10001958:	3201      	adds	r2, #1
1000195a:	409a      	lsls	r2, r3
1000195c:	4908      	ldr	r1, [pc, #32]	@ (10001980 <alarm_pool_add_alarm_at+0xc8>)
1000195e:	68e3      	ldr	r3, [r4, #12]
10001960:	185b      	adds	r3, r3, r1
10001962:	601a      	str	r2, [r3, #0]
10001964:	bdf8      	pop	{r3, r4, r5, r6, r7, pc}
10001966:	2001      	movs	r0, #1
10001968:	e7de      	b.n	10001928 <alarm_pool_add_alarm_at+0x70>
1000196a:	f3bf 8f5f 	dmb	sy
1000196e:	2300      	movs	r3, #0
10001970:	602b      	str	r3, [r5, #0]
10001972:	f38c 8810 	msr	PRIMASK, ip
10001976:	2001      	movs	r0, #1
10001978:	4240      	negs	r0, r0
1000197a:	e7f3      	b.n	10001964 <alarm_pool_add_alarm_at+0xac>
1000197c:	2000      	movs	r0, #0
1000197e:	e7f1      	b.n	10001964 <alarm_pool_add_alarm_at+0xac>
10001980:	0000203c 	.word	0x0000203c

10001984 <alarm_pool_add_alarm_at_force_in_context>:
10001984:	b570      	push	{r4, r5, r6, lr}
10001986:	b082      	sub	sp, #8
10001988:	9200      	str	r2, [sp, #0]
1000198a:	9301      	str	r3, [sp, #4]
1000198c:	0001      	movs	r1, r0
1000198e:	6902      	ldr	r2, [r0, #16]
10001990:	f3ef 8410 	mrs	r4, PRIMASK
10001994:	b672      	cpsid	i
10001996:	6813      	ldr	r3, [r2, #0]
10001998:	2b00      	cmp	r3, #0
1000199a:	d0fc      	beq.n	10001996 <alarm_pool_add_alarm_at_force_in_context+0x12>
1000199c:	f3bf 8f5f 	dmb	sy
100019a0:	2302      	movs	r3, #2
100019a2:	5ec8      	ldrsh	r0, [r1, r3]
100019a4:	690d      	ldr	r5, [r1, #16]
100019a6:	2800      	cmp	r0, #0
100019a8:	db3f      	blt.n	10001a2a <alarm_pool_add_alarm_at_force_in_context+0xa6>
100019aa:	694a      	ldr	r2, [r1, #20]
100019ac:	0043      	lsls	r3, r0, #1
100019ae:	0016      	movs	r6, r2
100019b0:	181b      	adds	r3, r3, r0
100019b2:	00db      	lsls	r3, r3, #3
100019b4:	18d2      	adds	r2, r2, r3
100019b6:	5af3      	ldrh	r3, [r6, r3]
100019b8:	804b      	strh	r3, [r1, #2]
100019ba:	f3bf 8f5f 	dmb	sy
100019be:	2300      	movs	r3, #0
100019c0:	602b      	str	r3, [r5, #0]
100019c2:	f384 8810 	msr	PRIMASK, r4
100019c6:	9b06      	ldr	r3, [sp, #24]
100019c8:	6113      	str	r3, [r2, #16]
100019ca:	9b07      	ldr	r3, [sp, #28]
100019cc:	6153      	str	r3, [r2, #20]
100019ce:	9b00      	ldr	r3, [sp, #0]
100019d0:	9c01      	ldr	r4, [sp, #4]
100019d2:	6093      	str	r3, [r2, #8]
100019d4:	60d4      	str	r4, [r2, #12]
100019d6:	8853      	ldrh	r3, [r2, #2]
100019d8:	3301      	adds	r3, #1
100019da:	045b      	lsls	r3, r3, #17
100019dc:	0c5b      	lsrs	r3, r3, #17
100019de:	1c1d      	adds	r5, r3, #0
100019e0:	2b00      	cmp	r3, #0
100019e2:	d020      	beq.n	10001a26 <alarm_pool_add_alarm_at_force_in_context+0xa2>
100019e4:	b2ac      	uxth	r4, r5
100019e6:	0403      	lsls	r3, r0, #16
100019e8:	8055      	strh	r5, [r2, #2]
100019ea:	4323      	orrs	r3, r4
100019ec:	690d      	ldr	r5, [r1, #16]
100019ee:	f3ef 8c10 	mrs	ip, PRIMASK
100019f2:	b672      	cpsid	i
100019f4:	682c      	ldr	r4, [r5, #0]
100019f6:	2c00      	cmp	r4, #0
100019f8:	d0fc      	beq.n	100019f4 <alarm_pool_add_alarm_at_force_in_context+0x70>
100019fa:	f3bf 8f5f 	dmb	sy
100019fe:	888c      	ldrh	r4, [r1, #4]
10001a00:	8014      	strh	r4, [r2, #0]
10001a02:	8088      	strh	r0, [r1, #4]
10001a04:	690a      	ldr	r2, [r1, #16]
10001a06:	f3bf 8f5f 	dmb	sy
10001a0a:	2000      	movs	r0, #0
10001a0c:	6010      	str	r0, [r2, #0]
10001a0e:	f38c 8810 	msr	PRIMASK, ip
10001a12:	780a      	ldrb	r2, [r1, #0]
10001a14:	3001      	adds	r0, #1
10001a16:	4090      	lsls	r0, r2
10001a18:	68ca      	ldr	r2, [r1, #12]
10001a1a:	4908      	ldr	r1, [pc, #32]	@ (10001a3c <alarm_pool_add_alarm_at_force_in_context+0xb8>)
10001a1c:	1852      	adds	r2, r2, r1
10001a1e:	6010      	str	r0, [r2, #0]
10001a20:	0018      	movs	r0, r3
10001a22:	b002      	add	sp, #8
10001a24:	bd70      	pop	{r4, r5, r6, pc}
10001a26:	2501      	movs	r5, #1
10001a28:	e7dc      	b.n	100019e4 <alarm_pool_add_alarm_at_force_in_context+0x60>
10001a2a:	f3bf 8f5f 	dmb	sy
10001a2e:	2300      	movs	r3, #0
10001a30:	602b      	str	r3, [r5, #0]
10001a32:	f384 8810 	msr	PRIMASK, r4
10001a36:	3b01      	subs	r3, #1
10001a38:	e7f2      	b.n	10001a20 <alarm_pool_add_alarm_at_force_in_context+0x9c>
10001a3a:	46c0      	nop			@ (mov r8, r8)
10001a3c:	0000203c 	.word	0x0000203c

10001a40 <alarm_pool_cancel_alarm>:
10001a40:	b510      	push	{r4, lr}
10001a42:	8943      	ldrh	r3, [r0, #10]
10001a44:	140a      	asrs	r2, r1, #16
10001a46:	4293      	cmp	r3, r2
10001a48:	dd1a      	ble.n	10001a80 <alarm_pool_cancel_alarm+0x40>
10001a4a:	0053      	lsls	r3, r2, #1
10001a4c:	189b      	adds	r3, r3, r2
10001a4e:	6942      	ldr	r2, [r0, #20]
10001a50:	00db      	lsls	r3, r3, #3
10001a52:	18d3      	adds	r3, r2, r3
10001a54:	6904      	ldr	r4, [r0, #16]
10001a56:	f3ef 8c10 	mrs	ip, PRIMASK
10001a5a:	b672      	cpsid	i
10001a5c:	6822      	ldr	r2, [r4, #0]
10001a5e:	2a00      	cmp	r2, #0
10001a60:	d0fc      	beq.n	10001a5c <alarm_pool_cancel_alarm+0x1c>
10001a62:	f3bf 8f5f 	dmb	sy
10001a66:	885a      	ldrh	r2, [r3, #2]
10001a68:	0409      	lsls	r1, r1, #16
10001a6a:	b294      	uxth	r4, r2
10001a6c:	0c09      	lsrs	r1, r1, #16
10001a6e:	428a      	cmp	r2, r1
10001a70:	d008      	beq.n	10001a84 <alarm_pool_cancel_alarm+0x44>
10001a72:	6903      	ldr	r3, [r0, #16]
10001a74:	f3bf 8f5f 	dmb	sy
10001a78:	2200      	movs	r2, #0
10001a7a:	601a      	str	r2, [r3, #0]
10001a7c:	f38c 8810 	msr	PRIMASK, ip
10001a80:	2000      	movs	r0, #0
10001a82:	bd10      	pop	{r4, pc}
10001a84:	4a09      	ldr	r2, [pc, #36]	@ (10001aac <alarm_pool_cancel_alarm+0x6c>)
10001a86:	4322      	orrs	r2, r4
10001a88:	805a      	strh	r2, [r3, #2]
10001a8a:	2301      	movs	r3, #1
10001a8c:	6902      	ldr	r2, [r0, #16]
10001a8e:	7183      	strb	r3, [r0, #6]
10001a90:	f3bf 8f5f 	dmb	sy
10001a94:	2100      	movs	r1, #0
10001a96:	6011      	str	r1, [r2, #0]
10001a98:	f38c 8810 	msr	PRIMASK, ip
10001a9c:	7802      	ldrb	r2, [r0, #0]
10001a9e:	4904      	ldr	r1, [pc, #16]	@ (10001ab0 <alarm_pool_cancel_alarm+0x70>)
10001aa0:	4093      	lsls	r3, r2
10001aa2:	68c2      	ldr	r2, [r0, #12]
10001aa4:	2001      	movs	r0, #1
10001aa6:	1852      	adds	r2, r2, r1
10001aa8:	6013      	str	r3, [r2, #0]
10001aaa:	e7ea      	b.n	10001a82 <alarm_pool_cancel_alarm+0x42>
10001aac:	ffff8000 	.word	0xffff8000
10001ab0:	0000203c 	.word	0x0000203c

10001ab4 <alarm_pool_core_num>:
10001ab4:	7840      	ldrb	r0, [r0, #1]
10001ab6:	4770      	bx	lr

10001ab8 <sleep_us>:
10001ab8:	b5f0      	push	{r4, r5, r6, r7, lr}
10001aba:	46c6      	mov	lr, r8
10001abc:	b500      	push	{lr}
10001abe:	b082      	sub	sp, #8
10001ac0:	0004      	movs	r4, r0
10001ac2:	000d      	movs	r5, r1
10001ac4:	f000 f994 	bl	10001df0 <time_us_64>
10001ac8:	1824      	adds	r4, r4, r0
10001aca:	414d      	adcs	r5, r1
10001acc:	2d00      	cmp	r5, #0
10001ace:	da02      	bge.n	10001ad6 <sleep_us+0x1e>
10001ad0:	2401      	movs	r4, #1
10001ad2:	4d2f      	ldr	r5, [pc, #188]	@ (10001b90 <sleep_us+0xd8>)
10001ad4:	4264      	negs	r4, r4
10001ad6:	2606      	movs	r6, #6
10001ad8:	4276      	negs	r6, r6
10001ada:	17f7      	asrs	r7, r6, #31
10001adc:	1936      	adds	r6, r6, r4
10001ade:	416f      	adcs	r7, r5
10001ae0:	42af      	cmp	r7, r5
10001ae2:	d814      	bhi.n	10001b0e <sleep_us+0x56>
10001ae4:	d011      	beq.n	10001b0a <sleep_us+0x52>
10001ae6:	f000 f983 	bl	10001df0 <time_us_64>
10001aea:	0032      	movs	r2, r6
10001aec:	003b      	movs	r3, r7
10001aee:	1a12      	subs	r2, r2, r0
10001af0:	418b      	sbcs	r3, r1
10001af2:	2b00      	cmp	r3, #0
10001af4:	dc15      	bgt.n	10001b22 <sleep_us+0x6a>
10001af6:	2b00      	cmp	r3, #0
10001af8:	d046      	beq.n	10001b88 <sleep_us+0xd0>
10001afa:	0020      	movs	r0, r4
10001afc:	0029      	movs	r1, r5
10001afe:	f000 f981 	bl	10001e04 <busy_wait_until>
10001b02:	b002      	add	sp, #8
10001b04:	bc80      	pop	{r7}
10001b06:	46b8      	mov	r8, r7
10001b08:	bdf0      	pop	{r4, r5, r6, r7, pc}
10001b0a:	42a6      	cmp	r6, r4
10001b0c:	d9eb      	bls.n	10001ae6 <sleep_us+0x2e>
10001b0e:	2600      	movs	r6, #0
10001b10:	2700      	movs	r7, #0
10001b12:	f000 f96d 	bl	10001df0 <time_us_64>
10001b16:	0032      	movs	r2, r6
10001b18:	003b      	movs	r3, r7
10001b1a:	1a12      	subs	r2, r2, r0
10001b1c:	418b      	sbcs	r3, r1
10001b1e:	2b00      	cmp	r3, #0
10001b20:	dde9      	ble.n	10001af6 <sleep_us+0x3e>
10001b22:	f000 f965 	bl	10001df0 <time_us_64>
10001b26:	0032      	movs	r2, r6
10001b28:	003b      	movs	r3, r7
10001b2a:	1a12      	subs	r2, r2, r0
10001b2c:	418b      	sbcs	r3, r1
10001b2e:	2b00      	cmp	r3, #0
10001b30:	db0a      	blt.n	10001b48 <sleep_us+0x90>
10001b32:	2300      	movs	r3, #0
10001b34:	9301      	str	r3, [sp, #4]
10001b36:	4b17      	ldr	r3, [pc, #92]	@ (10001b94 <sleep_us+0xdc>)
10001b38:	0032      	movs	r2, r6
10001b3a:	9300      	str	r3, [sp, #0]
10001b3c:	4816      	ldr	r0, [pc, #88]	@ (10001b98 <sleep_us+0xe0>)
10001b3e:	003b      	movs	r3, r7
10001b40:	f7ff ff20 	bl	10001984 <alarm_pool_add_alarm_at_force_in_context>
10001b44:	3001      	adds	r0, #1
10001b46:	d0d8      	beq.n	10001afa <sleep_us+0x42>
10001b48:	2300      	movs	r3, #0
10001b4a:	0039      	movs	r1, r7
10001b4c:	46b0      	mov	r8, r6
10001b4e:	469c      	mov	ip, r3
10001b50:	4a12      	ldr	r2, [pc, #72]	@ (10001b9c <sleep_us+0xe4>)
10001b52:	4813      	ldr	r0, [pc, #76]	@ (10001ba0 <sleep_us+0xe8>)
10001b54:	6a53      	ldr	r3, [r2, #36]	@ 0x24
10001b56:	4299      	cmp	r1, r3
10001b58:	d804      	bhi.n	10001b64 <sleep_us+0xac>
10001b5a:	6a96      	ldr	r6, [r2, #40]	@ 0x28
10001b5c:	4546      	cmp	r6, r8
10001b5e:	d2cc      	bcs.n	10001afa <sleep_us+0x42>
10001b60:	4299      	cmp	r1, r3
10001b62:	d1ca      	bne.n	10001afa <sleep_us+0x42>
10001b64:	6806      	ldr	r6, [r0, #0]
10001b66:	f3ef 8710 	mrs	r7, PRIMASK
10001b6a:	b672      	cpsid	i
10001b6c:	6833      	ldr	r3, [r6, #0]
10001b6e:	2b00      	cmp	r3, #0
10001b70:	d0fc      	beq.n	10001b6c <sleep_us+0xb4>
10001b72:	f3bf 8f5f 	dmb	sy
10001b76:	6803      	ldr	r3, [r0, #0]
10001b78:	f3bf 8f5f 	dmb	sy
10001b7c:	4666      	mov	r6, ip
10001b7e:	601e      	str	r6, [r3, #0]
10001b80:	f387 8810 	msr	PRIMASK, r7
10001b84:	bf20      	wfe
10001b86:	e7e5      	b.n	10001b54 <sleep_us+0x9c>
10001b88:	2a00      	cmp	r2, #0
10001b8a:	d0b6      	beq.n	10001afa <sleep_us+0x42>
10001b8c:	e7c9      	b.n	10001b22 <sleep_us+0x6a>
10001b8e:	46c0      	nop			@ (mov r8, r8)
10001b90:	7fffffff 	.word	0x7fffffff
10001b94:	100014b5 	.word	0x100014b5
10001b98:	20000fb0 	.word	0x20000fb0
10001b9c:	40054000 	.word	0x40054000
10001ba0:	20001c34 	.word	0x20001c34

10001ba4 <sleep_ms>:
10001ba4:	b5f0      	push	{r4, r5, r6, r7, lr}
10001ba6:	46c6      	mov	lr, r8
10001ba8:	b500      	push	{lr}
10001baa:	b082      	sub	sp, #8
10001bac:	0004      	movs	r4, r0
10001bae:	f000 f91f 	bl	10001df0 <time_us_64>
10001bb2:	22fa      	movs	r2, #250	@ 0xfa
10001bb4:	0006      	movs	r6, r0
10001bb6:	000f      	movs	r7, r1
10001bb8:	0020      	movs	r0, r4
10001bba:	2300      	movs	r3, #0
10001bbc:	2100      	movs	r1, #0
10001bbe:	0092      	lsls	r2, r2, #2
10001bc0:	f001 fa9a 	bl	100030f8 <__wrap___aeabi_lmul>
10001bc4:	1980      	adds	r0, r0, r6
10001bc6:	4179      	adcs	r1, r7
10001bc8:	0004      	movs	r4, r0
10001bca:	1e0d      	subs	r5, r1, #0
10001bcc:	da02      	bge.n	10001bd4 <sleep_ms+0x30>
10001bce:	2401      	movs	r4, #1
10001bd0:	4d2e      	ldr	r5, [pc, #184]	@ (10001c8c <sleep_ms+0xe8>)
10001bd2:	4264      	negs	r4, r4
10001bd4:	2606      	movs	r6, #6
10001bd6:	4276      	negs	r6, r6
10001bd8:	17f7      	asrs	r7, r6, #31
10001bda:	1936      	adds	r6, r6, r4
10001bdc:	416f      	adcs	r7, r5
10001bde:	42af      	cmp	r7, r5
10001be0:	d814      	bhi.n	10001c0c <sleep_ms+0x68>
10001be2:	d011      	beq.n	10001c08 <sleep_ms+0x64>
10001be4:	f000 f904 	bl	10001df0 <time_us_64>
10001be8:	0032      	movs	r2, r6
10001bea:	003b      	movs	r3, r7
10001bec:	1a12      	subs	r2, r2, r0
10001bee:	418b      	sbcs	r3, r1
10001bf0:	2b00      	cmp	r3, #0
10001bf2:	dc15      	bgt.n	10001c20 <sleep_ms+0x7c>
10001bf4:	2b00      	cmp	r3, #0
10001bf6:	d046      	beq.n	10001c86 <sleep_ms+0xe2>
10001bf8:	0020      	movs	r0, r4
10001bfa:	0029      	movs	r1, r5
10001bfc:	f000 f902 	bl	10001e04 <busy_wait_until>
10001c00:	b002      	add	sp, #8
10001c02:	bc80      	pop	{r7}
10001c04:	46b8      	mov	r8, r7
10001c06:	bdf0      	pop	{r4, r5, r6, r7, pc}
10001c08:	42a6      	cmp	r6, r4
10001c0a:	d9eb      	bls.n	10001be4 <sleep_ms+0x40>
10001c0c:	2600      	movs	r6, #0
10001c0e:	2700      	movs	r7, #0
10001c10:	f000 f8ee 	bl	10001df0 <time_us_64>
10001c14:	0032      	movs	r2, r6
10001c16:	003b      	movs	r3, r7
10001c18:	1a12      	subs	r2, r2, r0
10001c1a:	418b      	sbcs	r3, r1
10001c1c:	2b00      	cmp	r3, #0
10001c1e:	dde9      	ble.n	10001bf4 <sleep_ms+0x50>
10001c20:	f000 f8e6 	bl	10001df0 <time_us_64>
10001c24:	0032      	movs	r2, r6
10001c26:	003b      	movs	r3, r7
10001c28:	1a12      	subs	r2, r2, r0
10001c2a:	418b      	sbcs	r3, r1
10001c2c:	2b00      	cmp	r3, #0
10001c2e:	db0a      	blt.n	10001c46 <sleep_ms+0xa2>
10001c30:	2300      	movs	r3, #0
10001c32:	9301      	str	r3, [sp, #4]
10001c34:	4b16      	ldr	r3, [pc, #88]	@ (10001c90 <sleep_ms+0xec>)
10001c36:	0032      	movs	r2, r6
10001c38:	9300      	str	r3, [sp, #0]
10001c3a:	4816      	ldr	r0, [pc, #88]	@ (10001c94 <sleep_ms+0xf0>)
10001c3c:	003b      	movs	r3, r7
10001c3e:	f7ff fea1 	bl	10001984 <alarm_pool_add_alarm_at_force_in_context>
10001c42:	3001      	adds	r0, #1
10001c44:	d0d8      	beq.n	10001bf8 <sleep_ms+0x54>
10001c46:	2300      	movs	r3, #0
10001c48:	0039      	movs	r1, r7
10001c4a:	46b0      	mov	r8, r6
10001c4c:	469c      	mov	ip, r3
10001c4e:	4a12      	ldr	r2, [pc, #72]	@ (10001c98 <sleep_ms+0xf4>)
10001c50:	4812      	ldr	r0, [pc, #72]	@ (10001c9c <sleep_ms+0xf8>)
10001c52:	6a53      	ldr	r3, [r2, #36]	@ 0x24
10001c54:	4299      	cmp	r1, r3
10001c56:	d804      	bhi.n	10001c62 <sleep_ms+0xbe>
10001c58:	6a96      	ldr	r6, [r2, #40]	@ 0x28
10001c5a:	4546      	cmp	r6, r8
10001c5c:	d2cc      	bcs.n	10001bf8 <sleep_ms+0x54>
10001c5e:	4299      	cmp	r1, r3
10001c60:	d1ca      	bne.n	10001bf8 <sleep_ms+0x54>
10001c62:	6806      	ldr	r6, [r0, #0]
10001c64:	f3ef 8710 	mrs	r7, PRIMASK
10001c68:	b672      	cpsid	i
10001c6a:	6833      	ldr	r3, [r6, #0]
10001c6c:	2b00      	cmp	r3, #0
10001c6e:	d0fc      	beq.n	10001c6a <sleep_ms+0xc6>
10001c70:	f3bf 8f5f 	dmb	sy
10001c74:	6803      	ldr	r3, [r0, #0]
10001c76:	f3bf 8f5f 	dmb	sy
10001c7a:	4666      	mov	r6, ip
10001c7c:	601e      	str	r6, [r3, #0]
10001c7e:	f387 8810 	msr	PRIMASK, r7
10001c82:	bf20      	wfe
10001c84:	e7e5      	b.n	10001c52 <sleep_ms+0xae>
10001c86:	2a00      	cmp	r2, #0
10001c88:	d0b6      	beq.n	10001bf8 <sleep_ms+0x54>
10001c8a:	e7c9      	b.n	10001c20 <sleep_ms+0x7c>
10001c8c:	7fffffff 	.word	0x7fffffff
10001c90:	100014b5 	.word	0x100014b5
10001c94:	20000fb0 	.word	0x20000fb0
10001c98:	40054000 	.word	0x40054000
10001c9c:	20001c34 	.word	0x20001c34

10001ca0 <best_effort_wfe_or_timeout>:
10001ca0:	b5f0      	push	{r4, r5, r6, r7, lr}
10001ca2:	46ce      	mov	lr, r9
10001ca4:	4647      	mov	r7, r8
10001ca6:	b580      	push	{r7, lr}
10001ca8:	0004      	movs	r4, r0
10001caa:	000d      	movs	r5, r1
10001cac:	b085      	sub	sp, #20
10001cae:	f3ef 8305 	mrs	r3, IPSR
10001cb2:	4689      	mov	r9, r1
10001cb4:	2b00      	cmp	r3, #0
10001cb6:	d132      	bne.n	10001d1e <best_effort_wfe_or_timeout+0x7e>
10001cb8:	4e40      	ldr	r6, [pc, #256]	@ (10001dbc <best_effort_wfe_or_timeout+0x11c>)
10001cba:	6833      	ldr	r3, [r6, #0]
10001cbc:	4283      	cmp	r3, r0
10001cbe:	d02a      	beq.n	10001d16 <best_effort_wfe_or_timeout+0x76>
10001cc0:	4f3f      	ldr	r7, [pc, #252]	@ (10001dc0 <best_effort_wfe_or_timeout+0x120>)
10001cc2:	68fb      	ldr	r3, [r7, #12]
10001cc4:	783a      	ldrb	r2, [r7, #0]
10001cc6:	4698      	mov	r8, r3
10001cc8:	0018      	movs	r0, r3
10001cca:	9203      	str	r2, [sp, #12]
10001ccc:	f000 f888 	bl	10001de0 <timer_time_us_64>
10001cd0:	9a03      	ldr	r2, [sp, #12]
10001cd2:	1d13      	adds	r3, r2, #4
10001cd4:	4642      	mov	r2, r8
10001cd6:	009b      	lsls	r3, r3, #2
10001cd8:	589b      	ldr	r3, [r3, r2]
10001cda:	0022      	movs	r2, r4
10001cdc:	1a1b      	subs	r3, r3, r0
10001cde:	469c      	mov	ip, r3
10001ce0:	002b      	movs	r3, r5
10001ce2:	1a12      	subs	r2, r2, r0
10001ce4:	418b      	sbcs	r3, r1
10001ce6:	0019      	movs	r1, r3
10001ce8:	2300      	movs	r3, #0
10001cea:	0010      	movs	r0, r2
10001cec:	428b      	cmp	r3, r1
10001cee:	dc25      	bgt.n	10001d3c <best_effort_wfe_or_timeout+0x9c>
10001cf0:	d022      	beq.n	10001d38 <best_effort_wfe_or_timeout+0x98>
10001cf2:	bf20      	wfe
10001cf4:	4b33      	ldr	r3, [pc, #204]	@ (10001dc4 <best_effort_wfe_or_timeout+0x124>)
10001cf6:	6a58      	ldr	r0, [r3, #36]	@ 0x24
10001cf8:	4548      	cmp	r0, r9
10001cfa:	d32b      	bcc.n	10001d54 <best_effort_wfe_or_timeout+0xb4>
10001cfc:	1b40      	subs	r0, r0, r5
10001cfe:	6a9a      	ldr	r2, [r3, #40]	@ 0x28
10001d00:	1e43      	subs	r3, r0, #1
10001d02:	4198      	sbcs	r0, r3
10001d04:	2300      	movs	r3, #0
10001d06:	42a2      	cmp	r2, r4
10001d08:	415b      	adcs	r3, r3
10001d0a:	4318      	orrs	r0, r3
10001d0c:	b005      	add	sp, #20
10001d0e:	bcc0      	pop	{r6, r7}
10001d10:	46b9      	mov	r9, r7
10001d12:	46b0      	mov	r8, r6
10001d14:	bdf0      	pop	{r4, r5, r6, r7, pc}
10001d16:	6873      	ldr	r3, [r6, #4]
10001d18:	428b      	cmp	r3, r1
10001d1a:	d1d1      	bne.n	10001cc0 <best_effort_wfe_or_timeout+0x20>
10001d1c:	e7e9      	b.n	10001cf2 <best_effort_wfe_or_timeout+0x52>
10001d1e:	4929      	ldr	r1, [pc, #164]	@ (10001dc4 <best_effort_wfe_or_timeout+0x124>)
10001d20:	2000      	movs	r0, #0
10001d22:	6a4b      	ldr	r3, [r1, #36]	@ 0x24
10001d24:	42ab      	cmp	r3, r5
10001d26:	d3f1      	bcc.n	10001d0c <best_effort_wfe_or_timeout+0x6c>
10001d28:	6a8a      	ldr	r2, [r1, #40]	@ 0x28
10001d2a:	1b5b      	subs	r3, r3, r5
10001d2c:	1e59      	subs	r1, r3, #1
10001d2e:	418b      	sbcs	r3, r1
10001d30:	42a2      	cmp	r2, r4
10001d32:	4140      	adcs	r0, r0
10001d34:	4318      	orrs	r0, r3
10001d36:	e7e9      	b.n	10001d0c <best_effort_wfe_or_timeout+0x6c>
10001d38:	4584      	cmp	ip, r0
10001d3a:	d9da      	bls.n	10001cf2 <best_effort_wfe_or_timeout+0x52>
10001d3c:	f000 f858 	bl	10001df0 <time_us_64>
10001d40:	0022      	movs	r2, r4
10001d42:	002b      	movs	r3, r5
10001d44:	1a12      	subs	r2, r2, r0
10001d46:	418b      	sbcs	r3, r1
10001d48:	2b00      	cmp	r3, #0
10001d4a:	da05      	bge.n	10001d58 <best_effort_wfe_or_timeout+0xb8>
10001d4c:	4a1d      	ldr	r2, [pc, #116]	@ (10001dc4 <best_effort_wfe_or_timeout+0x124>)
10001d4e:	6a53      	ldr	r3, [r2, #36]	@ 0x24
10001d50:	454b      	cmp	r3, r9
10001d52:	d229      	bcs.n	10001da8 <best_effort_wfe_or_timeout+0x108>
10001d54:	2000      	movs	r0, #0
10001d56:	e7d9      	b.n	10001d0c <best_effort_wfe_or_timeout+0x6c>
10001d58:	2300      	movs	r3, #0
10001d5a:	9301      	str	r3, [sp, #4]
10001d5c:	4b1a      	ldr	r3, [pc, #104]	@ (10001dc8 <best_effort_wfe_or_timeout+0x128>)
10001d5e:	0022      	movs	r2, r4
10001d60:	9300      	str	r3, [sp, #0]
10001d62:	0038      	movs	r0, r7
10001d64:	002b      	movs	r3, r5
10001d66:	f7ff fe0d 	bl	10001984 <alarm_pool_add_alarm_at_force_in_context>
10001d6a:	2800      	cmp	r0, #0
10001d6c:	ddee      	ble.n	10001d4c <best_effort_wfe_or_timeout+0xac>
10001d6e:	4b15      	ldr	r3, [pc, #84]	@ (10001dc4 <best_effort_wfe_or_timeout+0x124>)
10001d70:	c630      	stmia	r6!, {r4, r5}
10001d72:	6a5a      	ldr	r2, [r3, #36]	@ 0x24
10001d74:	454a      	cmp	r2, r9
10001d76:	d315      	bcc.n	10001da4 <best_effort_wfe_or_timeout+0x104>
10001d78:	6a9b      	ldr	r3, [r3, #40]	@ 0x28
10001d7a:	42a3      	cmp	r3, r4
10001d7c:	d310      	bcc.n	10001da0 <best_effort_wfe_or_timeout+0x100>
10001d7e:	0001      	movs	r1, r0
10001d80:	0038      	movs	r0, r7
10001d82:	f7ff fe5d 	bl	10001a40 <alarm_pool_cancel_alarm>
10001d86:	4a0f      	ldr	r2, [pc, #60]	@ (10001dc4 <best_effort_wfe_or_timeout+0x124>)
10001d88:	2000      	movs	r0, #0
10001d8a:	6a53      	ldr	r3, [r2, #36]	@ 0x24
10001d8c:	454b      	cmp	r3, r9
10001d8e:	d3bd      	bcc.n	10001d0c <best_effort_wfe_or_timeout+0x6c>
10001d90:	6a92      	ldr	r2, [r2, #40]	@ 0x28
10001d92:	1b5b      	subs	r3, r3, r5
10001d94:	1e59      	subs	r1, r3, #1
10001d96:	418b      	sbcs	r3, r1
10001d98:	42a2      	cmp	r2, r4
10001d9a:	4140      	adcs	r0, r0
10001d9c:	4318      	orrs	r0, r3
10001d9e:	e7b5      	b.n	10001d0c <best_effort_wfe_or_timeout+0x6c>
10001da0:	454a      	cmp	r2, r9
10001da2:	d1ec      	bne.n	10001d7e <best_effort_wfe_or_timeout+0xde>
10001da4:	bf20      	wfe
10001da6:	e7ea      	b.n	10001d7e <best_effort_wfe_or_timeout+0xde>
10001da8:	2000      	movs	r0, #0
10001daa:	6a92      	ldr	r2, [r2, #40]	@ 0x28
10001dac:	1b5b      	subs	r3, r3, r5
10001dae:	42a2      	cmp	r2, r4
10001db0:	4140      	adcs	r0, r0
10001db2:	1e5a      	subs	r2, r3, #1
10001db4:	4193      	sbcs	r3, r2
10001db6:	4318      	orrs	r0, r3
10001db8:	e7a8      	b.n	10001d0c <best_effort_wfe_or_timeout+0x6c>
10001dba:	46c0      	nop			@ (mov r8, r8)
10001dbc:	20000fa8 	.word	0x20000fa8
10001dc0:	20000fb0 	.word	0x20000fb0
10001dc4:	40054000 	.word	0x40054000
10001dc8:	100014b5 	.word	0x100014b5

10001dcc <timer_hardware_alarm_claim>:
10001dcc:	b510      	push	{r4, lr}
10001dce:	4a02      	ldr	r2, [pc, #8]	@ (10001dd8 <timer_hardware_alarm_claim+0xc>)
10001dd0:	4802      	ldr	r0, [pc, #8]	@ (10001ddc <timer_hardware_alarm_claim+0x10>)
10001dd2:	f7ff f8a9 	bl	10000f28 <hw_claim_or_assert>
10001dd6:	bd10      	pop	{r4, pc}
10001dd8:	10007624 	.word	0x10007624
10001ddc:	200017a0 	.word	0x200017a0

10001de0 <timer_time_us_64>:
10001de0:	0003      	movs	r3, r0
10001de2:	6a41      	ldr	r1, [r0, #36]	@ 0x24
10001de4:	000a      	movs	r2, r1
10001de6:	6a98      	ldr	r0, [r3, #40]	@ 0x28
10001de8:	6a59      	ldr	r1, [r3, #36]	@ 0x24
10001dea:	428a      	cmp	r2, r1
10001dec:	d1fa      	bne.n	10001de4 <timer_time_us_64+0x4>
10001dee:	4770      	bx	lr

10001df0 <time_us_64>:
10001df0:	4b03      	ldr	r3, [pc, #12]	@ (10001e00 <time_us_64+0x10>)
10001df2:	6a59      	ldr	r1, [r3, #36]	@ 0x24
10001df4:	000a      	movs	r2, r1
10001df6:	6a98      	ldr	r0, [r3, #40]	@ 0x28
10001df8:	6a59      	ldr	r1, [r3, #36]	@ 0x24
10001dfa:	4291      	cmp	r1, r2
10001dfc:	d1fa      	bne.n	10001df4 <time_us_64+0x4>
10001dfe:	4770      	bx	lr
10001e00:	40054000 	.word	0x40054000

10001e04 <busy_wait_until>:
10001e04:	4a06      	ldr	r2, [pc, #24]	@ (10001e20 <busy_wait_until+0x1c>)
10001e06:	6a53      	ldr	r3, [r2, #36]	@ 0x24
10001e08:	4299      	cmp	r1, r3
10001e0a:	d8fc      	bhi.n	10001e06 <busy_wait_until+0x2>
10001e0c:	d107      	bne.n	10001e1e <busy_wait_until+0x1a>
10001e0e:	4b04      	ldr	r3, [pc, #16]	@ (10001e20 <busy_wait_until+0x1c>)
10001e10:	e002      	b.n	10001e18 <busy_wait_until+0x14>
10001e12:	6a5a      	ldr	r2, [r3, #36]	@ 0x24
10001e14:	4291      	cmp	r1, r2
10001e16:	d102      	bne.n	10001e1e <busy_wait_until+0x1a>
10001e18:	6a9a      	ldr	r2, [r3, #40]	@ 0x28
10001e1a:	4290      	cmp	r0, r2
10001e1c:	d8f9      	bhi.n	10001e12 <busy_wait_until+0xe>
10001e1e:	4770      	bx	lr
10001e20:	40054000 	.word	0x40054000

10001e24 <clock_configure_int_divider>:
10001e24:	b5f8      	push	{r3, r4, r5, r6, r7, lr}
10001e26:	46de      	mov	lr, fp
10001e28:	464e      	mov	r6, r9
10001e2a:	4645      	mov	r5, r8
10001e2c:	4657      	mov	r7, sl
10001e2e:	b5e0      	push	{r5, r6, r7, lr}
10001e30:	0005      	movs	r5, r0
10001e32:	468b      	mov	fp, r1
10001e34:	0018      	movs	r0, r3
10001e36:	990a      	ldr	r1, [sp, #40]	@ 0x28
10001e38:	4691      	mov	r9, r2
10001e3a:	f000 fb39 	bl	100024b0 <__wrap___aeabi_uidiv>
10001e3e:	9b0a      	ldr	r3, [sp, #40]	@ 0x28
10001e40:	006c      	lsls	r4, r5, #1
10001e42:	021e      	lsls	r6, r3, #8
10001e44:	1964      	adds	r4, r4, r5
10001e46:	4b30      	ldr	r3, [pc, #192]	@ (10001f08 <clock_configure_int_divider+0xe4>)
10001e48:	00a4      	lsls	r4, r4, #2
10001e4a:	18e4      	adds	r4, r4, r3
10001e4c:	6863      	ldr	r3, [r4, #4]
10001e4e:	4680      	mov	r8, r0
10001e50:	429e      	cmp	r6, r3
10001e52:	d900      	bls.n	10001e56 <clock_configure_int_divider+0x32>
10001e54:	6066      	str	r6, [r4, #4]
10001e56:	1f2f      	subs	r7, r5, #4
10001e58:	b2fb      	uxtb	r3, r7
10001e5a:	469a      	mov	sl, r3
10001e5c:	2b01      	cmp	r3, #1
10001e5e:	d92f      	bls.n	10001ec0 <clock_configure_int_divider+0x9c>
10001e60:	23c0      	movs	r3, #192	@ 0xc0
10001e62:	2280      	movs	r2, #128	@ 0x80
10001e64:	4f29      	ldr	r7, [pc, #164]	@ (10001f0c <clock_configure_int_divider+0xe8>)
10001e66:	00ad      	lsls	r5, r5, #2
10001e68:	019b      	lsls	r3, r3, #6
10001e6a:	5979      	ldr	r1, [r7, r5]
10001e6c:	0112      	lsls	r2, r2, #4
10001e6e:	18e3      	adds	r3, r4, r3
10001e70:	601a      	str	r2, [r3, #0]
10001e72:	2900      	cmp	r1, #0
10001e74:	d11b      	bne.n	10001eae <clock_configure_int_divider+0x8a>
10001e76:	464b      	mov	r3, r9
10001e78:	6822      	ldr	r2, [r4, #0]
10001e7a:	015b      	lsls	r3, r3, #5
10001e7c:	4053      	eors	r3, r2
10001e7e:	22e0      	movs	r2, #224	@ 0xe0
10001e80:	4013      	ands	r3, r2
10001e82:	2280      	movs	r2, #128	@ 0x80
10001e84:	0152      	lsls	r2, r2, #5
10001e86:	18a2      	adds	r2, r4, r2
10001e88:	6013      	str	r3, [r2, #0]
10001e8a:	4653      	mov	r3, sl
10001e8c:	2b01      	cmp	r3, #1
10001e8e:	d92f      	bls.n	10001ef0 <clock_configure_int_divider+0xcc>
10001e90:	2380      	movs	r3, #128	@ 0x80
10001e92:	2280      	movs	r2, #128	@ 0x80
10001e94:	019b      	lsls	r3, r3, #6
10001e96:	18e3      	adds	r3, r4, r3
10001e98:	0112      	lsls	r2, r2, #4
10001e9a:	601a      	str	r2, [r3, #0]
10001e9c:	4643      	mov	r3, r8
10001e9e:	6066      	str	r6, [r4, #4]
10001ea0:	517b      	str	r3, [r7, r5]
10001ea2:	bcf0      	pop	{r4, r5, r6, r7}
10001ea4:	46bb      	mov	fp, r7
10001ea6:	46b2      	mov	sl, r6
10001ea8:	46a9      	mov	r9, r5
10001eaa:	46a0      	mov	r8, r4
10001eac:	bdf8      	pop	{r3, r4, r5, r6, r7, pc}
10001eae:	6978      	ldr	r0, [r7, #20]
10001eb0:	f000 fafe 	bl	100024b0 <__wrap___aeabi_uidiv>
10001eb4:	3001      	adds	r0, #1
10001eb6:	0043      	lsls	r3, r0, #1
10001eb8:	181b      	adds	r3, r3, r0
10001eba:	3b03      	subs	r3, #3
10001ebc:	d2fd      	bcs.n	10001eba <clock_configure_int_divider+0x96>
10001ebe:	e7da      	b.n	10001e76 <clock_configure_int_divider+0x52>
10001ec0:	465b      	mov	r3, fp
10001ec2:	2b01      	cmp	r3, #1
10001ec4:	d1cc      	bne.n	10001e60 <clock_configure_int_divider+0x3c>
10001ec6:	23c0      	movs	r3, #192	@ 0xc0
10001ec8:	2203      	movs	r2, #3
10001eca:	019b      	lsls	r3, r3, #6
10001ecc:	18e3      	adds	r3, r4, r3
10001ece:	601a      	str	r2, [r3, #0]
10001ed0:	3a02      	subs	r2, #2
10001ed2:	68a3      	ldr	r3, [r4, #8]
10001ed4:	421a      	tst	r2, r3
10001ed6:	d0fc      	beq.n	10001ed2 <clock_configure_int_divider+0xae>
10001ed8:	464a      	mov	r2, r9
10001eda:	6823      	ldr	r3, [r4, #0]
10001edc:	0152      	lsls	r2, r2, #5
10001ede:	405a      	eors	r2, r3
10001ee0:	23e0      	movs	r3, #224	@ 0xe0
10001ee2:	4013      	ands	r3, r2
10001ee4:	2280      	movs	r2, #128	@ 0x80
10001ee6:	0152      	lsls	r2, r2, #5
10001ee8:	18a2      	adds	r2, r4, r2
10001eea:	4f08      	ldr	r7, [pc, #32]	@ (10001f0c <clock_configure_int_divider+0xe8>)
10001eec:	6013      	str	r3, [r2, #0]
10001eee:	00ad      	lsls	r5, r5, #2
10001ef0:	4658      	mov	r0, fp
10001ef2:	2303      	movs	r3, #3
10001ef4:	6821      	ldr	r1, [r4, #0]
10001ef6:	4041      	eors	r1, r0
10001ef8:	400b      	ands	r3, r1
10001efa:	6013      	str	r3, [r2, #0]
10001efc:	2201      	movs	r2, #1
10001efe:	4082      	lsls	r2, r0
10001f00:	68a3      	ldr	r3, [r4, #8]
10001f02:	421a      	tst	r2, r3
10001f04:	d0fc      	beq.n	10001f00 <clock_configure_int_divider+0xdc>
10001f06:	e7c3      	b.n	10001e90 <clock_configure_int_divider+0x6c>
10001f08:	40008000 	.word	0x40008000
10001f0c:	200017a4 	.word	0x200017a4

10001f10 <clock_configure_undivided>:
10001f10:	b5f0      	push	{r4, r5, r6, r7, lr}
10001f12:	46d6      	mov	lr, sl
10001f14:	464f      	mov	r7, r9
10001f16:	4646      	mov	r6, r8
10001f18:	0044      	lsls	r4, r0, #1
10001f1a:	4698      	mov	r8, r3
10001f1c:	1824      	adds	r4, r4, r0
10001f1e:	4b32      	ldr	r3, [pc, #200]	@ (10001fe8 <clock_configure_undivided+0xd8>)
10001f20:	00a4      	lsls	r4, r4, #2
10001f22:	18e4      	adds	r4, r4, r3
10001f24:	6863      	ldr	r3, [r4, #4]
10001f26:	468a      	mov	sl, r1
10001f28:	4691      	mov	r9, r2
10001f2a:	b5c0      	push	{r6, r7, lr}
10001f2c:	2bff      	cmp	r3, #255	@ 0xff
10001f2e:	d802      	bhi.n	10001f36 <clock_configure_undivided+0x26>
10001f30:	2380      	movs	r3, #128	@ 0x80
10001f32:	005b      	lsls	r3, r3, #1
10001f34:	6063      	str	r3, [r4, #4]
10001f36:	1f06      	subs	r6, r0, #4
10001f38:	b2f6      	uxtb	r6, r6
10001f3a:	2e01      	cmp	r6, #1
10001f3c:	d92f      	bls.n	10001f9e <clock_configure_undivided+0x8e>
10001f3e:	23c0      	movs	r3, #192	@ 0xc0
10001f40:	2280      	movs	r2, #128	@ 0x80
10001f42:	4f2a      	ldr	r7, [pc, #168]	@ (10001fec <clock_configure_undivided+0xdc>)
10001f44:	0085      	lsls	r5, r0, #2
10001f46:	019b      	lsls	r3, r3, #6
10001f48:	5979      	ldr	r1, [r7, r5]
10001f4a:	0112      	lsls	r2, r2, #4
10001f4c:	18e3      	adds	r3, r4, r3
10001f4e:	601a      	str	r2, [r3, #0]
10001f50:	2900      	cmp	r1, #0
10001f52:	d11b      	bne.n	10001f8c <clock_configure_undivided+0x7c>
10001f54:	464b      	mov	r3, r9
10001f56:	6822      	ldr	r2, [r4, #0]
10001f58:	015b      	lsls	r3, r3, #5
10001f5a:	4053      	eors	r3, r2
10001f5c:	22e0      	movs	r2, #224	@ 0xe0
10001f5e:	4013      	ands	r3, r2
10001f60:	2280      	movs	r2, #128	@ 0x80
10001f62:	0152      	lsls	r2, r2, #5
10001f64:	18a2      	adds	r2, r4, r2
10001f66:	6013      	str	r3, [r2, #0]
10001f68:	2e01      	cmp	r6, #1
10001f6a:	d930      	bls.n	10001fce <clock_configure_undivided+0xbe>
10001f6c:	2380      	movs	r3, #128	@ 0x80
10001f6e:	2280      	movs	r2, #128	@ 0x80
10001f70:	019b      	lsls	r3, r3, #6
10001f72:	18e3      	adds	r3, r4, r3
10001f74:	0112      	lsls	r2, r2, #4
10001f76:	601a      	str	r2, [r3, #0]
10001f78:	2380      	movs	r3, #128	@ 0x80
10001f7a:	005b      	lsls	r3, r3, #1
10001f7c:	6063      	str	r3, [r4, #4]
10001f7e:	4643      	mov	r3, r8
10001f80:	517b      	str	r3, [r7, r5]
10001f82:	bce0      	pop	{r5, r6, r7}
10001f84:	46ba      	mov	sl, r7
10001f86:	46b1      	mov	r9, r6
10001f88:	46a8      	mov	r8, r5
10001f8a:	bdf0      	pop	{r4, r5, r6, r7, pc}
10001f8c:	6978      	ldr	r0, [r7, #20]
10001f8e:	f000 fa8f 	bl	100024b0 <__wrap___aeabi_uidiv>
10001f92:	3001      	adds	r0, #1
10001f94:	0043      	lsls	r3, r0, #1
10001f96:	181b      	adds	r3, r3, r0
10001f98:	3b03      	subs	r3, #3
10001f9a:	d2fd      	bcs.n	10001f98 <clock_configure_undivided+0x88>
10001f9c:	e7da      	b.n	10001f54 <clock_configure_undivided+0x44>
10001f9e:	4653      	mov	r3, sl
10001fa0:	2b01      	cmp	r3, #1
10001fa2:	d1cc      	bne.n	10001f3e <clock_configure_undivided+0x2e>
10001fa4:	23c0      	movs	r3, #192	@ 0xc0
10001fa6:	2203      	movs	r2, #3
10001fa8:	019b      	lsls	r3, r3, #6
10001faa:	18e3      	adds	r3, r4, r3
10001fac:	601a      	str	r2, [r3, #0]
10001fae:	3a02      	subs	r2, #2
10001fb0:	68a3      	ldr	r3, [r4, #8]
10001fb2:	421a      	tst	r2, r3
10001fb4:	d0fc      	beq.n	10001fb0 <clock_configure_undivided+0xa0>
10001fb6:	464a      	mov	r2, r9
10001fb8:	6823      	ldr	r3, [r4, #0]
10001fba:	0152      	lsls	r2, r2, #5
10001fbc:	405a      	eors	r2, r3
10001fbe:	23e0      	movs	r3, #224	@ 0xe0
10001fc0:	4013      	ands	r3, r2
10001fc2:	2280      	movs	r2, #128	@ 0x80
10001fc4:	0152      	lsls	r2, r2, #5
10001fc6:	18a2      	adds	r2, r4, r2
10001fc8:	4f08      	ldr	r7, [pc, #32]	@ (10001fec <clock_configure_undivided+0xdc>)
10001fca:	6013      	str	r3, [r2, #0]
10001fcc:	0085      	lsls	r5, r0, #2
10001fce:	4650      	mov	r0, sl
10001fd0:	2303      	movs	r3, #3
10001fd2:	6821      	ldr	r1, [r4, #0]
10001fd4:	4041      	eors	r1, r0
10001fd6:	400b      	ands	r3, r1
10001fd8:	6013      	str	r3, [r2, #0]
10001fda:	2201      	movs	r2, #1
10001fdc:	4082      	lsls	r2, r0
10001fde:	68a3      	ldr	r3, [r4, #8]
10001fe0:	421a      	tst	r2, r3
10001fe2:	d0fc      	beq.n	10001fde <clock_configure_undivided+0xce>
10001fe4:	e7c2      	b.n	10001f6c <clock_configure_undivided+0x5c>
10001fe6:	46c0      	nop			@ (mov r8, r8)
10001fe8:	40008000 	.word	0x40008000
10001fec:	200017a4 	.word	0x200017a4

10001ff0 <clock_get_hz>:
10001ff0:	4b01      	ldr	r3, [pc, #4]	@ (10001ff8 <clock_get_hz+0x8>)
10001ff2:	0080      	lsls	r0, r0, #2
10001ff4:	58c0      	ldr	r0, [r0, r3]
10001ff6:	4770      	bx	lr
10001ff8:	200017a4 	.word	0x200017a4

10001ffc <pll_init>:
10001ffc:	b5f0      	push	{r4, r5, r6, r7, lr}
10001ffe:	46c6      	mov	lr, r8
10002000:	0004      	movs	r4, r0
10002002:	b500      	push	{lr}
10002004:	4823      	ldr	r0, [pc, #140]	@ (10002094 <pll_init+0x98>)
10002006:	0016      	movs	r6, r2
10002008:	4698      	mov	r8, r3
1000200a:	000d      	movs	r5, r1
1000200c:	f000 fa50 	bl	100024b0 <__wrap___aeabi_uidiv>
10002010:	0001      	movs	r1, r0
10002012:	0030      	movs	r0, r6
10002014:	f000 fa4c 	bl	100024b0 <__wrap___aeabi_uidiv>
10002018:	4643      	mov	r3, r8
1000201a:	9a06      	ldr	r2, [sp, #24]
1000201c:	041b      	lsls	r3, r3, #16
1000201e:	0312      	lsls	r2, r2, #12
10002020:	4313      	orrs	r3, r2
10002022:	469c      	mov	ip, r3
10002024:	6823      	ldr	r3, [r4, #0]
10002026:	0006      	movs	r6, r0
10002028:	2b00      	cmp	r3, #0
1000202a:	db22      	blt.n	10002072 <pll_init+0x76>
1000202c:	4b1a      	ldr	r3, [pc, #104]	@ (10002098 <pll_init+0x9c>)
1000202e:	481b      	ldr	r0, [pc, #108]	@ (1000209c <pll_init+0xa0>)
10002030:	18e2      	adds	r2, r4, r3
10002032:	1e53      	subs	r3, r2, #1
10002034:	419a      	sbcs	r2, r3
10002036:	2380      	movs	r3, #128	@ 0x80
10002038:	4252      	negs	r2, r2
1000203a:	0b12      	lsrs	r2, r2, #12
1000203c:	019b      	lsls	r3, r3, #6
1000203e:	0312      	lsls	r2, r2, #12
10002040:	18d2      	adds	r2, r2, r3
10002042:	4b17      	ldr	r3, [pc, #92]	@ (100020a0 <pll_init+0xa4>)
10002044:	601a      	str	r2, [r3, #0]
10002046:	4b17      	ldr	r3, [pc, #92]	@ (100020a4 <pll_init+0xa8>)
10002048:	601a      	str	r2, [r3, #0]
1000204a:	0013      	movs	r3, r2
1000204c:	6801      	ldr	r1, [r0, #0]
1000204e:	438b      	bics	r3, r1
10002050:	d1fb      	bne.n	1000204a <pll_init+0x4e>
10002052:	2221      	movs	r2, #33	@ 0x21
10002054:	4b14      	ldr	r3, [pc, #80]	@ (100020a8 <pll_init+0xac>)
10002056:	6025      	str	r5, [r4, #0]
10002058:	18e3      	adds	r3, r4, r3
1000205a:	60a6      	str	r6, [r4, #8]
1000205c:	601a      	str	r2, [r3, #0]
1000205e:	6822      	ldr	r2, [r4, #0]
10002060:	2a00      	cmp	r2, #0
10002062:	dafc      	bge.n	1000205e <pll_init+0x62>
10002064:	4662      	mov	r2, ip
10002066:	60e2      	str	r2, [r4, #12]
10002068:	2208      	movs	r2, #8
1000206a:	601a      	str	r2, [r3, #0]
1000206c:	bc80      	pop	{r7}
1000206e:	46b8      	mov	r8, r7
10002070:	bdf0      	pop	{r4, r5, r6, r7, pc}
10002072:	233f      	movs	r3, #63	@ 0x3f
10002074:	6822      	ldr	r2, [r4, #0]
10002076:	4013      	ands	r3, r2
10002078:	42ab      	cmp	r3, r5
1000207a:	d1d7      	bne.n	1000202c <pll_init+0x30>
1000207c:	68a3      	ldr	r3, [r4, #8]
1000207e:	051b      	lsls	r3, r3, #20
10002080:	0d1b      	lsrs	r3, r3, #20
10002082:	4283      	cmp	r3, r0
10002084:	d1d2      	bne.n	1000202c <pll_init+0x30>
10002086:	22ee      	movs	r2, #238	@ 0xee
10002088:	68e3      	ldr	r3, [r4, #12]
1000208a:	02d2      	lsls	r2, r2, #11
1000208c:	4013      	ands	r3, r2
1000208e:	4563      	cmp	r3, ip
10002090:	d1cc      	bne.n	1000202c <pll_init+0x30>
10002092:	e7eb      	b.n	1000206c <pll_init+0x70>
10002094:	00b71b00 	.word	0x00b71b00
10002098:	bffd4000 	.word	0xbffd4000
1000209c:	4000c008 	.word	0x4000c008
100020a0:	4000e000 	.word	0x4000e000
100020a4:	4000f000 	.word	0x4000f000
100020a8:	00003004 	.word	0x00003004

100020ac <watchdog_reboot>:
100020ac:	b510      	push	{r4, lr}
100020ae:	2480      	movs	r4, #128	@ 0x80
100020b0:	4b1c      	ldr	r3, [pc, #112]	@ (10002124 <watchdog_reboot+0x78>)
100020b2:	05e4      	lsls	r4, r4, #23
100020b4:	601c      	str	r4, [r3, #0]
100020b6:	2800      	cmp	r0, #0
100020b8:	d01a      	beq.n	100020f0 <watchdog_reboot+0x44>
100020ba:	2301      	movs	r3, #1
100020bc:	4c1a      	ldr	r4, [pc, #104]	@ (10002128 <watchdog_reboot+0x7c>)
100020be:	4318      	orrs	r0, r3
100020c0:	4b1a      	ldr	r3, [pc, #104]	@ (1000212c <watchdog_reboot+0x80>)
100020c2:	61dc      	str	r4, [r3, #28]
100020c4:	4c1a      	ldr	r4, [pc, #104]	@ (10002130 <watchdog_reboot+0x84>)
100020c6:	4044      	eors	r4, r0
100020c8:	621c      	str	r4, [r3, #32]
100020ca:	6259      	str	r1, [r3, #36]	@ 0x24
100020cc:	6298      	str	r0, [r3, #40]	@ 0x28
100020ce:	2180      	movs	r1, #128	@ 0x80
100020d0:	4b14      	ldr	r3, [pc, #80]	@ (10002124 <watchdog_reboot+0x78>)
100020d2:	05c9      	lsls	r1, r1, #23
100020d4:	6019      	str	r1, [r3, #0]
100020d6:	4817      	ldr	r0, [pc, #92]	@ (10002134 <watchdog_reboot+0x88>)
100020d8:	4917      	ldr	r1, [pc, #92]	@ (10002138 <watchdog_reboot+0x8c>)
100020da:	6008      	str	r0, [r1, #0]
100020dc:	21e0      	movs	r1, #224	@ 0xe0
100020de:	04c9      	lsls	r1, r1, #19
100020e0:	6019      	str	r1, [r3, #0]
100020e2:	2a00      	cmp	r2, #0
100020e4:	d107      	bne.n	100020f6 <watchdog_reboot+0x4a>
100020e6:	2280      	movs	r2, #128	@ 0x80
100020e8:	4b14      	ldr	r3, [pc, #80]	@ (1000213c <watchdog_reboot+0x90>)
100020ea:	0612      	lsls	r2, r2, #24
100020ec:	601a      	str	r2, [r3, #0]
100020ee:	bd10      	pop	{r4, pc}
100020f0:	4b0e      	ldr	r3, [pc, #56]	@ (1000212c <watchdog_reboot+0x80>)
100020f2:	61d8      	str	r0, [r3, #28]
100020f4:	e7eb      	b.n	100020ce <watchdog_reboot+0x22>
100020f6:	0153      	lsls	r3, r2, #5
100020f8:	1a9b      	subs	r3, r3, r2
100020fa:	009b      	lsls	r3, r3, #2
100020fc:	189a      	adds	r2, r3, r2
100020fe:	2380      	movs	r3, #128	@ 0x80
10002100:	0112      	lsls	r2, r2, #4
10002102:	045b      	lsls	r3, r3, #17
10002104:	429a      	cmp	r2, r3
10002106:	d209      	bcs.n	1000211c <watchdog_reboot+0x70>
10002108:	0013      	movs	r3, r2
1000210a:	490d      	ldr	r1, [pc, #52]	@ (10002140 <watchdog_reboot+0x94>)
1000210c:	600b      	str	r3, [r1, #0]
1000210e:	4b07      	ldr	r3, [pc, #28]	@ (1000212c <watchdog_reboot+0x80>)
10002110:	605a      	str	r2, [r3, #4]
10002112:	2280      	movs	r2, #128	@ 0x80
10002114:	4b09      	ldr	r3, [pc, #36]	@ (1000213c <watchdog_reboot+0x90>)
10002116:	05d2      	lsls	r2, r2, #23
10002118:	601a      	str	r2, [r3, #0]
1000211a:	e7e8      	b.n	100020ee <watchdog_reboot+0x42>
1000211c:	4b09      	ldr	r3, [pc, #36]	@ (10002144 <watchdog_reboot+0x98>)
1000211e:	001a      	movs	r2, r3
10002120:	e7f3      	b.n	1000210a <watchdog_reboot+0x5e>
10002122:	46c0      	nop			@ (mov r8, r8)
10002124:	4005b000 	.word	0x4005b000
10002128:	b007c0d3 	.word	0xb007c0d3
1000212c:	40058000 	.word	0x40058000
10002130:	4ff83f2d 	.word	0x4ff83f2d
10002134:	0001fffc 	.word	0x0001fffc
10002138:	40012008 	.word	0x40012008
1000213c:	4005a000 	.word	0x4005a000
10002140:	20001c08 	.word	0x20001c08
10002144:	00ffffff 	.word	0x00ffffff

10002148 <tick_start>:
10002148:	2380      	movs	r3, #128	@ 0x80
1000214a:	4a02      	ldr	r2, [pc, #8]	@ (10002154 <tick_start+0xc>)
1000214c:	009b      	lsls	r3, r3, #2
1000214e:	430b      	orrs	r3, r1
10002150:	62d3      	str	r3, [r2, #44]	@ 0x2c
10002152:	4770      	bx	lr
10002154:	40058000 	.word	0x40058000

10002158 <rom_func_lookup>:
10002158:	2300      	movs	r3, #0
1000215a:	b510      	push	{r4, lr}
1000215c:	0001      	movs	r1, r0
1000215e:	8a98      	ldrh	r0, [r3, #20]
10002160:	8b1b      	ldrh	r3, [r3, #24]
10002162:	4798      	blx	r3
10002164:	bd10      	pop	{r4, pc}
10002166:	46c0      	nop			@ (mov r8, r8)

10002168 <rom_data_lookup>:
10002168:	2316      	movs	r3, #22
1000216a:	b510      	push	{r4, lr}
1000216c:	0001      	movs	r1, r0
1000216e:	8818      	ldrh	r0, [r3, #0]
10002170:	885b      	ldrh	r3, [r3, #2]
10002172:	4798      	blx	r3
10002174:	bd10      	pop	{r4, pc}
10002176:	46c0      	nop			@ (mov r8, r8)

10002178 <rom_funcs_lookup>:
10002178:	b5f8      	push	{r3, r4, r5, r6, r7, lr}
1000217a:	4647      	mov	r7, r8
1000217c:	46ce      	mov	lr, r9
1000217e:	b580      	push	{r7, lr}
10002180:	1e0f      	subs	r7, r1, #0
10002182:	d018      	beq.n	100021b6 <rom_funcs_lookup+0x3e>
10002184:	2314      	movs	r3, #20
10002186:	4699      	mov	r9, r3
10002188:	3304      	adds	r3, #4
1000218a:	0004      	movs	r4, r0
1000218c:	2500      	movs	r5, #0
1000218e:	2601      	movs	r6, #1
10002190:	4698      	mov	r8, r3
10002192:	464b      	mov	r3, r9
10002194:	8818      	ldrh	r0, [r3, #0]
10002196:	4643      	mov	r3, r8
10002198:	6821      	ldr	r1, [r4, #0]
1000219a:	881b      	ldrh	r3, [r3, #0]
1000219c:	4798      	blx	r3
1000219e:	c401      	stmia	r4!, {r0}
100021a0:	1e43      	subs	r3, r0, #1
100021a2:	4198      	sbcs	r0, r3
100021a4:	3501      	adds	r5, #1
100021a6:	4006      	ands	r6, r0
100021a8:	42af      	cmp	r7, r5
100021aa:	d1f2      	bne.n	10002192 <rom_funcs_lookup+0x1a>
100021ac:	0030      	movs	r0, r6
100021ae:	bcc0      	pop	{r6, r7}
100021b0:	46b9      	mov	r9, r7
100021b2:	46b0      	mov	r8, r6
100021b4:	bdf8      	pop	{r3, r4, r5, r6, r7, pc}
100021b6:	2601      	movs	r6, #1
100021b8:	e7f8      	b.n	100021ac <rom_funcs_lookup+0x34>
100021ba:	46c0      	nop			@ (mov r8, r8)

100021bc <rom_reset_usb_boot_extra>:
100021bc:	2300      	movs	r3, #0
100021be:	b570      	push	{r4, r5, r6, lr}
100021c0:	0004      	movs	r4, r0
100021c2:	000d      	movs	r5, r1
100021c4:	8a98      	ldrh	r0, [r3, #20]
100021c6:	4905      	ldr	r1, [pc, #20]	@ (100021dc <rom_reset_usb_boot_extra+0x20>)
100021c8:	8b1b      	ldrh	r3, [r3, #24]
100021ca:	4798      	blx	r3
100021cc:	0003      	movs	r3, r0
100021ce:	2000      	movs	r0, #0
100021d0:	2c00      	cmp	r4, #0
100021d2:	db01      	blt.n	100021d8 <rom_reset_usb_boot_extra+0x1c>
100021d4:	3001      	adds	r0, #1
100021d6:	40a0      	lsls	r0, r4
100021d8:	0029      	movs	r1, r5
100021da:	4798      	blx	r3
100021dc:	00004255 	.word	0x00004255

100021e0 <xosc_init>:
100021e0:	23aa      	movs	r3, #170	@ 0xaa
100021e2:	4a06      	ldr	r2, [pc, #24]	@ (100021fc <xosc_init+0x1c>)
100021e4:	011b      	lsls	r3, r3, #4
100021e6:	6013      	str	r3, [r2, #0]
100021e8:	238d      	movs	r3, #141	@ 0x8d
100021ea:	005b      	lsls	r3, r3, #1
100021ec:	60d3      	str	r3, [r2, #12]
100021ee:	4904      	ldr	r1, [pc, #16]	@ (10002200 <xosc_init+0x20>)
100021f0:	4b04      	ldr	r3, [pc, #16]	@ (10002204 <xosc_init+0x24>)
100021f2:	6019      	str	r1, [r3, #0]
100021f4:	6853      	ldr	r3, [r2, #4]
100021f6:	2b00      	cmp	r3, #0
100021f8:	dafc      	bge.n	100021f4 <xosc_init+0x14>
100021fa:	4770      	bx	lr
100021fc:	40024000 	.word	0x40024000
10002200:	00fab000 	.word	0x00fab000
10002204:	40026000 	.word	0x40026000

10002208 <first_per_core_initializer>:
10002208:	4770      	bx	lr
1000220a:	46c0      	nop			@ (mov r8, r8)

1000220c <hard_assertion_failure>:
1000220c:	b510      	push	{r4, lr}
1000220e:	4801      	ldr	r0, [pc, #4]	@ (10002214 <hard_assertion_failure+0x8>)
10002210:	f7fe fe72 	bl	10000ef8 <panic>
10002214:	10007648 	.word	0x10007648

10002218 <runtime_run_initializers>:
10002218:	b570      	push	{r4, r5, r6, lr}
1000221a:	4d07      	ldr	r5, [pc, #28]	@ (10002238 <runtime_run_initializers+0x20>)
1000221c:	4e07      	ldr	r6, [pc, #28]	@ (1000223c <runtime_run_initializers+0x24>)
1000221e:	42b5      	cmp	r5, r6
10002220:	d209      	bcs.n	10002236 <runtime_run_initializers+0x1e>
10002222:	2400      	movs	r4, #0
10002224:	3e01      	subs	r6, #1
10002226:	1b76      	subs	r6, r6, r5
10002228:	08b6      	lsrs	r6, r6, #2
1000222a:	3601      	adds	r6, #1
1000222c:	cd08      	ldmia	r5!, {r3}
1000222e:	3401      	adds	r4, #1
10002230:	4798      	blx	r3
10002232:	42b4      	cmp	r4, r6
10002234:	d1fa      	bne.n	1000222c <runtime_run_initializers+0x14>
10002236:	bd70      	pop	{r4, r5, r6, pc}
10002238:	10007538 	.word	0x10007538
1000223c:	10007574 	.word	0x10007574

10002240 <runtime_init_early_resets>:
10002240:	4b05      	ldr	r3, [pc, #20]	@ (10002258 <runtime_init_early_resets+0x18>)
10002242:	4a06      	ldr	r2, [pc, #24]	@ (1000225c <runtime_init_early_resets+0x1c>)
10002244:	4906      	ldr	r1, [pc, #24]	@ (10002260 <runtime_init_early_resets+0x20>)
10002246:	601a      	str	r2, [r3, #0]
10002248:	4a06      	ldr	r2, [pc, #24]	@ (10002264 <runtime_init_early_resets+0x24>)
1000224a:	4b07      	ldr	r3, [pc, #28]	@ (10002268 <runtime_init_early_resets+0x28>)
1000224c:	601a      	str	r2, [r3, #0]
1000224e:	0010      	movs	r0, r2
10002250:	680b      	ldr	r3, [r1, #0]
10002252:	4398      	bics	r0, r3
10002254:	d1fb      	bne.n	1000224e <runtime_init_early_resets+0xe>
10002256:	4770      	bx	lr
10002258:	4000e000 	.word	0x4000e000
1000225c:	fefbcdbf 	.word	0xfefbcdbf
10002260:	4000c008 	.word	0x4000c008
10002264:	003c7ffe 	.word	0x003c7ffe
10002268:	4000f000 	.word	0x4000f000

1000226c <runtime_init_usb_power_down>:
1000226c:	4b04      	ldr	r3, [pc, #16]	@ (10002280 <runtime_init_usb_power_down+0x14>)
1000226e:	6cdb      	ldr	r3, [r3, #76]	@ 0x4c
10002270:	2b00      	cmp	r3, #0
10002272:	d103      	bne.n	1000227c <runtime_init_usb_power_down+0x10>
10002274:	2280      	movs	r2, #128	@ 0x80
10002276:	4b03      	ldr	r3, [pc, #12]	@ (10002284 <runtime_init_usb_power_down+0x18>)
10002278:	02d2      	lsls	r2, r2, #11
1000227a:	601a      	str	r2, [r3, #0]
1000227c:	4770      	bx	lr
1000227e:	46c0      	nop			@ (mov r8, r8)
10002280:	50110000 	.word	0x50110000
10002284:	5011204c 	.word	0x5011204c

10002288 <runtime_init_post_clock_resets>:
10002288:	4a04      	ldr	r2, [pc, #16]	@ (1000229c <runtime_init_post_clock_resets+0x14>)
1000228a:	4b05      	ldr	r3, [pc, #20]	@ (100022a0 <runtime_init_post_clock_resets+0x18>)
1000228c:	601a      	str	r2, [r3, #0]
1000228e:	4a05      	ldr	r2, [pc, #20]	@ (100022a4 <runtime_init_post_clock_resets+0x1c>)
10002290:	6813      	ldr	r3, [r2, #0]
10002292:	01db      	lsls	r3, r3, #7
10002294:	3380      	adds	r3, #128	@ 0x80
10002296:	d1fb      	bne.n	10002290 <runtime_init_post_clock_resets+0x8>
10002298:	4770      	bx	lr
1000229a:	46c0      	nop			@ (mov r8, r8)
1000229c:	01ffffff 	.word	0x01ffffff
100022a0:	4000f000 	.word	0x4000f000
100022a4:	4000c008 	.word	0x4000c008

100022a8 <runtime_init_rp2040_gpio_ie_disable>:
100022a8:	2240      	movs	r2, #64	@ 0x40
100022aa:	4b03      	ldr	r3, [pc, #12]	@ (100022b8 <runtime_init_rp2040_gpio_ie_disable+0x10>)
100022ac:	679a      	str	r2, [r3, #120]	@ 0x78
100022ae:	675a      	str	r2, [r3, #116]	@ 0x74
100022b0:	671a      	str	r2, [r3, #112]	@ 0x70
100022b2:	66da      	str	r2, [r3, #108]	@ 0x6c
100022b4:	4770      	bx	lr
100022b6:	46c0      	nop			@ (mov r8, r8)
100022b8:	4001f000 	.word	0x4001f000

100022bc <runtime_init_spin_locks_reset>:
100022bc:	b510      	push	{r4, lr}
100022be:	f7fe febb 	bl	10001038 <spin_locks_reset>
100022c2:	bd10      	pop	{r4, pc}

100022c4 <runtime_init_install_ram_vector_table>:
100022c4:	b570      	push	{r4, r5, r6, lr}
100022c6:	4927      	ldr	r1, [pc, #156]	@ (10002364 <runtime_init_install_ram_vector_table+0xa0>)
100022c8:	4e27      	ldr	r6, [pc, #156]	@ (10002368 <runtime_init_install_ram_vector_table+0xa4>)
100022ca:	4d28      	ldr	r5, [pc, #160]	@ (1000236c <runtime_init_install_ram_vector_table+0xa8>)
100022cc:	1a76      	subs	r6, r6, r1
100022ce:	08b4      	lsrs	r4, r6, #2
100022d0:	0022      	movs	r2, r4
100022d2:	2c30      	cmp	r4, #48	@ 0x30
100022d4:	d900      	bls.n	100022d8 <runtime_init_install_ram_vector_table+0x14>
100022d6:	2230      	movs	r2, #48	@ 0x30
100022d8:	0028      	movs	r0, r5
100022da:	0092      	lsls	r2, r2, #2
100022dc:	f001 f824 	bl	10003328 <__wrap___aeabi_memcpy>
100022e0:	2c2f      	cmp	r4, #47	@ 0x2f
100022e2:	d83b      	bhi.n	1000235c <runtime_init_install_ram_vector_table+0x98>
100022e4:	0023      	movs	r3, r4
100022e6:	3b2a      	subs	r3, #42	@ 0x2a
100022e8:	4a21      	ldr	r2, [pc, #132]	@ (10002370 <runtime_init_install_ram_vector_table+0xac>)
100022ea:	2b05      	cmp	r3, #5
100022ec:	d91b      	bls.n	10002326 <runtime_init_install_ram_vector_table+0x62>
100022ee:	2030      	movs	r0, #48	@ 0x30
100022f0:	19ae      	adds	r6, r5, r6
100022f2:	0771      	lsls	r1, r6, #29
100022f4:	1b00      	subs	r0, r0, r4
100022f6:	0026      	movs	r6, r4
100022f8:	0fcb      	lsrs	r3, r1, #31
100022fa:	2900      	cmp	r1, #0
100022fc:	da02      	bge.n	10002304 <runtime_init_install_ram_vector_table+0x40>
100022fe:	00a1      	lsls	r1, r4, #2
10002300:	506a      	str	r2, [r5, r1]
10002302:	1c66      	adds	r6, r4, #1
10002304:	1ac0      	subs	r0, r0, r3
10002306:	18e3      	adds	r3, r4, r3
10002308:	009b      	lsls	r3, r3, #2
1000230a:	0841      	lsrs	r1, r0, #1
1000230c:	18eb      	adds	r3, r5, r3
1000230e:	00c9      	lsls	r1, r1, #3
10002310:	18c9      	adds	r1, r1, r3
10002312:	601a      	str	r2, [r3, #0]
10002314:	605a      	str	r2, [r3, #4]
10002316:	3308      	adds	r3, #8
10002318:	428b      	cmp	r3, r1
1000231a:	d1fa      	bne.n	10002312 <runtime_init_install_ram_vector_table+0x4e>
1000231c:	2301      	movs	r3, #1
1000231e:	4203      	tst	r3, r0
10002320:	d01c      	beq.n	1000235c <runtime_init_install_ram_vector_table+0x98>
10002322:	4398      	bics	r0, r3
10002324:	1984      	adds	r4, r0, r6
10002326:	00a3      	lsls	r3, r4, #2
10002328:	50ea      	str	r2, [r5, r3]
1000232a:	1c63      	adds	r3, r4, #1
1000232c:	2c2f      	cmp	r4, #47	@ 0x2f
1000232e:	d015      	beq.n	1000235c <runtime_init_install_ram_vector_table+0x98>
10002330:	009b      	lsls	r3, r3, #2
10002332:	50ea      	str	r2, [r5, r3]
10002334:	1ca3      	adds	r3, r4, #2
10002336:	2c2e      	cmp	r4, #46	@ 0x2e
10002338:	d010      	beq.n	1000235c <runtime_init_install_ram_vector_table+0x98>
1000233a:	009b      	lsls	r3, r3, #2
1000233c:	50ea      	str	r2, [r5, r3]
1000233e:	1ce3      	adds	r3, r4, #3
10002340:	2c2d      	cmp	r4, #45	@ 0x2d
10002342:	d00b      	beq.n	1000235c <runtime_init_install_ram_vector_table+0x98>
10002344:	009b      	lsls	r3, r3, #2
10002346:	50ea      	str	r2, [r5, r3]
10002348:	1d23      	adds	r3, r4, #4
1000234a:	2c2c      	cmp	r4, #44	@ 0x2c
1000234c:	d006      	beq.n	1000235c <runtime_init_install_ram_vector_table+0x98>
1000234e:	009b      	lsls	r3, r3, #2
10002350:	50ea      	str	r2, [r5, r3]
10002352:	1d63      	adds	r3, r4, #5
10002354:	2c2b      	cmp	r4, #43	@ 0x2b
10002356:	d001      	beq.n	1000235c <runtime_init_install_ram_vector_table+0x98>
10002358:	009b      	lsls	r3, r3, #2
1000235a:	50ea      	str	r2, [r5, r3]
1000235c:	4b05      	ldr	r3, [pc, #20]	@ (10002374 <runtime_init_install_ram_vector_table+0xb0>)
1000235e:	609d      	str	r5, [r3, #8]
10002360:	bd70      	pop	{r4, r5, r6, pc}
10002362:	46c0      	nop			@ (mov r8, r8)
10002364:	10000100 	.word	0x10000100
10002368:	100001c0 	.word	0x100001c0
1000236c:	20000000 	.word	0x20000000
10002370:	100001c1 	.word	0x100001c1
10002374:	e000ed00 	.word	0xe000ed00

10002378 <runtime_init_clocks>:
10002378:	2300      	movs	r3, #0
1000237a:	b510      	push	{r4, lr}
1000237c:	4c29      	ldr	r4, [pc, #164]	@ (10002424 <runtime_init_clocks+0xac>)
1000237e:	b082      	sub	sp, #8
10002380:	67a3      	str	r3, [r4, #120]	@ 0x78
10002382:	f7ff ff2d 	bl	100021e0 <xosc_init>
10002386:	2201      	movs	r2, #1
10002388:	4b27      	ldr	r3, [pc, #156]	@ (10002428 <runtime_init_clocks+0xb0>)
1000238a:	601a      	str	r2, [r3, #0]
1000238c:	6c63      	ldr	r3, [r4, #68]	@ 0x44
1000238e:	2b01      	cmp	r3, #1
10002390:	d1fc      	bne.n	1000238c <runtime_init_clocks+0x14>
10002392:	2203      	movs	r2, #3
10002394:	4b25      	ldr	r3, [pc, #148]	@ (1000242c <runtime_init_clocks+0xb4>)
10002396:	601a      	str	r2, [r3, #0]
10002398:	4a22      	ldr	r2, [pc, #136]	@ (10002424 <runtime_init_clocks+0xac>)
1000239a:	6b93      	ldr	r3, [r2, #56]	@ 0x38
1000239c:	2b01      	cmp	r3, #1
1000239e:	d1fc      	bne.n	1000239a <runtime_init_clocks+0x22>
100023a0:	3301      	adds	r3, #1
100023a2:	9300      	str	r3, [sp, #0]
100023a4:	2101      	movs	r1, #1
100023a6:	4a22      	ldr	r2, [pc, #136]	@ (10002430 <runtime_init_clocks+0xb8>)
100023a8:	4822      	ldr	r0, [pc, #136]	@ (10002434 <runtime_init_clocks+0xbc>)
100023aa:	3304      	adds	r3, #4
100023ac:	f7ff fe26 	bl	10001ffc <pll_init>
100023b0:	2305      	movs	r3, #5
100023b2:	2101      	movs	r1, #1
100023b4:	9300      	str	r3, [sp, #0]
100023b6:	4a20      	ldr	r2, [pc, #128]	@ (10002438 <runtime_init_clocks+0xc0>)
100023b8:	4820      	ldr	r0, [pc, #128]	@ (1000243c <runtime_init_clocks+0xc4>)
100023ba:	f7ff fe1f 	bl	10001ffc <pll_init>
100023be:	2200      	movs	r2, #0
100023c0:	2102      	movs	r1, #2
100023c2:	2004      	movs	r0, #4
100023c4:	4b1e      	ldr	r3, [pc, #120]	@ (10002440 <runtime_init_clocks+0xc8>)
100023c6:	f7ff fda3 	bl	10001f10 <clock_configure_undivided>
100023ca:	2200      	movs	r2, #0
100023cc:	2101      	movs	r1, #1
100023ce:	2005      	movs	r0, #5
100023d0:	4b1c      	ldr	r3, [pc, #112]	@ (10002444 <runtime_init_clocks+0xcc>)
100023d2:	f7ff fd9d 	bl	10001f10 <clock_configure_undivided>
100023d6:	2200      	movs	r2, #0
100023d8:	2100      	movs	r1, #0
100023da:	2007      	movs	r0, #7
100023dc:	4b1a      	ldr	r3, [pc, #104]	@ (10002448 <runtime_init_clocks+0xd0>)
100023de:	f7ff fd97 	bl	10001f10 <clock_configure_undivided>
100023e2:	2200      	movs	r2, #0
100023e4:	2100      	movs	r1, #0
100023e6:	2008      	movs	r0, #8
100023e8:	4b17      	ldr	r3, [pc, #92]	@ (10002448 <runtime_init_clocks+0xd0>)
100023ea:	f7ff fd91 	bl	10001f10 <clock_configure_undivided>
100023ee:	2380      	movs	r3, #128	@ 0x80
100023f0:	00db      	lsls	r3, r3, #3
100023f2:	9300      	str	r3, [sp, #0]
100023f4:	2200      	movs	r2, #0
100023f6:	2100      	movs	r1, #0
100023f8:	2009      	movs	r0, #9
100023fa:	4b13      	ldr	r3, [pc, #76]	@ (10002448 <runtime_init_clocks+0xd0>)
100023fc:	f7ff fd12 	bl	10001e24 <clock_configure_int_divider>
10002400:	2200      	movs	r2, #0
10002402:	4b10      	ldr	r3, [pc, #64]	@ (10002444 <runtime_init_clocks+0xcc>)
10002404:	2100      	movs	r1, #0
10002406:	2006      	movs	r0, #6
10002408:	f7ff fd82 	bl	10001f10 <clock_configure_undivided>
1000240c:	2004      	movs	r0, #4
1000240e:	f7ff fdef 	bl	10001ff0 <clock_get_hz>
10002412:	490e      	ldr	r1, [pc, #56]	@ (1000244c <runtime_init_clocks+0xd4>)
10002414:	f000 f84c 	bl	100024b0 <__wrap___aeabi_uidiv>
10002418:	0001      	movs	r1, r0
1000241a:	2000      	movs	r0, #0
1000241c:	f7ff fe94 	bl	10002148 <tick_start>
10002420:	b002      	add	sp, #8
10002422:	bd10      	pop	{r4, pc}
10002424:	40008000 	.word	0x40008000
10002428:	4000b03c 	.word	0x4000b03c
1000242c:	4000b030 	.word	0x4000b030
10002430:	59682f00 	.word	0x59682f00
10002434:	40028000 	.word	0x40028000
10002438:	47868c00 	.word	0x47868c00
1000243c:	4002c000 	.word	0x4002c000
10002440:	00b71b00 	.word	0x00b71b00
10002444:	07735940 	.word	0x07735940
10002448:	02dc6c00 	.word	0x02dc6c00
1000244c:	000f4240 	.word	0x000f4240

10002450 <__aeabi_bits_init>:
10002450:	4801      	ldr	r0, [pc, #4]	@ (10002458 <__aeabi_bits_init+0x8>)
10002452:	2104      	movs	r1, #4
10002454:	4b01      	ldr	r3, [pc, #4]	@ (1000245c <__aeabi_bits_init+0xc>)
10002456:	4718      	bx	r3
10002458:	20000fd0 	.word	0x20000fd0
1000245c:	10002179 	.word	0x10002179

10002460 <__wrap___aeabi_idiv>:
10002460:	4a12      	ldr	r2, [pc, #72]	@ (100024ac <divmod_s32s32_savestate+0x18>)
10002462:	6f93      	ldr	r3, [r2, #120]	@ 0x78
10002464:	089b      	lsrs	r3, r3, #2
10002466:	d215      	bcs.n	10002494 <divmod_s32s32_savestate>

10002468 <divmod_s32s32_core>:
10002468:	6690      	str	r0, [r2, #104]	@ 0x68
1000246a:	66d1      	str	r1, [r2, #108]	@ 0x6c
1000246c:	2900      	cmp	r1, #0
1000246e:	d005      	beq.n	1000247c <divmod_s32s32_core+0x14>
10002470:	e7ff      	b.n	10002472 <divmod_s32s32_core+0xa>
10002472:	e7ff      	b.n	10002474 <divmod_s32s32_core+0xc>
10002474:	e7ff      	b.n	10002476 <divmod_s32s32_core+0xe>
10002476:	6f51      	ldr	r1, [r2, #116]	@ 0x74
10002478:	6f10      	ldr	r0, [r2, #112]	@ 0x70
1000247a:	4770      	bx	lr
1000247c:	b504      	push	{r2, lr}
1000247e:	2180      	movs	r1, #128	@ 0x80
10002480:	0609      	lsls	r1, r1, #24
10002482:	17c2      	asrs	r2, r0, #31
10002484:	4051      	eors	r1, r2
10002486:	2800      	cmp	r0, #0
10002488:	d000      	beq.n	1000248c <divmod_s32s32_core+0x24>
1000248a:	43c8      	mvns	r0, r1
1000248c:	f005 f814 	bl	100074b8 <____aeabi_idiv0_veneer>
10002490:	2100      	movs	r1, #0
10002492:	bd04      	pop	{r2, pc}

10002494 <divmod_s32s32_savestate>:
10002494:	b5f0      	push	{r4, r5, r6, r7, lr}
10002496:	6e14      	ldr	r4, [r2, #96]	@ 0x60
10002498:	6e55      	ldr	r5, [r2, #100]	@ 0x64
1000249a:	6f57      	ldr	r7, [r2, #116]	@ 0x74
1000249c:	6f16      	ldr	r6, [r2, #112]	@ 0x70
1000249e:	f7ff ffe3 	bl	10002468 <divmod_s32s32_core>
100024a2:	6614      	str	r4, [r2, #96]	@ 0x60
100024a4:	6655      	str	r5, [r2, #100]	@ 0x64
100024a6:	6757      	str	r7, [r2, #116]	@ 0x74
100024a8:	6716      	str	r6, [r2, #112]	@ 0x70
100024aa:	bdf0      	pop	{r4, r5, r6, r7, pc}
100024ac:	d0000000 	.word	0xd0000000

100024b0 <__wrap___aeabi_uidiv>:
100024b0:	4a11      	ldr	r2, [pc, #68]	@ (100024f8 <divmod_u32u32_savestate+0x18>)
100024b2:	6f93      	ldr	r3, [r2, #120]	@ 0x78
100024b4:	089b      	lsrs	r3, r3, #2
100024b6:	d213      	bcs.n	100024e0 <divmod_u32u32_savestate>

100024b8 <divmod_u32u32_core>:
100024b8:	6610      	str	r0, [r2, #96]	@ 0x60
100024ba:	6651      	str	r1, [r2, #100]	@ 0x64
100024bc:	2900      	cmp	r1, #0
100024be:	d005      	beq.n	100024cc <divmod_u32u32_core+0x14>
100024c0:	e7ff      	b.n	100024c2 <divmod_u32u32_core+0xa>
100024c2:	e7ff      	b.n	100024c4 <divmod_u32u32_core+0xc>
100024c4:	e7ff      	b.n	100024c6 <divmod_u32u32_core+0xe>
100024c6:	6f51      	ldr	r1, [r2, #116]	@ 0x74
100024c8:	6f10      	ldr	r0, [r2, #112]	@ 0x70
100024ca:	4770      	bx	lr
100024cc:	b504      	push	{r2, lr}
100024ce:	2800      	cmp	r0, #0
100024d0:	d001      	beq.n	100024d6 <divmod_u32u32_core+0x1e>
100024d2:	2000      	movs	r0, #0
100024d4:	43c0      	mvns	r0, r0
100024d6:	f004 ffef 	bl	100074b8 <____aeabi_idiv0_veneer>
100024da:	2100      	movs	r1, #0
100024dc:	bd04      	pop	{r2, pc}
100024de:	46c0      	nop			@ (mov r8, r8)

100024e0 <divmod_u32u32_savestate>:
100024e0:	b5f0      	push	{r4, r5, r6, r7, lr}
100024e2:	6e14      	ldr	r4, [r2, #96]	@ 0x60
100024e4:	6e55      	ldr	r5, [r2, #100]	@ 0x64
100024e6:	6f57      	ldr	r7, [r2, #116]	@ 0x74
100024e8:	6f16      	ldr	r6, [r2, #112]	@ 0x70
100024ea:	f7ff ffe5 	bl	100024b8 <divmod_u32u32_core>
100024ee:	6614      	str	r4, [r2, #96]	@ 0x60
100024f0:	6655      	str	r5, [r2, #100]	@ 0x64
100024f2:	6757      	str	r7, [r2, #116]	@ 0x74
100024f4:	6716      	str	r6, [r2, #112]	@ 0x70
100024f6:	bdf0      	pop	{r4, r5, r6, r7, pc}
100024f8:	d0000000 	.word	0xd0000000

100024fc <__wrap___aeabi_ldivmod>:
100024fc:	4694      	mov	ip, r2
100024fe:	4a4a      	ldr	r2, [pc, #296]	@ (10002628 <udiv0+0x1a>)
10002500:	6f92      	ldr	r2, [r2, #120]	@ 0x78
10002502:	0892      	lsrs	r2, r2, #2
10002504:	4662      	mov	r2, ip
10002506:	d201      	bcs.n	1000250c <divmod_s64s64_savestate>
10002508:	e028      	b.n	1000255c <divmod_s64s64_unsafe>
1000250a:	46c0      	nop			@ (mov r8, r8)

1000250c <divmod_s64s64_savestate>:
1000250c:	b5f0      	push	{r4, r5, r6, r7, lr}
1000250e:	4e46      	ldr	r6, [pc, #280]	@ (10002628 <udiv0+0x1a>)
10002510:	6e34      	ldr	r4, [r6, #96]	@ 0x60
10002512:	6e75      	ldr	r5, [r6, #100]	@ 0x64
10002514:	6f77      	ldr	r7, [r6, #116]	@ 0x74
10002516:	6f36      	ldr	r6, [r6, #112]	@ 0x70
10002518:	f000 f820 	bl	1000255c <divmod_s64s64_unsafe>
1000251c:	4694      	mov	ip, r2
1000251e:	4a42      	ldr	r2, [pc, #264]	@ (10002628 <udiv0+0x1a>)
10002520:	6614      	str	r4, [r2, #96]	@ 0x60
10002522:	6655      	str	r5, [r2, #100]	@ 0x64
10002524:	6757      	str	r7, [r2, #116]	@ 0x74
10002526:	6716      	str	r6, [r2, #112]	@ 0x70
10002528:	4662      	mov	r2, ip
1000252a:	bdf0      	pop	{r4, r5, r6, r7, pc}

1000252c <__wrap___aeabi_uldivmod>:
1000252c:	4694      	mov	ip, r2
1000252e:	4a3e      	ldr	r2, [pc, #248]	@ (10002628 <udiv0+0x1a>)
10002530:	6f92      	ldr	r2, [r2, #120]	@ 0x78
10002532:	0892      	lsrs	r2, r2, #2
10002534:	4662      	mov	r2, ip
10002536:	d201      	bcs.n	1000253c <divmod_u64u64_savestate>
10002538:	e054      	b.n	100025e4 <divmod_u64u64_unsafe>
1000253a:	46c0      	nop			@ (mov r8, r8)

1000253c <divmod_u64u64_savestate>:
1000253c:	b5f0      	push	{r4, r5, r6, r7, lr}
1000253e:	4e3a      	ldr	r6, [pc, #232]	@ (10002628 <udiv0+0x1a>)
10002540:	6e34      	ldr	r4, [r6, #96]	@ 0x60
10002542:	6e75      	ldr	r5, [r6, #100]	@ 0x64
10002544:	6f77      	ldr	r7, [r6, #116]	@ 0x74
10002546:	6f36      	ldr	r6, [r6, #112]	@ 0x70
10002548:	f000 f84c 	bl	100025e4 <divmod_u64u64_unsafe>
1000254c:	4694      	mov	ip, r2
1000254e:	4a36      	ldr	r2, [pc, #216]	@ (10002628 <udiv0+0x1a>)
10002550:	6614      	str	r4, [r2, #96]	@ 0x60
10002552:	6655      	str	r5, [r2, #100]	@ 0x64
10002554:	6757      	str	r7, [r2, #116]	@ 0x74
10002556:	6716      	str	r6, [r2, #112]	@ 0x70
10002558:	4662      	mov	r2, ip
1000255a:	bdf0      	pop	{r4, r5, r6, r7, pc}

1000255c <divmod_s64s64_unsafe>:
1000255c:	2b00      	cmp	r3, #0
1000255e:	db24      	blt.n	100025aa <l46_1+0x26>
10002560:	d011      	beq.n	10002586 <l46_1+0x2>
10002562:	2900      	cmp	r1, #0
10002564:	da3e      	bge.n	100025e4 <divmod_u64u64_unsafe>
10002566:	b500      	push	{lr}
10002568:	43c9      	mvns	r1, r1
1000256a:	4240      	negs	r0, r0
1000256c:	d100      	bne.n	10002570 <l44_1>
1000256e:	3101      	adds	r1, #1

10002570 <l44_1>:
10002570:	f000 f838 	bl	100025e4 <divmod_u64u64_unsafe>
10002574:	43c9      	mvns	r1, r1
10002576:	4240      	negs	r0, r0
10002578:	d100      	bne.n	1000257c <l45_1>
1000257a:	3101      	adds	r1, #1

1000257c <l45_1>:
1000257c:	43db      	mvns	r3, r3
1000257e:	4252      	negs	r2, r2
10002580:	d100      	bne.n	10002584 <l46_1>
10002582:	3301      	adds	r3, #1

10002584 <l46_1>:
10002584:	bd00      	pop	{pc}
10002586:	2a00      	cmp	r2, #0
10002588:	d1eb      	bne.n	10002562 <divmod_s64s64_unsafe+0x6>
1000258a:	2800      	cmp	r0, #0
1000258c:	d101      	bne.n	10002592 <l46_1+0xe>
1000258e:	2900      	cmp	r1, #0
10002590:	d005      	beq.n	1000259e <l46_1+0x1a>
10002592:	2000      	movs	r0, #0
10002594:	0fc9      	lsrs	r1, r1, #31
10002596:	07c9      	lsls	r1, r1, #31
10002598:	d101      	bne.n	1000259e <l46_1+0x1a>
1000259a:	43c0      	mvns	r0, r0
1000259c:	0841      	lsrs	r1, r0, #1
1000259e:	b500      	push	{lr}
100025a0:	f004 ffba 	bl	10007518 <____aeabi_ldiv0_veneer>
100025a4:	2200      	movs	r2, #0
100025a6:	2300      	movs	r3, #0
100025a8:	bd00      	pop	{pc}
100025aa:	b500      	push	{lr}
100025ac:	2900      	cmp	r1, #0
100025ae:	db0a      	blt.n	100025c6 <l48_1+0x2>
100025b0:	43db      	mvns	r3, r3
100025b2:	4252      	negs	r2, r2
100025b4:	d100      	bne.n	100025b8 <l47_1>
100025b6:	3301      	adds	r3, #1

100025b8 <l47_1>:
100025b8:	f000 f814 	bl	100025e4 <divmod_u64u64_unsafe>
100025bc:	43c9      	mvns	r1, r1
100025be:	4240      	negs	r0, r0
100025c0:	d100      	bne.n	100025c4 <l48_1>
100025c2:	3101      	adds	r1, #1

100025c4 <l48_1>:
100025c4:	bd00      	pop	{pc}
100025c6:	43c9      	mvns	r1, r1
100025c8:	4240      	negs	r0, r0
100025ca:	d100      	bne.n	100025ce <l49_1>
100025cc:	3101      	adds	r1, #1

100025ce <l49_1>:
100025ce:	43db      	mvns	r3, r3
100025d0:	4252      	negs	r2, r2
100025d2:	d100      	bne.n	100025d6 <l50_1>
100025d4:	3301      	adds	r3, #1

100025d6 <l50_1>:
100025d6:	f000 f805 	bl	100025e4 <divmod_u64u64_unsafe>
100025da:	43db      	mvns	r3, r3
100025dc:	4252      	negs	r2, r2
100025de:	d100      	bne.n	100025e2 <l51_1>
100025e0:	3301      	adds	r3, #1

100025e2 <l51_1>:
100025e2:	bd00      	pop	{pc}

100025e4 <divmod_u64u64_unsafe>:
100025e4:	2900      	cmp	r1, #0
100025e6:	d123      	bne.n	10002630 <y64>
100025e8:	2b00      	cmp	r3, #0
100025ea:	d118      	bne.n	1000261e <udiv0+0x10>
100025ec:	2a00      	cmp	r2, #0
100025ee:	d00c      	beq.n	1000260a <divmod_u64u64_unsafe+0x26>
100025f0:	46bc      	mov	ip, r7
100025f2:	4f0d      	ldr	r7, [pc, #52]	@ (10002628 <udiv0+0x1a>)
100025f4:	6638      	str	r0, [r7, #96]	@ 0x60
100025f6:	667a      	str	r2, [r7, #100]	@ 0x64
100025f8:	2100      	movs	r1, #0
100025fa:	2300      	movs	r3, #0
100025fc:	e7ff      	b.n	100025fe <divmod_u64u64_unsafe+0x1a>
100025fe:	e7ff      	b.n	10002600 <divmod_u64u64_unsafe+0x1c>
10002600:	e7ff      	b.n	10002602 <divmod_u64u64_unsafe+0x1e>
10002602:	6f7a      	ldr	r2, [r7, #116]	@ 0x74
10002604:	6f38      	ldr	r0, [r7, #112]	@ 0x70
10002606:	4667      	mov	r7, ip
10002608:	4770      	bx	lr
1000260a:	2800      	cmp	r0, #0
1000260c:	d001      	beq.n	10002612 <udiv0+0x4>

1000260e <udiv0>:
1000260e:	4807      	ldr	r0, [pc, #28]	@ (1000262c <udiv0+0x1e>)
10002610:	0001      	movs	r1, r0
10002612:	b500      	push	{lr}
10002614:	f004 ff80 	bl	10007518 <____aeabi_ldiv0_veneer>
10002618:	2200      	movs	r2, #0
1000261a:	2300      	movs	r3, #0
1000261c:	bd00      	pop	{pc}
1000261e:	0002      	movs	r2, r0
10002620:	000b      	movs	r3, r1
10002622:	2000      	movs	r0, #0
10002624:	2100      	movs	r1, #0
10002626:	4770      	bx	lr
10002628:	d0000000 	.word	0xd0000000
1000262c:	ffffffff 	.word	0xffffffff

10002630 <y64>:
10002630:	2b00      	cmp	r3, #0
10002632:	d000      	beq.n	10002636 <y64+0x6>
10002634:	e0bf      	b.n	100027b6 <y64_x48>
10002636:	0c13      	lsrs	r3, r2, #16
10002638:	d128      	bne.n	1000268c <y64_x32>
1000263a:	2a00      	cmp	r2, #0
1000263c:	d0e7      	beq.n	1000260e <udiv0>
1000263e:	b480      	push	{r7}
10002640:	4f11      	ldr	r7, [pc, #68]	@ (10002688 <y64+0x58>)
10002642:	6639      	str	r1, [r7, #96]	@ 0x60
10002644:	667a      	str	r2, [r7, #100]	@ 0x64
10002646:	e7ff      	b.n	10002648 <y64+0x18>
10002648:	e7ff      	b.n	1000264a <y64+0x1a>
1000264a:	b430      	push	{r4, r5}
1000264c:	0c04      	lsrs	r4, r0, #16
1000264e:	6f7b      	ldr	r3, [r7, #116]	@ 0x74
10002650:	6f39      	ldr	r1, [r7, #112]	@ 0x70
10002652:	041b      	lsls	r3, r3, #16
10002654:	4323      	orrs	r3, r4
10002656:	663b      	str	r3, [r7, #96]	@ 0x60
10002658:	667a      	str	r2, [r7, #100]	@ 0x64
1000265a:	e7ff      	b.n	1000265c <y64+0x2c>
1000265c:	e7ff      	b.n	1000265e <y64+0x2e>
1000265e:	e7ff      	b.n	10002660 <y64+0x30>
10002660:	46c0      	nop			@ (mov r8, r8)
10002662:	b284      	uxth	r4, r0
10002664:	6f7b      	ldr	r3, [r7, #116]	@ 0x74
10002666:	6f3d      	ldr	r5, [r7, #112]	@ 0x70
10002668:	041b      	lsls	r3, r3, #16
1000266a:	4323      	orrs	r3, r4
1000266c:	663b      	str	r3, [r7, #96]	@ 0x60
1000266e:	667a      	str	r2, [r7, #100]	@ 0x64
10002670:	e7ff      	b.n	10002672 <y64+0x42>
10002672:	e7ff      	b.n	10002674 <y64+0x44>
10002674:	46c0      	nop			@ (mov r8, r8)
10002676:	2300      	movs	r3, #0
10002678:	042c      	lsls	r4, r5, #16
1000267a:	0c2d      	lsrs	r5, r5, #16
1000267c:	6f7a      	ldr	r2, [r7, #116]	@ 0x74
1000267e:	6f38      	ldr	r0, [r7, #112]	@ 0x70
10002680:	1900      	adds	r0, r0, r4
10002682:	4169      	adcs	r1, r5
10002684:	bcb0      	pop	{r4, r5, r7}
10002686:	4770      	bx	lr
10002688:	d0000000 	.word	0xd0000000

1000268c <y64_x32>:
1000268c:	b5f0      	push	{r4, r5, r6, r7, lr}
1000268e:	4694      	mov	ip, r2
10002690:	2500      	movs	r5, #0
10002692:	0e14      	lsrs	r4, r2, #24
10002694:	d101      	bne.n	1000269a <y64_x32+0xe>
10002696:	0212      	lsls	r2, r2, #8
10002698:	3508      	adds	r5, #8
1000269a:	0f14      	lsrs	r4, r2, #28
1000269c:	d101      	bne.n	100026a2 <y64_x32+0x16>
1000269e:	0112      	lsls	r2, r2, #4
100026a0:	3504      	adds	r5, #4
100026a2:	0f94      	lsrs	r4, r2, #30
100026a4:	d101      	bne.n	100026aa <y64_x32+0x1e>
100026a6:	0092      	lsls	r2, r2, #2
100026a8:	3502      	adds	r5, #2
100026aa:	0fd4      	lsrs	r4, r2, #31
100026ac:	d101      	bne.n	100026b2 <y64_x32+0x26>
100026ae:	0052      	lsls	r2, r2, #1
100026b0:	3501      	adds	r5, #1
100026b2:	0bd4      	lsrs	r4, r2, #15
100026b4:	3401      	adds	r4, #1
100026b6:	4f25      	ldr	r7, [pc, #148]	@ (1000274c <y64_x32+0xc0>)
100026b8:	667c      	str	r4, [r7, #100]	@ 0x64
100026ba:	4c25      	ldr	r4, [pc, #148]	@ (10002750 <y64_x32+0xc4>)
100026bc:	663c      	str	r4, [r7, #96]	@ 0x60
100026be:	0c0e      	lsrs	r6, r1, #16
100026c0:	b293      	uxth	r3, r2
100026c2:	e7ff      	b.n	100026c4 <y64_x32+0x38>
100026c4:	e7ff      	b.n	100026c6 <y64_x32+0x3a>
100026c6:	e7ff      	b.n	100026c8 <y64_x32+0x3c>
100026c8:	6f3c      	ldr	r4, [r7, #112]	@ 0x70
100026ca:	4366      	muls	r6, r4
100026cc:	0c36      	lsrs	r6, r6, #16
100026ce:	0377      	lsls	r7, r6, #13
100026d0:	46be      	mov	lr, r7
100026d2:	4373      	muls	r3, r6
100026d4:	0bdf      	lsrs	r7, r3, #15
100026d6:	045b      	lsls	r3, r3, #17
100026d8:	1ac0      	subs	r0, r0, r3
100026da:	41b9      	sbcs	r1, r7
100026dc:	0c13      	lsrs	r3, r2, #16
100026de:	4373      	muls	r3, r6
100026e0:	18db      	adds	r3, r3, r3
100026e2:	1ac9      	subs	r1, r1, r3
100026e4:	08ce      	lsrs	r6, r1, #3
100026e6:	4366      	muls	r6, r4
100026e8:	0c36      	lsrs	r6, r6, #16
100026ea:	44b6      	add	lr, r6
100026ec:	b293      	uxth	r3, r2
100026ee:	4373      	muls	r3, r6
100026f0:	0f1f      	lsrs	r7, r3, #28
100026f2:	011b      	lsls	r3, r3, #4
100026f4:	1ac0      	subs	r0, r0, r3
100026f6:	41b9      	sbcs	r1, r7
100026f8:	0c13      	lsrs	r3, r2, #16
100026fa:	4373      	muls	r3, r6
100026fc:	0b1f      	lsrs	r7, r3, #12
100026fe:	051b      	lsls	r3, r3, #20
10002700:	1ac0      	subs	r0, r0, r3
10002702:	41b9      	sbcs	r1, r7
10002704:	0d86      	lsrs	r6, r0, #22
10002706:	028f      	lsls	r7, r1, #10
10002708:	433e      	orrs	r6, r7
1000270a:	4366      	muls	r6, r4
1000270c:	0c36      	lsrs	r6, r6, #16
1000270e:	2d09      	cmp	r5, #9
10002710:	db24      	blt.n	1000275c <last0>
10002712:	0a52      	lsrs	r2, r2, #9
10002714:	4372      	muls	r2, r6
10002716:	1a80      	subs	r0, r0, r2
10002718:	0377      	lsls	r7, r6, #13
1000271a:	0a46      	lsrs	r6, r0, #9
1000271c:	4366      	muls	r6, r4
1000271e:	0c36      	lsrs	r6, r6, #16
10002720:	2316      	movs	r3, #22
10002722:	1b5b      	subs	r3, r3, r5
10002724:	40de      	lsrs	r6, r3
10002726:	40df      	lsrs	r7, r3
10002728:	19bf      	adds	r7, r7, r6
1000272a:	4664      	mov	r4, ip
1000272c:	4366      	muls	r6, r4
1000272e:	1b82      	subs	r2, r0, r6
10002730:	4670      	mov	r0, lr
10002732:	3504      	adds	r5, #4
10002734:	3306      	adds	r3, #6
10002736:	0001      	movs	r1, r0
10002738:	40d9      	lsrs	r1, r3
1000273a:	40a8      	lsls	r0, r5
1000273c:	19c0      	adds	r0, r0, r7
1000273e:	d300      	bcc.n	10002742 <y64_x32+0xb6>
10002740:	3101      	adds	r1, #1
10002742:	42a2      	cmp	r2, r4
10002744:	d206      	bcs.n	10002754 <y64_x32+0xc8>
10002746:	2300      	movs	r3, #0
10002748:	bdf0      	pop	{r4, r5, r6, r7, pc}
1000274a:	0000      	.short	0x0000
1000274c:	d0000000 	.word	0xd0000000
10002750:	ffffffff 	.word	0xffffffff
10002754:	1b12      	subs	r2, r2, r4
10002756:	3001      	adds	r0, #1
10002758:	d3f3      	bcc.n	10002742 <y64_x32+0xb6>
1000275a:	e7f1      	b.n	10002740 <y64_x32+0xb4>

1000275c <last0>:
1000275c:	2709      	movs	r7, #9
1000275e:	1b7f      	subs	r7, r7, r5
10002760:	40fe      	lsrs	r6, r7
10002762:	4664      	mov	r4, ip
10002764:	b2a2      	uxth	r2, r4
10002766:	4372      	muls	r2, r6
10002768:	1a80      	subs	r0, r0, r2
1000276a:	d200      	bcs.n	1000276e <last0+0x12>
1000276c:	3901      	subs	r1, #1
1000276e:	0c22      	lsrs	r2, r4, #16
10002770:	4372      	muls	r2, r6
10002772:	0c13      	lsrs	r3, r2, #16
10002774:	0412      	lsls	r2, r2, #16
10002776:	1a82      	subs	r2, r0, r2
10002778:	4199      	sbcs	r1, r3
1000277a:	000b      	movs	r3, r1
1000277c:	4670      	mov	r0, lr
1000277e:	3504      	adds	r5, #4
10002780:	3713      	adds	r7, #19
10002782:	0001      	movs	r1, r0
10002784:	40f9      	lsrs	r1, r7
10002786:	40a8      	lsls	r0, r5
10002788:	1980      	adds	r0, r0, r6
1000278a:	d300      	bcc.n	1000278e <last0+0x32>
1000278c:	3101      	adds	r1, #1
1000278e:	2b00      	cmp	r3, #0
10002790:	d102      	bne.n	10002798 <last0+0x3c>
10002792:	42a2      	cmp	r2, r4
10002794:	d20a      	bcs.n	100027ac <last0+0x50>
10002796:	bdf0      	pop	{r4, r5, r6, r7, pc}
10002798:	3001      	adds	r0, #1
1000279a:	d300      	bcc.n	1000279e <last0+0x42>
1000279c:	3101      	adds	r1, #1
1000279e:	1b12      	subs	r2, r2, r4
100027a0:	d2fa      	bcs.n	10002798 <last0+0x3c>
100027a2:	3b01      	subs	r3, #1
100027a4:	d1f8      	bne.n	10002798 <last0+0x3c>
100027a6:	42a2      	cmp	r2, r4
100027a8:	d200      	bcs.n	100027ac <last0+0x50>
100027aa:	bdf0      	pop	{r4, r5, r6, r7, pc}
100027ac:	3001      	adds	r0, #1
100027ae:	d300      	bcc.n	100027b2 <last0+0x56>
100027b0:	3101      	adds	r1, #1
100027b2:	1b12      	subs	r2, r2, r4
100027b4:	e7f7      	b.n	100027a6 <last0+0x4a>

100027b6 <y64_x48>:
100027b6:	b5f0      	push	{r4, r5, r6, r7, lr}
100027b8:	0c1c      	lsrs	r4, r3, #16
100027ba:	d000      	beq.n	100027be <y64_x48+0x8>
100027bc:	e080      	b.n	100028c0 <y64_x64>
100027be:	b40c      	push	{r2, r3}
100027c0:	2500      	movs	r5, #0
100027c2:	0a1c      	lsrs	r4, r3, #8
100027c4:	d104      	bne.n	100027d0 <y64_x48+0x1a>
100027c6:	021b      	lsls	r3, r3, #8
100027c8:	0e16      	lsrs	r6, r2, #24
100027ca:	4333      	orrs	r3, r6
100027cc:	0212      	lsls	r2, r2, #8
100027ce:	3508      	adds	r5, #8
100027d0:	0b1c      	lsrs	r4, r3, #12
100027d2:	d104      	bne.n	100027de <y64_x48+0x28>
100027d4:	011b      	lsls	r3, r3, #4
100027d6:	0f16      	lsrs	r6, r2, #28
100027d8:	4333      	orrs	r3, r6
100027da:	0112      	lsls	r2, r2, #4
100027dc:	3504      	adds	r5, #4
100027de:	0b9c      	lsrs	r4, r3, #14
100027e0:	d104      	bne.n	100027ec <y64_x48+0x36>
100027e2:	009b      	lsls	r3, r3, #2
100027e4:	0f96      	lsrs	r6, r2, #30
100027e6:	4333      	orrs	r3, r6
100027e8:	0092      	lsls	r2, r2, #2
100027ea:	3502      	adds	r5, #2
100027ec:	0bdc      	lsrs	r4, r3, #15
100027ee:	d102      	bne.n	100027f6 <y64_x48+0x40>
100027f0:	1892      	adds	r2, r2, r2
100027f2:	415b      	adcs	r3, r3
100027f4:	3501      	adds	r5, #1
100027f6:	001c      	movs	r4, r3
100027f8:	1897      	adds	r7, r2, r2
100027fa:	4164      	adcs	r4, r4
100027fc:	3401      	adds	r4, #1
100027fe:	4f46      	ldr	r7, [pc, #280]	@ (10002918 <y64_x64+0x58>)
10002800:	667c      	str	r4, [r7, #100]	@ 0x64
10002802:	4c46      	ldr	r4, [pc, #280]	@ (1000291c <y64_x64+0x5c>)
10002804:	663c      	str	r4, [r7, #96]	@ 0x60
10002806:	0c0e      	lsrs	r6, r1, #16
10002808:	e7ff      	b.n	1000280a <y64_x48+0x54>
1000280a:	e7ff      	b.n	1000280c <y64_x48+0x56>
1000280c:	e7ff      	b.n	1000280e <y64_x48+0x58>
1000280e:	46c0      	nop			@ (mov r8, r8)
10002810:	6f3c      	ldr	r4, [r7, #112]	@ 0x70
10002812:	4366      	muls	r6, r4
10002814:	0c36      	lsrs	r6, r6, #16
10002816:	0377      	lsls	r7, r6, #13
10002818:	46be      	mov	lr, r7
1000281a:	b297      	uxth	r7, r2
1000281c:	4377      	muls	r7, r6
1000281e:	1bc0      	subs	r0, r0, r7
10002820:	d200      	bcs.n	10002824 <y64_x48+0x6e>
10002822:	3901      	subs	r1, #1
10002824:	1bc0      	subs	r0, r0, r7
10002826:	d200      	bcs.n	1000282a <y64_x48+0x74>
10002828:	3901      	subs	r1, #1
1000282a:	b29f      	uxth	r7, r3
1000282c:	4377      	muls	r7, r6
1000282e:	1bc9      	subs	r1, r1, r7
10002830:	1bc9      	subs	r1, r1, r7
10002832:	0c17      	lsrs	r7, r2, #16
10002834:	4377      	muls	r7, r6
10002836:	047e      	lsls	r6, r7, #17
10002838:	0bff      	lsrs	r7, r7, #15
1000283a:	1b80      	subs	r0, r0, r6
1000283c:	41b9      	sbcs	r1, r7
1000283e:	08ce      	lsrs	r6, r1, #3
10002840:	4366      	muls	r6, r4
10002842:	0c36      	lsrs	r6, r6, #16
10002844:	2d0c      	cmp	r5, #12
10002846:	db33      	blt.n	100028b0 <last1>
10002848:	44b6      	add	lr, r6
1000284a:	0b12      	lsrs	r2, r2, #12
1000284c:	051f      	lsls	r7, r3, #20
1000284e:	433a      	orrs	r2, r7
10002850:	0b1b      	lsrs	r3, r3, #12
10002852:	b297      	uxth	r7, r2
10002854:	4377      	muls	r7, r6
10002856:	1bc0      	subs	r0, r0, r7
10002858:	d200      	bcs.n	1000285c <y64_x48+0xa6>
1000285a:	3901      	subs	r1, #1
1000285c:	b29f      	uxth	r7, r3
1000285e:	4377      	muls	r7, r6
10002860:	1bc9      	subs	r1, r1, r7
10002862:	0c17      	lsrs	r7, r2, #16
10002864:	4377      	muls	r7, r6
10002866:	043e      	lsls	r6, r7, #16
10002868:	0c3f      	lsrs	r7, r7, #16
1000286a:	1b80      	subs	r0, r0, r6
1000286c:	41b9      	sbcs	r1, r7
1000286e:	0d86      	lsrs	r6, r0, #22
10002870:	028f      	lsls	r7, r1, #10
10002872:	433e      	orrs	r6, r7
10002874:	4366      	muls	r6, r4
10002876:	2729      	movs	r7, #41	@ 0x29
10002878:	1b7f      	subs	r7, r7, r5
1000287a:	40fe      	lsrs	r6, r7
1000287c:	3d0c      	subs	r5, #12
1000287e:	4677      	mov	r7, lr
10002880:	40af      	lsls	r7, r5
10002882:	19bf      	adds	r7, r7, r6
10002884:	bc30      	pop	{r4, r5}
10002886:	b2a2      	uxth	r2, r4
10002888:	b2ab      	uxth	r3, r5
1000288a:	4372      	muls	r2, r6
1000288c:	4373      	muls	r3, r6
1000288e:	1a80      	subs	r0, r0, r2
10002890:	4199      	sbcs	r1, r3
10002892:	0c22      	lsrs	r2, r4, #16
10002894:	4372      	muls	r2, r6
10002896:	0c13      	lsrs	r3, r2, #16
10002898:	0412      	lsls	r2, r2, #16
1000289a:	1a80      	subs	r0, r0, r2
1000289c:	4199      	sbcs	r1, r3
1000289e:	0002      	movs	r2, r0
100028a0:	000b      	movs	r3, r1
100028a2:	3701      	adds	r7, #1
100028a4:	1b00      	subs	r0, r0, r4
100028a6:	41a9      	sbcs	r1, r5
100028a8:	d2f9      	bcs.n	1000289e <y64_x48+0xe8>
100028aa:	1e78      	subs	r0, r7, #1
100028ac:	2100      	movs	r1, #0
100028ae:	bdf0      	pop	{r4, r5, r6, r7, pc}

100028b0 <last1>:
100028b0:	270c      	movs	r7, #12
100028b2:	1b7f      	subs	r7, r7, r5
100028b4:	40fe      	lsrs	r6, r7
100028b6:	4677      	mov	r7, lr
100028b8:	0b7f      	lsrs	r7, r7, #13
100028ba:	40af      	lsls	r7, r5
100028bc:	19ff      	adds	r7, r7, r7
100028be:	e7e0      	b.n	10002882 <y64_x48+0xcc>

100028c0 <y64_x64>:
100028c0:	2400      	movs	r4, #0
100028c2:	1c5d      	adds	r5, r3, #1
100028c4:	d007      	beq.n	100028d6 <y64_x64+0x16>
100028c6:	4f14      	ldr	r7, [pc, #80]	@ (10002918 <y64_x64+0x58>)
100028c8:	667d      	str	r5, [r7, #100]	@ 0x64
100028ca:	6639      	str	r1, [r7, #96]	@ 0x60
100028cc:	e7ff      	b.n	100028ce <y64_x64+0xe>
100028ce:	e7ff      	b.n	100028d0 <y64_x64+0x10>
100028d0:	e7ff      	b.n	100028d2 <y64_x64+0x12>
100028d2:	e7ff      	b.n	100028d4 <y64_x64+0x14>
100028d4:	6f3c      	ldr	r4, [r7, #112]	@ 0x70
100028d6:	b295      	uxth	r5, r2
100028d8:	b29e      	uxth	r6, r3
100028da:	4365      	muls	r5, r4
100028dc:	4366      	muls	r6, r4
100028de:	1b40      	subs	r0, r0, r5
100028e0:	41b1      	sbcs	r1, r6
100028e2:	0c15      	lsrs	r5, r2, #16
100028e4:	0c1e      	lsrs	r6, r3, #16
100028e6:	4365      	muls	r5, r4
100028e8:	4366      	muls	r6, r4
100028ea:	0436      	lsls	r6, r6, #16
100028ec:	0c2f      	lsrs	r7, r5, #16
100028ee:	433e      	orrs	r6, r7
100028f0:	042d      	lsls	r5, r5, #16
100028f2:	1b40      	subs	r0, r0, r5
100028f4:	41b1      	sbcs	r1, r6
100028f6:	4299      	cmp	r1, r3
100028f8:	d204      	bcs.n	10002904 <y64_x64+0x44>
100028fa:	0002      	movs	r2, r0
100028fc:	000b      	movs	r3, r1
100028fe:	0020      	movs	r0, r4
10002900:	2100      	movs	r1, #0
10002902:	bdf0      	pop	{r4, r5, r6, r7, pc}
10002904:	d101      	bne.n	1000290a <y64_x64+0x4a>
10002906:	4290      	cmp	r0, r2
10002908:	d3f7      	bcc.n	100028fa <y64_x64+0x3a>
1000290a:	1a80      	subs	r0, r0, r2
1000290c:	4199      	sbcs	r1, r3
1000290e:	3401      	adds	r4, #1
10002910:	4299      	cmp	r1, r3
10002912:	d3f2      	bcc.n	100028fa <y64_x64+0x3a>
10002914:	e7f6      	b.n	10002904 <y64_x64+0x44>
10002916:	0000      	.short	0x0000
10002918:	d0000000 	.word	0xd0000000
1000291c:	ffffffff 	.word	0xffffffff

10002920 <__wrap___aeabi_drsub>:
10002920:	4048      	eors	r0, r1
10002922:	4041      	eors	r1, r0
10002924:	4048      	eors	r0, r1

10002926 <__wrap___aeabi_dsub>:
10002926:	b418      	push	{r3, r4}
10002928:	4b1b      	ldr	r3, [pc, #108]	@ (10002998 <__wrap___aeabi_dmul+0x12>)
1000292a:	685b      	ldr	r3, [r3, #4]
1000292c:	46fc      	mov	ip, pc
1000292e:	9301      	str	r3, [sp, #4]
10002930:	bd08      	pop	{r3, pc}
10002932:	df04      	.short	0xdf04
10002934:	10002bcb 	.word	0x10002bcb

10002938 <__wrap___aeabi_dadd>:
10002938:	b418      	push	{r3, r4}
1000293a:	4b17      	ldr	r3, [pc, #92]	@ (10002998 <__wrap___aeabi_dmul+0x12>)
1000293c:	681b      	ldr	r3, [r3, #0]
1000293e:	46fc      	mov	ip, pc
10002940:	9301      	str	r3, [sp, #4]
10002942:	bd08      	pop	{r3, pc}
10002944:	2bd5df00 	.word	0x2bd5df00
10002948:	1000      	.short	0x1000

1000294a <__wrap___aeabi_ddiv>:
1000294a:	4694      	mov	ip, r2
1000294c:	4a13      	ldr	r2, [pc, #76]	@ (1000299c <__wrap___aeabi_dmul+0x16>)
1000294e:	6f92      	ldr	r2, [r2, #120]	@ 0x78
10002950:	0892      	lsrs	r2, r2, #2
10002952:	d209      	bcs.n	10002968 <ddiv_save_state>
10002954:	4662      	mov	r2, ip

10002956 <ddiv_shim_call>:
10002956:	b418      	push	{r3, r4}
10002958:	4b0f      	ldr	r3, [pc, #60]	@ (10002998 <__wrap___aeabi_dmul+0x12>)
1000295a:	68db      	ldr	r3, [r3, #12]
1000295c:	46fc      	mov	ip, pc
1000295e:	9301      	str	r3, [sp, #4]
10002960:	bd08      	pop	{r3, pc}
10002962:	df0c      	.short	0xdf0c
10002964:	10002e8d 	.word	0x10002e8d

10002968 <ddiv_save_state>:
10002968:	4a0c      	ldr	r2, [pc, #48]	@ (1000299c <__wrap___aeabi_dmul+0x16>)
1000296a:	b5f0      	push	{r4, r5, r6, r7, lr}
1000296c:	6e14      	ldr	r4, [r2, #96]	@ 0x60
1000296e:	6e55      	ldr	r5, [r2, #100]	@ 0x64
10002970:	6f57      	ldr	r7, [r2, #116]	@ 0x74
10002972:	6f16      	ldr	r6, [r2, #112]	@ 0x70
10002974:	4662      	mov	r2, ip
10002976:	f7ff ffee 	bl	10002956 <ddiv_shim_call>
1000297a:	4a08      	ldr	r2, [pc, #32]	@ (1000299c <__wrap___aeabi_dmul+0x16>)
1000297c:	6614      	str	r4, [r2, #96]	@ 0x60
1000297e:	6655      	str	r5, [r2, #100]	@ 0x64
10002980:	6757      	str	r7, [r2, #116]	@ 0x74
10002982:	6716      	str	r6, [r2, #112]	@ 0x70
10002984:	bdf0      	pop	{r4, r5, r6, r7, pc}

10002986 <__wrap___aeabi_dmul>:
10002986:	b418      	push	{r3, r4}
10002988:	4b03      	ldr	r3, [pc, #12]	@ (10002998 <__wrap___aeabi_dmul+0x12>)
1000298a:	689b      	ldr	r3, [r3, #8]
1000298c:	46fc      	mov	ip, pc
1000298e:	9301      	str	r3, [sp, #4]
10002990:	bd08      	pop	{r3, pc}
10002992:	df08      	.short	0xdf08
10002994:	10002d31 	.word	0x10002d31
10002998:	20001290 	.word	0x20001290
1000299c:	d0000000 	.word	0xd0000000

100029a0 <__wrap___aeabi_cdrcmple>:
100029a0:	b5ff      	push	{r0, r1, r2, r3, r4, r5, r6, r7, lr}
100029a2:	4050      	eors	r0, r2
100029a4:	4042      	eors	r2, r0
100029a6:	4050      	eors	r0, r2
100029a8:	4059      	eors	r1, r3
100029aa:	404b      	eors	r3, r1
100029ac:	4059      	eors	r1, r3
100029ae:	e000      	b.n	100029b2 <__aeabi_dfcmple_guts>

100029b0 <__wrap___aeabi_cdcmpeq>:
100029b0:	b5ff      	push	{r0, r1, r2, r3, r4, r5, r6, r7, lr}

100029b2 <__aeabi_dfcmple_guts>:
100029b2:	4f15      	ldr	r7, [pc, #84]	@ (10002a08 <__aeabi_dfcmple_guts+0x56>)
100029b4:	004c      	lsls	r4, r1, #1
100029b6:	0d64      	lsrs	r4, r4, #21
100029b8:	d003      	beq.n	100029c2 <__aeabi_dfcmple_guts+0x10>
100029ba:	42bc      	cmp	r4, r7
100029bc:	d104      	bne.n	100029c8 <__aeabi_dfcmple_guts+0x16>
100029be:	030c      	lsls	r4, r1, #12
100029c0:	d814      	bhi.n	100029ec <__aeabi_dfcmple_guts+0x3a>
100029c2:	2000      	movs	r0, #0
100029c4:	0d09      	lsrs	r1, r1, #20
100029c6:	0509      	lsls	r1, r1, #20
100029c8:	005c      	lsls	r4, r3, #1
100029ca:	0d64      	lsrs	r4, r4, #21
100029cc:	d003      	beq.n	100029d6 <__aeabi_dfcmple_guts+0x24>
100029ce:	42bc      	cmp	r4, r7
100029d0:	d104      	bne.n	100029dc <__aeabi_dfcmple_guts+0x2a>
100029d2:	031c      	lsls	r4, r3, #12
100029d4:	d80a      	bhi.n	100029ec <__aeabi_dfcmple_guts+0x3a>
100029d6:	2200      	movs	r2, #0
100029d8:	0d1b      	lsrs	r3, r3, #20
100029da:	051b      	lsls	r3, r3, #20
100029dc:	2601      	movs	r6, #1
100029de:	404b      	eors	r3, r1
100029e0:	d409      	bmi.n	100029f6 <__aeabi_dfcmple_guts+0x44>
100029e2:	404b      	eors	r3, r1
100029e4:	d503      	bpl.n	100029ee <__aeabi_dfcmple_guts+0x3c>
100029e6:	428b      	cmp	r3, r1
100029e8:	d100      	bne.n	100029ec <__aeabi_dfcmple_guts+0x3a>
100029ea:	4282      	cmp	r2, r0
100029ec:	bdff      	pop	{r0, r1, r2, r3, r4, r5, r6, r7, pc}
100029ee:	4299      	cmp	r1, r3
100029f0:	d1fc      	bne.n	100029ec <__aeabi_dfcmple_guts+0x3a>
100029f2:	4290      	cmp	r0, r2
100029f4:	bdff      	pop	{r0, r1, r2, r3, r4, r5, r6, r7, pc}
100029f6:	430b      	orrs	r3, r1
100029f8:	18db      	adds	r3, r3, r3
100029fa:	4303      	orrs	r3, r0
100029fc:	4313      	orrs	r3, r2
100029fe:	d0f5      	beq.n	100029ec <__aeabi_dfcmple_guts+0x3a>
10002a00:	43c9      	mvns	r1, r1
10002a02:	1849      	adds	r1, r1, r1
10002a04:	bdff      	pop	{r0, r1, r2, r3, r4, r5, r6, r7, pc}
10002a06:	0000      	.short	0x0000
10002a08:	000007ff 	.word	0x000007ff

10002a0c <__wrap___aeabi_dcmplt>:
10002a0c:	b500      	push	{lr}
10002a0e:	f7ff ffcf 	bl	100029b0 <__wrap___aeabi_cdcmpeq>
10002a12:	4180      	sbcs	r0, r0
10002a14:	bd00      	pop	{pc}
10002a16:	46c0      	nop			@ (mov r8, r8)

10002a18 <__wrap___aeabi_dcmple>:
10002a18:	b500      	push	{lr}
10002a1a:	f7ff ffc9 	bl	100029b0 <__wrap___aeabi_cdcmpeq>
10002a1e:	d901      	bls.n	10002a24 <__wrap___aeabi_dcmple+0xc>
10002a20:	2000      	movs	r0, #0
10002a22:	bd00      	pop	{pc}
10002a24:	2001      	movs	r0, #1
10002a26:	bd00      	pop	{pc}

10002a28 <__wrap___aeabi_dcmpge>:
10002a28:	b500      	push	{lr}
10002a2a:	f7ff ffb9 	bl	100029a0 <__wrap___aeabi_cdrcmple>
10002a2e:	d901      	bls.n	10002a34 <__wrap___aeabi_dcmpge+0xc>
10002a30:	2000      	movs	r0, #0
10002a32:	bd00      	pop	{pc}
10002a34:	2001      	movs	r0, #1
10002a36:	bd00      	pop	{pc}

10002a38 <__wrap___aeabi_dcmpgt>:
10002a38:	b500      	push	{lr}
10002a3a:	f7ff ffb1 	bl	100029a0 <__wrap___aeabi_cdrcmple>
10002a3e:	4180      	sbcs	r0, r0
10002a40:	bd00      	pop	{pc}

10002a42 <__wrap___aeabi_dcmpun>:
10002a42:	2001      	movs	r0, #1
10002a44:	0540      	lsls	r0, r0, #21
10002a46:	004a      	lsls	r2, r1, #1
10002a48:	1812      	adds	r2, r2, r0
10002a4a:	d804      	bhi.n	10002a56 <__wrap___aeabi_dcmpun+0x14>
10002a4c:	005a      	lsls	r2, r3, #1
10002a4e:	1812      	adds	r2, r2, r0
10002a50:	d801      	bhi.n	10002a56 <__wrap___aeabi_dcmpun+0x14>
10002a52:	2000      	movs	r0, #0
10002a54:	4770      	bx	lr
10002a56:	2001      	movs	r0, #1
10002a58:	4770      	bx	lr
	...

10002a5c <__wrap___aeabi_ui2d>:
10002a5c:	2100      	movs	r1, #0
10002a5e:	2800      	cmp	r0, #0
10002a60:	d105      	bne.n	10002a6e <__wrap___aeabi_i2d+0xa>
10002a62:	4770      	bx	lr

10002a64 <__wrap___aeabi_i2d>:
10002a64:	17c1      	asrs	r1, r0, #31
10002a66:	4048      	eors	r0, r1
10002a68:	1a40      	subs	r0, r0, r1
10002a6a:	d0fa      	beq.n	10002a62 <__wrap___aeabi_ui2d+0x6>
10002a6c:	07c9      	lsls	r1, r1, #31
10002a6e:	b513      	push	{r0, r1, r4, lr}
10002a70:	4b06      	ldr	r3, [pc, #24]	@ (10002a8c <__wrap___aeabi_i2d+0x28>)
10002a72:	681b      	ldr	r3, [r3, #0]
10002a74:	4798      	blx	r3
10002a76:	bc0c      	pop	{r2, r3}
10002a78:	1c44      	adds	r4, r0, #1
10002a7a:	40a2      	lsls	r2, r4
10002a7c:	0510      	lsls	r0, r2, #20
10002a7e:	0b12      	lsrs	r2, r2, #12
10002a80:	4903      	ldr	r1, [pc, #12]	@ (10002a90 <__wrap___aeabi_i2d+0x2c>)
10002a82:	1b09      	subs	r1, r1, r4
10002a84:	0509      	lsls	r1, r1, #20
10002a86:	4319      	orrs	r1, r3
10002a88:	4311      	orrs	r1, r2
10002a8a:	bd10      	pop	{r4, pc}
10002a8c:	20001c30 	.word	0x20001c30
10002a90:	0000041f 	.word	0x0000041f

10002a94 <__wrap___aeabi_d2iz>:
10002a94:	b510      	push	{r4, lr}
10002a96:	004c      	lsls	r4, r1, #1
10002a98:	0d62      	lsrs	r2, r4, #21
10002a9a:	2380      	movs	r3, #128	@ 0x80
10002a9c:	18d2      	adds	r2, r2, r3
10002a9e:	00db      	lsls	r3, r3, #3
10002aa0:	1ad2      	subs	r2, r2, r3
10002aa2:	055b      	lsls	r3, r3, #21
10002aa4:	2a7e      	cmp	r2, #126	@ 0x7e
10002aa6:	dd10      	ble.n	10002aca <__wrap___aeabi_d2iz+0x36>
10002aa8:	3a9e      	subs	r2, #158	@ 0x9e
10002aaa:	da13      	bge.n	10002ad4 <__wrap___aeabi_d2iz+0x40>
10002aac:	17cc      	asrs	r4, r1, #31
10002aae:	0309      	lsls	r1, r1, #12
10002ab0:	0849      	lsrs	r1, r1, #1
10002ab2:	4319      	orrs	r1, r3
10002ab4:	4252      	negs	r2, r2
10002ab6:	40d1      	lsrs	r1, r2
10002ab8:	0064      	lsls	r4, r4, #1
10002aba:	3401      	adds	r4, #1
10002abc:	3215      	adds	r2, #21
10002abe:	2a20      	cmp	r2, #32
10002ac0:	da05      	bge.n	10002ace <__wrap___aeabi_d2iz+0x3a>
10002ac2:	40d0      	lsrs	r0, r2
10002ac4:	4308      	orrs	r0, r1
10002ac6:	4360      	muls	r0, r4
10002ac8:	bd10      	pop	{r4, pc}
10002aca:	2000      	movs	r0, #0
10002acc:	bd10      	pop	{r4, pc}
10002ace:	4608      	mov	r0, r1
10002ad0:	4360      	muls	r0, r4
10002ad2:	bd10      	pop	{r4, pc}
10002ad4:	0fc8      	lsrs	r0, r1, #31
10002ad6:	18c0      	adds	r0, r0, r3
10002ad8:	3801      	subs	r0, #1
10002ada:	bd10      	pop	{r4, pc}

10002adc <__wrap___aeabi_d2uiz>:
10002adc:	b418      	push	{r3, r4}
10002ade:	4b04      	ldr	r3, [pc, #16]	@ (10002af0 <__wrap___aeabi_d2uiz+0x14>)
10002ae0:	6a5b      	ldr	r3, [r3, #36]	@ 0x24
10002ae2:	46fc      	mov	ip, pc
10002ae4:	9301      	str	r3, [sp, #4]
10002ae6:	bd08      	pop	{r3, pc}
10002ae8:	303ddf24 	.word	0x303ddf24
10002aec:	00001000 	.word	0x00001000
10002af0:	20001290 	.word	0x20001290

10002af4 <__aeabi_double_init>:
10002af4:	2313      	movs	r3, #19
10002af6:	b570      	push	{r4, r5, r6, lr}
10002af8:	781d      	ldrb	r5, [r3, #0]
10002afa:	2d01      	cmp	r5, #1
10002afc:	d019      	beq.n	10002b32 <__aeabi_double_init+0x3e>
10002afe:	dd14      	ble.n	10002b2a <__aeabi_double_init+0x36>
10002b00:	481f      	ldr	r0, [pc, #124]	@ (10002b80 <__aeabi_double_init+0x8c>)
10002b02:	f7ff fb31 	bl	10002168 <rom_data_lookup>
10002b06:	0006      	movs	r6, r0
10002b08:	481e      	ldr	r0, [pc, #120]	@ (10002b84 <__aeabi_double_init+0x90>)
10002b0a:	f7ff fb2d 	bl	10002168 <rom_data_lookup>
10002b0e:	4c1e      	ldr	r4, [pc, #120]	@ (10002b88 <__aeabi_double_init+0x94>)
10002b10:	2280      	movs	r2, #128	@ 0x80
10002b12:	0031      	movs	r1, r6
10002b14:	0020      	movs	r0, r4
10002b16:	f000 fc07 	bl	10003328 <__wrap___aeabi_memcpy>
10002b1a:	2d02      	cmp	r5, #2
10002b1c:	d02d      	beq.n	10002b7a <__aeabi_double_init+0x86>
10002b1e:	481b      	ldr	r0, [pc, #108]	@ (10002b8c <__aeabi_double_init+0x98>)
10002b20:	f7ff fb1a 	bl	10002158 <rom_func_lookup>
10002b24:	4b1a      	ldr	r3, [pc, #104]	@ (10002b90 <__aeabi_double_init+0x9c>)
10002b26:	6018      	str	r0, [r3, #0]
10002b28:	bd70      	pop	{r4, r5, r6, pc}
10002b2a:	4b1a      	ldr	r3, [pc, #104]	@ (10002b94 <__aeabi_double_init+0xa0>)
10002b2c:	4c16      	ldr	r4, [pc, #88]	@ (10002b88 <__aeabi_double_init+0x94>)
10002b2e:	64a3      	str	r3, [r4, #72]	@ 0x48
10002b30:	e7f5      	b.n	10002b1e <__aeabi_double_init+0x2a>
10002b32:	4b18      	ldr	r3, [pc, #96]	@ (10002b94 <__aeabi_double_init+0xa0>)
10002b34:	4c14      	ldr	r4, [pc, #80]	@ (10002b88 <__aeabi_double_init+0x94>)
10002b36:	6023      	str	r3, [r4, #0]
10002b38:	6063      	str	r3, [r4, #4]
10002b3a:	60a3      	str	r3, [r4, #8]
10002b3c:	60e3      	str	r3, [r4, #12]
10002b3e:	6123      	str	r3, [r4, #16]
10002b40:	6163      	str	r3, [r4, #20]
10002b42:	61a3      	str	r3, [r4, #24]
10002b44:	61e3      	str	r3, [r4, #28]
10002b46:	6223      	str	r3, [r4, #32]
10002b48:	6263      	str	r3, [r4, #36]	@ 0x24
10002b4a:	62a3      	str	r3, [r4, #40]	@ 0x28
10002b4c:	62e3      	str	r3, [r4, #44]	@ 0x2c
10002b4e:	6323      	str	r3, [r4, #48]	@ 0x30
10002b50:	6363      	str	r3, [r4, #52]	@ 0x34
10002b52:	63a3      	str	r3, [r4, #56]	@ 0x38
10002b54:	63e3      	str	r3, [r4, #60]	@ 0x3c
10002b56:	6423      	str	r3, [r4, #64]	@ 0x40
10002b58:	6463      	str	r3, [r4, #68]	@ 0x44
10002b5a:	64a3      	str	r3, [r4, #72]	@ 0x48
10002b5c:	64e3      	str	r3, [r4, #76]	@ 0x4c
10002b5e:	6523      	str	r3, [r4, #80]	@ 0x50
10002b60:	6563      	str	r3, [r4, #84]	@ 0x54
10002b62:	65a3      	str	r3, [r4, #88]	@ 0x58
10002b64:	65e3      	str	r3, [r4, #92]	@ 0x5c
10002b66:	6623      	str	r3, [r4, #96]	@ 0x60
10002b68:	6663      	str	r3, [r4, #100]	@ 0x64
10002b6a:	66a3      	str	r3, [r4, #104]	@ 0x68
10002b6c:	66e3      	str	r3, [r4, #108]	@ 0x6c
10002b6e:	6723      	str	r3, [r4, #112]	@ 0x70
10002b70:	6763      	str	r3, [r4, #116]	@ 0x74
10002b72:	67a3      	str	r3, [r4, #120]	@ 0x78
10002b74:	67e3      	str	r3, [r4, #124]	@ 0x7c
10002b76:	64a3      	str	r3, [r4, #72]	@ 0x48
10002b78:	e7d1      	b.n	10002b1e <__aeabi_double_init+0x2a>
10002b7a:	4b06      	ldr	r3, [pc, #24]	@ (10002b94 <__aeabi_double_init+0xa0>)
10002b7c:	64a3      	str	r3, [r4, #72]	@ 0x48
10002b7e:	e7ce      	b.n	10002b1e <__aeabi_double_init+0x2a>
10002b80:	00004453 	.word	0x00004453
10002b84:	00004653 	.word	0x00004653
10002b88:	20001290 	.word	0x20001290
10002b8c:	0000334c 	.word	0x0000334c
10002b90:	20001c30 	.word	0x20001c30
10002b94:	10002b99 	.word	0x10002b99

10002b98 <double_table_shim_on_use_helper>:
10002b98:	b507      	push	{r0, r1, r2, lr}
10002b9a:	4660      	mov	r0, ip
10002b9c:	8801      	ldrh	r1, [r0, #0]
10002b9e:	0a0a      	lsrs	r2, r1, #8
10002ba0:	3002      	adds	r0, #2
10002ba2:	2adf      	cmp	r2, #223	@ 0xdf
10002ba4:	d1fa      	bne.n	10002b9c <double_table_shim_on_use_helper+0x4>
10002ba6:	b2c9      	uxtb	r1, r1
10002ba8:	0882      	lsrs	r2, r0, #2
10002baa:	d304      	bcc.n	10002bb6 <double_table_shim_on_use_helper+0x1e>
10002bac:	8802      	ldrh	r2, [r0, #0]
10002bae:	8840      	ldrh	r0, [r0, #2]
10002bb0:	0400      	lsls	r0, r0, #16
10002bb2:	4310      	orrs	r0, r2
10002bb4:	e000      	b.n	10002bb8 <double_table_shim_on_use_helper+0x20>
10002bb6:	6800      	ldr	r0, [r0, #0]
10002bb8:	4a01      	ldr	r2, [pc, #4]	@ (10002bc0 <double_table_shim_on_use_helper+0x28>)
10002bba:	5050      	str	r0, [r2, r1]
10002bbc:	9003      	str	r0, [sp, #12]
10002bbe:	bd07      	pop	{r0, r1, r2, pc}
10002bc0:	20001290 	.word	0x20001290

10002bc4 <drsub_shim>:
10002bc4:	b40f      	push	{r0, r1, r2, r3}
10002bc6:	bc03      	pop	{r0, r1}
10002bc8:	bc0c      	pop	{r2, r3}

10002bca <dsub_shim>:
10002bca:	b5f0      	push	{r4, r5, r6, r7, lr}
10002bcc:	2401      	movs	r4, #1
10002bce:	07e4      	lsls	r4, r4, #31
10002bd0:	4063      	eors	r3, r4
10002bd2:	e000      	b.n	10002bd6 <da_entry>

10002bd4 <dadd_shim>:
10002bd4:	b5f0      	push	{r4, r5, r6, r7, lr}

10002bd6 <da_entry>:
10002bd6:	0d0c      	lsrs	r4, r1, #20
10002bd8:	0fcf      	lsrs	r7, r1, #31
10002bda:	1e66      	subs	r6, r4, #1
10002bdc:	0536      	lsls	r6, r6, #20
10002bde:	1b89      	subs	r1, r1, r6
10002be0:	0564      	lsls	r4, r4, #21
10002be2:	d303      	bcc.n	10002bec <l8_1>
10002be4:	43c9      	mvns	r1, r1
10002be6:	4240      	negs	r0, r0
10002be8:	d300      	bcc.n	10002bec <l8_1>
10002bea:	3101      	adds	r1, #1

10002bec <l8_1>:
10002bec:	0d64      	lsrs	r4, r4, #21
10002bee:	d003      	beq.n	10002bf8 <l8_2>
10002bf0:	1c66      	adds	r6, r4, #1
10002bf2:	0af6      	lsrs	r6, r6, #11
10002bf4:	d007      	beq.n	10002c06 <l8_3>
10002bf6:	1be4      	subs	r4, r4, r7

10002bf8 <l8_2>:
10002bf8:	2000      	movs	r0, #0
10002bfa:	007f      	lsls	r7, r7, #1
10002bfc:	1c79      	adds	r1, r7, #1
10002bfe:	0789      	lsls	r1, r1, #30
10002c00:	1289      	asrs	r1, r1, #10
10002c02:	3c80      	subs	r4, #128	@ 0x80
10002c04:	0324      	lsls	r4, r4, #12

10002c06 <l8_3>:
10002c06:	0d1d      	lsrs	r5, r3, #20
10002c08:	0fdf      	lsrs	r7, r3, #31
10002c0a:	1e6e      	subs	r6, r5, #1
10002c0c:	0536      	lsls	r6, r6, #20
10002c0e:	1b9b      	subs	r3, r3, r6
10002c10:	056d      	lsls	r5, r5, #21
10002c12:	d303      	bcc.n	10002c1c <l9_1>
10002c14:	43db      	mvns	r3, r3
10002c16:	4252      	negs	r2, r2
10002c18:	d300      	bcc.n	10002c1c <l9_1>
10002c1a:	3301      	adds	r3, #1

10002c1c <l9_1>:
10002c1c:	0d6d      	lsrs	r5, r5, #21
10002c1e:	d003      	beq.n	10002c28 <l9_2>
10002c20:	1c6e      	adds	r6, r5, #1
10002c22:	0af6      	lsrs	r6, r6, #11
10002c24:	d007      	beq.n	10002c36 <l9_3>
10002c26:	1bed      	subs	r5, r5, r7

10002c28 <l9_2>:
10002c28:	2200      	movs	r2, #0
10002c2a:	007f      	lsls	r7, r7, #1
10002c2c:	1c7b      	adds	r3, r7, #1
10002c2e:	079b      	lsls	r3, r3, #30
10002c30:	129b      	asrs	r3, r3, #10
10002c32:	3d80      	subs	r5, #128	@ 0x80
10002c34:	032d      	lsls	r5, r5, #12

10002c36 <l9_3>:
10002c36:	1b2f      	subs	r7, r5, r4
10002c38:	1b66      	subs	r6, r4, r5
10002c3a:	d458      	bmi.n	10002cee <da_ygtx>
10002c3c:	46a4      	mov	ip, r4
10002c3e:	2e20      	cmp	r6, #32
10002c40:	da46      	bge.n	10002cd0 <da_xrgty>
10002c42:	3720      	adds	r7, #32
10002c44:	0014      	movs	r4, r2
10002c46:	40bc      	lsls	r4, r7

10002c48 <da_xgty0>:
10002c48:	001d      	movs	r5, r3
10002c4a:	40bd      	lsls	r5, r7
10002c4c:	40f2      	lsrs	r2, r6
10002c4e:	4133      	asrs	r3, r6
10002c50:	432a      	orrs	r2, r5

10002c52 <da_add>:
10002c52:	1880      	adds	r0, r0, r2
10002c54:	4159      	adcs	r1, r3

10002c56 <da_pack>:
10002c56:	0fcb      	lsrs	r3, r1, #31
10002c58:	d005      	beq.n	10002c66 <da_pack+0x10>
10002c5a:	43c9      	mvns	r1, r1
10002c5c:	43c0      	mvns	r0, r0
10002c5e:	2200      	movs	r2, #0
10002c60:	4264      	negs	r4, r4
10002c62:	4150      	adcs	r0, r2
10002c64:	4151      	adcs	r1, r2
10002c66:	4662      	mov	r2, ip
10002c68:	0d4d      	lsrs	r5, r1, #21
10002c6a:	d128      	bne.n	10002cbe <da_0>
10002c6c:	0d0d      	lsrs	r5, r1, #20
10002c6e:	d107      	bne.n	10002c80 <da_1>
10002c70:	2800      	cmp	r0, #0
10002c72:	d01f      	beq.n	10002cb4 <da_5>

10002c74 <da_2>:
10002c74:	1924      	adds	r4, r4, r4
10002c76:	4140      	adcs	r0, r0
10002c78:	4149      	adcs	r1, r1
10002c7a:	3a01      	subs	r2, #1
10002c7c:	0d0d      	lsrs	r5, r1, #20
10002c7e:	d0f9      	beq.n	10002c74 <da_2>

10002c80 <da_1>:
10002c80:	0064      	lsls	r4, r4, #1
10002c82:	d306      	bcc.n	10002c92 <da_3>

10002c84 <da_4>:
10002c84:	3001      	adds	r0, #1
10002c86:	d300      	bcc.n	10002c8a <da_4+0x6>
10002c88:	3101      	adds	r1, #1
10002c8a:	2c00      	cmp	r4, #0
10002c8c:	d101      	bne.n	10002c92 <da_3>
10002c8e:	0840      	lsrs	r0, r0, #1
10002c90:	0040      	lsls	r0, r0, #1

10002c92 <da_3>:
10002c92:	3a01      	subs	r2, #1
10002c94:	d40b      	bmi.n	10002cae <da_6>
10002c96:	1c94      	adds	r4, r2, #2
10002c98:	0ae4      	lsrs	r4, r4, #11
10002c9a:	d104      	bne.n	10002ca6 <da_7>
10002c9c:	0512      	lsls	r2, r2, #20
10002c9e:	4411      	add	r1, r2
10002ca0:	07db      	lsls	r3, r3, #31
10002ca2:	4419      	add	r1, r3
10002ca4:	bdf0      	pop	{r4, r5, r6, r7, pc}

10002ca6 <da_7>:
10002ca6:	07d9      	lsls	r1, r3, #31
10002ca8:	4b20      	ldr	r3, [pc, #128]	@ (10002d2c <da_xmgty+0x4>)
10002caa:	4319      	orrs	r1, r3
10002cac:	e000      	b.n	10002cb0 <da_6+0x2>

10002cae <da_6>:
10002cae:	07d9      	lsls	r1, r3, #31
10002cb0:	2000      	movs	r0, #0
10002cb2:	bdf0      	pop	{r4, r5, r6, r7, pc}

10002cb4 <da_5>:
10002cb4:	2900      	cmp	r1, #0
10002cb6:	d1dd      	bne.n	10002c74 <da_2>
10002cb8:	2c00      	cmp	r4, #0
10002cba:	d1db      	bne.n	10002c74 <da_2>
10002cbc:	bdf0      	pop	{r4, r5, r6, r7, pc}

10002cbe <da_0>:
10002cbe:	3201      	adds	r2, #1
10002cc0:	07c6      	lsls	r6, r0, #31
10002cc2:	0840      	lsrs	r0, r0, #1
10002cc4:	07cd      	lsls	r5, r1, #31
10002cc6:	4328      	orrs	r0, r5
10002cc8:	0849      	lsrs	r1, r1, #1
10002cca:	2e00      	cmp	r6, #0
10002ccc:	d0e1      	beq.n	10002c92 <da_3>
10002cce:	e7d9      	b.n	10002c84 <da_4>

10002cd0 <da_xrgty>:
10002cd0:	2e3c      	cmp	r6, #60	@ 0x3c
10002cd2:	da29      	bge.n	10002d28 <da_xmgty>
10002cd4:	3e20      	subs	r6, #32
10002cd6:	3740      	adds	r7, #64	@ 0x40
10002cd8:	0014      	movs	r4, r2
10002cda:	40bc      	lsls	r4, r7
10002cdc:	d000      	beq.n	10002ce0 <da_xrgty+0x10>
10002cde:	2401      	movs	r4, #1
10002ce0:	40f2      	lsrs	r2, r6
10002ce2:	4314      	orrs	r4, r2
10002ce4:	001a      	movs	r2, r3
10002ce6:	40bb      	lsls	r3, r7
10002ce8:	431c      	orrs	r4, r3
10002cea:	17d3      	asrs	r3, r2, #31
10002cec:	e7ac      	b.n	10002c48 <da_xgty0>

10002cee <da_ygtx>:
10002cee:	46ac      	mov	ip, r5
10002cf0:	2f20      	cmp	r7, #32
10002cf2:	da08      	bge.n	10002d06 <da_yrgtx>
10002cf4:	3620      	adds	r6, #32
10002cf6:	0004      	movs	r4, r0
10002cf8:	40b4      	lsls	r4, r6

10002cfa <da_ygtx0>:
10002cfa:	000d      	movs	r5, r1
10002cfc:	40b5      	lsls	r5, r6
10002cfe:	40f8      	lsrs	r0, r7
10002d00:	4139      	asrs	r1, r7
10002d02:	4328      	orrs	r0, r5
10002d04:	e7a5      	b.n	10002c52 <da_add>

10002d06 <da_yrgtx>:
10002d06:	2f3c      	cmp	r7, #60	@ 0x3c
10002d08:	da0c      	bge.n	10002d24 <da_ymgtx>
10002d0a:	3f20      	subs	r7, #32
10002d0c:	3640      	adds	r6, #64	@ 0x40
10002d0e:	0004      	movs	r4, r0
10002d10:	40b4      	lsls	r4, r6
10002d12:	d000      	beq.n	10002d16 <da_yrgtx+0x10>
10002d14:	2401      	movs	r4, #1
10002d16:	40f8      	lsrs	r0, r7
10002d18:	4304      	orrs	r4, r0
10002d1a:	0008      	movs	r0, r1
10002d1c:	40b1      	lsls	r1, r6
10002d1e:	430c      	orrs	r4, r1
10002d20:	17c1      	asrs	r1, r0, #31
10002d22:	e7ea      	b.n	10002cfa <da_ygtx0>

10002d24 <da_ymgtx>:
10002d24:	0010      	movs	r0, r2
10002d26:	0019      	movs	r1, r3

10002d28 <da_xmgty>:
10002d28:	2400      	movs	r4, #0
10002d2a:	e794      	b.n	10002c56 <da_pack>
10002d2c:	7ff00000 	.word	0x7ff00000

10002d30 <dmul_shim>:
10002d30:	b5f0      	push	{r4, r5, r6, r7, lr}
10002d32:	0d0c      	lsrs	r4, r1, #20
10002d34:	1e66      	subs	r6, r4, #1
10002d36:	0536      	lsls	r6, r6, #20
10002d38:	1b89      	subs	r1, r1, r6
10002d3a:	0ae6      	lsrs	r6, r4, #11
10002d3c:	0564      	lsls	r4, r4, #21
10002d3e:	0d64      	lsrs	r4, r4, #21
10002d40:	d002      	beq.n	10002d48 <l12_1>
10002d42:	1c65      	adds	r5, r4, #1
10002d44:	0aed      	lsrs	r5, r5, #11
10002d46:	d004      	beq.n	10002d52 <l12_2>

10002d48 <l12_1>:
10002d48:	2000      	movs	r0, #0
10002d4a:	2101      	movs	r1, #1
10002d4c:	0509      	lsls	r1, r1, #20
10002d4e:	3c80      	subs	r4, #128	@ 0x80
10002d50:	0324      	lsls	r4, r4, #12

10002d52 <l12_2>:
10002d52:	46a4      	mov	ip, r4
10002d54:	0d1c      	lsrs	r4, r3, #20
10002d56:	1e67      	subs	r7, r4, #1
10002d58:	053f      	lsls	r7, r7, #20
10002d5a:	1bdb      	subs	r3, r3, r7
10002d5c:	0ae7      	lsrs	r7, r4, #11
10002d5e:	0564      	lsls	r4, r4, #21
10002d60:	0d64      	lsrs	r4, r4, #21
10002d62:	d002      	beq.n	10002d6a <l13_1>
10002d64:	1c65      	adds	r5, r4, #1
10002d66:	0aed      	lsrs	r5, r5, #11
10002d68:	d004      	beq.n	10002d74 <l13_2>

10002d6a <l13_1>:
10002d6a:	2200      	movs	r2, #0
10002d6c:	2301      	movs	r3, #1
10002d6e:	051b      	lsls	r3, r3, #20
10002d70:	3c80      	subs	r4, #128	@ 0x80
10002d72:	0324      	lsls	r4, r4, #12

10002d74 <l13_2>:
10002d74:	4077      	eors	r7, r6
10002d76:	4464      	add	r4, ip
10002d78:	b497      	push	{r0, r1, r2, r4, r7}
10002d7a:	b284      	uxth	r4, r0
10002d7c:	b296      	uxth	r6, r2
10002d7e:	4374      	muls	r4, r6
10002d80:	0c07      	lsrs	r7, r0, #16
10002d82:	437e      	muls	r6, r7
10002d84:	0c15      	lsrs	r5, r2, #16
10002d86:	436f      	muls	r7, r5
10002d88:	b280      	uxth	r0, r0
10002d8a:	4368      	muls	r0, r5
10002d8c:	1836      	adds	r6, r6, r0
10002d8e:	d302      	bcc.n	10002d96 <l14_1>
10002d90:	2001      	movs	r0, #1
10002d92:	0400      	lsls	r0, r0, #16
10002d94:	183f      	adds	r7, r7, r0

10002d96 <l14_1>:
10002d96:	0430      	lsls	r0, r6, #16
10002d98:	0c35      	lsrs	r5, r6, #16
10002d9a:	1900      	adds	r0, r0, r4
10002d9c:	417d      	adcs	r5, r7
10002d9e:	4684      	mov	ip, r0
10002da0:	b288      	uxth	r0, r1
10002da2:	b29a      	uxth	r2, r3
10002da4:	4350      	muls	r0, r2
10002da6:	0c0c      	lsrs	r4, r1, #16
10002da8:	4362      	muls	r2, r4
10002daa:	0c1f      	lsrs	r7, r3, #16
10002dac:	437c      	muls	r4, r7
10002dae:	b28e      	uxth	r6, r1
10002db0:	437e      	muls	r6, r7
10002db2:	1992      	adds	r2, r2, r6
10002db4:	d302      	bcc.n	10002dbc <l15_1>
10002db6:	2601      	movs	r6, #1
10002db8:	0436      	lsls	r6, r6, #16
10002dba:	19a4      	adds	r4, r4, r6

10002dbc <l15_1>:
10002dbc:	0416      	lsls	r6, r2, #16
10002dbe:	0c17      	lsrs	r7, r2, #16
10002dc0:	1836      	adds	r6, r6, r0
10002dc2:	4167      	adcs	r7, r4
10002dc4:	bc01      	pop	{r0}
10002dc6:	b281      	uxth	r1, r0
10002dc8:	b29a      	uxth	r2, r3
10002dca:	4351      	muls	r1, r2
10002dcc:	0c04      	lsrs	r4, r0, #16
10002dce:	4362      	muls	r2, r4
10002dd0:	0c1b      	lsrs	r3, r3, #16
10002dd2:	435c      	muls	r4, r3
10002dd4:	b280      	uxth	r0, r0
10002dd6:	4358      	muls	r0, r3
10002dd8:	1812      	adds	r2, r2, r0
10002dda:	d302      	bcc.n	10002de2 <l16_1>
10002ddc:	2001      	movs	r0, #1
10002dde:	0400      	lsls	r0, r0, #16
10002de0:	1824      	adds	r4, r4, r0

10002de2 <l16_1>:
10002de2:	0410      	lsls	r0, r2, #16
10002de4:	0c13      	lsrs	r3, r2, #16
10002de6:	1840      	adds	r0, r0, r1
10002de8:	4163      	adcs	r3, r4
10002dea:	182d      	adds	r5, r5, r0
10002dec:	415e      	adcs	r6, r3
10002dee:	2000      	movs	r0, #0
10002df0:	4147      	adcs	r7, r0
10002df2:	bc06      	pop	{r1, r2}
10002df4:	b288      	uxth	r0, r1
10002df6:	b293      	uxth	r3, r2
10002df8:	4358      	muls	r0, r3
10002dfa:	0c0c      	lsrs	r4, r1, #16
10002dfc:	4363      	muls	r3, r4
10002dfe:	0c12      	lsrs	r2, r2, #16
10002e00:	4354      	muls	r4, r2
10002e02:	b289      	uxth	r1, r1
10002e04:	4351      	muls	r1, r2
10002e06:	185b      	adds	r3, r3, r1
10002e08:	d302      	bcc.n	10002e10 <l17_1>
10002e0a:	2101      	movs	r1, #1
10002e0c:	0409      	lsls	r1, r1, #16
10002e0e:	1864      	adds	r4, r4, r1

10002e10 <l17_1>:
10002e10:	0419      	lsls	r1, r3, #16
10002e12:	0c1a      	lsrs	r2, r3, #16
10002e14:	1809      	adds	r1, r1, r0
10002e16:	4162      	adcs	r2, r4
10002e18:	186d      	adds	r5, r5, r1
10002e1a:	4156      	adcs	r6, r2
10002e1c:	2000      	movs	r0, #0
10002e1e:	4147      	adcs	r7, r0
10002e20:	bc18      	pop	{r3, r4}
10002e22:	02f9      	lsls	r1, r7, #11
10002e24:	0d72      	lsrs	r2, r6, #21
10002e26:	4311      	orrs	r1, r2
10002e28:	02f0      	lsls	r0, r6, #11
10002e2a:	0d6a      	lsrs	r2, r5, #21
10002e2c:	4310      	orrs	r0, r2
10002e2e:	02ed      	lsls	r5, r5, #11
10002e30:	0d0a      	lsrs	r2, r1, #20
10002e32:	d103      	bne.n	10002e3c <l17_1+0x2c>
10002e34:	196d      	adds	r5, r5, r5
10002e36:	4140      	adcs	r0, r0
10002e38:	4149      	adcs	r1, r1
10002e3a:	3b01      	subs	r3, #1
10002e3c:	4e12      	ldr	r6, [pc, #72]	@ (10002e88 <dm_1+0xa>)
10002e3e:	1b9b      	subs	r3, r3, r6
10002e40:	0076      	lsls	r6, r6, #1
10002e42:	42b3      	cmp	r3, r6
10002e44:	d20e      	bcs.n	10002e64 <dm_0>
10002e46:	006d      	lsls	r5, r5, #1
10002e48:	d307      	bcc.n	10002e5a <l17_1+0x4a>
10002e4a:	3001      	adds	r0, #1
10002e4c:	2600      	movs	r6, #0
10002e4e:	4171      	adcs	r1, r6
10002e50:	4666      	mov	r6, ip
10002e52:	4335      	orrs	r5, r6
10002e54:	d101      	bne.n	10002e5a <l17_1+0x4a>
10002e56:	0840      	lsrs	r0, r0, #1
10002e58:	0040      	lsls	r0, r0, #1
10002e5a:	051b      	lsls	r3, r3, #20
10002e5c:	18c9      	adds	r1, r1, r3

10002e5e <dm_2>:
10002e5e:	07e4      	lsls	r4, r4, #31
10002e60:	4421      	add	r1, r4
10002e62:	bdf0      	pop	{r4, r5, r6, r7, pc}

10002e64 <dm_0>:
10002e64:	da0b      	bge.n	10002e7e <dm_1>
10002e66:	3301      	adds	r3, #1
10002e68:	d106      	bne.n	10002e78 <dm_0+0x14>
10002e6a:	3001      	adds	r0, #1
10002e6c:	d104      	bne.n	10002e78 <dm_0+0x14>
10002e6e:	3101      	adds	r1, #1
10002e70:	0d4f      	lsrs	r7, r1, #21
10002e72:	d001      	beq.n	10002e78 <dm_0+0x14>
10002e74:	0849      	lsrs	r1, r1, #1
10002e76:	e7f2      	b.n	10002e5e <dm_2>
10002e78:	07e1      	lsls	r1, r4, #31
10002e7a:	2000      	movs	r0, #0
10002e7c:	bdf0      	pop	{r4, r5, r6, r7, pc}

10002e7e <dm_1>:
10002e7e:	3601      	adds	r6, #1
10002e80:	0531      	lsls	r1, r6, #20
10002e82:	2000      	movs	r0, #0
10002e84:	e7eb      	b.n	10002e5e <dm_2>
10002e86:	0000      	.short	0x0000
10002e88:	000003ff 	.word	0x000003ff

10002e8c <ddiv_shim>:
10002e8c:	b5f0      	push	{r4, r5, r6, r7, lr}

10002e8e <ddiv0>:
10002e8e:	0d1c      	lsrs	r4, r3, #20
10002e90:	1e67      	subs	r7, r4, #1
10002e92:	053f      	lsls	r7, r7, #20
10002e94:	1bdb      	subs	r3, r3, r7
10002e96:	0ae7      	lsrs	r7, r4, #11
10002e98:	0564      	lsls	r4, r4, #21
10002e9a:	0d64      	lsrs	r4, r4, #21
10002e9c:	d002      	beq.n	10002ea4 <l20_1>
10002e9e:	1c66      	adds	r6, r4, #1
10002ea0:	0af6      	lsrs	r6, r6, #11
10002ea2:	d004      	beq.n	10002eae <l20_2>

10002ea4 <l20_1>:
10002ea4:	2200      	movs	r2, #0
10002ea6:	2301      	movs	r3, #1
10002ea8:	051b      	lsls	r3, r3, #20
10002eaa:	3c80      	subs	r4, #128	@ 0x80
10002eac:	0324      	lsls	r4, r4, #12

10002eae <l20_2>:
10002eae:	25d0      	movs	r5, #208	@ 0xd0
10002eb0:	062d      	lsls	r5, r5, #24
10002eb2:	2600      	movs	r6, #0
10002eb4:	43f6      	mvns	r6, r6
10002eb6:	662e      	str	r6, [r5, #96]	@ 0x60
10002eb8:	091e      	lsrs	r6, r3, #4
10002eba:	666e      	str	r6, [r5, #100]	@ 0x64
10002ebc:	0fce      	lsrs	r6, r1, #31
10002ebe:	19f6      	adds	r6, r6, r7
10002ec0:	46b4      	mov	ip, r6
10002ec2:	0049      	lsls	r1, r1, #1
10002ec4:	0d4f      	lsrs	r7, r1, #21
10002ec6:	d002      	beq.n	10002ece <l20_2+0x20>
10002ec8:	1c7e      	adds	r6, r7, #1
10002eca:	0af6      	lsrs	r6, r6, #11
10002ecc:	d003      	beq.n	10002ed6 <l20_2+0x28>
10002ece:	2000      	movs	r0, #0
10002ed0:	2100      	movs	r1, #0
10002ed2:	3f40      	subs	r7, #64	@ 0x40
10002ed4:	033f      	lsls	r7, r7, #12
10002ed6:	1b3e      	subs	r6, r7, r4
10002ed8:	00b6      	lsls	r6, r6, #2
10002eda:	44b4      	add	ip, r6
10002edc:	3f01      	subs	r7, #1
10002ede:	057f      	lsls	r7, r7, #21
10002ee0:	1bc9      	subs	r1, r1, r7
10002ee2:	0849      	lsrs	r1, r1, #1
10002ee4:	6f2e      	ldr	r6, [r5, #112]	@ 0x70
10002ee6:	3601      	adds	r6, #1
10002ee8:	0876      	lsrs	r6, r6, #1
10002eea:	029c      	lsls	r4, r3, #10
10002eec:	0d95      	lsrs	r5, r2, #22
10002eee:	4325      	orrs	r5, r4
10002ef0:	4375      	muls	r5, r6
10002ef2:	13ed      	asrs	r5, r5, #15
10002ef4:	4375      	muls	r5, r6
10002ef6:	13ad      	asrs	r5, r5, #14
10002ef8:	3501      	adds	r5, #1
10002efa:	106d      	asrs	r5, r5, #1
10002efc:	03f6      	lsls	r6, r6, #15
10002efe:	1b76      	subs	r6, r6, r5
10002f00:	b40c      	push	{r2, r3}
10002f02:	02cc      	lsls	r4, r1, #11
10002f04:	0d45      	lsrs	r5, r0, #21
10002f06:	432c      	orrs	r4, r5
10002f08:	b2a2      	uxth	r2, r4
10002f0a:	b2b3      	uxth	r3, r6
10002f0c:	435a      	muls	r2, r3
10002f0e:	0c27      	lsrs	r7, r4, #16
10002f10:	437b      	muls	r3, r7
10002f12:	0c35      	lsrs	r5, r6, #16
10002f14:	436f      	muls	r7, r5
10002f16:	b2a4      	uxth	r4, r4
10002f18:	436c      	muls	r4, r5
10002f1a:	191b      	adds	r3, r3, r4
10002f1c:	d302      	bcc.n	10002f24 <l21_1>
10002f1e:	2401      	movs	r4, #1
10002f20:	0424      	lsls	r4, r4, #16
10002f22:	193f      	adds	r7, r7, r4

10002f24 <l21_1>:
10002f24:	041c      	lsls	r4, r3, #16
10002f26:	0c1d      	lsrs	r5, r3, #16
10002f28:	18a4      	adds	r4, r4, r2
10002f2a:	417d      	adcs	r5, r7
10002f2c:	1924      	adds	r4, r4, r4
10002f2e:	416d      	adcs	r5, r5
10002f30:	9a00      	ldr	r2, [sp, #0]
10002f32:	b291      	uxth	r1, r2
10002f34:	b2ac      	uxth	r4, r5
10002f36:	4361      	muls	r1, r4
10002f38:	0c17      	lsrs	r7, r2, #16
10002f3a:	437c      	muls	r4, r7
10002f3c:	0c2b      	lsrs	r3, r5, #16
10002f3e:	435f      	muls	r7, r3
10002f40:	b292      	uxth	r2, r2
10002f42:	435a      	muls	r2, r3
10002f44:	18a4      	adds	r4, r4, r2
10002f46:	d302      	bcc.n	10002f4e <l22_1>
10002f48:	2201      	movs	r2, #1
10002f4a:	0412      	lsls	r2, r2, #16
10002f4c:	18bf      	adds	r7, r7, r2

10002f4e <l22_1>:
10002f4e:	0422      	lsls	r2, r4, #16
10002f50:	0c23      	lsrs	r3, r4, #16
10002f52:	1852      	adds	r2, r2, r1
10002f54:	417b      	adcs	r3, r7
10002f56:	9c01      	ldr	r4, [sp, #4]
10002f58:	436c      	muls	r4, r5
10002f5a:	191b      	adds	r3, r3, r4
10002f5c:	0e52      	lsrs	r2, r2, #25
10002f5e:	01d9      	lsls	r1, r3, #7
10002f60:	430a      	orrs	r2, r1
10002f62:	0144      	lsls	r4, r0, #5
10002f64:	1aa0      	subs	r0, r4, r2
10002f66:	b281      	uxth	r1, r0
10002f68:	b2b2      	uxth	r2, r6
10002f6a:	4351      	muls	r1, r2
10002f6c:	1403      	asrs	r3, r0, #16
10002f6e:	435a      	muls	r2, r3
10002f70:	0c36      	lsrs	r6, r6, #16
10002f72:	4373      	muls	r3, r6
10002f74:	b287      	uxth	r7, r0
10002f76:	4377      	muls	r7, r6
10002f78:	17d6      	asrs	r6, r2, #31
10002f7a:	19d2      	adds	r2, r2, r7
10002f7c:	2700      	movs	r7, #0
10002f7e:	417e      	adcs	r6, r7
10002f80:	0436      	lsls	r6, r6, #16
10002f82:	199b      	adds	r3, r3, r6
10002f84:	0417      	lsls	r7, r2, #16
10002f86:	0c16      	lsrs	r6, r2, #16
10002f88:	187f      	adds	r7, r7, r1
10002f8a:	415e      	adcs	r6, r3
10002f8c:	1673      	asrs	r3, r6, #25
10002f8e:	18ed      	adds	r5, r5, r3
10002f90:	01f3      	lsls	r3, r6, #7
10002f92:	2600      	movs	r6, #0
10002f94:	3380      	adds	r3, #128	@ 0x80
10002f96:	4175      	adcs	r5, r6
10002f98:	0fa9      	lsrs	r1, r5, #30
10002f9a:	d106      	bne.n	10002faa <dd_0>
10002f9c:	0064      	lsls	r4, r4, #1
10002f9e:	0a69      	lsrs	r1, r5, #9
10002fa0:	05e8      	lsls	r0, r5, #23
10002fa2:	0a5b      	lsrs	r3, r3, #9
10002fa4:	4318      	orrs	r0, r3
10002fa6:	d209      	bcs.n	10002fbc <dd_1>
10002fa8:	e02f      	b.n	1000300a <dd_2>

10002faa <dd_0>:
10002faa:	2204      	movs	r2, #4
10002fac:	4494      	add	ip, r2
10002fae:	3380      	adds	r3, #128	@ 0x80
10002fb0:	4175      	adcs	r5, r6
10002fb2:	0aa9      	lsrs	r1, r5, #10
10002fb4:	05a8      	lsls	r0, r5, #22
10002fb6:	0a9b      	lsrs	r3, r3, #10
10002fb8:	4318      	orrs	r0, r3
10002fba:	d326      	bcc.n	1000300a <dd_2>

10002fbc <dd_1>:
10002fbc:	4140      	adcs	r0, r0
10002fbe:	4149      	adcs	r1, r1
10002fc0:	0424      	lsls	r4, r4, #16
10002fc2:	9a00      	ldr	r2, [sp, #0]
10002fc4:	9b01      	ldr	r3, [sp, #4]
10002fc6:	000d      	movs	r5, r1
10002fc8:	4355      	muls	r5, r2
10002fca:	1b64      	subs	r4, r4, r5
10002fcc:	4343      	muls	r3, r0
10002fce:	1ae4      	subs	r4, r4, r3
10002fd0:	b295      	uxth	r5, r2
10002fd2:	b286      	uxth	r6, r0
10002fd4:	4375      	muls	r5, r6
10002fd6:	0c17      	lsrs	r7, r2, #16
10002fd8:	437e      	muls	r6, r7
10002fda:	0c03      	lsrs	r3, r0, #16
10002fdc:	435f      	muls	r7, r3
10002fde:	b292      	uxth	r2, r2
10002fe0:	435a      	muls	r2, r3
10002fe2:	18b6      	adds	r6, r6, r2
10002fe4:	d302      	bcc.n	10002fec <l24_1>
10002fe6:	2201      	movs	r2, #1
10002fe8:	0412      	lsls	r2, r2, #16
10002fea:	18bf      	adds	r7, r7, r2

10002fec <l24_1>:
10002fec:	0432      	lsls	r2, r6, #16
10002fee:	0c33      	lsrs	r3, r6, #16
10002ff0:	1952      	adds	r2, r2, r5
10002ff2:	417b      	adcs	r3, r7
10002ff4:	4252      	negs	r2, r2
10002ff6:	419c      	sbcs	r4, r3
10002ff8:	2c00      	cmp	r4, #0
10002ffa:	d402      	bmi.n	10003002 <l24_1+0x16>
10002ffc:	2200      	movs	r2, #0
10002ffe:	3001      	adds	r0, #1
10003000:	4151      	adcs	r1, r2
10003002:	0840      	lsrs	r0, r0, #1
10003004:	07ca      	lsls	r2, r1, #31
10003006:	4310      	orrs	r0, r2
10003008:	0849      	lsrs	r1, r1, #1

1000300a <dd_2>:
1000300a:	b002      	add	sp, #8
1000300c:	4662      	mov	r2, ip
1000300e:	07d7      	lsls	r7, r2, #31
10003010:	1092      	asrs	r2, r2, #2
10003012:	4b08      	ldr	r3, [pc, #32]	@ (10003034 <dd_4+0x6>)
10003014:	18d2      	adds	r2, r2, r3
10003016:	4b08      	ldr	r3, [pc, #32]	@ (10003038 <dd_4+0xa>)
10003018:	429a      	cmp	r2, r3
1000301a:	d203      	bcs.n	10003024 <dd_3>
1000301c:	0512      	lsls	r2, r2, #20
1000301e:	1889      	adds	r1, r1, r2

10003020 <dd_5>:
10003020:	19c9      	adds	r1, r1, r7
10003022:	bdf0      	pop	{r4, r5, r6, r7, pc}

10003024 <dd_3>:
10003024:	2000      	movs	r0, #0
10003026:	2a00      	cmp	r2, #0
10003028:	dc01      	bgt.n	1000302e <dd_4>
1000302a:	0039      	movs	r1, r7
1000302c:	bdf0      	pop	{r4, r5, r6, r7, pc}

1000302e <dd_4>:
1000302e:	3301      	adds	r3, #1
10003030:	0519      	lsls	r1, r3, #20
10003032:	e7f5      	b.n	10003020 <dd_5>
10003034:	000003fd 	.word	0x000003fd
10003038:	000007fe 	.word	0x000007fe

1000303c <double2uint_shim>:
1000303c:	2200      	movs	r2, #0

1000303e <double2ufix_shim>:
1000303e:	b500      	push	{lr}
10003040:	3220      	adds	r2, #32
10003042:	f000 f804 	bl	1000304e <double2ufix64_shim>
10003046:	0008      	movs	r0, r1
10003048:	bd00      	pop	{pc}
	...

1000304c <double2uint64_shim>:
1000304c:	2200      	movs	r2, #0

1000304e <double2ufix64_shim>:
1000304e:	150b      	asrs	r3, r1, #20
10003050:	d40a      	bmi.n	10003068 <ret_dzero>

10003052 <d2fix>:
10003052:	b510      	push	{r4, lr}
10003054:	4694      	mov	ip, r2
10003056:	f000 f831 	bl	100030bc <dunpacks>
1000305a:	1414      	asrs	r4, r2, #16
1000305c:	3401      	adds	r4, #1
1000305e:	da00      	bge.n	10003062 <d2fix+0x10>
10003060:	2100      	movs	r1, #0
10003062:	17cb      	asrs	r3, r1, #31
10003064:	4c14      	ldr	r4, [pc, #80]	@ (100030b8 <d2fix_a+0x4a>)
10003066:	4720      	bx	r4

10003068 <ret_dzero>:
10003068:	2000      	movs	r0, #0
1000306a:	2100      	movs	r1, #0
1000306c:	4770      	bx	lr

1000306e <d2fix_a>:
1000306e:	4462      	add	r2, ip
10003070:	3a34      	subs	r2, #52	@ 0x34
10003072:	d40c      	bmi.n	1000308e <d2fix_a+0x20>
10003074:	2a0c      	cmp	r2, #12
10003076:	da07      	bge.n	10003088 <d2fix_a+0x1a>
10003078:	0004      	movs	r4, r0
1000307a:	4091      	lsls	r1, r2
1000307c:	4090      	lsls	r0, r2
1000307e:	4252      	negs	r2, r2
10003080:	3220      	adds	r2, #32
10003082:	40d4      	lsrs	r4, r2
10003084:	4321      	orrs	r1, r4
10003086:	bd10      	pop	{r4, pc}
10003088:	43d8      	mvns	r0, r3
1000308a:	43d9      	mvns	r1, r3
1000308c:	bd10      	pop	{r4, pc}
1000308e:	3220      	adds	r2, #32
10003090:	d407      	bmi.n	100030a2 <d2fix_a+0x34>
10003092:	460c      	mov	r4, r1
10003094:	4094      	lsls	r4, r2
10003096:	4252      	negs	r2, r2
10003098:	3220      	adds	r2, #32
1000309a:	4111      	asrs	r1, r2
1000309c:	40d0      	lsrs	r0, r2
1000309e:	4320      	orrs	r0, r4
100030a0:	bd10      	pop	{r4, pc}
100030a2:	0008      	movs	r0, r1
100030a4:	17c9      	asrs	r1, r1, #31
100030a6:	3220      	adds	r2, #32
100030a8:	d403      	bmi.n	100030b2 <d2fix_a+0x44>
100030aa:	4252      	negs	r2, r2
100030ac:	3220      	adds	r2, #32
100030ae:	4110      	asrs	r0, r2
100030b0:	bd10      	pop	{r4, pc}
100030b2:	0018      	movs	r0, r3
100030b4:	0019      	movs	r1, r3
100030b6:	bd10      	pop	{r4, pc}
100030b8:	1000306f 	.word	0x1000306f

100030bc <dunpacks>:
100030bc:	0d0a      	lsrs	r2, r1, #20
100030be:	0fcc      	lsrs	r4, r1, #31
100030c0:	1e53      	subs	r3, r2, #1
100030c2:	051b      	lsls	r3, r3, #20
100030c4:	1ac9      	subs	r1, r1, r3
100030c6:	0552      	lsls	r2, r2, #21
100030c8:	d303      	bcc.n	100030d2 <l60_1>
100030ca:	43c9      	mvns	r1, r1
100030cc:	4240      	negs	r0, r0
100030ce:	d300      	bcc.n	100030d2 <l60_1>
100030d0:	3101      	adds	r1, #1

100030d2 <l60_1>:
100030d2:	0d52      	lsrs	r2, r2, #21
100030d4:	d003      	beq.n	100030de <l60_2>
100030d6:	1c53      	adds	r3, r2, #1
100030d8:	0adb      	lsrs	r3, r3, #11
100030da:	d007      	beq.n	100030ec <l60_3>
100030dc:	1b12      	subs	r2, r2, r4

100030de <l60_2>:
100030de:	2000      	movs	r0, #0
100030e0:	0064      	lsls	r4, r4, #1
100030e2:	1c61      	adds	r1, r4, #1
100030e4:	0789      	lsls	r1, r1, #30
100030e6:	1289      	asrs	r1, r1, #10
100030e8:	3a80      	subs	r2, #128	@ 0x80
100030ea:	0312      	lsls	r2, r2, #12

100030ec <l60_3>:
100030ec:	4b01      	ldr	r3, [pc, #4]	@ (100030f4 <l60_3+0x8>)
100030ee:	1ad2      	subs	r2, r2, r3
100030f0:	4770      	bx	lr
100030f2:	0000      	.short	0x0000
100030f4:	000003ff 	.word	0x000003ff

100030f8 <__wrap___aeabi_lmul>:
100030f8:	4351      	muls	r1, r2
100030fa:	4343      	muls	r3, r0
100030fc:	18c9      	adds	r1, r1, r3
100030fe:	468c      	mov	ip, r1
10003100:	0c11      	lsrs	r1, r2, #16
10003102:	b283      	uxth	r3, r0
10003104:	434b      	muls	r3, r1
10003106:	b410      	push	{r4}
10003108:	0c04      	lsrs	r4, r0, #16
1000310a:	4361      	muls	r1, r4
1000310c:	b292      	uxth	r2, r2
1000310e:	b280      	uxth	r0, r0
10003110:	4350      	muls	r0, r2
10003112:	4362      	muls	r2, r4
10003114:	041c      	lsls	r4, r3, #16
10003116:	0c1b      	lsrs	r3, r3, #16
10003118:	1900      	adds	r0, r0, r4
1000311a:	bc10      	pop	{r4}
1000311c:	4159      	adcs	r1, r3
1000311e:	0413      	lsls	r3, r2, #16
10003120:	0c12      	lsrs	r2, r2, #16
10003122:	18c0      	adds	r0, r0, r3
10003124:	4151      	adcs	r1, r2
10003126:	4461      	add	r1, ip
10003128:	4770      	bx	lr
	...

1000312c <__wrap___aeabi_frsub>:
1000312c:	4048      	eors	r0, r1
1000312e:	4041      	eors	r1, r0
10003130:	4048      	eors	r0, r1

10003132 <__wrap___aeabi_fsub>:
10003132:	4b0e      	ldr	r3, [pc, #56]	@ (1000316c <__wrap___aeabi_fmul+0x6>)
10003134:	685b      	ldr	r3, [r3, #4]
10003136:	4718      	bx	r3

10003138 <__wrap___aeabi_fadd>:
10003138:	4b0c      	ldr	r3, [pc, #48]	@ (1000316c <__wrap___aeabi_fmul+0x6>)
1000313a:	681b      	ldr	r3, [r3, #0]
1000313c:	4718      	bx	r3

1000313e <__wrap___aeabi_fdiv>:
1000313e:	4a0c      	ldr	r2, [pc, #48]	@ (10003170 <__wrap___aeabi_fmul+0xa>)
10003140:	6f93      	ldr	r3, [r2, #120]	@ 0x78
10003142:	089b      	lsrs	r3, r3, #2
10003144:	d202      	bcs.n	1000314c <fdiv_save_state>

10003146 <fdiv_shim_call>:
10003146:	4b09      	ldr	r3, [pc, #36]	@ (1000316c <__wrap___aeabi_fmul+0x6>)
10003148:	68db      	ldr	r3, [r3, #12]
1000314a:	4718      	bx	r3

1000314c <fdiv_save_state>:
1000314c:	b5f0      	push	{r4, r5, r6, r7, lr}
1000314e:	6e14      	ldr	r4, [r2, #96]	@ 0x60
10003150:	6e55      	ldr	r5, [r2, #100]	@ 0x64
10003152:	6f57      	ldr	r7, [r2, #116]	@ 0x74
10003154:	6f16      	ldr	r6, [r2, #112]	@ 0x70
10003156:	f7ff fff6 	bl	10003146 <fdiv_shim_call>
1000315a:	4a05      	ldr	r2, [pc, #20]	@ (10003170 <__wrap___aeabi_fmul+0xa>)
1000315c:	6614      	str	r4, [r2, #96]	@ 0x60
1000315e:	6655      	str	r5, [r2, #100]	@ 0x64
10003160:	6757      	str	r7, [r2, #116]	@ 0x74
10003162:	6716      	str	r6, [r2, #112]	@ 0x70
10003164:	bdf0      	pop	{r4, r5, r6, r7, pc}

10003166 <__wrap___aeabi_fmul>:
10003166:	4b01      	ldr	r3, [pc, #4]	@ (1000316c <__wrap___aeabi_fmul+0x6>)
10003168:	689b      	ldr	r3, [r3, #8]
1000316a:	4718      	bx	r3
1000316c:	20001390 	.word	0x20001390
10003170:	d0000000 	.word	0xd0000000

10003174 <__wrap___aeabi_cfrcmple>:
10003174:	b507      	push	{r0, r1, r2, lr}
10003176:	4048      	eors	r0, r1
10003178:	4041      	eors	r1, r0
1000317a:	4048      	eors	r0, r1
1000317c:	e001      	b.n	10003182 <__aeabi_cfcmple_guts>
1000317e:	46c0      	nop			@ (mov r8, r8)

10003180 <__wrap___aeabi_cfcmpeq>:
10003180:	b507      	push	{r0, r1, r2, lr}

10003182 <__aeabi_cfcmple_guts>:
10003182:	0042      	lsls	r2, r0, #1
10003184:	0e12      	lsrs	r2, r2, #24
10003186:	d003      	beq.n	10003190 <__aeabi_cfcmple_guts+0xe>
10003188:	2aff      	cmp	r2, #255	@ 0xff
1000318a:	d103      	bne.n	10003194 <__aeabi_cfcmple_guts+0x12>
1000318c:	0242      	lsls	r2, r0, #9
1000318e:	d818      	bhi.n	100031c2 <__aeabi_cfcmple_guts+0x40>
10003190:	0dc0      	lsrs	r0, r0, #23
10003192:	05c0      	lsls	r0, r0, #23
10003194:	004a      	lsls	r2, r1, #1
10003196:	0e12      	lsrs	r2, r2, #24
10003198:	d003      	beq.n	100031a2 <__aeabi_cfcmple_guts+0x20>
1000319a:	2aff      	cmp	r2, #255	@ 0xff
1000319c:	d103      	bne.n	100031a6 <__aeabi_cfcmple_guts+0x24>
1000319e:	024a      	lsls	r2, r1, #9
100031a0:	d80f      	bhi.n	100031c2 <__aeabi_cfcmple_guts+0x40>
100031a2:	0dc9      	lsrs	r1, r1, #23
100031a4:	05c9      	lsls	r1, r1, #23
100031a6:	2201      	movs	r2, #1
100031a8:	4041      	eors	r1, r0
100031aa:	d405      	bmi.n	100031b8 <__aeabi_cfcmple_guts+0x36>
100031ac:	4041      	eors	r1, r0
100031ae:	d501      	bpl.n	100031b4 <__aeabi_cfcmple_guts+0x32>
100031b0:	4281      	cmp	r1, r0
100031b2:	bd07      	pop	{r0, r1, r2, pc}
100031b4:	4288      	cmp	r0, r1
100031b6:	bd07      	pop	{r0, r1, r2, pc}
100031b8:	4301      	orrs	r1, r0
100031ba:	1849      	adds	r1, r1, r1
100031bc:	d001      	beq.n	100031c2 <__aeabi_cfcmple_guts+0x40>
100031be:	43c0      	mvns	r0, r0
100031c0:	1800      	adds	r0, r0, r0
100031c2:	bd07      	pop	{r0, r1, r2, pc}

100031c4 <__wrap___aeabi_fcmplt>:
100031c4:	b500      	push	{lr}
100031c6:	f7ff ffdb 	bl	10003180 <__wrap___aeabi_cfcmpeq>
100031ca:	4180      	sbcs	r0, r0
100031cc:	bd00      	pop	{pc}
100031ce:	46c0      	nop			@ (mov r8, r8)

100031d0 <__wrap___aeabi_fcmple>:
100031d0:	b500      	push	{lr}
100031d2:	f7ff ffd5 	bl	10003180 <__wrap___aeabi_cfcmpeq>
100031d6:	d901      	bls.n	100031dc <__wrap___aeabi_fcmple+0xc>
100031d8:	2000      	movs	r0, #0
100031da:	bd00      	pop	{pc}
100031dc:	2001      	movs	r0, #1
100031de:	bd00      	pop	{pc}

100031e0 <__wrap___aeabi_fcmpge>:
100031e0:	b500      	push	{lr}
100031e2:	f7ff ffc7 	bl	10003174 <__wrap___aeabi_cfrcmple>
100031e6:	d901      	bls.n	100031ec <__wrap___aeabi_fcmpge+0xc>
100031e8:	2000      	movs	r0, #0
100031ea:	bd00      	pop	{pc}
100031ec:	2001      	movs	r0, #1
100031ee:	bd00      	pop	{pc}

100031f0 <__wrap___aeabi_i2f>:
100031f0:	0fc1      	lsrs	r1, r0, #31
100031f2:	07c9      	lsls	r1, r1, #31
100031f4:	d500      	bpl.n	100031f8 <__wrap___aeabi_i2f+0x8>
100031f6:	4240      	negs	r0, r0
100031f8:	2800      	cmp	r0, #0
100031fa:	d017      	beq.n	1000322c <__aeabi_i2f_main+0x30>

100031fc <__aeabi_i2f_main>:
100031fc:	46f4      	mov	ip, lr
100031fe:	b403      	push	{r0, r1}
10003200:	4b0b      	ldr	r3, [pc, #44]	@ (10003230 <__aeabi_i2f_main+0x34>)
10003202:	681b      	ldr	r3, [r3, #0]
10003204:	4798      	blx	r3
10003206:	bc06      	pop	{r1, r2}
10003208:	4081      	lsls	r1, r0
1000320a:	389e      	subs	r0, #158	@ 0x9e
1000320c:	4240      	negs	r0, r0
1000320e:	3180      	adds	r1, #128	@ 0x80
10003210:	d207      	bcs.n	10003222 <__aeabi_i2f_main+0x26>
10003212:	060b      	lsls	r3, r1, #24
10003214:	d007      	beq.n	10003226 <__aeabi_i2f_main+0x2a>
10003216:	0049      	lsls	r1, r1, #1
10003218:	0a49      	lsrs	r1, r1, #9
1000321a:	05c0      	lsls	r0, r0, #23
1000321c:	4310      	orrs	r0, r2
1000321e:	4308      	orrs	r0, r1
10003220:	4760      	bx	ip
10003222:	3001      	adds	r0, #1
10003224:	e7f8      	b.n	10003218 <__aeabi_i2f_main+0x1c>
10003226:	0a49      	lsrs	r1, r1, #9
10003228:	0289      	lsls	r1, r1, #10
1000322a:	e7f5      	b.n	10003218 <__aeabi_i2f_main+0x1c>
1000322c:	4770      	bx	lr
1000322e:	0000      	.short	0x0000
10003230:	20001c30 	.word	0x20001c30

10003234 <__wrap___aeabi_f2d>:
10003234:	4b03      	ldr	r3, [pc, #12]	@ (10003244 <__wrap___aeabi_f2d+0x10>)
10003236:	6fdb      	ldr	r3, [r3, #124]	@ 0x7c
10003238:	46fc      	mov	ip, pc
1000323a:	4718      	bx	r3
1000323c:	32dddf7c 	.word	0x32dddf7c
10003240:	00001000 	.word	0x00001000
10003244:	20001390 	.word	0x20001390

10003248 <__aeabi_float_init>:
10003248:	2313      	movs	r3, #19
1000324a:	b510      	push	{r4, lr}
1000324c:	781c      	ldrb	r4, [r3, #0]
1000324e:	4813      	ldr	r0, [pc, #76]	@ (1000329c <__aeabi_float_init+0x54>)
10003250:	f7fe ff8a 	bl	10002168 <rom_data_lookup>
10003254:	2c01      	cmp	r4, #1
10003256:	d00b      	beq.n	10003270 <__aeabi_float_init+0x28>
10003258:	dd04      	ble.n	10003264 <__aeabi_float_init+0x1c>
1000325a:	0001      	movs	r1, r0
1000325c:	2280      	movs	r2, #128	@ 0x80
1000325e:	4810      	ldr	r0, [pc, #64]	@ (100032a0 <__aeabi_float_init+0x58>)
10003260:	f000 f862 	bl	10003328 <__wrap___aeabi_memcpy>
10003264:	480f      	ldr	r0, [pc, #60]	@ (100032a4 <__aeabi_float_init+0x5c>)
10003266:	f7fe ff77 	bl	10002158 <rom_func_lookup>
1000326a:	4b0f      	ldr	r3, [pc, #60]	@ (100032a8 <__aeabi_float_init+0x60>)
1000326c:	6018      	str	r0, [r3, #0]
1000326e:	bd10      	pop	{r4, pc}
10003270:	4c0b      	ldr	r4, [pc, #44]	@ (100032a0 <__aeabi_float_init+0x58>)
10003272:	0001      	movs	r1, r0
10003274:	2254      	movs	r2, #84	@ 0x54
10003276:	0020      	movs	r0, r4
10003278:	f000 f856 	bl	10003328 <__wrap___aeabi_memcpy>
1000327c:	4b0b      	ldr	r3, [pc, #44]	@ (100032ac <__aeabi_float_init+0x64>)
1000327e:	6563      	str	r3, [r4, #84]	@ 0x54
10003280:	65a3      	str	r3, [r4, #88]	@ 0x58
10003282:	65e3      	str	r3, [r4, #92]	@ 0x5c
10003284:	6623      	str	r3, [r4, #96]	@ 0x60
10003286:	6663      	str	r3, [r4, #100]	@ 0x64
10003288:	66a3      	str	r3, [r4, #104]	@ 0x68
1000328a:	66e3      	str	r3, [r4, #108]	@ 0x6c
1000328c:	6723      	str	r3, [r4, #112]	@ 0x70
1000328e:	6763      	str	r3, [r4, #116]	@ 0x74
10003290:	67a3      	str	r3, [r4, #120]	@ 0x78
10003292:	67e3      	str	r3, [r4, #124]	@ 0x7c
10003294:	6223      	str	r3, [r4, #32]
10003296:	61e3      	str	r3, [r4, #28]
10003298:	e7e4      	b.n	10003264 <__aeabi_float_init+0x1c>
1000329a:	46c0      	nop			@ (mov r8, r8)
1000329c:	00004653 	.word	0x00004653
100032a0:	20001390 	.word	0x20001390
100032a4:	0000334c 	.word	0x0000334c
100032a8:	20001c30 	.word	0x20001c30
100032ac:	100032b1 	.word	0x100032b1

100032b0 <float_table_shim_on_use_helper>:
100032b0:	b507      	push	{r0, r1, r2, lr}
100032b2:	4660      	mov	r0, ip
100032b4:	8801      	ldrh	r1, [r0, #0]
100032b6:	0a0a      	lsrs	r2, r1, #8
100032b8:	3002      	adds	r0, #2
100032ba:	2adf      	cmp	r2, #223	@ 0xdf
100032bc:	d1fa      	bne.n	100032b4 <float_table_shim_on_use_helper+0x4>
100032be:	b2c9      	uxtb	r1, r1
100032c0:	0882      	lsrs	r2, r0, #2
100032c2:	d304      	bcc.n	100032ce <float_table_shim_on_use_helper+0x1e>
100032c4:	8802      	ldrh	r2, [r0, #0]
100032c6:	8840      	ldrh	r0, [r0, #2]
100032c8:	0400      	lsls	r0, r0, #16
100032ca:	4310      	orrs	r0, r2
100032cc:	e000      	b.n	100032d0 <float_table_shim_on_use_helper+0x20>
100032ce:	6800      	ldr	r0, [r0, #0]
100032d0:	4a01      	ldr	r2, [pc, #4]	@ (100032d8 <float_table_shim_on_use_helper+0x28>)
100032d2:	5050      	str	r0, [r2, r1]
100032d4:	9003      	str	r0, [sp, #12]
100032d6:	bd07      	pop	{r0, r1, r2, pc}
100032d8:	20001390 	.word	0x20001390

100032dc <float2double_shim>:
100032dc:	0fc3      	lsrs	r3, r0, #31
100032de:	07db      	lsls	r3, r3, #31
100032e0:	0041      	lsls	r1, r0, #1
100032e2:	0e0a      	lsrs	r2, r1, #24
100032e4:	d007      	beq.n	100032f6 <float2double_shim+0x1a>
100032e6:	2aff      	cmp	r2, #255	@ 0xff
100032e8:	d008      	beq.n	100032fc <float2double_shim+0x20>
100032ea:	0909      	lsrs	r1, r1, #4
100032ec:	4a05      	ldr	r2, [pc, #20]	@ (10003304 <float2double_shim+0x28>)
100032ee:	1889      	adds	r1, r1, r2
100032f0:	4319      	orrs	r1, r3
100032f2:	0740      	lsls	r0, r0, #29
100032f4:	4770      	bx	lr
100032f6:	0019      	movs	r1, r3
100032f8:	2000      	movs	r0, #0
100032fa:	4770      	bx	lr
100032fc:	4902      	ldr	r1, [pc, #8]	@ (10003308 <float2double_shim+0x2c>)
100032fe:	18c9      	adds	r1, r1, r3
10003300:	e7fa      	b.n	100032f8 <float2double_shim+0x1c>
10003302:	0000      	.short	0x0000
10003304:	38000000 	.word	0x38000000
10003308:	7ff00000 	.word	0x7ff00000

1000330c <__aeabi_mem_init>:
1000330c:	4801      	ldr	r0, [pc, #4]	@ (10003314 <__aeabi_mem_init+0x8>)
1000330e:	2104      	movs	r1, #4
10003310:	4b01      	ldr	r3, [pc, #4]	@ (10003318 <__aeabi_mem_init+0xc>)
10003312:	4718      	bx	r3
10003314:	20000fe0 	.word	0x20000fe0
10003318:	10002179 	.word	0x10002179

1000331c <__wrap_memset>:
1000331c:	4b01      	ldr	r3, [pc, #4]	@ (10003324 <__wrap_memset+0x8>)
1000331e:	681b      	ldr	r3, [r3, #0]
10003320:	4718      	bx	r3
10003322:	0000      	.short	0x0000
10003324:	20000fe0 	.word	0x20000fe0

10003328 <__wrap___aeabi_memcpy>:
10003328:	4b01      	ldr	r3, [pc, #4]	@ (10003330 <__wrap___aeabi_memcpy+0x8>)
1000332a:	685b      	ldr	r3, [r3, #4]
1000332c:	4718      	bx	r3
1000332e:	0000      	.short	0x0000
10003330:	20000fe0 	.word	0x20000fe0

10003334 <_out_buffer>:
10003334:	429a      	cmp	r2, r3
10003336:	d200      	bcs.n	1000333a <_out_buffer+0x6>
10003338:	5488      	strb	r0, [r1, r2]
1000333a:	4770      	bx	lr

1000333c <_out_null>:
1000333c:	4770      	bx	lr
1000333e:	46c0      	nop			@ (mov r8, r8)

10003340 <_out_rev>:
10003340:	b5f8      	push	{r3, r4, r5, r6, r7, lr}
10003342:	46de      	mov	lr, fp
10003344:	4657      	mov	r7, sl
10003346:	464e      	mov	r6, r9
10003348:	4645      	mov	r5, r8
1000334a:	b5e0      	push	{r5, r6, r7, lr}
1000334c:	4699      	mov	r9, r3
1000334e:	9b0d      	ldr	r3, [sp, #52]	@ 0x34
10003350:	0007      	movs	r7, r0
10003352:	4688      	mov	r8, r1
10003354:	4693      	mov	fp, r2
10003356:	079b      	lsls	r3, r3, #30
10003358:	d028      	beq.n	100033ac <_out_rev+0x6c>
1000335a:	9b0b      	ldr	r3, [sp, #44]	@ 0x2c
1000335c:	2b00      	cmp	r3, #0
1000335e:	d03c      	beq.n	100033da <_out_rev+0x9a>
10003360:	0016      	movs	r6, r2
10003362:	9c0b      	ldr	r4, [sp, #44]	@ 0x2c
10003364:	9d0a      	ldr	r5, [sp, #40]	@ 0x28
10003366:	1936      	adds	r6, r6, r4
10003368:	1b32      	subs	r2, r6, r4
1000336a:	3c01      	subs	r4, #1
1000336c:	464b      	mov	r3, r9
1000336e:	4641      	mov	r1, r8
10003370:	5d28      	ldrb	r0, [r5, r4]
10003372:	47b8      	blx	r7
10003374:	2c00      	cmp	r4, #0
10003376:	d1f7      	bne.n	10003368 <_out_rev+0x28>
10003378:	0035      	movs	r5, r6
1000337a:	9b0d      	ldr	r3, [sp, #52]	@ 0x34
1000337c:	079b      	lsls	r3, r3, #30
1000337e:	d50e      	bpl.n	1000339e <_out_rev+0x5e>
10003380:	465b      	mov	r3, fp
10003382:	1aec      	subs	r4, r5, r3
10003384:	9b0c      	ldr	r3, [sp, #48]	@ 0x30
10003386:	42a3      	cmp	r3, r4
10003388:	d909      	bls.n	1000339e <_out_rev+0x5e>
1000338a:	001e      	movs	r6, r3
1000338c:	002a      	movs	r2, r5
1000338e:	464b      	mov	r3, r9
10003390:	4641      	mov	r1, r8
10003392:	2020      	movs	r0, #32
10003394:	3401      	adds	r4, #1
10003396:	47b8      	blx	r7
10003398:	3501      	adds	r5, #1
1000339a:	42b4      	cmp	r4, r6
1000339c:	d3f6      	bcc.n	1000338c <_out_rev+0x4c>
1000339e:	0028      	movs	r0, r5
100033a0:	bcf0      	pop	{r4, r5, r6, r7}
100033a2:	46bb      	mov	fp, r7
100033a4:	46b2      	mov	sl, r6
100033a6:	46a9      	mov	r9, r5
100033a8:	46a0      	mov	r8, r4
100033aa:	bdf8      	pop	{r3, r4, r5, r6, r7, pc}
100033ac:	9b0b      	ldr	r3, [sp, #44]	@ 0x2c
100033ae:	9a0c      	ldr	r2, [sp, #48]	@ 0x30
100033b0:	4293      	cmp	r3, r2
100033b2:	d214      	bcs.n	100033de <_out_rev+0x9e>
100033b4:	0013      	movs	r3, r2
100033b6:	465d      	mov	r5, fp
100033b8:	000c      	movs	r4, r1
100033ba:	9a0b      	ldr	r2, [sp, #44]	@ 0x2c
100033bc:	1a9e      	subs	r6, r3, r2
100033be:	1976      	adds	r6, r6, r5
100033c0:	002a      	movs	r2, r5
100033c2:	464b      	mov	r3, r9
100033c4:	3501      	adds	r5, #1
100033c6:	0021      	movs	r1, r4
100033c8:	2020      	movs	r0, #32
100033ca:	47b8      	blx	r7
100033cc:	42b5      	cmp	r5, r6
100033ce:	d1f7      	bne.n	100033c0 <_out_rev+0x80>
100033d0:	9b0b      	ldr	r3, [sp, #44]	@ 0x2c
100033d2:	46a0      	mov	r8, r4
100033d4:	2b00      	cmp	r3, #0
100033d6:	d1c4      	bne.n	10003362 <_out_rev+0x22>
100033d8:	e7e1      	b.n	1000339e <_out_rev+0x5e>
100033da:	0015      	movs	r5, r2
100033dc:	e7cd      	b.n	1000337a <_out_rev+0x3a>
100033de:	465e      	mov	r6, fp
100033e0:	2b00      	cmp	r3, #0
100033e2:	d1be      	bne.n	10003362 <_out_rev+0x22>
100033e4:	465d      	mov	r5, fp
100033e6:	e7da      	b.n	1000339e <_out_rev+0x5e>

100033e8 <_ntoa_format>:
100033e8:	b5f0      	push	{r4, r5, r6, r7, lr}
100033ea:	464f      	mov	r7, r9
100033ec:	46d6      	mov	lr, sl
100033ee:	4646      	mov	r6, r8
100033f0:	b5c0      	push	{r6, r7, lr}
100033f2:	b084      	sub	sp, #16
100033f4:	469c      	mov	ip, r3
100033f6:	ab0e      	add	r3, sp, #56	@ 0x38
100033f8:	781f      	ldrb	r7, [r3, #0]
100033fa:	9b12      	ldr	r3, [sp, #72]	@ 0x48
100033fc:	4691      	mov	r9, r2
100033fe:	46ba      	mov	sl, r7
10003400:	9c0d      	ldr	r4, [sp, #52]	@ 0x34
10003402:	9e10      	ldr	r6, [sp, #64]	@ 0x40
10003404:	9d11      	ldr	r5, [sp, #68]	@ 0x44
10003406:	079b      	lsls	r3, r3, #30
10003408:	d44c      	bmi.n	100034a4 <_ntoa_format+0xbc>
1000340a:	2d00      	cmp	r5, #0
1000340c:	d141      	bne.n	10003492 <_ntoa_format+0xaa>
1000340e:	42b4      	cmp	r4, r6
10003410:	d248      	bcs.n	100034a4 <_ntoa_format+0xbc>
10003412:	2301      	movs	r3, #1
10003414:	9f12      	ldr	r7, [sp, #72]	@ 0x48
10003416:	401f      	ands	r7, r3
10003418:	46b8      	mov	r8, r7
1000341a:	9b0c      	ldr	r3, [sp, #48]	@ 0x30
1000341c:	1e5f      	subs	r7, r3, #1
1000341e:	2330      	movs	r3, #48	@ 0x30
10003420:	e003      	b.n	1000342a <_ntoa_format+0x42>
10003422:	3401      	adds	r4, #1
10003424:	553b      	strb	r3, [r7, r4]
10003426:	42a6      	cmp	r6, r4
10003428:	d901      	bls.n	1000342e <_ntoa_format+0x46>
1000342a:	2c20      	cmp	r4, #32
1000342c:	d1f9      	bne.n	10003422 <_ntoa_format+0x3a>
1000342e:	4643      	mov	r3, r8
10003430:	2b00      	cmp	r3, #0
10003432:	d100      	bne.n	10003436 <_ntoa_format+0x4e>
10003434:	e087      	b.n	10003546 <_ntoa_format+0x15e>
10003436:	9b0c      	ldr	r3, [sp, #48]	@ 0x30
10003438:	1e5f      	subs	r7, r3, #1
1000343a:	2330      	movs	r3, #48	@ 0x30
1000343c:	42a5      	cmp	r5, r4
1000343e:	d804      	bhi.n	1000344a <_ntoa_format+0x62>
10003440:	e030      	b.n	100034a4 <_ntoa_format+0xbc>
10003442:	3401      	adds	r4, #1
10003444:	553b      	strb	r3, [r7, r4]
10003446:	42ac      	cmp	r4, r5
10003448:	d02c      	beq.n	100034a4 <_ntoa_format+0xbc>
1000344a:	2c20      	cmp	r4, #32
1000344c:	d1f9      	bne.n	10003442 <_ntoa_format+0x5a>
1000344e:	9b12      	ldr	r3, [sp, #72]	@ 0x48
10003450:	06db      	lsls	r3, r3, #27
10003452:	d50d      	bpl.n	10003470 <_ntoa_format+0x88>
10003454:	9b12      	ldr	r3, [sp, #72]	@ 0x48
10003456:	055b      	lsls	r3, r3, #21
10003458:	d457      	bmi.n	1000350a <_ntoa_format+0x122>
1000345a:	42a6      	cmp	r6, r4
1000345c:	d067      	beq.n	1000352e <_ntoa_format+0x146>
1000345e:	42a5      	cmp	r5, r4
10003460:	d065      	beq.n	1000352e <_ntoa_format+0x146>
10003462:	9b0f      	ldr	r3, [sp, #60]	@ 0x3c
10003464:	2b10      	cmp	r3, #16
10003466:	d053      	beq.n	10003510 <_ntoa_format+0x128>
10003468:	2b02      	cmp	r3, #2
1000346a:	d05b      	beq.n	10003524 <_ntoa_format+0x13c>
1000346c:	2c20      	cmp	r4, #32
1000346e:	d136      	bne.n	100034de <_ntoa_format+0xf6>
10003470:	2320      	movs	r3, #32
10003472:	9c12      	ldr	r4, [sp, #72]	@ 0x48
10003474:	9301      	str	r3, [sp, #4]
10003476:	9b0c      	ldr	r3, [sp, #48]	@ 0x30
10003478:	464a      	mov	r2, r9
1000347a:	9300      	str	r3, [sp, #0]
1000347c:	9403      	str	r4, [sp, #12]
1000347e:	4663      	mov	r3, ip
10003480:	9502      	str	r5, [sp, #8]
10003482:	f7ff ff5d 	bl	10003340 <_out_rev>
10003486:	b004      	add	sp, #16
10003488:	bce0      	pop	{r5, r6, r7}
1000348a:	46ba      	mov	sl, r7
1000348c:	46b1      	mov	r9, r6
1000348e:	46a8      	mov	r8, r5
10003490:	bdf0      	pop	{r4, r5, r6, r7, pc}
10003492:	2301      	movs	r3, #1
10003494:	9a12      	ldr	r2, [sp, #72]	@ 0x48
10003496:	4013      	ands	r3, r2
10003498:	4698      	mov	r8, r3
1000349a:	2301      	movs	r3, #1
1000349c:	4213      	tst	r3, r2
1000349e:	d12d      	bne.n	100034fc <_ntoa_format+0x114>
100034a0:	42b4      	cmp	r4, r6
100034a2:	d3ba      	bcc.n	1000341a <_ntoa_format+0x32>
100034a4:	9b12      	ldr	r3, [sp, #72]	@ 0x48
100034a6:	06db      	lsls	r3, r3, #27
100034a8:	d51e      	bpl.n	100034e8 <_ntoa_format+0x100>
100034aa:	9b12      	ldr	r3, [sp, #72]	@ 0x48
100034ac:	055b      	lsls	r3, r3, #21
100034ae:	d4d8      	bmi.n	10003462 <_ntoa_format+0x7a>
100034b0:	2c00      	cmp	r4, #0
100034b2:	d1d2      	bne.n	1000345a <_ntoa_format+0x72>
100034b4:	9b0f      	ldr	r3, [sp, #60]	@ 0x3c
100034b6:	2b10      	cmp	r3, #16
100034b8:	d060      	beq.n	1000357c <_ntoa_format+0x194>
100034ba:	9b0f      	ldr	r3, [sp, #60]	@ 0x3c
100034bc:	2b02      	cmp	r3, #2
100034be:	d071      	beq.n	100035a4 <_ntoa_format+0x1bc>
100034c0:	2330      	movs	r3, #48	@ 0x30
100034c2:	2401      	movs	r4, #1
100034c4:	9a0c      	ldr	r2, [sp, #48]	@ 0x30
100034c6:	7013      	strb	r3, [r2, #0]
100034c8:	4653      	mov	r3, sl
100034ca:	2b00      	cmp	r3, #0
100034cc:	d111      	bne.n	100034f2 <_ntoa_format+0x10a>
100034ce:	9b12      	ldr	r3, [sp, #72]	@ 0x48
100034d0:	075b      	lsls	r3, r3, #29
100034d2:	d540      	bpl.n	10003556 <_ntoa_format+0x16e>
100034d4:	262b      	movs	r6, #43	@ 0x2b
100034d6:	9a0c      	ldr	r2, [sp, #48]	@ 0x30
100034d8:	1c63      	adds	r3, r4, #1
100034da:	5516      	strb	r6, [r2, r4]
100034dc:	e7c9      	b.n	10003472 <_ntoa_format+0x8a>
100034de:	0023      	movs	r3, r4
100034e0:	3401      	adds	r4, #1
100034e2:	2630      	movs	r6, #48	@ 0x30
100034e4:	9a0c      	ldr	r2, [sp, #48]	@ 0x30
100034e6:	54d6      	strb	r6, [r2, r3]
100034e8:	2c20      	cmp	r4, #32
100034ea:	d0c1      	beq.n	10003470 <_ntoa_format+0x88>
100034ec:	4653      	mov	r3, sl
100034ee:	2b00      	cmp	r3, #0
100034f0:	d0ed      	beq.n	100034ce <_ntoa_format+0xe6>
100034f2:	262d      	movs	r6, #45	@ 0x2d
100034f4:	9a0c      	ldr	r2, [sp, #48]	@ 0x30
100034f6:	1c63      	adds	r3, r4, #1
100034f8:	5516      	strb	r6, [r2, r4]
100034fa:	e7ba      	b.n	10003472 <_ntoa_format+0x8a>
100034fc:	2f00      	cmp	r7, #0
100034fe:	d034      	beq.n	1000356a <_ntoa_format+0x182>
10003500:	3d01      	subs	r5, #1
10003502:	42b4      	cmp	r4, r6
10003504:	d200      	bcs.n	10003508 <_ntoa_format+0x120>
10003506:	e788      	b.n	1000341a <_ntoa_format+0x32>
10003508:	e795      	b.n	10003436 <_ntoa_format+0x4e>
1000350a:	9b0f      	ldr	r3, [sp, #60]	@ 0x3c
1000350c:	2b10      	cmp	r3, #16
1000350e:	d1af      	bne.n	10003470 <_ntoa_format+0x88>
10003510:	9b12      	ldr	r3, [sp, #72]	@ 0x48
10003512:	069b      	lsls	r3, r3, #26
10003514:	d53c      	bpl.n	10003590 <_ntoa_format+0x1a8>
10003516:	2c20      	cmp	r4, #32
10003518:	d0aa      	beq.n	10003470 <_ntoa_format+0x88>
1000351a:	2358      	movs	r3, #88	@ 0x58
1000351c:	9a0c      	ldr	r2, [sp, #48]	@ 0x30
1000351e:	5513      	strb	r3, [r2, r4]
10003520:	3401      	adds	r4, #1
10003522:	e7a3      	b.n	1000346c <_ntoa_format+0x84>
10003524:	2c20      	cmp	r4, #32
10003526:	d0a3      	beq.n	10003470 <_ntoa_format+0x88>
10003528:	0023      	movs	r3, r4
1000352a:	3401      	adds	r4, #1
1000352c:	e007      	b.n	1000353e <_ntoa_format+0x156>
1000352e:	1e63      	subs	r3, r4, #1
10003530:	2c01      	cmp	r4, #1
10003532:	d0bf      	beq.n	100034b4 <_ntoa_format+0xcc>
10003534:	9a0f      	ldr	r2, [sp, #60]	@ 0x3c
10003536:	2a10      	cmp	r2, #16
10003538:	d036      	beq.n	100035a8 <_ntoa_format+0x1c0>
1000353a:	2a02      	cmp	r2, #2
1000353c:	d1d1      	bne.n	100034e2 <_ntoa_format+0xfa>
1000353e:	2662      	movs	r6, #98	@ 0x62
10003540:	9a0c      	ldr	r2, [sp, #48]	@ 0x30
10003542:	54d6      	strb	r6, [r2, r3]
10003544:	e792      	b.n	1000346c <_ntoa_format+0x84>
10003546:	9b12      	ldr	r3, [sp, #72]	@ 0x48
10003548:	06db      	lsls	r3, r3, #27
1000354a:	d5cd      	bpl.n	100034e8 <_ntoa_format+0x100>
1000354c:	9b12      	ldr	r3, [sp, #72]	@ 0x48
1000354e:	055b      	lsls	r3, r3, #21
10003550:	d400      	bmi.n	10003554 <_ntoa_format+0x16c>
10003552:	e782      	b.n	1000345a <_ntoa_format+0x72>
10003554:	e785      	b.n	10003462 <_ntoa_format+0x7a>
10003556:	9a12      	ldr	r2, [sp, #72]	@ 0x48
10003558:	0023      	movs	r3, r4
1000355a:	0716      	lsls	r6, r2, #28
1000355c:	d400      	bmi.n	10003560 <_ntoa_format+0x178>
1000355e:	e788      	b.n	10003472 <_ntoa_format+0x8a>
10003560:	2620      	movs	r6, #32
10003562:	9a0c      	ldr	r2, [sp, #48]	@ 0x30
10003564:	3301      	adds	r3, #1
10003566:	5516      	strb	r6, [r2, r4]
10003568:	e783      	b.n	10003472 <_ntoa_format+0x8a>
1000356a:	230c      	movs	r3, #12
1000356c:	4013      	ands	r3, r2
1000356e:	1e5f      	subs	r7, r3, #1
10003570:	41bb      	sbcs	r3, r7
10003572:	1aed      	subs	r5, r5, r3
10003574:	42b4      	cmp	r4, r6
10003576:	d200      	bcs.n	1000357a <_ntoa_format+0x192>
10003578:	e74f      	b.n	1000341a <_ntoa_format+0x32>
1000357a:	e75c      	b.n	10003436 <_ntoa_format+0x4e>
1000357c:	9b12      	ldr	r3, [sp, #72]	@ 0x48
1000357e:	069b      	lsls	r3, r3, #26
10003580:	d40e      	bmi.n	100035a0 <_ntoa_format+0x1b8>
10003582:	2378      	movs	r3, #120	@ 0x78
10003584:	9a0c      	ldr	r2, [sp, #48]	@ 0x30
10003586:	2402      	movs	r4, #2
10003588:	7013      	strb	r3, [r2, #0]
1000358a:	2330      	movs	r3, #48	@ 0x30
1000358c:	7053      	strb	r3, [r2, #1]
1000358e:	e79b      	b.n	100034c8 <_ntoa_format+0xe0>
10003590:	2c20      	cmp	r4, #32
10003592:	d100      	bne.n	10003596 <_ntoa_format+0x1ae>
10003594:	e76c      	b.n	10003470 <_ntoa_format+0x88>
10003596:	2378      	movs	r3, #120	@ 0x78
10003598:	9a0c      	ldr	r2, [sp, #48]	@ 0x30
1000359a:	5513      	strb	r3, [r2, r4]
1000359c:	3401      	adds	r4, #1
1000359e:	e765      	b.n	1000346c <_ntoa_format+0x84>
100035a0:	2358      	movs	r3, #88	@ 0x58
100035a2:	e7ef      	b.n	10003584 <_ntoa_format+0x19c>
100035a4:	3360      	adds	r3, #96	@ 0x60
100035a6:	e7ed      	b.n	10003584 <_ntoa_format+0x19c>
100035a8:	9a0c      	ldr	r2, [sp, #48]	@ 0x30
100035aa:	1ea6      	subs	r6, r4, #2
100035ac:	18b6      	adds	r6, r6, r2
100035ae:	9a12      	ldr	r2, [sp, #72]	@ 0x48
100035b0:	0692      	lsls	r2, r2, #26
100035b2:	d502      	bpl.n	100035ba <_ntoa_format+0x1d2>
100035b4:	2258      	movs	r2, #88	@ 0x58
100035b6:	7032      	strb	r2, [r6, #0]
100035b8:	e793      	b.n	100034e2 <_ntoa_format+0xfa>
100035ba:	2278      	movs	r2, #120	@ 0x78
100035bc:	7032      	strb	r2, [r6, #0]
100035be:	e790      	b.n	100034e2 <_ntoa_format+0xfa>

100035c0 <_out_char>:
100035c0:	b510      	push	{r4, lr}
100035c2:	2800      	cmp	r0, #0
100035c4:	d100      	bne.n	100035c8 <_out_char+0x8>
100035c6:	bd10      	pop	{r4, pc}
100035c8:	f001 fbbc 	bl	10004d44 <__wrap_putchar>
100035cc:	e7fb      	b.n	100035c6 <_out_char+0x6>
100035ce:	46c0      	nop			@ (mov r8, r8)

100035d0 <_out_fct>:
100035d0:	b510      	push	{r4, lr}
100035d2:	2800      	cmp	r0, #0
100035d4:	d003      	beq.n	100035de <_out_fct+0xe>
100035d6:	684a      	ldr	r2, [r1, #4]
100035d8:	680b      	ldr	r3, [r1, #0]
100035da:	0011      	movs	r1, r2
100035dc:	4798      	blx	r3
100035de:	bd10      	pop	{r4, pc}

100035e0 <_ftoa>:
100035e0:	b5f0      	push	{r4, r5, r6, r7, lr}
100035e2:	464e      	mov	r6, r9
100035e4:	46de      	mov	lr, fp
100035e6:	4657      	mov	r7, sl
100035e8:	4645      	mov	r5, r8
100035ea:	b5e0      	push	{r5, r6, r7, lr}
100035ec:	b095      	sub	sp, #84	@ 0x54
100035ee:	4683      	mov	fp, r0
100035f0:	4689      	mov	r9, r1
100035f2:	4692      	mov	sl, r2
100035f4:	4698      	mov	r8, r3
100035f6:	9a1e      	ldr	r2, [sp, #120]	@ 0x78
100035f8:	9b1f      	ldr	r3, [sp, #124]	@ 0x7c
100035fa:	0010      	movs	r0, r2
100035fc:	0019      	movs	r1, r3
100035fe:	9e20      	ldr	r6, [sp, #128]	@ 0x80
10003600:	f7ff fa1f 	bl	10002a42 <__wrap___aeabi_dcmpun>
10003604:	2800      	cmp	r0, #0
10003606:	d000      	beq.n	1000360a <_ftoa+0x2a>
10003608:	e1d2      	b.n	100039b0 <_ftoa+0x3d0>
1000360a:	981e      	ldr	r0, [sp, #120]	@ 0x78
1000360c:	991f      	ldr	r1, [sp, #124]	@ 0x7c
1000360e:	2201      	movs	r2, #1
10003610:	4bc4      	ldr	r3, [pc, #784]	@ (10003924 <_ftoa+0x344>)
10003612:	4252      	negs	r2, r2
10003614:	f7ff f9fa 	bl	10002a0c <__wrap___aeabi_dcmplt>
10003618:	2800      	cmp	r0, #0
1000361a:	d000      	beq.n	1000361e <_ftoa+0x3e>
1000361c:	e101      	b.n	10003822 <_ftoa+0x242>
1000361e:	981e      	ldr	r0, [sp, #120]	@ 0x78
10003620:	991f      	ldr	r1, [sp, #124]	@ 0x7c
10003622:	2201      	movs	r2, #1
10003624:	4bc0      	ldr	r3, [pc, #768]	@ (10003928 <_ftoa+0x348>)
10003626:	4252      	negs	r2, r2
10003628:	f7ff fa06 	bl	10002a38 <__wrap___aeabi_dcmpgt>
1000362c:	2800      	cmp	r0, #0
1000362e:	d000      	beq.n	10003632 <_ftoa+0x52>
10003630:	e0d6      	b.n	100037e0 <_ftoa+0x200>
10003632:	981e      	ldr	r0, [sp, #120]	@ 0x78
10003634:	991f      	ldr	r1, [sp, #124]	@ 0x7c
10003636:	2200      	movs	r2, #0
10003638:	4bbc      	ldr	r3, [pc, #752]	@ (1000392c <_ftoa+0x34c>)
1000363a:	f7ff f9fd 	bl	10002a38 <__wrap___aeabi_dcmpgt>
1000363e:	2800      	cmp	r0, #0
10003640:	d000      	beq.n	10003644 <_ftoa+0x64>
10003642:	e0b5      	b.n	100037b0 <_ftoa+0x1d0>
10003644:	981e      	ldr	r0, [sp, #120]	@ 0x78
10003646:	991f      	ldr	r1, [sp, #124]	@ 0x7c
10003648:	2200      	movs	r2, #0
1000364a:	4bb9      	ldr	r3, [pc, #740]	@ (10003930 <_ftoa+0x350>)
1000364c:	f7ff f9de 	bl	10002a0c <__wrap___aeabi_dcmplt>
10003650:	2800      	cmp	r0, #0
10003652:	d000      	beq.n	10003656 <_ftoa+0x76>
10003654:	e0ac      	b.n	100037b0 <_ftoa+0x1d0>
10003656:	981e      	ldr	r0, [sp, #120]	@ 0x78
10003658:	991f      	ldr	r1, [sp, #124]	@ 0x7c
1000365a:	2200      	movs	r2, #0
1000365c:	2300      	movs	r3, #0
1000365e:	f7ff f9d5 	bl	10002a0c <__wrap___aeabi_dcmplt>
10003662:	2800      	cmp	r0, #0
10003664:	d000      	beq.n	10003668 <_ftoa+0x88>
10003666:	e0d1      	b.n	1000380c <_ftoa+0x22c>
10003668:	2300      	movs	r3, #0
1000366a:	930b      	str	r3, [sp, #44]	@ 0x2c
1000366c:	9b22      	ldr	r3, [sp, #136]	@ 0x88
1000366e:	055b      	lsls	r3, r3, #21
10003670:	d400      	bmi.n	10003674 <_ftoa+0x94>
10003672:	2606      	movs	r6, #6
10003674:	2400      	movs	r4, #0
10003676:	2330      	movs	r3, #48	@ 0x30
10003678:	e006      	b.n	10003688 <_ftoa+0xa8>
1000367a:	aa06      	add	r2, sp, #24
1000367c:	3401      	adds	r4, #1
1000367e:	3217      	adds	r2, #23
10003680:	5513      	strb	r3, [r2, r4]
10003682:	3e01      	subs	r6, #1
10003684:	2c20      	cmp	r4, #32
10003686:	d001      	beq.n	1000368c <_ftoa+0xac>
10003688:	2e09      	cmp	r6, #9
1000368a:	d8f6      	bhi.n	1000367a <_ftoa+0x9a>
1000368c:	981e      	ldr	r0, [sp, #120]	@ 0x78
1000368e:	991f      	ldr	r1, [sp, #124]	@ 0x7c
10003690:	f7ff fa00 	bl	10002a94 <__wrap___aeabi_d2iz>
10003694:	4ba7      	ldr	r3, [pc, #668]	@ (10003934 <_ftoa+0x354>)
10003696:	00f2      	lsls	r2, r6, #3
10003698:	189b      	adds	r3, r3, r2
1000369a:	cb0c      	ldmia	r3, {r2, r3}
1000369c:	0005      	movs	r5, r0
1000369e:	9208      	str	r2, [sp, #32]
100036a0:	9309      	str	r3, [sp, #36]	@ 0x24
100036a2:	f7ff f9df 	bl	10002a64 <__wrap___aeabi_i2d>
100036a6:	0002      	movs	r2, r0
100036a8:	000b      	movs	r3, r1
100036aa:	981e      	ldr	r0, [sp, #120]	@ 0x78
100036ac:	991f      	ldr	r1, [sp, #124]	@ 0x7c
100036ae:	f7ff f93a 	bl	10002926 <__wrap___aeabi_dsub>
100036b2:	9a08      	ldr	r2, [sp, #32]
100036b4:	9b09      	ldr	r3, [sp, #36]	@ 0x24
100036b6:	f7ff f966 	bl	10002986 <__wrap___aeabi_dmul>
100036ba:	9006      	str	r0, [sp, #24]
100036bc:	9107      	str	r1, [sp, #28]
100036be:	f7ff fa0d 	bl	10002adc <__wrap___aeabi_d2uiz>
100036c2:	0007      	movs	r7, r0
100036c4:	f7ff f9ca 	bl	10002a5c <__wrap___aeabi_ui2d>
100036c8:	0002      	movs	r2, r0
100036ca:	000b      	movs	r3, r1
100036cc:	9806      	ldr	r0, [sp, #24]
100036ce:	9907      	ldr	r1, [sp, #28]
100036d0:	f7ff f929 	bl	10002926 <__wrap___aeabi_dsub>
100036d4:	2200      	movs	r2, #0
100036d6:	4b98      	ldr	r3, [pc, #608]	@ (10003938 <_ftoa+0x358>)
100036d8:	9006      	str	r0, [sp, #24]
100036da:	9107      	str	r1, [sp, #28]
100036dc:	f7ff f9ac 	bl	10002a38 <__wrap___aeabi_dcmpgt>
100036e0:	2800      	cmp	r0, #0
100036e2:	d100      	bne.n	100036e6 <_ftoa+0x106>
100036e4:	e0e9      	b.n	100038ba <_ftoa+0x2da>
100036e6:	3701      	adds	r7, #1
100036e8:	0038      	movs	r0, r7
100036ea:	f7ff f9b7 	bl	10002a5c <__wrap___aeabi_ui2d>
100036ee:	0002      	movs	r2, r0
100036f0:	000b      	movs	r3, r1
100036f2:	9808      	ldr	r0, [sp, #32]
100036f4:	9909      	ldr	r1, [sp, #36]	@ 0x24
100036f6:	f7ff f98f 	bl	10002a18 <__wrap___aeabi_dcmple>
100036fa:	2800      	cmp	r0, #0
100036fc:	d001      	beq.n	10003702 <_ftoa+0x122>
100036fe:	2700      	movs	r7, #0
10003700:	3501      	adds	r5, #1
10003702:	2e00      	cmp	r6, #0
10003704:	d100      	bne.n	10003708 <_ftoa+0x128>
10003706:	e0b7      	b.n	10003878 <_ftoa+0x298>
10003708:	9506      	str	r5, [sp, #24]
1000370a:	e013      	b.n	10003734 <_ftoa+0x154>
1000370c:	2317      	movs	r3, #23
1000370e:	aa06      	add	r2, sp, #24
10003710:	189b      	adds	r3, r3, r2
10003712:	210a      	movs	r1, #10
10003714:	0038      	movs	r0, r7
10003716:	3401      	adds	r4, #1
10003718:	191d      	adds	r5, r3, r4
1000371a:	f7fe fec9 	bl	100024b0 <__wrap___aeabi_uidiv>
1000371e:	3130      	adds	r1, #48	@ 0x30
10003720:	7029      	strb	r1, [r5, #0]
10003722:	0038      	movs	r0, r7
10003724:	210a      	movs	r1, #10
10003726:	3e01      	subs	r6, #1
10003728:	f7fe fec2 	bl	100024b0 <__wrap___aeabi_uidiv>
1000372c:	2f09      	cmp	r7, #9
1000372e:	d800      	bhi.n	10003732 <_ftoa+0x152>
10003730:	e0e1      	b.n	100038f6 <_ftoa+0x316>
10003732:	0007      	movs	r7, r0
10003734:	2c20      	cmp	r4, #32
10003736:	d1e9      	bne.n	1000370c <_ftoa+0x12c>
10003738:	9d06      	ldr	r5, [sp, #24]
1000373a:	2420      	movs	r4, #32
1000373c:	ab0c      	add	r3, sp, #48	@ 0x30
1000373e:	9306      	str	r3, [sp, #24]
10003740:	2717      	movs	r7, #23
10003742:	ab06      	add	r3, sp, #24
10003744:	18ff      	adds	r7, r7, r3
10003746:	e00d      	b.n	10003764 <_ftoa+0x184>
10003748:	0028      	movs	r0, r5
1000374a:	210a      	movs	r1, #10
1000374c:	f7fe fe88 	bl	10002460 <__wrap___aeabi_idiv>
10003750:	3401      	adds	r4, #1
10003752:	3130      	adds	r1, #48	@ 0x30
10003754:	0028      	movs	r0, r5
10003756:	5539      	strb	r1, [r7, r4]
10003758:	210a      	movs	r1, #10
1000375a:	f7fe fe81 	bl	10002460 <__wrap___aeabi_idiv>
1000375e:	1e05      	subs	r5, r0, #0
10003760:	d100      	bne.n	10003764 <_ftoa+0x184>
10003762:	e0b7      	b.n	100038d4 <_ftoa+0x2f4>
10003764:	2c20      	cmp	r4, #32
10003766:	d1ef      	bne.n	10003748 <_ftoa+0x168>
10003768:	2303      	movs	r3, #3
1000376a:	9a22      	ldr	r2, [sp, #136]	@ 0x88
1000376c:	4013      	ands	r3, r2
1000376e:	2b01      	cmp	r3, #1
10003770:	d117      	bne.n	100037a2 <_ftoa+0x1c2>
10003772:	9b21      	ldr	r3, [sp, #132]	@ 0x84
10003774:	2b00      	cmp	r3, #0
10003776:	d014      	beq.n	100037a2 <_ftoa+0x1c2>
10003778:	9b0b      	ldr	r3, [sp, #44]	@ 0x2c
1000377a:	2b00      	cmp	r3, #0
1000377c:	d100      	bne.n	10003780 <_ftoa+0x1a0>
1000377e:	e0e3      	b.n	10003948 <_ftoa+0x368>
10003780:	9b21      	ldr	r3, [sp, #132]	@ 0x84
10003782:	3b01      	subs	r3, #1
10003784:	9321      	str	r3, [sp, #132]	@ 0x84
10003786:	2b20      	cmp	r3, #32
10003788:	d90b      	bls.n	100037a2 <_ftoa+0x1c2>
1000378a:	2330      	movs	r3, #48	@ 0x30
1000378c:	9a21      	ldr	r2, [sp, #132]	@ 0x84
1000378e:	e006      	b.n	1000379e <_ftoa+0x1be>
10003790:	a906      	add	r1, sp, #24
10003792:	3401      	adds	r4, #1
10003794:	3117      	adds	r1, #23
10003796:	550b      	strb	r3, [r1, r4]
10003798:	4294      	cmp	r4, r2
1000379a:	d300      	bcc.n	1000379e <_ftoa+0x1be>
1000379c:	e0a0      	b.n	100038e0 <_ftoa+0x300>
1000379e:	2c20      	cmp	r4, #32
100037a0:	d1f6      	bne.n	10003790 <_ftoa+0x1b0>
100037a2:	9b22      	ldr	r3, [sp, #136]	@ 0x88
100037a4:	9401      	str	r4, [sp, #4]
100037a6:	9303      	str	r3, [sp, #12]
100037a8:	9b21      	ldr	r3, [sp, #132]	@ 0x84
100037aa:	9302      	str	r3, [sp, #8]
100037ac:	9b06      	ldr	r3, [sp, #24]
100037ae:	e021      	b.n	100037f4 <_ftoa+0x214>
100037b0:	9b22      	ldr	r3, [sp, #136]	@ 0x88
100037b2:	4652      	mov	r2, sl
100037b4:	9304      	str	r3, [sp, #16]
100037b6:	9b21      	ldr	r3, [sp, #132]	@ 0x84
100037b8:	4649      	mov	r1, r9
100037ba:	9303      	str	r3, [sp, #12]
100037bc:	4658      	mov	r0, fp
100037be:	9b1e      	ldr	r3, [sp, #120]	@ 0x78
100037c0:	9c1f      	ldr	r4, [sp, #124]	@ 0x7c
100037c2:	9602      	str	r6, [sp, #8]
100037c4:	9300      	str	r3, [sp, #0]
100037c6:	9401      	str	r4, [sp, #4]
100037c8:	4643      	mov	r3, r8
100037ca:	f000 f943 	bl	10003a54 <_etoa>
100037ce:	0004      	movs	r4, r0
100037d0:	0020      	movs	r0, r4
100037d2:	b015      	add	sp, #84	@ 0x54
100037d4:	bcf0      	pop	{r4, r5, r6, r7}
100037d6:	46bb      	mov	fp, r7
100037d8:	46b2      	mov	sl, r6
100037da:	46a9      	mov	r9, r5
100037dc:	46a0      	mov	r8, r4
100037de:	bdf0      	pop	{r4, r5, r6, r7, pc}
100037e0:	9b22      	ldr	r3, [sp, #136]	@ 0x88
100037e2:	075b      	lsls	r3, r3, #29
100037e4:	d40f      	bmi.n	10003806 <_ftoa+0x226>
100037e6:	2203      	movs	r2, #3
100037e8:	4b54      	ldr	r3, [pc, #336]	@ (1000393c <_ftoa+0x35c>)
100037ea:	9922      	ldr	r1, [sp, #136]	@ 0x88
100037ec:	9201      	str	r2, [sp, #4]
100037ee:	9103      	str	r1, [sp, #12]
100037f0:	9921      	ldr	r1, [sp, #132]	@ 0x84
100037f2:	9102      	str	r1, [sp, #8]
100037f4:	9300      	str	r3, [sp, #0]
100037f6:	4652      	mov	r2, sl
100037f8:	4643      	mov	r3, r8
100037fa:	4649      	mov	r1, r9
100037fc:	4658      	mov	r0, fp
100037fe:	f7ff fd9f 	bl	10003340 <_out_rev>
10003802:	0004      	movs	r4, r0
10003804:	e7e4      	b.n	100037d0 <_ftoa+0x1f0>
10003806:	2204      	movs	r2, #4
10003808:	4b4d      	ldr	r3, [pc, #308]	@ (10003940 <_ftoa+0x360>)
1000380a:	e7ee      	b.n	100037ea <_ftoa+0x20a>
1000380c:	9a1e      	ldr	r2, [sp, #120]	@ 0x78
1000380e:	9b1f      	ldr	r3, [sp, #124]	@ 0x7c
10003810:	2000      	movs	r0, #0
10003812:	2100      	movs	r1, #0
10003814:	f7ff f887 	bl	10002926 <__wrap___aeabi_dsub>
10003818:	2301      	movs	r3, #1
1000381a:	901e      	str	r0, [sp, #120]	@ 0x78
1000381c:	911f      	str	r1, [sp, #124]	@ 0x7c
1000381e:	930b      	str	r3, [sp, #44]	@ 0x2c
10003820:	e724      	b.n	1000366c <_ftoa+0x8c>
10003822:	2302      	movs	r3, #2
10003824:	9a22      	ldr	r2, [sp, #136]	@ 0x88
10003826:	4654      	mov	r4, sl
10003828:	401a      	ands	r2, r3
1000382a:	9b22      	ldr	r3, [sp, #136]	@ 0x88
1000382c:	9206      	str	r2, [sp, #24]
1000382e:	079b      	lsls	r3, r3, #30
10003830:	d100      	bne.n	10003834 <_ftoa+0x254>
10003832:	e0ac      	b.n	1000398e <_ftoa+0x3ae>
10003834:	0026      	movs	r6, r4
10003836:	4d43      	ldr	r5, [pc, #268]	@ (10003944 <_ftoa+0x364>)
10003838:	9408      	str	r4, [sp, #32]
1000383a:	1f2f      	subs	r7, r5, #4
1000383c:	0032      	movs	r2, r6
1000383e:	78e8      	ldrb	r0, [r5, #3]
10003840:	4643      	mov	r3, r8
10003842:	4649      	mov	r1, r9
10003844:	3d01      	subs	r5, #1
10003846:	47d8      	blx	fp
10003848:	3601      	adds	r6, #1
1000384a:	42bd      	cmp	r5, r7
1000384c:	d1f6      	bne.n	1000383c <_ftoa+0x25c>
1000384e:	9c08      	ldr	r4, [sp, #32]
10003850:	9b06      	ldr	r3, [sp, #24]
10003852:	3404      	adds	r4, #4
10003854:	2b00      	cmp	r3, #0
10003856:	d0bb      	beq.n	100037d0 <_ftoa+0x1f0>
10003858:	4657      	mov	r7, sl
1000385a:	9a21      	ldr	r2, [sp, #132]	@ 0x84
1000385c:	1be3      	subs	r3, r4, r7
1000385e:	429a      	cmp	r2, r3
10003860:	d9b6      	bls.n	100037d0 <_ftoa+0x1f0>
10003862:	0015      	movs	r5, r2
10003864:	0022      	movs	r2, r4
10003866:	4643      	mov	r3, r8
10003868:	4649      	mov	r1, r9
1000386a:	2020      	movs	r0, #32
1000386c:	3401      	adds	r4, #1
1000386e:	47d8      	blx	fp
10003870:	1be3      	subs	r3, r4, r7
10003872:	42ab      	cmp	r3, r5
10003874:	d3f6      	bcc.n	10003864 <_ftoa+0x284>
10003876:	e7ab      	b.n	100037d0 <_ftoa+0x1f0>
10003878:	0028      	movs	r0, r5
1000387a:	f7ff f8f3 	bl	10002a64 <__wrap___aeabi_i2d>
1000387e:	0002      	movs	r2, r0
10003880:	000b      	movs	r3, r1
10003882:	981e      	ldr	r0, [sp, #120]	@ 0x78
10003884:	991f      	ldr	r1, [sp, #124]	@ 0x7c
10003886:	f7ff f84e 	bl	10002926 <__wrap___aeabi_dsub>
1000388a:	4b2b      	ldr	r3, [pc, #172]	@ (10003938 <_ftoa+0x358>)
1000388c:	2200      	movs	r2, #0
1000388e:	0006      	movs	r6, r0
10003890:	000f      	movs	r7, r1
10003892:	f7ff f8bb 	bl	10002a0c <__wrap___aeabi_dcmplt>
10003896:	ab0c      	add	r3, sp, #48	@ 0x30
10003898:	9306      	str	r3, [sp, #24]
1000389a:	2800      	cmp	r0, #0
1000389c:	d000      	beq.n	100038a0 <_ftoa+0x2c0>
1000389e:	e74f      	b.n	10003740 <_ftoa+0x160>
100038a0:	2200      	movs	r2, #0
100038a2:	0030      	movs	r0, r6
100038a4:	0039      	movs	r1, r7
100038a6:	4b24      	ldr	r3, [pc, #144]	@ (10003938 <_ftoa+0x358>)
100038a8:	f7ff f8c6 	bl	10002a38 <__wrap___aeabi_dcmpgt>
100038ac:	2800      	cmp	r0, #0
100038ae:	d000      	beq.n	100038b2 <_ftoa+0x2d2>
100038b0:	e746      	b.n	10003740 <_ftoa+0x160>
100038b2:	2301      	movs	r3, #1
100038b4:	3501      	adds	r5, #1
100038b6:	439d      	bics	r5, r3
100038b8:	e742      	b.n	10003740 <_ftoa+0x160>
100038ba:	2200      	movs	r2, #0
100038bc:	9806      	ldr	r0, [sp, #24]
100038be:	9907      	ldr	r1, [sp, #28]
100038c0:	4b1d      	ldr	r3, [pc, #116]	@ (10003938 <_ftoa+0x358>)
100038c2:	f7ff f8a3 	bl	10002a0c <__wrap___aeabi_dcmplt>
100038c6:	2800      	cmp	r0, #0
100038c8:	d000      	beq.n	100038cc <_ftoa+0x2ec>
100038ca:	e71a      	b.n	10003702 <_ftoa+0x122>
100038cc:	2f00      	cmp	r7, #0
100038ce:	d159      	bne.n	10003984 <_ftoa+0x3a4>
100038d0:	3701      	adds	r7, #1
100038d2:	e716      	b.n	10003702 <_ftoa+0x122>
100038d4:	2303      	movs	r3, #3
100038d6:	9a22      	ldr	r2, [sp, #136]	@ 0x88
100038d8:	4013      	ands	r3, r2
100038da:	2b01      	cmp	r3, #1
100038dc:	d100      	bne.n	100038e0 <_ftoa+0x300>
100038de:	e0a6      	b.n	10003a2e <_ftoa+0x44e>
100038e0:	2c20      	cmp	r4, #32
100038e2:	d100      	bne.n	100038e6 <_ftoa+0x306>
100038e4:	e75d      	b.n	100037a2 <_ftoa+0x1c2>
100038e6:	9b0b      	ldr	r3, [sp, #44]	@ 0x2c
100038e8:	2b00      	cmp	r3, #0
100038ea:	d03a      	beq.n	10003962 <_ftoa+0x382>
100038ec:	232d      	movs	r3, #45	@ 0x2d
100038ee:	9a06      	ldr	r2, [sp, #24]
100038f0:	5513      	strb	r3, [r2, r4]
100038f2:	3401      	adds	r4, #1
100038f4:	e755      	b.n	100037a2 <_ftoa+0x1c2>
100038f6:	9d06      	ldr	r5, [sp, #24]
100038f8:	2c20      	cmp	r4, #32
100038fa:	d100      	bne.n	100038fe <_ftoa+0x31e>
100038fc:	e71d      	b.n	1000373a <_ftoa+0x15a>
100038fe:	2330      	movs	r3, #48	@ 0x30
10003900:	1936      	adds	r6, r6, r4
10003902:	e006      	b.n	10003912 <_ftoa+0x332>
10003904:	aa06      	add	r2, sp, #24
10003906:	3401      	adds	r4, #1
10003908:	3217      	adds	r2, #23
1000390a:	5513      	strb	r3, [r2, r4]
1000390c:	2c20      	cmp	r4, #32
1000390e:	d100      	bne.n	10003912 <_ftoa+0x332>
10003910:	e713      	b.n	1000373a <_ftoa+0x15a>
10003912:	42a6      	cmp	r6, r4
10003914:	d1f6      	bne.n	10003904 <_ftoa+0x324>
10003916:	232e      	movs	r3, #46	@ 0x2e
10003918:	aa0c      	add	r2, sp, #48	@ 0x30
1000391a:	3401      	adds	r4, #1
1000391c:	9206      	str	r2, [sp, #24]
1000391e:	5593      	strb	r3, [r2, r6]
10003920:	e70e      	b.n	10003740 <_ftoa+0x160>
10003922:	46c0      	nop			@ (mov r8, r8)
10003924:	ffefffff 	.word	0xffefffff
10003928:	7fefffff 	.word	0x7fefffff
1000392c:	41cdcd65 	.word	0x41cdcd65
10003930:	c1cdcd65 	.word	0xc1cdcd65
10003934:	100079a0 	.word	0x100079a0
10003938:	3fe00000 	.word	0x3fe00000
1000393c:	1000769c 	.word	0x1000769c
10003940:	10007694 	.word	0x10007694
10003944:	100076a4 	.word	0x100076a4
10003948:	230c      	movs	r3, #12
1000394a:	9a22      	ldr	r2, [sp, #136]	@ 0x88
1000394c:	4213      	tst	r3, r2
1000394e:	d057      	beq.n	10003a00 <_ftoa+0x420>
10003950:	9b21      	ldr	r3, [sp, #132]	@ 0x84
10003952:	3b01      	subs	r3, #1
10003954:	9321      	str	r3, [sp, #132]	@ 0x84
10003956:	42a3      	cmp	r3, r4
10003958:	d900      	bls.n	1000395c <_ftoa+0x37c>
1000395a:	e716      	b.n	1000378a <_ftoa+0x1aa>
1000395c:	2c20      	cmp	r4, #32
1000395e:	d100      	bne.n	10003962 <_ftoa+0x382>
10003960:	e71f      	b.n	100037a2 <_ftoa+0x1c2>
10003962:	9b22      	ldr	r3, [sp, #136]	@ 0x88
10003964:	075b      	lsls	r3, r3, #29
10003966:	d504      	bpl.n	10003972 <_ftoa+0x392>
10003968:	232b      	movs	r3, #43	@ 0x2b
1000396a:	9a06      	ldr	r2, [sp, #24]
1000396c:	5513      	strb	r3, [r2, r4]
1000396e:	3401      	adds	r4, #1
10003970:	e717      	b.n	100037a2 <_ftoa+0x1c2>
10003972:	9b22      	ldr	r3, [sp, #136]	@ 0x88
10003974:	071b      	lsls	r3, r3, #28
10003976:	d400      	bmi.n	1000397a <_ftoa+0x39a>
10003978:	e713      	b.n	100037a2 <_ftoa+0x1c2>
1000397a:	2320      	movs	r3, #32
1000397c:	9a06      	ldr	r2, [sp, #24]
1000397e:	5513      	strb	r3, [r2, r4]
10003980:	3401      	adds	r4, #1
10003982:	e70e      	b.n	100037a2 <_ftoa+0x1c2>
10003984:	07fb      	lsls	r3, r7, #31
10003986:	d400      	bmi.n	1000398a <_ftoa+0x3aa>
10003988:	e6bb      	b.n	10003702 <_ftoa+0x122>
1000398a:	3701      	adds	r7, #1
1000398c:	e6b9      	b.n	10003702 <_ftoa+0x122>
1000398e:	9b21      	ldr	r3, [sp, #132]	@ 0x84
10003990:	2b04      	cmp	r3, #4
10003992:	d800      	bhi.n	10003996 <_ftoa+0x3b6>
10003994:	e74e      	b.n	10003834 <_ftoa+0x254>
10003996:	4655      	mov	r5, sl
10003998:	464f      	mov	r7, r9
1000399a:	3c04      	subs	r4, #4
1000399c:	18e4      	adds	r4, r4, r3
1000399e:	002a      	movs	r2, r5
100039a0:	4643      	mov	r3, r8
100039a2:	3501      	adds	r5, #1
100039a4:	0039      	movs	r1, r7
100039a6:	2020      	movs	r0, #32
100039a8:	47d8      	blx	fp
100039aa:	42ac      	cmp	r4, r5
100039ac:	d1f7      	bne.n	1000399e <_ftoa+0x3be>
100039ae:	e741      	b.n	10003834 <_ftoa+0x254>
100039b0:	2702      	movs	r7, #2
100039b2:	9b22      	ldr	r3, [sp, #136]	@ 0x88
100039b4:	4655      	mov	r5, sl
100039b6:	401f      	ands	r7, r3
100039b8:	079b      	lsls	r3, r3, #30
100039ba:	d026      	beq.n	10003a0a <_ftoa+0x42a>
100039bc:	9706      	str	r7, [sp, #24]
100039be:	465f      	mov	r7, fp
100039c0:	4e23      	ldr	r6, [pc, #140]	@ (10003a50 <_ftoa+0x470>)
100039c2:	1cec      	adds	r4, r5, #3
100039c4:	002a      	movs	r2, r5
100039c6:	78b0      	ldrb	r0, [r6, #2]
100039c8:	4643      	mov	r3, r8
100039ca:	4649      	mov	r1, r9
100039cc:	3501      	adds	r5, #1
100039ce:	47b8      	blx	r7
100039d0:	3e01      	subs	r6, #1
100039d2:	42ac      	cmp	r4, r5
100039d4:	d1f6      	bne.n	100039c4 <_ftoa+0x3e4>
100039d6:	9f06      	ldr	r7, [sp, #24]
100039d8:	2f00      	cmp	r7, #0
100039da:	d100      	bne.n	100039de <_ftoa+0x3fe>
100039dc:	e6f8      	b.n	100037d0 <_ftoa+0x1f0>
100039de:	4657      	mov	r7, sl
100039e0:	9a21      	ldr	r2, [sp, #132]	@ 0x84
100039e2:	1be3      	subs	r3, r4, r7
100039e4:	429a      	cmp	r2, r3
100039e6:	d800      	bhi.n	100039ea <_ftoa+0x40a>
100039e8:	e6f2      	b.n	100037d0 <_ftoa+0x1f0>
100039ea:	0015      	movs	r5, r2
100039ec:	0022      	movs	r2, r4
100039ee:	4643      	mov	r3, r8
100039f0:	4649      	mov	r1, r9
100039f2:	2020      	movs	r0, #32
100039f4:	3401      	adds	r4, #1
100039f6:	47d8      	blx	fp
100039f8:	1be3      	subs	r3, r4, r7
100039fa:	42ab      	cmp	r3, r5
100039fc:	d3f6      	bcc.n	100039ec <_ftoa+0x40c>
100039fe:	e6e7      	b.n	100037d0 <_ftoa+0x1f0>
10003a00:	9b21      	ldr	r3, [sp, #132]	@ 0x84
10003a02:	42a3      	cmp	r3, r4
10003a04:	d900      	bls.n	10003a08 <_ftoa+0x428>
10003a06:	e6c0      	b.n	1000378a <_ftoa+0x1aa>
10003a08:	e6cb      	b.n	100037a2 <_ftoa+0x1c2>
10003a0a:	9b21      	ldr	r3, [sp, #132]	@ 0x84
10003a0c:	2b03      	cmp	r3, #3
10003a0e:	d9d5      	bls.n	100039bc <_ftoa+0x3dc>
10003a10:	9706      	str	r7, [sp, #24]
10003a12:	4654      	mov	r4, sl
10003a14:	464f      	mov	r7, r9
10003a16:	3d03      	subs	r5, #3
10003a18:	18ed      	adds	r5, r5, r3
10003a1a:	0022      	movs	r2, r4
10003a1c:	4643      	mov	r3, r8
10003a1e:	3401      	adds	r4, #1
10003a20:	0039      	movs	r1, r7
10003a22:	2020      	movs	r0, #32
10003a24:	47d8      	blx	fp
10003a26:	42a5      	cmp	r5, r4
10003a28:	d1f7      	bne.n	10003a1a <_ftoa+0x43a>
10003a2a:	9f06      	ldr	r7, [sp, #24]
10003a2c:	e7c6      	b.n	100039bc <_ftoa+0x3dc>
10003a2e:	9b21      	ldr	r3, [sp, #132]	@ 0x84
10003a30:	2b00      	cmp	r3, #0
10003a32:	d100      	bne.n	10003a36 <_ftoa+0x456>
10003a34:	e754      	b.n	100038e0 <_ftoa+0x300>
10003a36:	9b0b      	ldr	r3, [sp, #44]	@ 0x2c
10003a38:	2b00      	cmp	r3, #0
10003a3a:	d085      	beq.n	10003948 <_ftoa+0x368>
10003a3c:	9b21      	ldr	r3, [sp, #132]	@ 0x84
10003a3e:	3b01      	subs	r3, #1
10003a40:	9321      	str	r3, [sp, #132]	@ 0x84
10003a42:	429c      	cmp	r4, r3
10003a44:	d200      	bcs.n	10003a48 <_ftoa+0x468>
10003a46:	e6a0      	b.n	1000378a <_ftoa+0x1aa>
10003a48:	2c20      	cmp	r4, #32
10003a4a:	d000      	beq.n	10003a4e <_ftoa+0x46e>
10003a4c:	e74e      	b.n	100038ec <_ftoa+0x30c>
10003a4e:	e6a8      	b.n	100037a2 <_ftoa+0x1c2>
10003a50:	100076a0 	.word	0x100076a0

10003a54 <_etoa>:
10003a54:	b5f0      	push	{r4, r5, r6, r7, lr}
10003a56:	4645      	mov	r5, r8
10003a58:	46de      	mov	lr, fp
10003a5a:	4657      	mov	r7, sl
10003a5c:	464e      	mov	r6, r9
10003a5e:	b5e0      	push	{r5, r6, r7, lr}
10003a60:	b09b      	sub	sp, #108	@ 0x6c
10003a62:	9c24      	ldr	r4, [sp, #144]	@ 0x90
10003a64:	9d25      	ldr	r5, [sp, #148]	@ 0x94
10003a66:	4682      	mov	sl, r0
10003a68:	4688      	mov	r8, r1
10003a6a:	4693      	mov	fp, r2
10003a6c:	4699      	mov	r9, r3
10003a6e:	0022      	movs	r2, r4
10003a70:	002b      	movs	r3, r5
10003a72:	0020      	movs	r0, r4
10003a74:	0029      	movs	r1, r5
10003a76:	f7fe ffe4 	bl	10002a42 <__wrap___aeabi_dcmpun>
10003a7a:	2800      	cmp	r0, #0
10003a7c:	d000      	beq.n	10003a80 <_etoa+0x2c>
10003a7e:	e0c1      	b.n	10003c04 <_etoa+0x1b0>
10003a80:	2201      	movs	r2, #1
10003a82:	0020      	movs	r0, r4
10003a84:	0029      	movs	r1, r5
10003a86:	4b7c      	ldr	r3, [pc, #496]	@ (10003c78 <_etoa+0x224>)
10003a88:	4252      	negs	r2, r2
10003a8a:	f7fe ffd5 	bl	10002a38 <__wrap___aeabi_dcmpgt>
10003a8e:	2800      	cmp	r0, #0
10003a90:	d000      	beq.n	10003a94 <_etoa+0x40>
10003a92:	e0b7      	b.n	10003c04 <_etoa+0x1b0>
10003a94:	2201      	movs	r2, #1
10003a96:	0020      	movs	r0, r4
10003a98:	0029      	movs	r1, r5
10003a9a:	4b78      	ldr	r3, [pc, #480]	@ (10003c7c <_etoa+0x228>)
10003a9c:	4252      	negs	r2, r2
10003a9e:	f7fe ffb5 	bl	10002a0c <__wrap___aeabi_dcmplt>
10003aa2:	2800      	cmp	r0, #0
10003aa4:	d000      	beq.n	10003aa8 <_etoa+0x54>
10003aa6:	e0ad      	b.n	10003c04 <_etoa+0x1b0>
10003aa8:	2200      	movs	r2, #0
10003aaa:	2300      	movs	r3, #0
10003aac:	0020      	movs	r0, r4
10003aae:	0029      	movs	r1, r5
10003ab0:	f7fe ffac 	bl	10002a0c <__wrap___aeabi_dcmplt>
10003ab4:	2800      	cmp	r0, #0
10003ab6:	d000      	beq.n	10003aba <_etoa+0x66>
10003ab8:	e1bb      	b.n	10003e32 <_etoa+0x3de>
10003aba:	9408      	str	r4, [sp, #32]
10003abc:	9509      	str	r5, [sp, #36]	@ 0x24
10003abe:	9808      	ldr	r0, [sp, #32]
10003ac0:	9909      	ldr	r1, [sp, #36]	@ 0x24
10003ac2:	2380      	movs	r3, #128	@ 0x80
10003ac4:	9a28      	ldr	r2, [sp, #160]	@ 0xa0
10003ac6:	00db      	lsls	r3, r3, #3
10003ac8:	401a      	ands	r2, r3
10003aca:	920f      	str	r2, [sp, #60]	@ 0x3c
10003acc:	2280      	movs	r2, #128	@ 0x80
10003ace:	9e28      	ldr	r6, [sp, #160]	@ 0xa0
10003ad0:	0112      	lsls	r2, r2, #4
10003ad2:	4016      	ands	r6, r2
10003ad4:	0032      	movs	r2, r6
10003ad6:	960e      	str	r6, [sp, #56]	@ 0x38
10003ad8:	9e28      	ldr	r6, [sp, #160]	@ 0xa0
10003ada:	000f      	movs	r7, r1
10003adc:	900a      	str	r0, [sp, #40]	@ 0x28
10003ade:	421e      	tst	r6, r3
10003ae0:	d000      	beq.n	10003ae4 <_etoa+0x90>
10003ae2:	e0a4      	b.n	10003c2e <_etoa+0x1da>
10003ae4:	000b      	movs	r3, r1
10003ae6:	4303      	orrs	r3, r0
10003ae8:	d000      	beq.n	10003aec <_etoa+0x98>
10003aea:	e0cb      	b.n	10003c84 <_etoa+0x230>
10003aec:	2a00      	cmp	r2, #0
10003aee:	d000      	beq.n	10003af2 <_etoa+0x9e>
10003af0:	e212      	b.n	10003f18 <_etoa+0x4c4>
10003af2:	0032      	movs	r2, r6
10003af4:	3306      	adds	r3, #6
10003af6:	9326      	str	r3, [sp, #152]	@ 0x98
10003af8:	2302      	movs	r3, #2
10003afa:	4013      	ands	r3, r2
10003afc:	930c      	str	r3, [sp, #48]	@ 0x30
10003afe:	2302      	movs	r3, #2
10003b00:	4213      	tst	r3, r2
10003b02:	d000      	beq.n	10003b06 <_etoa+0xb2>
10003b04:	e20a      	b.n	10003f1c <_etoa+0x4c8>
10003b06:	9b27      	ldr	r3, [sp, #156]	@ 0x9c
10003b08:	2b04      	cmp	r3, #4
10003b0a:	d200      	bcs.n	10003b0e <_etoa+0xba>
10003b0c:	e215      	b.n	10003f3a <_etoa+0x4e6>
10003b0e:	2700      	movs	r7, #0
10003b10:	2604      	movs	r6, #4
10003b12:	3b04      	subs	r3, #4
10003b14:	930e      	str	r3, [sp, #56]	@ 0x38
10003b16:	2200      	movs	r2, #0
10003b18:	2300      	movs	r3, #0
10003b1a:	0020      	movs	r0, r4
10003b1c:	0029      	movs	r1, r5
10003b1e:	f7fe ff75 	bl	10002a0c <__wrap___aeabi_dcmplt>
10003b22:	2800      	cmp	r0, #0
10003b24:	d000      	beq.n	10003b28 <_etoa+0xd4>
10003b26:	e1c8      	b.n	10003eba <_etoa+0x466>
10003b28:	4b55      	ldr	r3, [pc, #340]	@ (10003c80 <_etoa+0x22c>)
10003b2a:	9a28      	ldr	r2, [sp, #160]	@ 0xa0
10003b2c:	4013      	ands	r3, r2
10003b2e:	9304      	str	r3, [sp, #16]
10003b30:	9b0e      	ldr	r3, [sp, #56]	@ 0x38
10003b32:	9303      	str	r3, [sp, #12]
10003b34:	9b26      	ldr	r3, [sp, #152]	@ 0x98
10003b36:	9302      	str	r3, [sp, #8]
10003b38:	9b08      	ldr	r3, [sp, #32]
10003b3a:	9c09      	ldr	r4, [sp, #36]	@ 0x24
10003b3c:	9300      	str	r3, [sp, #0]
10003b3e:	9401      	str	r4, [sp, #4]
10003b40:	4641      	mov	r1, r8
10003b42:	464b      	mov	r3, r9
10003b44:	465a      	mov	r2, fp
10003b46:	4650      	mov	r0, sl
10003b48:	f7ff fd4a 	bl	100035e0 <_ftoa>
10003b4c:	0002      	movs	r2, r0
10003b4e:	2020      	movs	r0, #32
10003b50:	9b28      	ldr	r3, [sp, #160]	@ 0xa0
10003b52:	2500      	movs	r5, #0
10003b54:	4003      	ands	r3, r0
10003b56:	4259      	negs	r1, r3
10003b58:	414b      	adcs	r3, r1
10003b5a:	425b      	negs	r3, r3
10003b5c:	4018      	ands	r0, r3
10003b5e:	1c53      	adds	r3, r2, #1
10003b60:	9308      	str	r3, [sp, #32]
10003b62:	4641      	mov	r1, r8
10003b64:	464b      	mov	r3, r9
10003b66:	3045      	adds	r0, #69	@ 0x45
10003b68:	47d0      	blx	sl
10003b6a:	17fb      	asrs	r3, r7, #31
10003b6c:	18fc      	adds	r4, r7, r3
10003b6e:	405c      	eors	r4, r3
10003b70:	0ffb      	lsrs	r3, r7, #31
10003b72:	271f      	movs	r7, #31
10003b74:	930a      	str	r3, [sp, #40]	@ 0x28
10003b76:	1e73      	subs	r3, r6, #1
10003b78:	930e      	str	r3, [sp, #56]	@ 0x38
10003b7a:	ab0a      	add	r3, sp, #40	@ 0x28
10003b7c:	18ff      	adds	r7, r7, r3
10003b7e:	e006      	b.n	10003b8e <_etoa+0x13a>
10003b80:	0020      	movs	r0, r4
10003b82:	210a      	movs	r1, #10
10003b84:	f7fe fc94 	bl	100024b0 <__wrap___aeabi_uidiv>
10003b88:	0004      	movs	r4, r0
10003b8a:	2d20      	cmp	r5, #32
10003b8c:	d008      	beq.n	10003ba0 <_etoa+0x14c>
10003b8e:	210a      	movs	r1, #10
10003b90:	0020      	movs	r0, r4
10003b92:	f7fe fc8d 	bl	100024b0 <__wrap___aeabi_uidiv>
10003b96:	3501      	adds	r5, #1
10003b98:	3130      	adds	r1, #48	@ 0x30
10003b9a:	5579      	strb	r1, [r7, r5]
10003b9c:	2c09      	cmp	r4, #9
10003b9e:	d8ef      	bhi.n	10003b80 <_etoa+0x12c>
10003ba0:	2305      	movs	r3, #5
10003ba2:	9306      	str	r3, [sp, #24]
10003ba4:	9b0e      	ldr	r3, [sp, #56]	@ 0x38
10003ba6:	4656      	mov	r6, sl
10003ba8:	9305      	str	r3, [sp, #20]
10003baa:	2300      	movs	r3, #0
10003bac:	9304      	str	r3, [sp, #16]
10003bae:	330a      	adds	r3, #10
10003bb0:	9303      	str	r3, [sp, #12]
10003bb2:	9b0a      	ldr	r3, [sp, #40]	@ 0x28
10003bb4:	4641      	mov	r1, r8
10003bb6:	9302      	str	r3, [sp, #8]
10003bb8:	ab12      	add	r3, sp, #72	@ 0x48
10003bba:	9300      	str	r3, [sp, #0]
10003bbc:	0030      	movs	r0, r6
10003bbe:	464b      	mov	r3, r9
10003bc0:	9a08      	ldr	r2, [sp, #32]
10003bc2:	9501      	str	r5, [sp, #4]
10003bc4:	f7ff fc10 	bl	100033e8 <_ntoa_format>
10003bc8:	9b0c      	ldr	r3, [sp, #48]	@ 0x30
10003bca:	2b00      	cmp	r3, #0
10003bcc:	d028      	beq.n	10003c20 <_etoa+0x1cc>
10003bce:	465f      	mov	r7, fp
10003bd0:	9b27      	ldr	r3, [sp, #156]	@ 0x9c
10003bd2:	1bc4      	subs	r4, r0, r7
10003bd4:	42a3      	cmp	r3, r4
10003bd6:	d923      	bls.n	10003c20 <_etoa+0x1cc>
10003bd8:	4682      	mov	sl, r0
10003bda:	001d      	movs	r5, r3
10003bdc:	193a      	adds	r2, r7, r4
10003bde:	464b      	mov	r3, r9
10003be0:	4641      	mov	r1, r8
10003be2:	2020      	movs	r0, #32
10003be4:	3401      	adds	r4, #1
10003be6:	47b0      	blx	r6
10003be8:	42a5      	cmp	r5, r4
10003bea:	d8f7      	bhi.n	10003bdc <_etoa+0x188>
10003bec:	4650      	mov	r0, sl
10003bee:	4659      	mov	r1, fp
10003bf0:	9c27      	ldr	r4, [sp, #156]	@ 0x9c
10003bf2:	1a42      	subs	r2, r0, r1
10003bf4:	3201      	adds	r2, #1
10003bf6:	2300      	movs	r3, #0
10003bf8:	4294      	cmp	r4, r2
10003bfa:	d300      	bcc.n	10003bfe <_etoa+0x1aa>
10003bfc:	e195      	b.n	10003f2a <_etoa+0x4d6>
10003bfe:	3001      	adds	r0, #1
10003c00:	1818      	adds	r0, r3, r0
10003c02:	e00d      	b.n	10003c20 <_etoa+0x1cc>
10003c04:	9b28      	ldr	r3, [sp, #160]	@ 0xa0
10003c06:	9400      	str	r4, [sp, #0]
10003c08:	9501      	str	r5, [sp, #4]
10003c0a:	9304      	str	r3, [sp, #16]
10003c0c:	9b27      	ldr	r3, [sp, #156]	@ 0x9c
10003c0e:	9303      	str	r3, [sp, #12]
10003c10:	9b26      	ldr	r3, [sp, #152]	@ 0x98
10003c12:	9302      	str	r3, [sp, #8]
10003c14:	464b      	mov	r3, r9
10003c16:	465a      	mov	r2, fp
10003c18:	4641      	mov	r1, r8
10003c1a:	4650      	mov	r0, sl
10003c1c:	f7ff fce0 	bl	100035e0 <_ftoa>
10003c20:	b01b      	add	sp, #108	@ 0x6c
10003c22:	bcf0      	pop	{r4, r5, r6, r7}
10003c24:	46bb      	mov	fp, r7
10003c26:	46b2      	mov	sl, r6
10003c28:	46a9      	mov	r9, r5
10003c2a:	46a0      	mov	r8, r4
10003c2c:	bdf0      	pop	{r4, r5, r6, r7, pc}
10003c2e:	4301      	orrs	r1, r0
10003c30:	d12a      	bne.n	10003c88 <_etoa+0x234>
10003c32:	9b0e      	ldr	r3, [sp, #56]	@ 0x38
10003c34:	0032      	movs	r2, r6
10003c36:	2b00      	cmp	r3, #0
10003c38:	d100      	bne.n	10003c3c <_etoa+0x1e8>
10003c3a:	e75d      	b.n	10003af8 <_etoa+0xa4>
10003c3c:	2700      	movs	r7, #0
10003c3e:	9b26      	ldr	r3, [sp, #152]	@ 0x98
10003c40:	2600      	movs	r6, #0
10003c42:	42bb      	cmp	r3, r7
10003c44:	dd00      	ble.n	10003c48 <_etoa+0x1f4>
10003c46:	e182      	b.n	10003f4e <_etoa+0x4fa>
10003c48:	2200      	movs	r2, #0
10003c4a:	2300      	movs	r3, #0
10003c4c:	0020      	movs	r0, r4
10003c4e:	0029      	movs	r1, r5
10003c50:	f7fe fedc 	bl	10002a0c <__wrap___aeabi_dcmplt>
10003c54:	2800      	cmp	r0, #0
10003c56:	d000      	beq.n	10003c5a <_etoa+0x206>
10003c58:	e14b      	b.n	10003ef2 <_etoa+0x49e>
10003c5a:	9b28      	ldr	r3, [sp, #160]	@ 0xa0
10003c5c:	4a08      	ldr	r2, [pc, #32]	@ (10003c80 <_etoa+0x22c>)
10003c5e:	9602      	str	r6, [sp, #8]
10003c60:	401a      	ands	r2, r3
10003c62:	2380      	movs	r3, #128	@ 0x80
10003c64:	00db      	lsls	r3, r3, #3
10003c66:	4313      	orrs	r3, r2
10003c68:	9304      	str	r3, [sp, #16]
10003c6a:	9b27      	ldr	r3, [sp, #156]	@ 0x9c
10003c6c:	9303      	str	r3, [sp, #12]
10003c6e:	9b08      	ldr	r3, [sp, #32]
10003c70:	9c09      	ldr	r4, [sp, #36]	@ 0x24
10003c72:	9300      	str	r3, [sp, #0]
10003c74:	9401      	str	r4, [sp, #4]
10003c76:	e7cd      	b.n	10003c14 <_etoa+0x1c0>
10003c78:	7fefffff 	.word	0x7fefffff
10003c7c:	ffefffff 	.word	0xffefffff
10003c80:	fffff7ff 	.word	0xfffff7ff
10003c84:	2306      	movs	r3, #6
10003c86:	9326      	str	r3, [sp, #152]	@ 0x98
10003c88:	4bb2      	ldr	r3, [pc, #712]	@ (10003f54 <_etoa+0x500>)
10003c8a:	0078      	lsls	r0, r7, #1
10003c8c:	0d40      	lsrs	r0, r0, #21
10003c8e:	18c0      	adds	r0, r0, r3
10003c90:	f7fe fee8 	bl	10002a64 <__wrap___aeabi_i2d>
10003c94:	4ab0      	ldr	r2, [pc, #704]	@ (10003f58 <_etoa+0x504>)
10003c96:	4bb1      	ldr	r3, [pc, #708]	@ (10003f5c <_etoa+0x508>)
10003c98:	f7fe fe75 	bl	10002986 <__wrap___aeabi_dmul>
10003c9c:	4ab0      	ldr	r2, [pc, #704]	@ (10003f60 <_etoa+0x50c>)
10003c9e:	4bb1      	ldr	r3, [pc, #708]	@ (10003f64 <_etoa+0x510>)
10003ca0:	f7fe fe4a 	bl	10002938 <__wrap___aeabi_dadd>
10003ca4:	033f      	lsls	r7, r7, #12
10003ca6:	4bb0      	ldr	r3, [pc, #704]	@ (10003f68 <_etoa+0x514>)
10003ca8:	0b3f      	lsrs	r7, r7, #12
10003caa:	433b      	orrs	r3, r7
10003cac:	900c      	str	r0, [sp, #48]	@ 0x30
10003cae:	910d      	str	r1, [sp, #52]	@ 0x34
10003cb0:	2200      	movs	r2, #0
10003cb2:	980a      	ldr	r0, [sp, #40]	@ 0x28
10003cb4:	0019      	movs	r1, r3
10003cb6:	4bad      	ldr	r3, [pc, #692]	@ (10003f6c <_etoa+0x518>)
10003cb8:	f7fe fe35 	bl	10002926 <__wrap___aeabi_dsub>
10003cbc:	4aac      	ldr	r2, [pc, #688]	@ (10003f70 <_etoa+0x51c>)
10003cbe:	4bad      	ldr	r3, [pc, #692]	@ (10003f74 <_etoa+0x520>)
10003cc0:	f7fe fe61 	bl	10002986 <__wrap___aeabi_dmul>
10003cc4:	0002      	movs	r2, r0
10003cc6:	000b      	movs	r3, r1
10003cc8:	980c      	ldr	r0, [sp, #48]	@ 0x30
10003cca:	990d      	ldr	r1, [sp, #52]	@ 0x34
10003ccc:	f7fe fe34 	bl	10002938 <__wrap___aeabi_dadd>
10003cd0:	f7fe fee0 	bl	10002a94 <__wrap___aeabi_d2iz>
10003cd4:	0007      	movs	r7, r0
10003cd6:	f7fe fec5 	bl	10002a64 <__wrap___aeabi_i2d>
10003cda:	4aa7      	ldr	r2, [pc, #668]	@ (10003f78 <_etoa+0x524>)
10003cdc:	4ba7      	ldr	r3, [pc, #668]	@ (10003f7c <_etoa+0x528>)
10003cde:	900a      	str	r0, [sp, #40]	@ 0x28
10003ce0:	910b      	str	r1, [sp, #44]	@ 0x2c
10003ce2:	f7fe fe50 	bl	10002986 <__wrap___aeabi_dmul>
10003ce6:	2200      	movs	r2, #0
10003ce8:	4ba5      	ldr	r3, [pc, #660]	@ (10003f80 <_etoa+0x52c>)
10003cea:	f7fe fe25 	bl	10002938 <__wrap___aeabi_dadd>
10003cee:	f7fe fed1 	bl	10002a94 <__wrap___aeabi_d2iz>
10003cf2:	4aa4      	ldr	r2, [pc, #656]	@ (10003f84 <_etoa+0x530>)
10003cf4:	0006      	movs	r6, r0
10003cf6:	980a      	ldr	r0, [sp, #40]	@ 0x28
10003cf8:	990b      	ldr	r1, [sp, #44]	@ 0x2c
10003cfa:	4ba3      	ldr	r3, [pc, #652]	@ (10003f88 <_etoa+0x534>)
10003cfc:	f7fe fe43 	bl	10002986 <__wrap___aeabi_dmul>
10003d00:	900a      	str	r0, [sp, #40]	@ 0x28
10003d02:	910b      	str	r1, [sp, #44]	@ 0x2c
10003d04:	0030      	movs	r0, r6
10003d06:	f7fe fead 	bl	10002a64 <__wrap___aeabi_i2d>
10003d0a:	4aa0      	ldr	r2, [pc, #640]	@ (10003f8c <_etoa+0x538>)
10003d0c:	4ba0      	ldr	r3, [pc, #640]	@ (10003f90 <_etoa+0x53c>)
10003d0e:	f7fe fe3a 	bl	10002986 <__wrap___aeabi_dmul>
10003d12:	0002      	movs	r2, r0
10003d14:	000b      	movs	r3, r1
10003d16:	980a      	ldr	r0, [sp, #40]	@ 0x28
10003d18:	990b      	ldr	r1, [sp, #44]	@ 0x2c
10003d1a:	f7fe fe04 	bl	10002926 <__wrap___aeabi_dsub>
10003d1e:	0002      	movs	r2, r0
10003d20:	000b      	movs	r3, r1
10003d22:	900a      	str	r0, [sp, #40]	@ 0x28
10003d24:	910b      	str	r1, [sp, #44]	@ 0x2c
10003d26:	f7fe fe2e 	bl	10002986 <__wrap___aeabi_dmul>
10003d2a:	900c      	str	r0, [sp, #48]	@ 0x30
10003d2c:	910d      	str	r1, [sp, #52]	@ 0x34
10003d2e:	980a      	ldr	r0, [sp, #40]	@ 0x28
10003d30:	990b      	ldr	r1, [sp, #44]	@ 0x2c
10003d32:	0002      	movs	r2, r0
10003d34:	000b      	movs	r3, r1
10003d36:	f7fe fdff 	bl	10002938 <__wrap___aeabi_dadd>
10003d3a:	2200      	movs	r2, #0
10003d3c:	9010      	str	r0, [sp, #64]	@ 0x40
10003d3e:	9111      	str	r1, [sp, #68]	@ 0x44
10003d40:	980c      	ldr	r0, [sp, #48]	@ 0x30
10003d42:	990d      	ldr	r1, [sp, #52]	@ 0x34
10003d44:	4b93      	ldr	r3, [pc, #588]	@ (10003f94 <_etoa+0x540>)
10003d46:	f7fe fe00 	bl	1000294a <__wrap___aeabi_ddiv>
10003d4a:	2200      	movs	r2, #0
10003d4c:	4b92      	ldr	r3, [pc, #584]	@ (10003f98 <_etoa+0x544>)
10003d4e:	f7fe fdf3 	bl	10002938 <__wrap___aeabi_dadd>
10003d52:	0002      	movs	r2, r0
10003d54:	000b      	movs	r3, r1
10003d56:	980c      	ldr	r0, [sp, #48]	@ 0x30
10003d58:	990d      	ldr	r1, [sp, #52]	@ 0x34
10003d5a:	f7fe fdf6 	bl	1000294a <__wrap___aeabi_ddiv>
10003d5e:	2200      	movs	r2, #0
10003d60:	4b8e      	ldr	r3, [pc, #568]	@ (10003f9c <_etoa+0x548>)
10003d62:	f7fe fde9 	bl	10002938 <__wrap___aeabi_dadd>
10003d66:	0002      	movs	r2, r0
10003d68:	000b      	movs	r3, r1
10003d6a:	980c      	ldr	r0, [sp, #48]	@ 0x30
10003d6c:	990d      	ldr	r1, [sp, #52]	@ 0x34
10003d6e:	f7fe fdec 	bl	1000294a <__wrap___aeabi_ddiv>
10003d72:	9a0a      	ldr	r2, [sp, #40]	@ 0x28
10003d74:	9b0b      	ldr	r3, [sp, #44]	@ 0x2c
10003d76:	900c      	str	r0, [sp, #48]	@ 0x30
10003d78:	910d      	str	r1, [sp, #52]	@ 0x34
10003d7a:	2180      	movs	r1, #128	@ 0x80
10003d7c:	2000      	movs	r0, #0
10003d7e:	05c9      	lsls	r1, r1, #23
10003d80:	f7fe fdd1 	bl	10002926 <__wrap___aeabi_dsub>
10003d84:	0002      	movs	r2, r0
10003d86:	000b      	movs	r3, r1
10003d88:	980c      	ldr	r0, [sp, #48]	@ 0x30
10003d8a:	990d      	ldr	r1, [sp, #52]	@ 0x34
10003d8c:	f7fe fdd4 	bl	10002938 <__wrap___aeabi_dadd>
10003d90:	0002      	movs	r2, r0
10003d92:	000b      	movs	r3, r1
10003d94:	9810      	ldr	r0, [sp, #64]	@ 0x40
10003d96:	9911      	ldr	r1, [sp, #68]	@ 0x44
10003d98:	f7fe fdd7 	bl	1000294a <__wrap___aeabi_ddiv>
10003d9c:	2200      	movs	r2, #0
10003d9e:	4b72      	ldr	r3, [pc, #456]	@ (10003f68 <_etoa+0x514>)
10003da0:	f7fe fdca 	bl	10002938 <__wrap___aeabi_dadd>
10003da4:	4b7e      	ldr	r3, [pc, #504]	@ (10003fa0 <_etoa+0x54c>)
10003da6:	2200      	movs	r2, #0
10003da8:	18f6      	adds	r6, r6, r3
10003daa:	0533      	lsls	r3, r6, #20
10003dac:	f7fe fdeb 	bl	10002986 <__wrap___aeabi_dmul>
10003db0:	0002      	movs	r2, r0
10003db2:	000b      	movs	r3, r1
10003db4:	900a      	str	r0, [sp, #40]	@ 0x28
10003db6:	910b      	str	r1, [sp, #44]	@ 0x2c
10003db8:	9808      	ldr	r0, [sp, #32]
10003dba:	9909      	ldr	r1, [sp, #36]	@ 0x24
10003dbc:	f7fe fe26 	bl	10002a0c <__wrap___aeabi_dcmplt>
10003dc0:	2800      	cmp	r0, #0
10003dc2:	d008      	beq.n	10003dd6 <_etoa+0x382>
10003dc4:	980a      	ldr	r0, [sp, #40]	@ 0x28
10003dc6:	990b      	ldr	r1, [sp, #44]	@ 0x2c
10003dc8:	2200      	movs	r2, #0
10003dca:	4b73      	ldr	r3, [pc, #460]	@ (10003f98 <_etoa+0x544>)
10003dcc:	f7fe fdbd 	bl	1000294a <__wrap___aeabi_ddiv>
10003dd0:	900a      	str	r0, [sp, #40]	@ 0x28
10003dd2:	910b      	str	r1, [sp, #44]	@ 0x2c
10003dd4:	3f01      	subs	r7, #1
10003dd6:	990a      	ldr	r1, [sp, #40]	@ 0x28
10003dd8:	9a0b      	ldr	r2, [sp, #44]	@ 0x2c
10003dda:	000b      	movs	r3, r1
10003ddc:	0011      	movs	r1, r2
10003dde:	003a      	movs	r2, r7
10003de0:	3263      	adds	r2, #99	@ 0x63
10003de2:	2ac6      	cmp	r2, #198	@ 0xc6
10003de4:	d812      	bhi.n	10003e0c <_etoa+0x3b8>
10003de6:	2202      	movs	r2, #2
10003de8:	9828      	ldr	r0, [sp, #160]	@ 0xa0
10003dea:	2604      	movs	r6, #4
10003dec:	4010      	ands	r0, r2
10003dee:	9a0e      	ldr	r2, [sp, #56]	@ 0x38
10003df0:	900c      	str	r0, [sp, #48]	@ 0x30
10003df2:	2a00      	cmp	r2, #0
10003df4:	d126      	bne.n	10003e44 <_etoa+0x3f0>
10003df6:	9b27      	ldr	r3, [sp, #156]	@ 0x9c
10003df8:	2b04      	cmp	r3, #4
10003dfa:	d905      	bls.n	10003e08 <_etoa+0x3b4>
10003dfc:	2800      	cmp	r0, #0
10003dfe:	d000      	beq.n	10003e02 <_etoa+0x3ae>
10003e00:	e0a1      	b.n	10003f46 <_etoa+0x4f2>
10003e02:	9b27      	ldr	r3, [sp, #156]	@ 0x9c
10003e04:	3b04      	subs	r3, #4
10003e06:	930e      	str	r3, [sp, #56]	@ 0x38
10003e08:	2604      	movs	r6, #4
10003e0a:	e042      	b.n	10003e92 <_etoa+0x43e>
10003e0c:	2202      	movs	r2, #2
10003e0e:	9828      	ldr	r0, [sp, #160]	@ 0xa0
10003e10:	4010      	ands	r0, r2
10003e12:	9a0e      	ldr	r2, [sp, #56]	@ 0x38
10003e14:	900c      	str	r0, [sp, #48]	@ 0x30
10003e16:	2a00      	cmp	r2, #0
10003e18:	d113      	bne.n	10003e42 <_etoa+0x3ee>
10003e1a:	9b27      	ldr	r3, [sp, #156]	@ 0x9c
10003e1c:	2b05      	cmp	r3, #5
10003e1e:	d800      	bhi.n	10003e22 <_etoa+0x3ce>
10003e20:	e089      	b.n	10003f36 <_etoa+0x4e2>
10003e22:	2800      	cmp	r0, #0
10003e24:	d000      	beq.n	10003e28 <_etoa+0x3d4>
10003e26:	e084      	b.n	10003f32 <_etoa+0x4de>
10003e28:	9b27      	ldr	r3, [sp, #156]	@ 0x9c
10003e2a:	2605      	movs	r6, #5
10003e2c:	3b05      	subs	r3, #5
10003e2e:	930e      	str	r3, [sp, #56]	@ 0x38
10003e30:	e032      	b.n	10003e98 <_etoa+0x444>
10003e32:	2380      	movs	r3, #128	@ 0x80
10003e34:	061b      	lsls	r3, r3, #24
10003e36:	469c      	mov	ip, r3
10003e38:	44ac      	add	ip, r5
10003e3a:	4663      	mov	r3, ip
10003e3c:	9408      	str	r4, [sp, #32]
10003e3e:	9309      	str	r3, [sp, #36]	@ 0x24
10003e40:	e63d      	b.n	10003abe <_etoa+0x6a>
10003e42:	2605      	movs	r6, #5
10003e44:	430b      	orrs	r3, r1
10003e46:	d100      	bne.n	10003e4a <_etoa+0x3f6>
10003e48:	e6f9      	b.n	10003c3e <_etoa+0x1ea>
10003e4a:	9808      	ldr	r0, [sp, #32]
10003e4c:	9909      	ldr	r1, [sp, #36]	@ 0x24
10003e4e:	4a55      	ldr	r2, [pc, #340]	@ (10003fa4 <_etoa+0x550>)
10003e50:	4b55      	ldr	r3, [pc, #340]	@ (10003fa8 <_etoa+0x554>)
10003e52:	f7fe fde9 	bl	10002a28 <__wrap___aeabi_dcmpge>
10003e56:	2800      	cmp	r0, #0
10003e58:	d008      	beq.n	10003e6c <_etoa+0x418>
10003e5a:	9808      	ldr	r0, [sp, #32]
10003e5c:	9909      	ldr	r1, [sp, #36]	@ 0x24
10003e5e:	2200      	movs	r2, #0
10003e60:	4b52      	ldr	r3, [pc, #328]	@ (10003fac <_etoa+0x558>)
10003e62:	f7fe fdd3 	bl	10002a0c <__wrap___aeabi_dcmplt>
10003e66:	2800      	cmp	r0, #0
10003e68:	d000      	beq.n	10003e6c <_etoa+0x418>
10003e6a:	e6e8      	b.n	10003c3e <_etoa+0x1ea>
10003e6c:	9b26      	ldr	r3, [sp, #152]	@ 0x98
10003e6e:	2b00      	cmp	r3, #0
10003e70:	d034      	beq.n	10003edc <_etoa+0x488>
10003e72:	9b0f      	ldr	r3, [sp, #60]	@ 0x3c
10003e74:	2b00      	cmp	r3, #0
10003e76:	d031      	beq.n	10003edc <_etoa+0x488>
10003e78:	9b26      	ldr	r3, [sp, #152]	@ 0x98
10003e7a:	3b01      	subs	r3, #1
10003e7c:	9326      	str	r3, [sp, #152]	@ 0x98
10003e7e:	9b27      	ldr	r3, [sp, #156]	@ 0x9c
10003e80:	42b3      	cmp	r3, r6
10003e82:	d904      	bls.n	10003e8e <_etoa+0x43a>
10003e84:	9b0c      	ldr	r3, [sp, #48]	@ 0x30
10003e86:	2b00      	cmp	r3, #0
10003e88:	d059      	beq.n	10003f3e <_etoa+0x4ea>
10003e8a:	2302      	movs	r3, #2
10003e8c:	930c      	str	r3, [sp, #48]	@ 0x30
10003e8e:	2300      	movs	r3, #0
10003e90:	930e      	str	r3, [sp, #56]	@ 0x38
10003e92:	2f00      	cmp	r7, #0
10003e94:	d100      	bne.n	10003e98 <_etoa+0x444>
10003e96:	e63e      	b.n	10003b16 <_etoa+0xc2>
10003e98:	9a0a      	ldr	r2, [sp, #40]	@ 0x28
10003e9a:	9b0b      	ldr	r3, [sp, #44]	@ 0x2c
10003e9c:	9808      	ldr	r0, [sp, #32]
10003e9e:	9909      	ldr	r1, [sp, #36]	@ 0x24
10003ea0:	f7fe fd53 	bl	1000294a <__wrap___aeabi_ddiv>
10003ea4:	2200      	movs	r2, #0
10003ea6:	9008      	str	r0, [sp, #32]
10003ea8:	9109      	str	r1, [sp, #36]	@ 0x24
10003eaa:	2300      	movs	r3, #0
10003eac:	0020      	movs	r0, r4
10003eae:	0029      	movs	r1, r5
10003eb0:	f7fe fdac 	bl	10002a0c <__wrap___aeabi_dcmplt>
10003eb4:	2800      	cmp	r0, #0
10003eb6:	d100      	bne.n	10003eba <_etoa+0x466>
10003eb8:	e636      	b.n	10003b28 <_etoa+0xd4>
10003eba:	9c08      	ldr	r4, [sp, #32]
10003ebc:	9d09      	ldr	r5, [sp, #36]	@ 0x24
10003ebe:	9a28      	ldr	r2, [sp, #160]	@ 0xa0
10003ec0:	2080      	movs	r0, #128	@ 0x80
10003ec2:	4b3b      	ldr	r3, [pc, #236]	@ (10003fb0 <_etoa+0x55c>)
10003ec4:	0600      	lsls	r0, r0, #24
10003ec6:	4013      	ands	r3, r2
10003ec8:	0022      	movs	r2, r4
10003eca:	9304      	str	r3, [sp, #16]
10003ecc:	9b0e      	ldr	r3, [sp, #56]	@ 0x38
10003ece:	9303      	str	r3, [sp, #12]
10003ed0:	9b26      	ldr	r3, [sp, #152]	@ 0x98
10003ed2:	9302      	str	r3, [sp, #8]
10003ed4:	182b      	adds	r3, r5, r0
10003ed6:	9200      	str	r2, [sp, #0]
10003ed8:	9301      	str	r3, [sp, #4]
10003eda:	e631      	b.n	10003b40 <_etoa+0xec>
10003edc:	9b27      	ldr	r3, [sp, #156]	@ 0x9c
10003ede:	42b3      	cmp	r3, r6
10003ee0:	d9d5      	bls.n	10003e8e <_etoa+0x43a>
10003ee2:	9b0c      	ldr	r3, [sp, #48]	@ 0x30
10003ee4:	2b00      	cmp	r3, #0
10003ee6:	d02a      	beq.n	10003f3e <_etoa+0x4ea>
10003ee8:	2300      	movs	r3, #0
10003eea:	930e      	str	r3, [sp, #56]	@ 0x38
10003eec:	3302      	adds	r3, #2
10003eee:	930c      	str	r3, [sp, #48]	@ 0x30
10003ef0:	e7cf      	b.n	10003e92 <_etoa+0x43e>
10003ef2:	9b28      	ldr	r3, [sp, #160]	@ 0xa0
10003ef4:	4a2e      	ldr	r2, [pc, #184]	@ (10003fb0 <_etoa+0x55c>)
10003ef6:	2080      	movs	r0, #128	@ 0x80
10003ef8:	9c08      	ldr	r4, [sp, #32]
10003efa:	9d09      	ldr	r5, [sp, #36]	@ 0x24
10003efc:	401a      	ands	r2, r3
10003efe:	2380      	movs	r3, #128	@ 0x80
10003f00:	00db      	lsls	r3, r3, #3
10003f02:	4313      	orrs	r3, r2
10003f04:	0022      	movs	r2, r4
10003f06:	9304      	str	r3, [sp, #16]
10003f08:	9b27      	ldr	r3, [sp, #156]	@ 0x9c
10003f0a:	0600      	lsls	r0, r0, #24
10003f0c:	9303      	str	r3, [sp, #12]
10003f0e:	182b      	adds	r3, r5, r0
10003f10:	9200      	str	r2, [sp, #0]
10003f12:	9301      	str	r3, [sp, #4]
10003f14:	9602      	str	r6, [sp, #8]
10003f16:	e67d      	b.n	10003c14 <_etoa+0x1c0>
10003f18:	2605      	movs	r6, #5
10003f1a:	e695      	b.n	10003c48 <_etoa+0x1f4>
10003f1c:	2300      	movs	r3, #0
10003f1e:	930e      	str	r3, [sp, #56]	@ 0x38
10003f20:	3302      	adds	r3, #2
10003f22:	2700      	movs	r7, #0
10003f24:	2604      	movs	r6, #4
10003f26:	930c      	str	r3, [sp, #48]	@ 0x30
10003f28:	e5f5      	b.n	10003b16 <_etoa+0xc2>
10003f2a:	1e4b      	subs	r3, r1, #1
10003f2c:	191b      	adds	r3, r3, r4
10003f2e:	1a1b      	subs	r3, r3, r0
10003f30:	e665      	b.n	10003bfe <_etoa+0x1aa>
10003f32:	2302      	movs	r3, #2
10003f34:	930c      	str	r3, [sp, #48]	@ 0x30
10003f36:	2605      	movs	r6, #5
10003f38:	e7ae      	b.n	10003e98 <_etoa+0x444>
10003f3a:	2304      	movs	r3, #4
10003f3c:	e5e7      	b.n	10003b0e <_etoa+0xba>
10003f3e:	9b27      	ldr	r3, [sp, #156]	@ 0x9c
10003f40:	1b9b      	subs	r3, r3, r6
10003f42:	930e      	str	r3, [sp, #56]	@ 0x38
10003f44:	e7a5      	b.n	10003e92 <_etoa+0x43e>
10003f46:	2302      	movs	r3, #2
10003f48:	2604      	movs	r6, #4
10003f4a:	930c      	str	r3, [sp, #48]	@ 0x30
10003f4c:	e7a1      	b.n	10003e92 <_etoa+0x43e>
10003f4e:	1bdb      	subs	r3, r3, r7
10003f50:	1e5e      	subs	r6, r3, #1
10003f52:	e679      	b.n	10003c48 <_etoa+0x1f4>
10003f54:	fffffc01 	.word	0xfffffc01
10003f58:	509f79fb 	.word	0x509f79fb
10003f5c:	3fd34413 	.word	0x3fd34413
10003f60:	8b60c8b3 	.word	0x8b60c8b3
10003f64:	3fc68a28 	.word	0x3fc68a28
10003f68:	3ff00000 	.word	0x3ff00000
10003f6c:	3ff80000 	.word	0x3ff80000
10003f70:	636f4361 	.word	0x636f4361
10003f74:	3fd287a7 	.word	0x3fd287a7
10003f78:	0979a371 	.word	0x0979a371
10003f7c:	400a934f 	.word	0x400a934f
10003f80:	3fe00000 	.word	0x3fe00000
10003f84:	bbb55516 	.word	0xbbb55516
10003f88:	40026bb1 	.word	0x40026bb1
10003f8c:	fefa39ef 	.word	0xfefa39ef
10003f90:	3fe62e42 	.word	0x3fe62e42
10003f94:	402c0000 	.word	0x402c0000
10003f98:	40240000 	.word	0x40240000
10003f9c:	40180000 	.word	0x40180000
10003fa0:	000003ff 	.word	0x000003ff
10003fa4:	eb1c432d 	.word	0xeb1c432d
10003fa8:	3f1a36e2 	.word	0x3f1a36e2
10003fac:	412e8480 	.word	0x412e8480
10003fb0:	fffff7ff 	.word	0xfffff7ff

10003fb4 <_vsnprintf>:
10003fb4:	b5f0      	push	{r4, r5, r6, r7, lr}
10003fb6:	4657      	mov	r7, sl
10003fb8:	46de      	mov	lr, fp
10003fba:	464e      	mov	r6, r9
10003fbc:	4645      	mov	r5, r8
10003fbe:	b5e0      	push	{r5, r6, r7, lr}
10003fc0:	b0a3      	sub	sp, #140	@ 0x8c
10003fc2:	001f      	movs	r7, r3
10003fc4:	9b2c      	ldr	r3, [sp, #176]	@ 0xb0
10003fc6:	4692      	mov	sl, r2
10003fc8:	930c      	str	r3, [sp, #48]	@ 0x30
10003fca:	4ac9      	ldr	r2, [pc, #804]	@ (100042f0 <_vsnprintf+0x33c>)
10003fcc:	4bc9      	ldr	r3, [pc, #804]	@ (100042f4 <_vsnprintf+0x340>)
10003fce:	468b      	mov	fp, r1
10003fd0:	900b      	str	r0, [sp, #44]	@ 0x2c
10003fd2:	601a      	str	r2, [r3, #0]
10003fd4:	2900      	cmp	r1, #0
10003fd6:	d100      	bne.n	10003fda <_vsnprintf+0x26>
10003fd8:	e1bf      	b.n	1000435a <_vsnprintf+0x3a6>
10003fda:	2300      	movs	r3, #0
10003fdc:	7838      	ldrb	r0, [r7, #0]
10003fde:	4699      	mov	r9, r3
10003fe0:	2800      	cmp	r0, #0
10003fe2:	d100      	bne.n	10003fe6 <_vsnprintf+0x32>
10003fe4:	e1c1      	b.n	1000436a <_vsnprintf+0x3b6>
10003fe6:	4bc4      	ldr	r3, [pc, #784]	@ (100042f8 <_vsnprintf+0x344>)
10003fe8:	464c      	mov	r4, r9
10003fea:	9309      	str	r3, [sp, #36]	@ 0x24
10003fec:	4bc3      	ldr	r3, [pc, #780]	@ (100042fc <_vsnprintf+0x348>)
10003fee:	930e      	str	r3, [sp, #56]	@ 0x38
10003ff0:	465b      	mov	r3, fp
10003ff2:	930a      	str	r3, [sp, #40]	@ 0x28
10003ff4:	e008      	b.n	10004008 <_vsnprintf+0x54>
10003ff6:	0022      	movs	r2, r4
10003ff8:	4653      	mov	r3, sl
10003ffa:	990a      	ldr	r1, [sp, #40]	@ 0x28
10003ffc:	9d0b      	ldr	r5, [sp, #44]	@ 0x2c
10003ffe:	47a8      	blx	r5
10004000:	3401      	adds	r4, #1
10004002:	7838      	ldrb	r0, [r7, #0]
10004004:	2800      	cmp	r0, #0
10004006:	d076      	beq.n	100040f6 <_vsnprintf+0x142>
10004008:	3701      	adds	r7, #1
1000400a:	2825      	cmp	r0, #37	@ 0x25
1000400c:	d1f3      	bne.n	10003ff6 <_vsnprintf+0x42>
1000400e:	2310      	movs	r3, #16
10004010:	469b      	mov	fp, r3
10004012:	3b08      	subs	r3, #8
10004014:	4699      	mov	r9, r3
10004016:	3b04      	subs	r3, #4
10004018:	4698      	mov	r8, r3
1000401a:	3b03      	subs	r3, #3
1000401c:	2600      	movs	r6, #0
1000401e:	2502      	movs	r5, #2
10004020:	469c      	mov	ip, r3
10004022:	7838      	ldrb	r0, [r7, #0]
10004024:	1c79      	adds	r1, r7, #1
10004026:	0003      	movs	r3, r0
10004028:	3b20      	subs	r3, #32
1000402a:	b2db      	uxtb	r3, r3
1000402c:	2b10      	cmp	r3, #16
1000402e:	d803      	bhi.n	10004038 <_vsnprintf+0x84>
10004030:	9a09      	ldr	r2, [sp, #36]	@ 0x24
10004032:	009b      	lsls	r3, r3, #2
10004034:	58d3      	ldr	r3, [r2, r3]
10004036:	469f      	mov	pc, r3
10004038:	0003      	movs	r3, r0
1000403a:	3b30      	subs	r3, #48	@ 0x30
1000403c:	2b09      	cmp	r3, #9
1000403e:	d936      	bls.n	100040ae <_vsnprintf+0xfa>
10004040:	2500      	movs	r5, #0
10004042:	282a      	cmp	r0, #42	@ 0x2a
10004044:	d100      	bne.n	10004048 <_vsnprintf+0x94>
10004046:	e0a7      	b.n	10004198 <_vsnprintf+0x1e4>
10004048:	2300      	movs	r3, #0
1000404a:	930d      	str	r3, [sp, #52]	@ 0x34
1000404c:	282e      	cmp	r0, #46	@ 0x2e
1000404e:	d03f      	beq.n	100040d0 <_vsnprintf+0x11c>
10004050:	0003      	movs	r3, r0
10004052:	3b68      	subs	r3, #104	@ 0x68
10004054:	b2db      	uxtb	r3, r3
10004056:	2b12      	cmp	r3, #18
10004058:	d81b      	bhi.n	10004092 <_vsnprintf+0xde>
1000405a:	9a0e      	ldr	r2, [sp, #56]	@ 0x38
1000405c:	009b      	lsls	r3, r3, #2
1000405e:	58d3      	ldr	r3, [r2, r3]
10004060:	469f      	mov	pc, r3
10004062:	4663      	mov	r3, ip
10004064:	000f      	movs	r7, r1
10004066:	431e      	orrs	r6, r3
10004068:	e7db      	b.n	10004022 <_vsnprintf+0x6e>
1000406a:	000f      	movs	r7, r1
1000406c:	432e      	orrs	r6, r5
1000406e:	e7d8      	b.n	10004022 <_vsnprintf+0x6e>
10004070:	4643      	mov	r3, r8
10004072:	000f      	movs	r7, r1
10004074:	431e      	orrs	r6, r3
10004076:	e7d4      	b.n	10004022 <_vsnprintf+0x6e>
10004078:	465b      	mov	r3, fp
1000407a:	000f      	movs	r7, r1
1000407c:	431e      	orrs	r6, r3
1000407e:	e7d0      	b.n	10004022 <_vsnprintf+0x6e>
10004080:	464b      	mov	r3, r9
10004082:	000f      	movs	r7, r1
10004084:	431e      	orrs	r6, r3
10004086:	e7cc      	b.n	10004022 <_vsnprintf+0x6e>
10004088:	2380      	movs	r3, #128	@ 0x80
1000408a:	7878      	ldrb	r0, [r7, #1]
1000408c:	005b      	lsls	r3, r3, #1
1000408e:	431e      	orrs	r6, r3
10004090:	3101      	adds	r1, #1
10004092:	000f      	movs	r7, r1
10004094:	2867      	cmp	r0, #103	@ 0x67
10004096:	d845      	bhi.n	10004124 <_vsnprintf+0x170>
10004098:	2824      	cmp	r0, #36	@ 0x24
1000409a:	d9ac      	bls.n	10003ff6 <_vsnprintf+0x42>
1000409c:	0003      	movs	r3, r0
1000409e:	3b25      	subs	r3, #37	@ 0x25
100040a0:	b2db      	uxtb	r3, r3
100040a2:	2b42      	cmp	r3, #66	@ 0x42
100040a4:	d8a7      	bhi.n	10003ff6 <_vsnprintf+0x42>
100040a6:	4996      	ldr	r1, [pc, #600]	@ (10004300 <_vsnprintf+0x34c>)
100040a8:	009b      	lsls	r3, r3, #2
100040aa:	58cb      	ldr	r3, [r1, r3]
100040ac:	469f      	mov	pc, r3
100040ae:	2500      	movs	r5, #0
100040b0:	00ab      	lsls	r3, r5, #2
100040b2:	195d      	adds	r5, r3, r5
100040b4:	006d      	lsls	r5, r5, #1
100040b6:	182d      	adds	r5, r5, r0
100040b8:	7808      	ldrb	r0, [r1, #0]
100040ba:	000f      	movs	r7, r1
100040bc:	0003      	movs	r3, r0
100040be:	3b30      	subs	r3, #48	@ 0x30
100040c0:	3d30      	subs	r5, #48	@ 0x30
100040c2:	3101      	adds	r1, #1
100040c4:	2b09      	cmp	r3, #9
100040c6:	d9f3      	bls.n	100040b0 <_vsnprintf+0xfc>
100040c8:	2300      	movs	r3, #0
100040ca:	930d      	str	r3, [sp, #52]	@ 0x34
100040cc:	282e      	cmp	r0, #46	@ 0x2e
100040ce:	d1bf      	bne.n	10004050 <_vsnprintf+0x9c>
100040d0:	2230      	movs	r2, #48	@ 0x30
100040d2:	2080      	movs	r0, #128	@ 0x80
100040d4:	4252      	negs	r2, r2
100040d6:	4690      	mov	r8, r2
100040d8:	00c0      	lsls	r0, r0, #3
100040da:	4306      	orrs	r6, r0
100040dc:	7878      	ldrb	r0, [r7, #1]
100040de:	000b      	movs	r3, r1
100040e0:	4480      	add	r8, r0
100040e2:	4642      	mov	r2, r8
100040e4:	2a09      	cmp	r2, #9
100040e6:	d800      	bhi.n	100040ea <_vsnprintf+0x136>
100040e8:	e151      	b.n	1000438e <_vsnprintf+0x3da>
100040ea:	282a      	cmp	r0, #42	@ 0x2a
100040ec:	d100      	bne.n	100040f0 <_vsnprintf+0x13c>
100040ee:	e15e      	b.n	100043ae <_vsnprintf+0x3fa>
100040f0:	000f      	movs	r7, r1
100040f2:	3101      	adds	r1, #1
100040f4:	e7ac      	b.n	10004050 <_vsnprintf+0x9c>
100040f6:	9b0a      	ldr	r3, [sp, #40]	@ 0x28
100040f8:	46a1      	mov	r9, r4
100040fa:	469b      	mov	fp, r3
100040fc:	45ca      	cmp	sl, r9
100040fe:	d803      	bhi.n	10004108 <_vsnprintf+0x154>
10004100:	2301      	movs	r3, #1
10004102:	425b      	negs	r3, r3
10004104:	4453      	add	r3, sl
10004106:	4699      	mov	r9, r3
10004108:	4653      	mov	r3, sl
1000410a:	464a      	mov	r2, r9
1000410c:	4659      	mov	r1, fp
1000410e:	2000      	movs	r0, #0
10004110:	9d0b      	ldr	r5, [sp, #44]	@ 0x2c
10004112:	47a8      	blx	r5
10004114:	0020      	movs	r0, r4
10004116:	b023      	add	sp, #140	@ 0x8c
10004118:	bcf0      	pop	{r4, r5, r6, r7}
1000411a:	46bb      	mov	fp, r7
1000411c:	46b2      	mov	sl, r6
1000411e:	46a9      	mov	r9, r5
10004120:	46a0      	mov	r8, r4
10004122:	bdf0      	pop	{r4, r5, r6, r7, pc}
10004124:	0003      	movs	r3, r0
10004126:	3b69      	subs	r3, #105	@ 0x69
10004128:	b2db      	uxtb	r3, r3
1000412a:	2b0f      	cmp	r3, #15
1000412c:	d900      	bls.n	10004130 <_vsnprintf+0x17c>
1000412e:	e762      	b.n	10003ff6 <_vsnprintf+0x42>
10004130:	2101      	movs	r1, #1
10004132:	4099      	lsls	r1, r3
10004134:	4688      	mov	r8, r1
10004136:	4a73      	ldr	r2, [pc, #460]	@ (10004304 <_vsnprintf+0x350>)
10004138:	4011      	ands	r1, r2
1000413a:	468b      	mov	fp, r1
1000413c:	0011      	movs	r1, r2
1000413e:	4642      	mov	r2, r8
10004140:	420a      	tst	r2, r1
10004142:	d000      	beq.n	10004146 <_vsnprintf+0x192>
10004144:	e113      	b.n	1000436e <_vsnprintf+0x3ba>
10004146:	2b0a      	cmp	r3, #10
10004148:	d02f      	beq.n	100041aa <_vsnprintf+0x1f6>
1000414a:	2b07      	cmp	r3, #7
1000414c:	d000      	beq.n	10004150 <_vsnprintf+0x19c>
1000414e:	e752      	b.n	10003ff6 <_vsnprintf+0x42>
10004150:	9d0c      	ldr	r5, [sp, #48]	@ 0x30
10004152:	cd01      	ldmia	r5!, {r0}
10004154:	2800      	cmp	r0, #0
10004156:	d100      	bne.n	1000415a <_vsnprintf+0x1a6>
10004158:	e134      	b.n	100043c4 <_vsnprintf+0x410>
1000415a:	2321      	movs	r3, #33	@ 0x21
1000415c:	431e      	orrs	r6, r3
1000415e:	46b0      	mov	r8, r6
10004160:	261f      	movs	r6, #31
10004162:	9a0d      	ldr	r2, [sp, #52]	@ 0x34
10004164:	ab12      	add	r3, sp, #72	@ 0x48
10004166:	18f6      	adds	r6, r6, r3
10004168:	46a1      	mov	r9, r4
1000416a:	4694      	mov	ip, r2
1000416c:	4659      	mov	r1, fp
1000416e:	0034      	movs	r4, r6
10004170:	e002      	b.n	10004178 <_vsnprintf+0x1c4>
10004172:	0900      	lsrs	r0, r0, #4
10004174:	2920      	cmp	r1, #32
10004176:	d00a      	beq.n	1000418e <_vsnprintf+0x1da>
10004178:	260f      	movs	r6, #15
1000417a:	4006      	ands	r6, r0
1000417c:	0032      	movs	r2, r6
1000417e:	3237      	adds	r2, #55	@ 0x37
10004180:	2e09      	cmp	r6, #9
10004182:	d800      	bhi.n	10004186 <_vsnprintf+0x1d2>
10004184:	3a07      	subs	r2, #7
10004186:	3101      	adds	r1, #1
10004188:	5462      	strb	r2, [r4, r1]
1000418a:	280f      	cmp	r0, #15
1000418c:	d8f1      	bhi.n	10004172 <_vsnprintf+0x1be>
1000418e:	4663      	mov	r3, ip
10004190:	464c      	mov	r4, r9
10004192:	468b      	mov	fp, r1
10004194:	930d      	str	r3, [sp, #52]	@ 0x34
10004196:	e122      	b.n	100043de <_vsnprintf+0x42a>
10004198:	9b0c      	ldr	r3, [sp, #48]	@ 0x30
1000419a:	cb20      	ldmia	r3!, {r5}
1000419c:	2d00      	cmp	r5, #0
1000419e:	db52      	blt.n	10004246 <_vsnprintf+0x292>
100041a0:	7878      	ldrb	r0, [r7, #1]
100041a2:	930c      	str	r3, [sp, #48]	@ 0x30
100041a4:	000f      	movs	r7, r1
100041a6:	3101      	adds	r1, #1
100041a8:	e74e      	b.n	10004048 <_vsnprintf+0x94>
100041aa:	9b0c      	ldr	r3, [sp, #48]	@ 0x30
100041ac:	990d      	ldr	r1, [sp, #52]	@ 0x34
100041ae:	cb04      	ldmia	r3!, {r2}
100041b0:	4690      	mov	r8, r2
100041b2:	469b      	mov	fp, r3
100041b4:	2900      	cmp	r1, #0
100041b6:	d100      	bne.n	100041ba <_vsnprintf+0x206>
100041b8:	e128      	b.n	1000440c <_vsnprintf+0x458>
100041ba:	4643      	mov	r3, r8
100041bc:	7818      	ldrb	r0, [r3, #0]
100041be:	4441      	add	r1, r8
100041c0:	2800      	cmp	r0, #0
100041c2:	d101      	bne.n	100041c8 <_vsnprintf+0x214>
100041c4:	f000 fc29 	bl	10004a1a <_vsnprintf+0xa66>
100041c8:	9a0d      	ldr	r2, [sp, #52]	@ 0x34
100041ca:	4694      	mov	ip, r2
100041cc:	000a      	movs	r2, r1
100041ce:	e004      	b.n	100041da <_vsnprintf+0x226>
100041d0:	7859      	ldrb	r1, [r3, #1]
100041d2:	3301      	adds	r3, #1
100041d4:	2900      	cmp	r1, #0
100041d6:	d100      	bne.n	100041da <_vsnprintf+0x226>
100041d8:	e195      	b.n	10004506 <_vsnprintf+0x552>
100041da:	429a      	cmp	r2, r3
100041dc:	d1f8      	bne.n	100041d0 <_vsnprintf+0x21c>
100041de:	4663      	mov	r3, ip
100041e0:	930d      	str	r3, [sp, #52]	@ 0x34
100041e2:	4643      	mov	r3, r8
100041e4:	1ad3      	subs	r3, r2, r3
100041e6:	930f      	str	r3, [sp, #60]	@ 0x3c
100041e8:	0573      	lsls	r3, r6, #21
100041ea:	d400      	bmi.n	100041ee <_vsnprintf+0x23a>
100041ec:	e16c      	b.n	100044c8 <_vsnprintf+0x514>
100041ee:	9b0f      	ldr	r3, [sp, #60]	@ 0x3c
100041f0:	9a0d      	ldr	r2, [sp, #52]	@ 0x34
100041f2:	4293      	cmp	r3, r2
100041f4:	d900      	bls.n	100041f8 <_vsnprintf+0x244>
100041f6:	920f      	str	r2, [sp, #60]	@ 0x3c
100041f8:	2302      	movs	r3, #2
100041fa:	001a      	movs	r2, r3
100041fc:	4032      	ands	r2, r6
100041fe:	920c      	str	r2, [sp, #48]	@ 0x30
10004200:	4233      	tst	r3, r6
10004202:	d100      	bne.n	10004206 <_vsnprintf+0x252>
10004204:	e291      	b.n	1000472a <_vsnprintf+0x776>
10004206:	930c      	str	r3, [sp, #48]	@ 0x30
10004208:	9b0d      	ldr	r3, [sp, #52]	@ 0x34
1000420a:	46b9      	mov	r9, r7
1000420c:	191e      	adds	r6, r3, r4
1000420e:	4643      	mov	r3, r8
10004210:	1b1b      	subs	r3, r3, r4
10004212:	46a8      	mov	r8, r5
10004214:	0022      	movs	r2, r4
10004216:	001f      	movs	r7, r3
10004218:	9d0b      	ldr	r5, [sp, #44]	@ 0x2c
1000421a:	e008      	b.n	1000422e <_vsnprintf+0x27a>
1000421c:	1c54      	adds	r4, r2, #1
1000421e:	4653      	mov	r3, sl
10004220:	990a      	ldr	r1, [sp, #40]	@ 0x28
10004222:	47a8      	blx	r5
10004224:	5d38      	ldrb	r0, [r7, r4]
10004226:	2800      	cmp	r0, #0
10004228:	d100      	bne.n	1000422c <_vsnprintf+0x278>
1000422a:	e163      	b.n	100044f4 <_vsnprintf+0x540>
1000422c:	0022      	movs	r2, r4
1000422e:	4296      	cmp	r6, r2
10004230:	d1f4      	bne.n	1000421c <_vsnprintf+0x268>
10004232:	4645      	mov	r5, r8
10004234:	464f      	mov	r7, r9
10004236:	0034      	movs	r4, r6
10004238:	9b0c      	ldr	r3, [sp, #48]	@ 0x30
1000423a:	2b00      	cmp	r3, #0
1000423c:	d000      	beq.n	10004240 <_vsnprintf+0x28c>
1000423e:	e197      	b.n	10004570 <_vsnprintf+0x5bc>
10004240:	465b      	mov	r3, fp
10004242:	930c      	str	r3, [sp, #48]	@ 0x30
10004244:	e6dd      	b.n	10004002 <_vsnprintf+0x4e>
10004246:	2202      	movs	r2, #2
10004248:	7878      	ldrb	r0, [r7, #1]
1000424a:	4316      	orrs	r6, r2
1000424c:	000f      	movs	r7, r1
1000424e:	426d      	negs	r5, r5
10004250:	930c      	str	r3, [sp, #48]	@ 0x30
10004252:	3101      	adds	r1, #1
10004254:	e6f8      	b.n	10004048 <_vsnprintf+0x94>
10004256:	7878      	ldrb	r0, [r7, #1]
10004258:	286c      	cmp	r0, #108	@ 0x6c
1000425a:	d100      	bne.n	1000425e <_vsnprintf+0x2aa>
1000425c:	e159      	b.n	10004512 <_vsnprintf+0x55e>
1000425e:	2380      	movs	r3, #128	@ 0x80
10004260:	005b      	lsls	r3, r3, #1
10004262:	431e      	orrs	r6, r3
10004264:	3101      	adds	r1, #1
10004266:	e714      	b.n	10004092 <_vsnprintf+0xde>
10004268:	2380      	movs	r3, #128	@ 0x80
1000426a:	009b      	lsls	r3, r3, #2
1000426c:	7878      	ldrb	r0, [r7, #1]
1000426e:	431e      	orrs	r6, r3
10004270:	3101      	adds	r1, #1
10004272:	e70e      	b.n	10004092 <_vsnprintf+0xde>
10004274:	7878      	ldrb	r0, [r7, #1]
10004276:	2868      	cmp	r0, #104	@ 0x68
10004278:	d100      	bne.n	1000427c <_vsnprintf+0x2c8>
1000427a:	e150      	b.n	1000451e <_vsnprintf+0x56a>
1000427c:	2380      	movs	r3, #128	@ 0x80
1000427e:	3101      	adds	r1, #1
10004280:	431e      	orrs	r6, r3
10004282:	e706      	b.n	10004092 <_vsnprintf+0xde>
10004284:	2867      	cmp	r0, #103	@ 0x67
10004286:	d100      	bne.n	1000428a <_vsnprintf+0x2d6>
10004288:	e0c2      	b.n	10004410 <_vsnprintf+0x45c>
1000428a:	2847      	cmp	r0, #71	@ 0x47
1000428c:	d100      	bne.n	10004290 <_vsnprintf+0x2dc>
1000428e:	e134      	b.n	100044fa <_vsnprintf+0x546>
10004290:	2845      	cmp	r0, #69	@ 0x45
10004292:	d100      	bne.n	10004296 <_vsnprintf+0x2e2>
10004294:	e134      	b.n	10004500 <_vsnprintf+0x54c>
10004296:	2107      	movs	r1, #7
10004298:	9b0c      	ldr	r3, [sp, #48]	@ 0x30
1000429a:	9a0d      	ldr	r2, [sp, #52]	@ 0x34
1000429c:	3307      	adds	r3, #7
1000429e:	438b      	bics	r3, r1
100042a0:	0019      	movs	r1, r3
100042a2:	9604      	str	r6, [sp, #16]
100042a4:	9503      	str	r5, [sp, #12]
100042a6:	9202      	str	r2, [sp, #8]
100042a8:	c90c      	ldmia	r1!, {r2, r3}
100042aa:	980b      	ldr	r0, [sp, #44]	@ 0x2c
100042ac:	9200      	str	r2, [sp, #0]
100042ae:	9301      	str	r3, [sp, #4]
100042b0:	910c      	str	r1, [sp, #48]	@ 0x30
100042b2:	0022      	movs	r2, r4
100042b4:	4653      	mov	r3, sl
100042b6:	990a      	ldr	r1, [sp, #40]	@ 0x28
100042b8:	f7ff fbcc 	bl	10003a54 <_etoa>
100042bc:	0004      	movs	r4, r0
100042be:	e6a0      	b.n	10004002 <_vsnprintf+0x4e>
100042c0:	2846      	cmp	r0, #70	@ 0x46
100042c2:	d100      	bne.n	100042c6 <_vsnprintf+0x312>
100042c4:	e0a8      	b.n	10004418 <_vsnprintf+0x464>
100042c6:	2107      	movs	r1, #7
100042c8:	9b0c      	ldr	r3, [sp, #48]	@ 0x30
100042ca:	9a0d      	ldr	r2, [sp, #52]	@ 0x34
100042cc:	3307      	adds	r3, #7
100042ce:	438b      	bics	r3, r1
100042d0:	0019      	movs	r1, r3
100042d2:	9604      	str	r6, [sp, #16]
100042d4:	9503      	str	r5, [sp, #12]
100042d6:	9202      	str	r2, [sp, #8]
100042d8:	c90c      	ldmia	r1!, {r2, r3}
100042da:	980b      	ldr	r0, [sp, #44]	@ 0x2c
100042dc:	9200      	str	r2, [sp, #0]
100042de:	9301      	str	r3, [sp, #4]
100042e0:	910c      	str	r1, [sp, #48]	@ 0x30
100042e2:	0022      	movs	r2, r4
100042e4:	4653      	mov	r3, sl
100042e6:	990a      	ldr	r1, [sp, #40]	@ 0x28
100042e8:	f7ff f97a 	bl	100035e0 <_ftoa>
100042ec:	0004      	movs	r4, r0
100042ee:	e688      	b.n	10004002 <_vsnprintf+0x4e>
100042f0:	10003fb5 	.word	0x10003fb5
100042f4:	20001c00 	.word	0x20001c00
100042f8:	10007800 	.word	0x10007800
100042fc:	10007844 	.word	0x10007844
10004300:	10007890 	.word	0x10007890
10004304:	00009041 	.word	0x00009041
10004308:	0022      	movs	r2, r4
1000430a:	4653      	mov	r3, sl
1000430c:	2025      	movs	r0, #37	@ 0x25
1000430e:	990a      	ldr	r1, [sp, #40]	@ 0x28
10004310:	9d0b      	ldr	r5, [sp, #44]	@ 0x2c
10004312:	47a8      	blx	r5
10004314:	3401      	adds	r4, #1
10004316:	e674      	b.n	10004002 <_vsnprintf+0x4e>
10004318:	9b0c      	ldr	r3, [sp, #48]	@ 0x30
1000431a:	3304      	adds	r3, #4
1000431c:	469b      	mov	fp, r3
1000431e:	1c63      	adds	r3, r4, #1
10004320:	4698      	mov	r8, r3
10004322:	07b6      	lsls	r6, r6, #30
10004324:	d400      	bmi.n	10004328 <_vsnprintf+0x374>
10004326:	e0ff      	b.n	10004528 <_vsnprintf+0x574>
10004328:	9b0c      	ldr	r3, [sp, #48]	@ 0x30
1000432a:	0022      	movs	r2, r4
1000432c:	7818      	ldrb	r0, [r3, #0]
1000432e:	990a      	ldr	r1, [sp, #40]	@ 0x28
10004330:	4653      	mov	r3, sl
10004332:	9e0b      	ldr	r6, [sp, #44]	@ 0x2c
10004334:	47b0      	blx	r6
10004336:	1964      	adds	r4, r4, r5
10004338:	2d01      	cmp	r5, #1
1000433a:	d800      	bhi.n	1000433e <_vsnprintf+0x38a>
1000433c:	e249      	b.n	100047d2 <_vsnprintf+0x81e>
1000433e:	4645      	mov	r5, r8
10004340:	9e0b      	ldr	r6, [sp, #44]	@ 0x2c
10004342:	46b8      	mov	r8, r7
10004344:	9f0a      	ldr	r7, [sp, #40]	@ 0x28
10004346:	002a      	movs	r2, r5
10004348:	4653      	mov	r3, sl
1000434a:	3501      	adds	r5, #1
1000434c:	0039      	movs	r1, r7
1000434e:	2020      	movs	r0, #32
10004350:	47b0      	blx	r6
10004352:	42a5      	cmp	r5, r4
10004354:	d1f7      	bne.n	10004346 <_vsnprintf+0x392>
10004356:	4647      	mov	r7, r8
10004358:	e772      	b.n	10004240 <_vsnprintf+0x28c>
1000435a:	4bdb      	ldr	r3, [pc, #876]	@ (100046c8 <_vsnprintf+0x714>)
1000435c:	7838      	ldrb	r0, [r7, #0]
1000435e:	930b      	str	r3, [sp, #44]	@ 0x2c
10004360:	2300      	movs	r3, #0
10004362:	4699      	mov	r9, r3
10004364:	2800      	cmp	r0, #0
10004366:	d000      	beq.n	1000436a <_vsnprintf+0x3b6>
10004368:	e63d      	b.n	10003fe6 <_vsnprintf+0x32>
1000436a:	2400      	movs	r4, #0
1000436c:	e6c6      	b.n	100040fc <_vsnprintf+0x148>
1000436e:	286f      	cmp	r0, #111	@ 0x6f
10004370:	d055      	beq.n	1000441e <_vsnprintf+0x46a>
10004372:	d800      	bhi.n	10004376 <_vsnprintf+0x3c2>
10004374:	e2bc      	b.n	100048f0 <_vsnprintf+0x93c>
10004376:	2310      	movs	r3, #16
10004378:	2878      	cmp	r0, #120	@ 0x78
1000437a:	d100      	bne.n	1000437e <_vsnprintf+0x3ca>
1000437c:	e09e      	b.n	100044bc <_vsnprintf+0x508>
1000437e:	439e      	bics	r6, r3
10004380:	230a      	movs	r3, #10
10004382:	469c      	mov	ip, r3
10004384:	2300      	movs	r3, #0
10004386:	930f      	str	r3, [sp, #60]	@ 0x3c
10004388:	330a      	adds	r3, #10
1000438a:	469b      	mov	fp, r3
1000438c:	e04d      	b.n	1000442a <_vsnprintf+0x476>
1000438e:	2100      	movs	r1, #0
10004390:	008a      	lsls	r2, r1, #2
10004392:	1852      	adds	r2, r2, r1
10004394:	0052      	lsls	r2, r2, #1
10004396:	3301      	adds	r3, #1
10004398:	1811      	adds	r1, r2, r0
1000439a:	7818      	ldrb	r0, [r3, #0]
1000439c:	3930      	subs	r1, #48	@ 0x30
1000439e:	0002      	movs	r2, r0
100043a0:	3a30      	subs	r2, #48	@ 0x30
100043a2:	2a09      	cmp	r2, #9
100043a4:	d9f4      	bls.n	10004390 <_vsnprintf+0x3dc>
100043a6:	910d      	str	r1, [sp, #52]	@ 0x34
100043a8:	001f      	movs	r7, r3
100043aa:	1c59      	adds	r1, r3, #1
100043ac:	e650      	b.n	10004050 <_vsnprintf+0x9c>
100043ae:	9b0c      	ldr	r3, [sp, #48]	@ 0x30
100043b0:	78b8      	ldrb	r0, [r7, #2]
100043b2:	cb04      	ldmia	r3!, {r2}
100043b4:	3702      	adds	r7, #2
100043b6:	43d1      	mvns	r1, r2
100043b8:	17c9      	asrs	r1, r1, #31
100043ba:	400a      	ands	r2, r1
100043bc:	920d      	str	r2, [sp, #52]	@ 0x34
100043be:	930c      	str	r3, [sp, #48]	@ 0x30
100043c0:	1c79      	adds	r1, r7, #1
100043c2:	e645      	b.n	10004050 <_vsnprintf+0x9c>
100043c4:	2310      	movs	r3, #16
100043c6:	0030      	movs	r0, r6
100043c8:	4398      	bics	r0, r3
100043ca:	3311      	adds	r3, #17
100043cc:	4318      	orrs	r0, r3
100043ce:	2380      	movs	r3, #128	@ 0x80
100043d0:	4680      	mov	r8, r0
100043d2:	0030      	movs	r0, r6
100043d4:	00db      	lsls	r3, r3, #3
100043d6:	4018      	ands	r0, r3
100043d8:	421e      	tst	r6, r3
100043da:	d100      	bne.n	100043de <_vsnprintf+0x42a>
100043dc:	e6c0      	b.n	10004160 <_vsnprintf+0x1ac>
100043de:	4643      	mov	r3, r8
100043e0:	9306      	str	r3, [sp, #24]
100043e2:	2308      	movs	r3, #8
100043e4:	9305      	str	r3, [sp, #20]
100043e6:	9b0d      	ldr	r3, [sp, #52]	@ 0x34
100043e8:	0022      	movs	r2, r4
100043ea:	9304      	str	r3, [sp, #16]
100043ec:	2310      	movs	r3, #16
100043ee:	9303      	str	r3, [sp, #12]
100043f0:	2300      	movs	r3, #0
100043f2:	9302      	str	r3, [sp, #8]
100043f4:	465b      	mov	r3, fp
100043f6:	9301      	str	r3, [sp, #4]
100043f8:	ab1a      	add	r3, sp, #104	@ 0x68
100043fa:	9300      	str	r3, [sp, #0]
100043fc:	990a      	ldr	r1, [sp, #40]	@ 0x28
100043fe:	4653      	mov	r3, sl
10004400:	980b      	ldr	r0, [sp, #44]	@ 0x2c
10004402:	f7fe fff1 	bl	100033e8 <_ntoa_format>
10004406:	950c      	str	r5, [sp, #48]	@ 0x30
10004408:	0004      	movs	r4, r0
1000440a:	e5fa      	b.n	10004002 <_vsnprintf+0x4e>
1000440c:	3901      	subs	r1, #1
1000440e:	e6d4      	b.n	100041ba <_vsnprintf+0x206>
10004410:	2380      	movs	r3, #128	@ 0x80
10004412:	011b      	lsls	r3, r3, #4
10004414:	431e      	orrs	r6, r3
10004416:	e73e      	b.n	10004296 <_vsnprintf+0x2e2>
10004418:	2320      	movs	r3, #32
1000441a:	431e      	orrs	r6, r3
1000441c:	e753      	b.n	100042c6 <_vsnprintf+0x312>
1000441e:	2308      	movs	r3, #8
10004420:	469c      	mov	ip, r3
10004422:	2300      	movs	r3, #0
10004424:	930f      	str	r3, [sp, #60]	@ 0x3c
10004426:	3308      	adds	r3, #8
10004428:	469b      	mov	fp, r3
1000442a:	2380      	movs	r3, #128	@ 0x80
1000442c:	0030      	movs	r0, r6
1000442e:	00db      	lsls	r3, r3, #3
10004430:	4018      	ands	r0, r3
10004432:	421e      	tst	r6, r3
10004434:	d100      	bne.n	10004438 <_vsnprintf+0x484>
10004436:	e11a      	b.n	1000466e <_vsnprintf+0x6ba>
10004438:	230d      	movs	r3, #13
1000443a:	0031      	movs	r1, r6
1000443c:	4399      	bics	r1, r3
1000443e:	2380      	movs	r3, #128	@ 0x80
10004440:	000a      	movs	r2, r1
10004442:	009b      	lsls	r3, r3, #2
10004444:	401a      	ands	r2, r3
10004446:	4691      	mov	r9, r2
10004448:	4219      	tst	r1, r3
1000444a:	d000      	beq.n	1000444e <_vsnprintf+0x49a>
1000444c:	e1c3      	b.n	100047d6 <_vsnprintf+0x822>
1000444e:	2380      	movs	r3, #128	@ 0x80
10004450:	000a      	movs	r2, r1
10004452:	005b      	lsls	r3, r3, #1
10004454:	401a      	ands	r2, r3
10004456:	4690      	mov	r8, r2
10004458:	9a0c      	ldr	r2, [sp, #48]	@ 0x30
1000445a:	3204      	adds	r2, #4
1000445c:	920f      	str	r2, [sp, #60]	@ 0x3c
1000445e:	4219      	tst	r1, r3
10004460:	d000      	beq.n	10004464 <_vsnprintf+0x4b0>
10004462:	e28f      	b.n	10004984 <_vsnprintf+0x9d0>
10004464:	064b      	lsls	r3, r1, #25
10004466:	d500      	bpl.n	1000446a <_vsnprintf+0x4b6>
10004468:	e197      	b.n	1000479a <_vsnprintf+0x7e6>
1000446a:	060b      	lsls	r3, r1, #24
1000446c:	d400      	bmi.n	10004470 <_vsnprintf+0x4bc>
1000446e:	e2e5      	b.n	10004a3c <_vsnprintf+0xa88>
10004470:	9b0c      	ldr	r3, [sp, #48]	@ 0x30
10004472:	881b      	ldrh	r3, [r3, #0]
10004474:	4699      	mov	r9, r3
10004476:	464b      	mov	r3, r9
10004478:	2b00      	cmp	r3, #0
1000447a:	d000      	beq.n	1000447e <_vsnprintf+0x4ca>
1000447c:	e205      	b.n	1000488a <_vsnprintf+0x8d6>
1000447e:	3310      	adds	r3, #16
10004480:	4399      	bics	r1, r3
10004482:	2800      	cmp	r0, #0
10004484:	d100      	bne.n	10004488 <_vsnprintf+0x4d4>
10004486:	e200      	b.n	1000488a <_vsnprintf+0x8d6>
10004488:	2300      	movs	r3, #0
1000448a:	4698      	mov	r8, r3
1000448c:	9b0d      	ldr	r3, [sp, #52]	@ 0x34
1000448e:	9106      	str	r1, [sp, #24]
10004490:	9304      	str	r3, [sp, #16]
10004492:	465b      	mov	r3, fp
10004494:	9303      	str	r3, [sp, #12]
10004496:	2300      	movs	r3, #0
10004498:	9505      	str	r5, [sp, #20]
1000449a:	9302      	str	r3, [sp, #8]
1000449c:	4643      	mov	r3, r8
1000449e:	e0d9      	b.n	10004654 <_vsnprintf+0x6a0>
100044a0:	2858      	cmp	r0, #88	@ 0x58
100044a2:	d008      	beq.n	100044b6 <_vsnprintf+0x502>
100044a4:	2862      	cmp	r0, #98	@ 0x62
100044a6:	d178      	bne.n	1000459a <_vsnprintf+0x5e6>
100044a8:	2302      	movs	r3, #2
100044aa:	469c      	mov	ip, r3
100044ac:	2300      	movs	r3, #0
100044ae:	930f      	str	r3, [sp, #60]	@ 0x3c
100044b0:	3302      	adds	r3, #2
100044b2:	469b      	mov	fp, r3
100044b4:	e7b9      	b.n	1000442a <_vsnprintf+0x476>
100044b6:	2320      	movs	r3, #32
100044b8:	431e      	orrs	r6, r3
100044ba:	3b10      	subs	r3, #16
100044bc:	469c      	mov	ip, r3
100044be:	2300      	movs	r3, #0
100044c0:	930f      	str	r3, [sp, #60]	@ 0x3c
100044c2:	3310      	adds	r3, #16
100044c4:	469b      	mov	fp, r3
100044c6:	e7b0      	b.n	1000442a <_vsnprintf+0x476>
100044c8:	2302      	movs	r3, #2
100044ca:	001a      	movs	r2, r3
100044cc:	4032      	ands	r2, r6
100044ce:	920c      	str	r2, [sp, #48]	@ 0x30
100044d0:	4233      	tst	r3, r6
100044d2:	d100      	bne.n	100044d6 <_vsnprintf+0x522>
100044d4:	e205      	b.n	100048e2 <_vsnprintf+0x92e>
100044d6:	930c      	str	r3, [sp, #48]	@ 0x30
100044d8:	4643      	mov	r3, r8
100044da:	46b9      	mov	r9, r7
100044dc:	9e0b      	ldr	r6, [sp, #44]	@ 0x2c
100044de:	9f0a      	ldr	r7, [sp, #40]	@ 0x28
100044e0:	46a8      	mov	r8, r5
100044e2:	1b1d      	subs	r5, r3, r4
100044e4:	0022      	movs	r2, r4
100044e6:	4653      	mov	r3, sl
100044e8:	0039      	movs	r1, r7
100044ea:	3401      	adds	r4, #1
100044ec:	47b0      	blx	r6
100044ee:	5d28      	ldrb	r0, [r5, r4]
100044f0:	2800      	cmp	r0, #0
100044f2:	d1f7      	bne.n	100044e4 <_vsnprintf+0x530>
100044f4:	4645      	mov	r5, r8
100044f6:	464f      	mov	r7, r9
100044f8:	e69e      	b.n	10004238 <_vsnprintf+0x284>
100044fa:	2380      	movs	r3, #128	@ 0x80
100044fc:	011b      	lsls	r3, r3, #4
100044fe:	431e      	orrs	r6, r3
10004500:	2320      	movs	r3, #32
10004502:	431e      	orrs	r6, r3
10004504:	e6c7      	b.n	10004296 <_vsnprintf+0x2e2>
10004506:	4662      	mov	r2, ip
10004508:	920d      	str	r2, [sp, #52]	@ 0x34
1000450a:	4642      	mov	r2, r8
1000450c:	1a9b      	subs	r3, r3, r2
1000450e:	930f      	str	r3, [sp, #60]	@ 0x3c
10004510:	e66a      	b.n	100041e8 <_vsnprintf+0x234>
10004512:	23c0      	movs	r3, #192	@ 0xc0
10004514:	009b      	lsls	r3, r3, #2
10004516:	78b8      	ldrb	r0, [r7, #2]
10004518:	431e      	orrs	r6, r3
1000451a:	1cf9      	adds	r1, r7, #3
1000451c:	e5b9      	b.n	10004092 <_vsnprintf+0xde>
1000451e:	23c0      	movs	r3, #192	@ 0xc0
10004520:	78b8      	ldrb	r0, [r7, #2]
10004522:	431e      	orrs	r6, r3
10004524:	1cf9      	adds	r1, r7, #3
10004526:	e5b4      	b.n	10004092 <_vsnprintf+0xde>
10004528:	2d01      	cmp	r5, #1
1000452a:	d800      	bhi.n	1000452e <_vsnprintf+0x57a>
1000452c:	e14a      	b.n	100047c4 <_vsnprintf+0x810>
1000452e:	1e63      	subs	r3, r4, #1
10004530:	4699      	mov	r9, r3
10004532:	44a9      	add	r9, r5
10004534:	464b      	mov	r3, r9
10004536:	4652      	mov	r2, sl
10004538:	0026      	movs	r6, r4
1000453a:	46a1      	mov	r9, r4
1000453c:	46ba      	mov	sl, r7
1000453e:	001c      	movs	r4, r3
10004540:	0017      	movs	r7, r2
10004542:	46a8      	mov	r8, r5
10004544:	9d0b      	ldr	r5, [sp, #44]	@ 0x2c
10004546:	0032      	movs	r2, r6
10004548:	003b      	movs	r3, r7
1000454a:	3601      	adds	r6, #1
1000454c:	2020      	movs	r0, #32
1000454e:	990a      	ldr	r1, [sp, #40]	@ 0x28
10004550:	47a8      	blx	r5
10004552:	42a6      	cmp	r6, r4
10004554:	d1f7      	bne.n	10004546 <_vsnprintf+0x592>
10004556:	003b      	movs	r3, r7
10004558:	4657      	mov	r7, sl
1000455a:	469a      	mov	sl, r3
1000455c:	464c      	mov	r4, r9
1000455e:	9b0c      	ldr	r3, [sp, #48]	@ 0x30
10004560:	0032      	movs	r2, r6
10004562:	7818      	ldrb	r0, [r3, #0]
10004564:	990a      	ldr	r1, [sp, #40]	@ 0x28
10004566:	4653      	mov	r3, sl
10004568:	9d0b      	ldr	r5, [sp, #44]	@ 0x2c
1000456a:	4444      	add	r4, r8
1000456c:	47a8      	blx	r5
1000456e:	e667      	b.n	10004240 <_vsnprintf+0x28c>
10004570:	46a0      	mov	r8, r4
10004572:	9b0f      	ldr	r3, [sp, #60]	@ 0x3c
10004574:	429d      	cmp	r5, r3
10004576:	d800      	bhi.n	1000457a <_vsnprintf+0x5c6>
10004578:	e662      	b.n	10004240 <_vsnprintf+0x28c>
1000457a:	192c      	adds	r4, r5, r4
1000457c:	9e0b      	ldr	r6, [sp, #44]	@ 0x2c
1000457e:	4645      	mov	r5, r8
10004580:	46b8      	mov	r8, r7
10004582:	9f0a      	ldr	r7, [sp, #40]	@ 0x28
10004584:	1ae4      	subs	r4, r4, r3
10004586:	002a      	movs	r2, r5
10004588:	4653      	mov	r3, sl
1000458a:	3501      	adds	r5, #1
1000458c:	0039      	movs	r1, r7
1000458e:	2020      	movs	r0, #32
10004590:	47b0      	blx	r6
10004592:	42a5      	cmp	r5, r4
10004594:	d1f7      	bne.n	10004586 <_vsnprintf+0x5d2>
10004596:	4647      	mov	r7, r8
10004598:	e652      	b.n	10004240 <_vsnprintf+0x28c>
1000459a:	2380      	movs	r3, #128	@ 0x80
1000459c:	0032      	movs	r2, r6
1000459e:	00db      	lsls	r3, r3, #3
100045a0:	401a      	ands	r2, r3
100045a2:	4690      	mov	r8, r2
100045a4:	421e      	tst	r6, r3
100045a6:	d100      	bne.n	100045aa <_vsnprintf+0x5f6>
100045a8:	e0f3      	b.n	10004792 <_vsnprintf+0x7de>
100045aa:	2111      	movs	r1, #17
100045ac:	438e      	bics	r6, r1
100045ae:	46b4      	mov	ip, r6
100045b0:	4698      	mov	r8, r3
100045b2:	2380      	movs	r3, #128	@ 0x80
100045b4:	4662      	mov	r2, ip
100045b6:	009b      	lsls	r3, r3, #2
100045b8:	401a      	ands	r2, r3
100045ba:	4693      	mov	fp, r2
100045bc:	4662      	mov	r2, ip
100045be:	421a      	tst	r2, r3
100045c0:	d159      	bne.n	10004676 <_vsnprintf+0x6c2>
100045c2:	2380      	movs	r3, #128	@ 0x80
100045c4:	005b      	lsls	r3, r3, #1
100045c6:	401a      	ands	r2, r3
100045c8:	4691      	mov	r9, r2
100045ca:	9a0c      	ldr	r2, [sp, #48]	@ 0x30
100045cc:	3204      	adds	r2, #4
100045ce:	920f      	str	r2, [sp, #60]	@ 0x3c
100045d0:	4662      	mov	r2, ip
100045d2:	421a      	tst	r2, r3
100045d4:	d000      	beq.n	100045d8 <_vsnprintf+0x624>
100045d6:	e1a0      	b.n	1000491a <_vsnprintf+0x966>
100045d8:	4663      	mov	r3, ip
100045da:	065b      	lsls	r3, r3, #25
100045dc:	d500      	bpl.n	100045e0 <_vsnprintf+0x62c>
100045de:	e0d4      	b.n	1000478a <_vsnprintf+0x7d6>
100045e0:	4663      	mov	r3, ip
100045e2:	061b      	lsls	r3, r3, #24
100045e4:	d400      	bmi.n	100045e8 <_vsnprintf+0x634>
100045e6:	e212      	b.n	10004a0e <_vsnprintf+0xa5a>
100045e8:	9b0c      	ldr	r3, [sp, #48]	@ 0x30
100045ea:	2200      	movs	r2, #0
100045ec:	5e9b      	ldrsh	r3, [r3, r2]
100045ee:	17d8      	asrs	r0, r3, #31
100045f0:	1819      	adds	r1, r3, r0
100045f2:	4041      	eors	r1, r0
100045f4:	b289      	uxth	r1, r1
100045f6:	0fda      	lsrs	r2, r3, #31
100045f8:	920c      	str	r2, [sp, #48]	@ 0x30
100045fa:	2b00      	cmp	r3, #0
100045fc:	d100      	bne.n	10004600 <_vsnprintf+0x64c>
100045fe:	e187      	b.n	10004910 <_vsnprintf+0x95c>
10004600:	4688      	mov	r8, r1
10004602:	261f      	movs	r6, #31
10004604:	ab12      	add	r3, sp, #72	@ 0x48
10004606:	46bb      	mov	fp, r7
10004608:	9514      	str	r5, [sp, #80]	@ 0x50
1000460a:	18f7      	adds	r7, r6, r3
1000460c:	4645      	mov	r5, r8
1000460e:	464e      	mov	r6, r9
10004610:	46e0      	mov	r8, ip
10004612:	46a1      	mov	r9, r4
10004614:	e006      	b.n	10004624 <_vsnprintf+0x670>
10004616:	0028      	movs	r0, r5
10004618:	210a      	movs	r1, #10
1000461a:	f7fd ff49 	bl	100024b0 <__wrap___aeabi_uidiv>
1000461e:	0005      	movs	r5, r0
10004620:	2e20      	cmp	r6, #32
10004622:	d008      	beq.n	10004636 <_vsnprintf+0x682>
10004624:	210a      	movs	r1, #10
10004626:	0028      	movs	r0, r5
10004628:	f7fd ff42 	bl	100024b0 <__wrap___aeabi_uidiv>
1000462c:	3601      	adds	r6, #1
1000462e:	3130      	adds	r1, #48	@ 0x30
10004630:	55b9      	strb	r1, [r7, r6]
10004632:	2d09      	cmp	r5, #9
10004634:	d8ef      	bhi.n	10004616 <_vsnprintf+0x662>
10004636:	464c      	mov	r4, r9
10004638:	46c4      	mov	ip, r8
1000463a:	46b1      	mov	r9, r6
1000463c:	465f      	mov	r7, fp
1000463e:	9d14      	ldr	r5, [sp, #80]	@ 0x50
10004640:	4663      	mov	r3, ip
10004642:	9306      	str	r3, [sp, #24]
10004644:	9b0d      	ldr	r3, [sp, #52]	@ 0x34
10004646:	9505      	str	r5, [sp, #20]
10004648:	9304      	str	r3, [sp, #16]
1000464a:	230a      	movs	r3, #10
1000464c:	9303      	str	r3, [sp, #12]
1000464e:	9b0c      	ldr	r3, [sp, #48]	@ 0x30
10004650:	9302      	str	r3, [sp, #8]
10004652:	464b      	mov	r3, r9
10004654:	9301      	str	r3, [sp, #4]
10004656:	ab1a      	add	r3, sp, #104	@ 0x68
10004658:	0022      	movs	r2, r4
1000465a:	9300      	str	r3, [sp, #0]
1000465c:	990a      	ldr	r1, [sp, #40]	@ 0x28
1000465e:	4653      	mov	r3, sl
10004660:	980b      	ldr	r0, [sp, #44]	@ 0x2c
10004662:	f7fe fec1 	bl	100033e8 <_ntoa_format>
10004666:	9b0f      	ldr	r3, [sp, #60]	@ 0x3c
10004668:	0004      	movs	r4, r0
1000466a:	930c      	str	r3, [sp, #48]	@ 0x30
1000466c:	e4c9      	b.n	10004002 <_vsnprintf+0x4e>
1000466e:	230c      	movs	r3, #12
10004670:	0031      	movs	r1, r6
10004672:	4399      	bics	r1, r3
10004674:	e6e3      	b.n	1000443e <_vsnprintf+0x48a>
10004676:	2208      	movs	r2, #8
10004678:	2107      	movs	r1, #7
1000467a:	4691      	mov	r9, r2
1000467c:	9b0c      	ldr	r3, [sp, #48]	@ 0x30
1000467e:	3307      	adds	r3, #7
10004680:	438b      	bics	r3, r1
10004682:	4499      	add	r9, r3
10004684:	464a      	mov	r2, r9
10004686:	cb0a      	ldmia	r3, {r1, r3}
10004688:	0008      	movs	r0, r1
1000468a:	920c      	str	r2, [sp, #48]	@ 0x30
1000468c:	0fda      	lsrs	r2, r3, #31
1000468e:	4693      	mov	fp, r2
10004690:	4318      	orrs	r0, r3
10004692:	d000      	beq.n	10004696 <_vsnprintf+0x6e2>
10004694:	e085      	b.n	100047a2 <_vsnprintf+0x7ee>
10004696:	2300      	movs	r3, #0
10004698:	4699      	mov	r9, r3
1000469a:	4643      	mov	r3, r8
1000469c:	2b00      	cmp	r3, #0
1000469e:	d12f      	bne.n	10004700 <_vsnprintf+0x74c>
100046a0:	2200      	movs	r2, #0
100046a2:	2300      	movs	r3, #0
100046a4:	9210      	str	r2, [sp, #64]	@ 0x40
100046a6:	9311      	str	r3, [sp, #68]	@ 0x44
100046a8:	2300      	movs	r3, #0
100046aa:	261f      	movs	r6, #31
100046ac:	4699      	mov	r9, r3
100046ae:	ab12      	add	r3, sp, #72	@ 0x48
100046b0:	18f6      	adds	r6, r6, r3
100046b2:	465b      	mov	r3, fp
100046b4:	9514      	str	r5, [sp, #80]	@ 0x50
100046b6:	46bb      	mov	fp, r7
100046b8:	46e0      	mov	r8, ip
100046ba:	0037      	movs	r7, r6
100046bc:	930f      	str	r3, [sp, #60]	@ 0x3c
100046be:	464e      	mov	r6, r9
100046c0:	46a1      	mov	r9, r4
100046c2:	9c10      	ldr	r4, [sp, #64]	@ 0x40
100046c4:	9d11      	ldr	r5, [sp, #68]	@ 0x44
100046c6:	e005      	b.n	100046d4 <_vsnprintf+0x720>
100046c8:	1000333d 	.word	0x1000333d
100046cc:	0004      	movs	r4, r0
100046ce:	000d      	movs	r5, r1
100046d0:	2e20      	cmp	r6, #32
100046d2:	d00c      	beq.n	100046ee <_vsnprintf+0x73a>
100046d4:	220a      	movs	r2, #10
100046d6:	2300      	movs	r3, #0
100046d8:	0020      	movs	r0, r4
100046da:	0029      	movs	r1, r5
100046dc:	f7fd ff26 	bl	1000252c <__wrap___aeabi_uldivmod>
100046e0:	3601      	adds	r6, #1
100046e2:	3230      	adds	r2, #48	@ 0x30
100046e4:	55ba      	strb	r2, [r7, r6]
100046e6:	2d00      	cmp	r5, #0
100046e8:	d1f0      	bne.n	100046cc <_vsnprintf+0x718>
100046ea:	2c09      	cmp	r4, #9
100046ec:	d8ee      	bhi.n	100046cc <_vsnprintf+0x718>
100046ee:	9b0f      	ldr	r3, [sp, #60]	@ 0x3c
100046f0:	9410      	str	r4, [sp, #64]	@ 0x40
100046f2:	9511      	str	r5, [sp, #68]	@ 0x44
100046f4:	465f      	mov	r7, fp
100046f6:	464c      	mov	r4, r9
100046f8:	46c4      	mov	ip, r8
100046fa:	46b1      	mov	r9, r6
100046fc:	469b      	mov	fp, r3
100046fe:	9d14      	ldr	r5, [sp, #80]	@ 0x50
10004700:	4663      	mov	r3, ip
10004702:	9306      	str	r3, [sp, #24]
10004704:	9b0d      	ldr	r3, [sp, #52]	@ 0x34
10004706:	9505      	str	r5, [sp, #20]
10004708:	9304      	str	r3, [sp, #16]
1000470a:	230a      	movs	r3, #10
1000470c:	9303      	str	r3, [sp, #12]
1000470e:	465b      	mov	r3, fp
10004710:	9302      	str	r3, [sp, #8]
10004712:	464b      	mov	r3, r9
10004714:	9301      	str	r3, [sp, #4]
10004716:	ab1a      	add	r3, sp, #104	@ 0x68
10004718:	0022      	movs	r2, r4
1000471a:	9300      	str	r3, [sp, #0]
1000471c:	990a      	ldr	r1, [sp, #40]	@ 0x28
1000471e:	4653      	mov	r3, sl
10004720:	980b      	ldr	r0, [sp, #44]	@ 0x2c
10004722:	f7fe fe61 	bl	100033e8 <_ntoa_format>
10004726:	0004      	movs	r4, r0
10004728:	e46b      	b.n	10004002 <_vsnprintf+0x4e>
1000472a:	9b0f      	ldr	r3, [sp, #60]	@ 0x3c
1000472c:	429d      	cmp	r5, r3
1000472e:	d800      	bhi.n	10004732 <_vsnprintf+0x77e>
10004730:	e196      	b.n	10004a60 <_vsnprintf+0xaac>
10004732:	2380      	movs	r3, #128	@ 0x80
10004734:	00db      	lsls	r3, r3, #3
10004736:	930c      	str	r3, [sp, #48]	@ 0x30
10004738:	9b0f      	ldr	r3, [sp, #60]	@ 0x3c
1000473a:	192e      	adds	r6, r5, r4
1000473c:	1af6      	subs	r6, r6, r3
1000473e:	4643      	mov	r3, r8
10004740:	930f      	str	r3, [sp, #60]	@ 0x3c
10004742:	9b0d      	ldr	r3, [sp, #52]	@ 0x34
10004744:	46a8      	mov	r8, r5
10004746:	4699      	mov	r9, r3
10004748:	4653      	mov	r3, sl
1000474a:	46ba      	mov	sl, r7
1000474c:	001f      	movs	r7, r3
1000474e:	9d0b      	ldr	r5, [sp, #44]	@ 0x2c
10004750:	0022      	movs	r2, r4
10004752:	003b      	movs	r3, r7
10004754:	3401      	adds	r4, #1
10004756:	2020      	movs	r0, #32
10004758:	990a      	ldr	r1, [sp, #40]	@ 0x28
1000475a:	47a8      	blx	r5
1000475c:	42b4      	cmp	r4, r6
1000475e:	d1f7      	bne.n	10004750 <_vsnprintf+0x79c>
10004760:	9b0f      	ldr	r3, [sp, #60]	@ 0x3c
10004762:	4645      	mov	r5, r8
10004764:	4698      	mov	r8, r3
10004766:	464b      	mov	r3, r9
10004768:	930d      	str	r3, [sp, #52]	@ 0x34
1000476a:	003b      	movs	r3, r7
1000476c:	4657      	mov	r7, sl
1000476e:	469a      	mov	sl, r3
10004770:	4643      	mov	r3, r8
10004772:	7818      	ldrb	r0, [r3, #0]
10004774:	2800      	cmp	r0, #0
10004776:	d100      	bne.n	1000477a <_vsnprintf+0x7c6>
10004778:	e562      	b.n	10004240 <_vsnprintf+0x28c>
1000477a:	1c6b      	adds	r3, r5, #1
1000477c:	930f      	str	r3, [sp, #60]	@ 0x3c
1000477e:	9b0c      	ldr	r3, [sp, #48]	@ 0x30
10004780:	2b00      	cmp	r3, #0
10004782:	d100      	bne.n	10004786 <_vsnprintf+0x7d2>
10004784:	e6a8      	b.n	100044d8 <_vsnprintf+0x524>
10004786:	2300      	movs	r3, #0
10004788:	e53d      	b.n	10004206 <_vsnprintf+0x252>
1000478a:	9b0c      	ldr	r3, [sp, #48]	@ 0x30
1000478c:	781b      	ldrb	r3, [r3, #0]
1000478e:	0019      	movs	r1, r3
10004790:	e731      	b.n	100045f6 <_vsnprintf+0x642>
10004792:	2310      	movs	r3, #16
10004794:	439e      	bics	r6, r3
10004796:	46b4      	mov	ip, r6
10004798:	e70b      	b.n	100045b2 <_vsnprintf+0x5fe>
1000479a:	9b0c      	ldr	r3, [sp, #48]	@ 0x30
1000479c:	781b      	ldrb	r3, [r3, #0]
1000479e:	4699      	mov	r9, r3
100047a0:	e669      	b.n	10004476 <_vsnprintf+0x4c2>
100047a2:	17da      	asrs	r2, r3, #31
100047a4:	9212      	str	r2, [sp, #72]	@ 0x48
100047a6:	9213      	str	r2, [sp, #76]	@ 0x4c
100047a8:	404a      	eors	r2, r1
100047aa:	9210      	str	r2, [sp, #64]	@ 0x40
100047ac:	9812      	ldr	r0, [sp, #72]	@ 0x48
100047ae:	9913      	ldr	r1, [sp, #76]	@ 0x4c
100047b0:	000a      	movs	r2, r1
100047b2:	405a      	eors	r2, r3
100047b4:	9211      	str	r2, [sp, #68]	@ 0x44
100047b6:	9a10      	ldr	r2, [sp, #64]	@ 0x40
100047b8:	9b11      	ldr	r3, [sp, #68]	@ 0x44
100047ba:	1a12      	subs	r2, r2, r0
100047bc:	418b      	sbcs	r3, r1
100047be:	9210      	str	r2, [sp, #64]	@ 0x40
100047c0:	9311      	str	r3, [sp, #68]	@ 0x44
100047c2:	e771      	b.n	100046a8 <_vsnprintf+0x6f4>
100047c4:	9b0c      	ldr	r3, [sp, #48]	@ 0x30
100047c6:	0022      	movs	r2, r4
100047c8:	7818      	ldrb	r0, [r3, #0]
100047ca:	990a      	ldr	r1, [sp, #40]	@ 0x28
100047cc:	4653      	mov	r3, sl
100047ce:	9c0b      	ldr	r4, [sp, #44]	@ 0x2c
100047d0:	47a0      	blx	r4
100047d2:	4644      	mov	r4, r8
100047d4:	e534      	b.n	10004240 <_vsnprintf+0x28c>
100047d6:	2208      	movs	r2, #8
100047d8:	2607      	movs	r6, #7
100047da:	4690      	mov	r8, r2
100047dc:	9b0c      	ldr	r3, [sp, #48]	@ 0x30
100047de:	3307      	adds	r3, #7
100047e0:	43b3      	bics	r3, r6
100047e2:	4498      	add	r8, r3
100047e4:	4642      	mov	r2, r8
100047e6:	920c      	str	r2, [sp, #48]	@ 0x30
100047e8:	681a      	ldr	r2, [r3, #0]
100047ea:	685b      	ldr	r3, [r3, #4]
100047ec:	9214      	str	r2, [sp, #80]	@ 0x50
100047ee:	9308      	str	r3, [sp, #32]
100047f0:	0013      	movs	r3, r2
100047f2:	9a08      	ldr	r2, [sp, #32]
100047f4:	4313      	orrs	r3, r2
100047f6:	d105      	bne.n	10004804 <_vsnprintf+0x850>
100047f8:	3310      	adds	r3, #16
100047fa:	4399      	bics	r1, r3
100047fc:	2300      	movs	r3, #0
100047fe:	4698      	mov	r8, r3
10004800:	2800      	cmp	r0, #0
10004802:	d138      	bne.n	10004876 <_vsnprintf+0x8c2>
10004804:	2061      	movs	r0, #97	@ 0x61
10004806:	068b      	lsls	r3, r1, #26
10004808:	d500      	bpl.n	1000480c <_vsnprintf+0x858>
1000480a:	2041      	movs	r0, #65	@ 0x41
1000480c:	2300      	movs	r3, #0
1000480e:	261f      	movs	r6, #31
10004810:	4698      	mov	r8, r3
10004812:	465a      	mov	r2, fp
10004814:	ab12      	add	r3, sp, #72	@ 0x48
10004816:	18f6      	adds	r6, r6, r3
10004818:	0003      	movs	r3, r0
1000481a:	9218      	str	r2, [sp, #96]	@ 0x60
1000481c:	9a0f      	ldr	r2, [sp, #60]	@ 0x3c
1000481e:	3b0a      	subs	r3, #10
10004820:	46b1      	mov	r9, r6
10004822:	9516      	str	r5, [sp, #88]	@ 0x58
10004824:	9417      	str	r4, [sp, #92]	@ 0x5c
10004826:	9719      	str	r7, [sp, #100]	@ 0x64
10004828:	4644      	mov	r4, r8
1000482a:	4666      	mov	r6, ip
1000482c:	4690      	mov	r8, r2
1000482e:	469b      	mov	fp, r3
10004830:	9f14      	ldr	r7, [sp, #80]	@ 0x50
10004832:	9d08      	ldr	r5, [sp, #32]
10004834:	9115      	str	r1, [sp, #84]	@ 0x54
10004836:	e003      	b.n	10004840 <_vsnprintf+0x88c>
10004838:	0007      	movs	r7, r0
1000483a:	000d      	movs	r5, r1
1000483c:	2c20      	cmp	r4, #32
1000483e:	d013      	beq.n	10004868 <_vsnprintf+0x8b4>
10004840:	0032      	movs	r2, r6
10004842:	2300      	movs	r3, #0
10004844:	0038      	movs	r0, r7
10004846:	0029      	movs	r1, r5
10004848:	f7fd fe70 	bl	1000252c <__wrap___aeabi_uldivmod>
1000484c:	465b      	mov	r3, fp
1000484e:	b2d2      	uxtb	r2, r2
10004850:	18d3      	adds	r3, r2, r3
10004852:	2a09      	cmp	r2, #9
10004854:	d801      	bhi.n	1000485a <_vsnprintf+0x8a6>
10004856:	0013      	movs	r3, r2
10004858:	3330      	adds	r3, #48	@ 0x30
1000485a:	464a      	mov	r2, r9
1000485c:	3401      	adds	r4, #1
1000485e:	5513      	strb	r3, [r2, r4]
10004860:	45a8      	cmp	r8, r5
10004862:	d1e9      	bne.n	10004838 <_vsnprintf+0x884>
10004864:	42be      	cmp	r6, r7
10004866:	d9e7      	bls.n	10004838 <_vsnprintf+0x884>
10004868:	9b18      	ldr	r3, [sp, #96]	@ 0x60
1000486a:	46a0      	mov	r8, r4
1000486c:	469b      	mov	fp, r3
1000486e:	9915      	ldr	r1, [sp, #84]	@ 0x54
10004870:	9d16      	ldr	r5, [sp, #88]	@ 0x58
10004872:	9c17      	ldr	r4, [sp, #92]	@ 0x5c
10004874:	9f19      	ldr	r7, [sp, #100]	@ 0x64
10004876:	9b0d      	ldr	r3, [sp, #52]	@ 0x34
10004878:	9106      	str	r1, [sp, #24]
1000487a:	9304      	str	r3, [sp, #16]
1000487c:	465b      	mov	r3, fp
1000487e:	9303      	str	r3, [sp, #12]
10004880:	2300      	movs	r3, #0
10004882:	9505      	str	r5, [sp, #20]
10004884:	9302      	str	r3, [sp, #8]
10004886:	4643      	mov	r3, r8
10004888:	e744      	b.n	10004714 <_vsnprintf+0x760>
1000488a:	2061      	movs	r0, #97	@ 0x61
1000488c:	068b      	lsls	r3, r1, #26
1000488e:	d500      	bpl.n	10004892 <_vsnprintf+0x8de>
10004890:	2041      	movs	r0, #65	@ 0x41
10004892:	261f      	movs	r6, #31
10004894:	ab12      	add	r3, sp, #72	@ 0x48
10004896:	18f2      	adds	r2, r6, r3
10004898:	0003      	movs	r3, r0
1000489a:	3b0a      	subs	r3, #10
1000489c:	930c      	str	r3, [sp, #48]	@ 0x30
1000489e:	464b      	mov	r3, r9
100048a0:	4646      	mov	r6, r8
100048a2:	46a1      	mov	r9, r4
100048a4:	46a8      	mov	r8, r5
100048a6:	001c      	movs	r4, r3
100048a8:	465d      	mov	r5, fp
100048aa:	9114      	str	r1, [sp, #80]	@ 0x50
100048ac:	46bb      	mov	fp, r7
100048ae:	0017      	movs	r7, r2
100048b0:	e002      	b.n	100048b8 <_vsnprintf+0x904>
100048b2:	0004      	movs	r4, r0
100048b4:	2e20      	cmp	r6, #32
100048b6:	d00d      	beq.n	100048d4 <_vsnprintf+0x920>
100048b8:	0029      	movs	r1, r5
100048ba:	0020      	movs	r0, r4
100048bc:	f7fd fdf8 	bl	100024b0 <__wrap___aeabi_uidiv>
100048c0:	9b0c      	ldr	r3, [sp, #48]	@ 0x30
100048c2:	18cb      	adds	r3, r1, r3
100048c4:	2909      	cmp	r1, #9
100048c6:	d801      	bhi.n	100048cc <_vsnprintf+0x918>
100048c8:	000b      	movs	r3, r1
100048ca:	3330      	adds	r3, #48	@ 0x30
100048cc:	3601      	adds	r6, #1
100048ce:	55bb      	strb	r3, [r7, r6]
100048d0:	42ac      	cmp	r4, r5
100048d2:	d2ee      	bcs.n	100048b2 <_vsnprintf+0x8fe>
100048d4:	465f      	mov	r7, fp
100048d6:	464c      	mov	r4, r9
100048d8:	46ab      	mov	fp, r5
100048da:	9914      	ldr	r1, [sp, #80]	@ 0x50
100048dc:	4645      	mov	r5, r8
100048de:	46b0      	mov	r8, r6
100048e0:	e5d4      	b.n	1000448c <_vsnprintf+0x4d8>
100048e2:	9b0f      	ldr	r3, [sp, #60]	@ 0x3c
100048e4:	429d      	cmp	r5, r3
100048e6:	d900      	bls.n	100048ea <_vsnprintf+0x936>
100048e8:	e726      	b.n	10004738 <_vsnprintf+0x784>
100048ea:	3301      	adds	r3, #1
100048ec:	930f      	str	r3, [sp, #60]	@ 0x3c
100048ee:	e5f3      	b.n	100044d8 <_vsnprintf+0x524>
100048f0:	2310      	movs	r3, #16
100048f2:	0032      	movs	r2, r6
100048f4:	439a      	bics	r2, r3
100048f6:	4694      	mov	ip, r2
100048f8:	2869      	cmp	r0, #105	@ 0x69
100048fa:	d000      	beq.n	100048fe <_vsnprintf+0x94a>
100048fc:	e0a2      	b.n	10004a44 <_vsnprintf+0xa90>
100048fe:	2380      	movs	r3, #128	@ 0x80
10004900:	0032      	movs	r2, r6
10004902:	00db      	lsls	r3, r3, #3
10004904:	401a      	ands	r2, r3
10004906:	4690      	mov	r8, r2
10004908:	421e      	tst	r6, r3
1000490a:	d100      	bne.n	1000490e <_vsnprintf+0x95a>
1000490c:	e651      	b.n	100045b2 <_vsnprintf+0x5fe>
1000490e:	e64c      	b.n	100045aa <_vsnprintf+0x5f6>
10004910:	4643      	mov	r3, r8
10004912:	2b00      	cmp	r3, #0
10004914:	d000      	beq.n	10004918 <_vsnprintf+0x964>
10004916:	e693      	b.n	10004640 <_vsnprintf+0x68c>
10004918:	e673      	b.n	10004602 <_vsnprintf+0x64e>
1000491a:	9b0c      	ldr	r3, [sp, #48]	@ 0x30
1000491c:	681b      	ldr	r3, [r3, #0]
1000491e:	0fda      	lsrs	r2, r3, #31
10004920:	2b00      	cmp	r3, #0
10004922:	d070      	beq.n	10004a06 <_vsnprintf+0xa52>
10004924:	17d9      	asrs	r1, r3, #31
10004926:	185b      	adds	r3, r3, r1
10004928:	404b      	eors	r3, r1
1000492a:	4698      	mov	r8, r3
1000492c:	261f      	movs	r6, #31
1000492e:	ab12      	add	r3, sp, #72	@ 0x48
10004930:	18f6      	adds	r6, r6, r3
10004932:	46a1      	mov	r9, r4
10004934:	9514      	str	r5, [sp, #80]	@ 0x50
10004936:	465c      	mov	r4, fp
10004938:	4645      	mov	r5, r8
1000493a:	46bb      	mov	fp, r7
1000493c:	46e0      	mov	r8, ip
1000493e:	0037      	movs	r7, r6
10004940:	920c      	str	r2, [sp, #48]	@ 0x30
10004942:	e006      	b.n	10004952 <_vsnprintf+0x99e>
10004944:	0028      	movs	r0, r5
10004946:	210a      	movs	r1, #10
10004948:	f7fd fdb2 	bl	100024b0 <__wrap___aeabi_uidiv>
1000494c:	0005      	movs	r5, r0
1000494e:	2c20      	cmp	r4, #32
10004950:	d008      	beq.n	10004964 <_vsnprintf+0x9b0>
10004952:	210a      	movs	r1, #10
10004954:	0028      	movs	r0, r5
10004956:	f7fd fdab 	bl	100024b0 <__wrap___aeabi_uidiv>
1000495a:	3401      	adds	r4, #1
1000495c:	3130      	adds	r1, #48	@ 0x30
1000495e:	5539      	strb	r1, [r7, r4]
10004960:	2d09      	cmp	r5, #9
10004962:	d8ef      	bhi.n	10004944 <_vsnprintf+0x990>
10004964:	465f      	mov	r7, fp
10004966:	46c4      	mov	ip, r8
10004968:	46a3      	mov	fp, r4
1000496a:	464c      	mov	r4, r9
1000496c:	9d14      	ldr	r5, [sp, #80]	@ 0x50
1000496e:	9a0c      	ldr	r2, [sp, #48]	@ 0x30
10004970:	4663      	mov	r3, ip
10004972:	9306      	str	r3, [sp, #24]
10004974:	9b0d      	ldr	r3, [sp, #52]	@ 0x34
10004976:	9505      	str	r5, [sp, #20]
10004978:	9304      	str	r3, [sp, #16]
1000497a:	230a      	movs	r3, #10
1000497c:	9202      	str	r2, [sp, #8]
1000497e:	9303      	str	r3, [sp, #12]
10004980:	465b      	mov	r3, fp
10004982:	e667      	b.n	10004654 <_vsnprintf+0x6a0>
10004984:	9b0c      	ldr	r3, [sp, #48]	@ 0x30
10004986:	681b      	ldr	r3, [r3, #0]
10004988:	4698      	mov	r8, r3
1000498a:	2b00      	cmp	r3, #0
1000498c:	d103      	bne.n	10004996 <_vsnprintf+0x9e2>
1000498e:	3310      	adds	r3, #16
10004990:	4399      	bics	r1, r3
10004992:	2800      	cmp	r0, #0
10004994:	d12d      	bne.n	100049f2 <_vsnprintf+0xa3e>
10004996:	2061      	movs	r0, #97	@ 0x61
10004998:	068b      	lsls	r3, r1, #26
1000499a:	d500      	bpl.n	1000499e <_vsnprintf+0x9ea>
1000499c:	2041      	movs	r0, #65	@ 0x41
1000499e:	261f      	movs	r6, #31
100049a0:	ab12      	add	r3, sp, #72	@ 0x48
100049a2:	18f6      	adds	r6, r6, r3
100049a4:	0003      	movs	r3, r0
100049a6:	3b0a      	subs	r3, #10
100049a8:	464a      	mov	r2, r9
100049aa:	930c      	str	r3, [sp, #48]	@ 0x30
100049ac:	9114      	str	r1, [sp, #80]	@ 0x50
100049ae:	4643      	mov	r3, r8
100049b0:	0031      	movs	r1, r6
100049b2:	46a8      	mov	r8, r5
100049b4:	46a1      	mov	r9, r4
100049b6:	465e      	mov	r6, fp
100049b8:	0014      	movs	r4, r2
100049ba:	46bb      	mov	fp, r7
100049bc:	001d      	movs	r5, r3
100049be:	000f      	movs	r7, r1
100049c0:	e002      	b.n	100049c8 <_vsnprintf+0xa14>
100049c2:	0005      	movs	r5, r0
100049c4:	2c20      	cmp	r4, #32
100049c6:	d00d      	beq.n	100049e4 <_vsnprintf+0xa30>
100049c8:	0031      	movs	r1, r6
100049ca:	0028      	movs	r0, r5
100049cc:	f7fd fd70 	bl	100024b0 <__wrap___aeabi_uidiv>
100049d0:	9b0c      	ldr	r3, [sp, #48]	@ 0x30
100049d2:	18cb      	adds	r3, r1, r3
100049d4:	2909      	cmp	r1, #9
100049d6:	d801      	bhi.n	100049dc <_vsnprintf+0xa28>
100049d8:	000b      	movs	r3, r1
100049da:	3330      	adds	r3, #48	@ 0x30
100049dc:	3401      	adds	r4, #1
100049de:	553b      	strb	r3, [r7, r4]
100049e0:	42b5      	cmp	r5, r6
100049e2:	d2ee      	bcs.n	100049c2 <_vsnprintf+0xa0e>
100049e4:	0023      	movs	r3, r4
100049e6:	465f      	mov	r7, fp
100049e8:	464c      	mov	r4, r9
100049ea:	4645      	mov	r5, r8
100049ec:	46b3      	mov	fp, r6
100049ee:	4699      	mov	r9, r3
100049f0:	9914      	ldr	r1, [sp, #80]	@ 0x50
100049f2:	9b0d      	ldr	r3, [sp, #52]	@ 0x34
100049f4:	9106      	str	r1, [sp, #24]
100049f6:	9304      	str	r3, [sp, #16]
100049f8:	465b      	mov	r3, fp
100049fa:	9303      	str	r3, [sp, #12]
100049fc:	2300      	movs	r3, #0
100049fe:	9505      	str	r5, [sp, #20]
10004a00:	9302      	str	r3, [sp, #8]
10004a02:	464b      	mov	r3, r9
10004a04:	e626      	b.n	10004654 <_vsnprintf+0x6a0>
10004a06:	4643      	mov	r3, r8
10004a08:	2b00      	cmp	r3, #0
10004a0a:	d1b1      	bne.n	10004970 <_vsnprintf+0x9bc>
10004a0c:	e78e      	b.n	1000492c <_vsnprintf+0x978>
10004a0e:	9b0c      	ldr	r3, [sp, #48]	@ 0x30
10004a10:	681b      	ldr	r3, [r3, #0]
10004a12:	17d8      	asrs	r0, r3, #31
10004a14:	1819      	adds	r1, r3, r0
10004a16:	4041      	eors	r1, r0
10004a18:	e5ed      	b.n	100045f6 <_vsnprintf+0x642>
10004a1a:	2380      	movs	r3, #128	@ 0x80
10004a1c:	0032      	movs	r2, r6
10004a1e:	00db      	lsls	r3, r3, #3
10004a20:	401a      	ands	r2, r3
10004a22:	920f      	str	r2, [sp, #60]	@ 0x3c
10004a24:	421e      	tst	r6, r3
10004a26:	d00f      	beq.n	10004a48 <_vsnprintf+0xa94>
10004a28:	3002      	adds	r0, #2
10004a2a:	0002      	movs	r2, r0
10004a2c:	4032      	ands	r2, r6
10004a2e:	920f      	str	r2, [sp, #60]	@ 0x3c
10004a30:	4230      	tst	r0, r6
10004a32:	d019      	beq.n	10004a68 <_vsnprintf+0xab4>
10004a34:	2300      	movs	r3, #0
10004a36:	46a0      	mov	r8, r4
10004a38:	930f      	str	r3, [sp, #60]	@ 0x3c
10004a3a:	e59a      	b.n	10004572 <_vsnprintf+0x5be>
10004a3c:	9b0c      	ldr	r3, [sp, #48]	@ 0x30
10004a3e:	681b      	ldr	r3, [r3, #0]
10004a40:	4699      	mov	r9, r3
10004a42:	e518      	b.n	10004476 <_vsnprintf+0x4c2>
10004a44:	0016      	movs	r6, r2
10004a46:	e49b      	b.n	10004380 <_vsnprintf+0x3cc>
10004a48:	2302      	movs	r3, #2
10004a4a:	001a      	movs	r2, r3
10004a4c:	4032      	ands	r2, r6
10004a4e:	920c      	str	r2, [sp, #48]	@ 0x30
10004a50:	4233      	tst	r3, r6
10004a52:	d000      	beq.n	10004a56 <_vsnprintf+0xaa2>
10004a54:	e58c      	b.n	10004570 <_vsnprintf+0x5bc>
10004a56:	2d00      	cmp	r5, #0
10004a58:	d000      	beq.n	10004a5c <_vsnprintf+0xaa8>
10004a5a:	e66d      	b.n	10004738 <_vsnprintf+0x784>
10004a5c:	f7ff fbf0 	bl	10004240 <_vsnprintf+0x28c>
10004a60:	3301      	adds	r3, #1
10004a62:	930f      	str	r3, [sp, #60]	@ 0x3c
10004a64:	f7ff fbd0 	bl	10004208 <_vsnprintf+0x254>
10004a68:	930c      	str	r3, [sp, #48]	@ 0x30
10004a6a:	e7f4      	b.n	10004a56 <_vsnprintf+0xaa2>

10004a6c <__wrap_snprintf>:
10004a6c:	4684      	mov	ip, r0
10004a6e:	b40c      	push	{r2, r3}
10004a70:	b500      	push	{lr}
10004a72:	b085      	sub	sp, #20
10004a74:	ab06      	add	r3, sp, #24
10004a76:	000a      	movs	r2, r1
10004a78:	cb02      	ldmia	r3!, {r1}
10004a7a:	4805      	ldr	r0, [pc, #20]	@ (10004a90 <__wrap_snprintf+0x24>)
10004a7c:	9303      	str	r3, [sp, #12]
10004a7e:	9300      	str	r3, [sp, #0]
10004a80:	000b      	movs	r3, r1
10004a82:	4661      	mov	r1, ip
10004a84:	f7ff fa96 	bl	10003fb4 <_vsnprintf>
10004a88:	b005      	add	sp, #20
10004a8a:	bc08      	pop	{r3}
10004a8c:	b002      	add	sp, #8
10004a8e:	4718      	bx	r3
10004a90:	10003335 	.word	0x10003335

10004a94 <vfctprintf>:
10004a94:	b500      	push	{lr}
10004a96:	b085      	sub	sp, #20
10004a98:	9103      	str	r1, [sp, #12]
10004a9a:	2101      	movs	r1, #1
10004a9c:	9002      	str	r0, [sp, #8]
10004a9e:	9300      	str	r3, [sp, #0]
10004aa0:	4803      	ldr	r0, [pc, #12]	@ (10004ab0 <vfctprintf+0x1c>)
10004aa2:	0013      	movs	r3, r2
10004aa4:	424a      	negs	r2, r1
10004aa6:	a902      	add	r1, sp, #8
10004aa8:	f7ff fa84 	bl	10003fb4 <_vsnprintf>
10004aac:	b005      	add	sp, #20
10004aae:	bd00      	pop	{pc}
10004ab0:	100035d1 	.word	0x100035d1

10004ab4 <weak_raw_vprintf>:
10004ab4:	b510      	push	{r4, lr}
10004ab6:	4a09      	ldr	r2, [pc, #36]	@ (10004adc <weak_raw_vprintf+0x28>)
10004ab8:	0003      	movs	r3, r0
10004aba:	6814      	ldr	r4, [r2, #0]
10004abc:	b084      	sub	sp, #16
10004abe:	2c00      	cmp	r4, #0
10004ac0:	d008      	beq.n	10004ad4 <weak_raw_vprintf+0x20>
10004ac2:	2201      	movs	r2, #1
10004ac4:	9100      	str	r1, [sp, #0]
10004ac6:	4806      	ldr	r0, [pc, #24]	@ (10004ae0 <weak_raw_vprintf+0x2c>)
10004ac8:	4252      	negs	r2, r2
10004aca:	a903      	add	r1, sp, #12
10004acc:	47a0      	blx	r4
10004ace:	2001      	movs	r0, #1
10004ad0:	b004      	add	sp, #16
10004ad2:	bd10      	pop	{r4, pc}
10004ad4:	f000 f980 	bl	10004dd8 <__wrap_puts>
10004ad8:	2000      	movs	r0, #0
10004ada:	e7f9      	b.n	10004ad0 <weak_raw_vprintf+0x1c>
10004adc:	20001c00 	.word	0x20001c00
10004ae0:	100035c1 	.word	0x100035c1

10004ae4 <_exit>:
10004ae4:	be00      	bkpt	0x0000
10004ae6:	e7fd      	b.n	10004ae4 <_exit>

10004ae8 <_fini>:
10004ae8:	4770      	bx	lr
10004aea:	46c0      	nop			@ (mov r8, r8)

10004aec <exit>:
10004aec:	b510      	push	{r4, lr}
10004aee:	f7ff fff9 	bl	10004ae4 <_exit>
10004af2:	46c0      	nop			@ (mov r8, r8)

10004af4 <runtime_init>:
10004af4:	b570      	push	{r4, r5, r6, lr}
10004af6:	f7fd fb8f 	bl	10002218 <runtime_run_initializers>
10004afa:	4d07      	ldr	r5, [pc, #28]	@ (10004b18 <runtime_init+0x24>)
10004afc:	4e07      	ldr	r6, [pc, #28]	@ (10004b1c <runtime_init+0x28>)
10004afe:	42b5      	cmp	r5, r6
10004b00:	d209      	bcs.n	10004b16 <runtime_init+0x22>
10004b02:	2400      	movs	r4, #0
10004b04:	3e01      	subs	r6, #1
10004b06:	1b76      	subs	r6, r6, r5
10004b08:	08b6      	lsrs	r6, r6, #2
10004b0a:	3601      	adds	r6, #1
10004b0c:	cd08      	ldmia	r5!, {r3}
10004b0e:	3401      	adds	r4, #1
10004b10:	4798      	blx	r3
10004b12:	42b4      	cmp	r4, r6
10004b14:	d1fa      	bne.n	10004b0c <runtime_init+0x18>
10004b16:	bd70      	pop	{r4, r5, r6, pc}
10004b18:	10007574 	.word	0x10007574
10004b1c:	10007578 	.word	0x10007578

10004b20 <stdio_out_chars_no_crlf>:
10004b20:	0003      	movs	r3, r0
10004b22:	b510      	push	{r4, lr}
10004b24:	0008      	movs	r0, r1
10004b26:	0011      	movs	r1, r2
10004b28:	681b      	ldr	r3, [r3, #0]
10004b2a:	4798      	blx	r3
10004b2c:	bd10      	pop	{r4, pc}
10004b2e:	46c0      	nop			@ (mov r8, r8)

10004b30 <stdio_out_chars_crlf>:
10004b30:	b5f8      	push	{r3, r4, r5, r6, r7, lr}
10004b32:	7d43      	ldrb	r3, [r0, #21]
10004b34:	0007      	movs	r7, r0
10004b36:	000d      	movs	r5, r1
10004b38:	0016      	movs	r6, r2
10004b3a:	2b00      	cmp	r3, #0
10004b3c:	d038      	beq.n	10004bb0 <stdio_out_chars_crlf+0x80>
10004b3e:	2a00      	cmp	r2, #0
10004b40:	dd1a      	ble.n	10004b78 <stdio_out_chars_crlf+0x48>
10004b42:	780b      	ldrb	r3, [r1, #0]
10004b44:	2b0a      	cmp	r3, #10
10004b46:	d018      	beq.n	10004b7a <stdio_out_chars_crlf+0x4a>
10004b48:	2000      	movs	r0, #0
10004b4a:	2e01      	cmp	r6, #1
10004b4c:	d009      	beq.n	10004b62 <stdio_out_chars_crlf+0x32>
10004b4e:	2401      	movs	r4, #1
10004b50:	0021      	movs	r1, r4
10004b52:	5c6b      	ldrb	r3, [r5, r1]
10004b54:	3401      	adds	r4, #1
10004b56:	2b0a      	cmp	r3, #10
10004b58:	d01a      	beq.n	10004b90 <stdio_out_chars_crlf+0x60>
10004b5a:	42b4      	cmp	r4, r6
10004b5c:	d1f8      	bne.n	10004b50 <stdio_out_chars_crlf+0x20>
10004b5e:	4286      	cmp	r6, r0
10004b60:	dd03      	ble.n	10004b6a <stdio_out_chars_crlf+0x3a>
10004b62:	1a31      	subs	r1, r6, r0
10004b64:	683b      	ldr	r3, [r7, #0]
10004b66:	1828      	adds	r0, r5, r0
10004b68:	4798      	blx	r3
10004b6a:	19ad      	adds	r5, r5, r6
10004b6c:	3d01      	subs	r5, #1
10004b6e:	782b      	ldrb	r3, [r5, #0]
10004b70:	3b0d      	subs	r3, #13
10004b72:	425a      	negs	r2, r3
10004b74:	4153      	adcs	r3, r2
10004b76:	753b      	strb	r3, [r7, #20]
10004b78:	bdf8      	pop	{r3, r4, r5, r6, r7, pc}
10004b7a:	7d03      	ldrb	r3, [r0, #20]
10004b7c:	2b00      	cmp	r3, #0
10004b7e:	d1e3      	bne.n	10004b48 <stdio_out_chars_crlf+0x18>
10004b80:	2102      	movs	r1, #2
10004b82:	480e      	ldr	r0, [pc, #56]	@ (10004bbc <stdio_out_chars_crlf+0x8c>)
10004b84:	683b      	ldr	r3, [r7, #0]
10004b86:	4798      	blx	r3
10004b88:	2e01      	cmp	r6, #1
10004b8a:	d0ee      	beq.n	10004b6a <stdio_out_chars_crlf+0x3a>
10004b8c:	2001      	movs	r0, #1
10004b8e:	e7de      	b.n	10004b4e <stdio_out_chars_crlf+0x1e>
10004b90:	1e6b      	subs	r3, r5, #1
10004b92:	5c5b      	ldrb	r3, [r3, r1]
10004b94:	2b0d      	cmp	r3, #13
10004b96:	d0e0      	beq.n	10004b5a <stdio_out_chars_crlf+0x2a>
10004b98:	4288      	cmp	r0, r1
10004b9a:	da03      	bge.n	10004ba4 <stdio_out_chars_crlf+0x74>
10004b9c:	1a09      	subs	r1, r1, r0
10004b9e:	683b      	ldr	r3, [r7, #0]
10004ba0:	1828      	adds	r0, r5, r0
10004ba2:	4798      	blx	r3
10004ba4:	4805      	ldr	r0, [pc, #20]	@ (10004bbc <stdio_out_chars_crlf+0x8c>)
10004ba6:	2102      	movs	r1, #2
10004ba8:	683b      	ldr	r3, [r7, #0]
10004baa:	4798      	blx	r3
10004bac:	0020      	movs	r0, r4
10004bae:	e7d4      	b.n	10004b5a <stdio_out_chars_crlf+0x2a>
10004bb0:	6803      	ldr	r3, [r0, #0]
10004bb2:	0011      	movs	r1, r2
10004bb4:	0028      	movs	r0, r5
10004bb6:	4798      	blx	r3
10004bb8:	e7de      	b.n	10004b78 <stdio_out_chars_crlf+0x48>
10004bba:	46c0      	nop			@ (mov r8, r8)
10004bbc:	100079f0 	.word	0x100079f0

10004bc0 <stdio_buffered_printer>:
10004bc0:	b5f8      	push	{r3, r4, r5, r6, r7, lr}
10004bc2:	680b      	ldr	r3, [r1, #0]
10004bc4:	000d      	movs	r5, r1
10004bc6:	1c5a      	adds	r2, r3, #1
10004bc8:	18cb      	adds	r3, r1, r3
10004bca:	600a      	str	r2, [r1, #0]
10004bcc:	7118      	strb	r0, [r3, #4]
10004bce:	2a80      	cmp	r2, #128	@ 0x80
10004bd0:	d000      	beq.n	10004bd4 <stdio_buffered_printer+0x14>
10004bd2:	bdf8      	pop	{r3, r4, r5, r6, r7, pc}
10004bd4:	4b0e      	ldr	r3, [pc, #56]	@ (10004c10 <stdio_buffered_printer+0x50>)
10004bd6:	681c      	ldr	r4, [r3, #0]
10004bd8:	2c00      	cmp	r4, #0
10004bda:	d015      	beq.n	10004c08 <stdio_buffered_printer+0x48>
10004bdc:	4e0d      	ldr	r6, [pc, #52]	@ (10004c14 <stdio_buffered_printer+0x54>)
10004bde:	1d0f      	adds	r7, r1, #4
10004be0:	e002      	b.n	10004be8 <stdio_buffered_printer+0x28>
10004be2:	6924      	ldr	r4, [r4, #16]
10004be4:	2c00      	cmp	r4, #0
10004be6:	d00f      	beq.n	10004c08 <stdio_buffered_printer+0x48>
10004be8:	6823      	ldr	r3, [r4, #0]
10004bea:	2b00      	cmp	r3, #0
10004bec:	d0f9      	beq.n	10004be2 <stdio_buffered_printer+0x22>
10004bee:	6833      	ldr	r3, [r6, #0]
10004bf0:	2b00      	cmp	r3, #0
10004bf2:	d001      	beq.n	10004bf8 <stdio_buffered_printer+0x38>
10004bf4:	42a3      	cmp	r3, r4
10004bf6:	d1f4      	bne.n	10004be2 <stdio_buffered_printer+0x22>
10004bf8:	0020      	movs	r0, r4
10004bfa:	0039      	movs	r1, r7
10004bfc:	682a      	ldr	r2, [r5, #0]
10004bfe:	f7ff ff97 	bl	10004b30 <stdio_out_chars_crlf>
10004c02:	6924      	ldr	r4, [r4, #16]
10004c04:	2c00      	cmp	r4, #0
10004c06:	d1ef      	bne.n	10004be8 <stdio_buffered_printer+0x28>
10004c08:	2300      	movs	r3, #0
10004c0a:	602b      	str	r3, [r5, #0]
10004c0c:	e7e1      	b.n	10004bd2 <stdio_buffered_printer+0x12>
10004c0e:	46c0      	nop			@ (mov r8, r8)
10004c10:	200017f4 	.word	0x200017f4
10004c14:	200017fc 	.word	0x200017fc

10004c18 <stdio_put_string>:
10004c18:	b5f0      	push	{r4, r5, r6, r7, lr}
10004c1a:	4646      	mov	r6, r8
10004c1c:	46d6      	mov	lr, sl
10004c1e:	464f      	mov	r7, r9
10004c20:	b5c0      	push	{r6, r7, lr}
10004c22:	b082      	sub	sp, #8
10004c24:	4690      	mov	r8, r2
10004c26:	001c      	movs	r4, r3
10004c28:	0006      	movs	r6, r0
10004c2a:	000d      	movs	r5, r1
10004c2c:	f7fd f8e0 	bl	10001df0 <time_us_64>
10004c30:	2300      	movs	r3, #0
10004c32:	4a2f      	ldr	r2, [pc, #188]	@ (10004cf0 <stdio_put_string+0xd8>)
10004c34:	1812      	adds	r2, r2, r0
10004c36:	414b      	adcs	r3, r1
10004c38:	2b00      	cmp	r3, #0
10004c3a:	da02      	bge.n	10004c42 <stdio_put_string+0x2a>
10004c3c:	2201      	movs	r2, #1
10004c3e:	4b2d      	ldr	r3, [pc, #180]	@ (10004cf4 <stdio_put_string+0xdc>)
10004c40:	4252      	negs	r2, r2
10004c42:	492d      	ldr	r1, [pc, #180]	@ (10004cf8 <stdio_put_string+0xe0>)
10004c44:	0008      	movs	r0, r1
10004c46:	468a      	mov	sl, r1
10004c48:	f002 fc4e 	bl	100074e8 <__mutex_try_enter_block_until_veneer>
10004c4c:	4681      	mov	r9, r0
10004c4e:	1c6b      	adds	r3, r5, #1
10004c50:	d103      	bne.n	10004c5a <stdio_put_string+0x42>
10004c52:	0030      	movs	r0, r6
10004c54:	f002 fbe0 	bl	10007418 <strlen>
10004c58:	0005      	movs	r5, r0
10004c5a:	2c00      	cmp	r4, #0
10004c5c:	d027      	beq.n	10004cae <stdio_put_string+0x96>
10004c5e:	4f27      	ldr	r7, [pc, #156]	@ (10004cfc <stdio_put_string+0xe4>)
10004c60:	4b27      	ldr	r3, [pc, #156]	@ (10004d00 <stdio_put_string+0xe8>)
10004c62:	681c      	ldr	r4, [r3, #0]
10004c64:	2c00      	cmp	r4, #0
10004c66:	d018      	beq.n	10004c9a <stdio_put_string+0x82>
10004c68:	4643      	mov	r3, r8
10004c6a:	2b00      	cmp	r3, #0
10004c6c:	d121      	bne.n	10004cb2 <stdio_put_string+0x9a>
10004c6e:	4b25      	ldr	r3, [pc, #148]	@ (10004d04 <stdio_put_string+0xec>)
10004c70:	4698      	mov	r8, r3
10004c72:	e002      	b.n	10004c7a <stdio_put_string+0x62>
10004c74:	6924      	ldr	r4, [r4, #16]
10004c76:	2c00      	cmp	r4, #0
10004c78:	d00f      	beq.n	10004c9a <stdio_put_string+0x82>
10004c7a:	6823      	ldr	r3, [r4, #0]
10004c7c:	2b00      	cmp	r3, #0
10004c7e:	d0f9      	beq.n	10004c74 <stdio_put_string+0x5c>
10004c80:	4643      	mov	r3, r8
10004c82:	681b      	ldr	r3, [r3, #0]
10004c84:	2b00      	cmp	r3, #0
10004c86:	d001      	beq.n	10004c8c <stdio_put_string+0x74>
10004c88:	429c      	cmp	r4, r3
10004c8a:	d1f3      	bne.n	10004c74 <stdio_put_string+0x5c>
10004c8c:	0020      	movs	r0, r4
10004c8e:	002a      	movs	r2, r5
10004c90:	0031      	movs	r1, r6
10004c92:	47b8      	blx	r7
10004c94:	6924      	ldr	r4, [r4, #16]
10004c96:	2c00      	cmp	r4, #0
10004c98:	d1ef      	bne.n	10004c7a <stdio_put_string+0x62>
10004c9a:	464b      	mov	r3, r9
10004c9c:	2b00      	cmp	r3, #0
10004c9e:	d123      	bne.n	10004ce8 <stdio_put_string+0xd0>
10004ca0:	0028      	movs	r0, r5
10004ca2:	b002      	add	sp, #8
10004ca4:	bce0      	pop	{r5, r6, r7}
10004ca6:	46ba      	mov	sl, r7
10004ca8:	46b1      	mov	r9, r6
10004caa:	46a8      	mov	r8, r5
10004cac:	bdf0      	pop	{r4, r5, r6, r7, pc}
10004cae:	4f16      	ldr	r7, [pc, #88]	@ (10004d08 <stdio_put_string+0xf0>)
10004cb0:	e7d6      	b.n	10004c60 <stdio_put_string+0x48>
10004cb2:	4b14      	ldr	r3, [pc, #80]	@ (10004d04 <stdio_put_string+0xec>)
10004cb4:	4698      	mov	r8, r3
10004cb6:	e002      	b.n	10004cbe <stdio_put_string+0xa6>
10004cb8:	6924      	ldr	r4, [r4, #16]
10004cba:	2c00      	cmp	r4, #0
10004cbc:	d0ed      	beq.n	10004c9a <stdio_put_string+0x82>
10004cbe:	6823      	ldr	r3, [r4, #0]
10004cc0:	2b00      	cmp	r3, #0
10004cc2:	d0f9      	beq.n	10004cb8 <stdio_put_string+0xa0>
10004cc4:	4643      	mov	r3, r8
10004cc6:	681b      	ldr	r3, [r3, #0]
10004cc8:	2b00      	cmp	r3, #0
10004cca:	d001      	beq.n	10004cd0 <stdio_put_string+0xb8>
10004ccc:	42a3      	cmp	r3, r4
10004cce:	d1f3      	bne.n	10004cb8 <stdio_put_string+0xa0>
10004cd0:	002a      	movs	r2, r5
10004cd2:	0031      	movs	r1, r6
10004cd4:	0020      	movs	r0, r4
10004cd6:	47b8      	blx	r7
10004cd8:	466b      	mov	r3, sp
10004cda:	220a      	movs	r2, #10
10004cdc:	0020      	movs	r0, r4
10004cde:	71da      	strb	r2, [r3, #7]
10004ce0:	1dd9      	adds	r1, r3, #7
10004ce2:	3a09      	subs	r2, #9
10004ce4:	47b8      	blx	r7
10004ce6:	e7e7      	b.n	10004cb8 <stdio_put_string+0xa0>
10004ce8:	4650      	mov	r0, sl
10004cea:	f002 fc1d 	bl	10007528 <__mutex_exit_veneer>
10004cee:	e7d7      	b.n	10004ca0 <stdio_put_string+0x88>
10004cf0:	000f4240 	.word	0x000f4240
10004cf4:	7fffffff 	.word	0x7fffffff
10004cf8:	20001038 	.word	0x20001038
10004cfc:	10004b31 	.word	0x10004b31
10004d00:	200017f4 	.word	0x200017f4
10004d04:	200017fc 	.word	0x200017fc
10004d08:	10004b21 	.word	0x10004b21

10004d0c <stdio_set_driver_enabled>:
10004d0c:	4a0a      	ldr	r2, [pc, #40]	@ (10004d38 <stdio_set_driver_enabled+0x2c>)
10004d0e:	6813      	ldr	r3, [r2, #0]
10004d10:	2b00      	cmp	r3, #0
10004d12:	d105      	bne.n	10004d20 <stdio_set_driver_enabled+0x14>
10004d14:	e00c      	b.n	10004d30 <stdio_set_driver_enabled+0x24>
10004d16:	001a      	movs	r2, r3
10004d18:	691b      	ldr	r3, [r3, #16]
10004d1a:	3210      	adds	r2, #16
10004d1c:	2b00      	cmp	r3, #0
10004d1e:	d007      	beq.n	10004d30 <stdio_set_driver_enabled+0x24>
10004d20:	4283      	cmp	r3, r0
10004d22:	d1f8      	bne.n	10004d16 <stdio_set_driver_enabled+0xa>
10004d24:	2900      	cmp	r1, #0
10004d26:	d102      	bne.n	10004d2e <stdio_set_driver_enabled+0x22>
10004d28:	6918      	ldr	r0, [r3, #16]
10004d2a:	6010      	str	r0, [r2, #0]
10004d2c:	6119      	str	r1, [r3, #16]
10004d2e:	4770      	bx	lr
10004d30:	2900      	cmp	r1, #0
10004d32:	d0fc      	beq.n	10004d2e <stdio_set_driver_enabled+0x22>
10004d34:	6010      	str	r0, [r2, #0]
10004d36:	e7fa      	b.n	10004d2e <stdio_set_driver_enabled+0x22>
10004d38:	200017f4 	.word	0x200017f4

10004d3c <stdio_init_all>:
10004d3c:	b510      	push	{r4, lr}
10004d3e:	f000 fa67 	bl	10005210 <stdio_usb_init>
10004d42:	bd10      	pop	{r4, pc}

10004d44 <__wrap_putchar>:
10004d44:	b5f0      	push	{r4, r5, r6, r7, lr}
10004d46:	46ce      	mov	lr, r9
10004d48:	4647      	mov	r7, r8
10004d4a:	b580      	push	{r7, lr}
10004d4c:	b083      	sub	sp, #12
10004d4e:	466b      	mov	r3, sp
10004d50:	0006      	movs	r6, r0
10004d52:	1ddd      	adds	r5, r3, #7
10004d54:	7028      	strb	r0, [r5, #0]
10004d56:	f7fd f84b 	bl	10001df0 <time_us_64>
10004d5a:	2300      	movs	r3, #0
10004d5c:	4a19      	ldr	r2, [pc, #100]	@ (10004dc4 <__wrap_putchar+0x80>)
10004d5e:	1812      	adds	r2, r2, r0
10004d60:	414b      	adcs	r3, r1
10004d62:	2b00      	cmp	r3, #0
10004d64:	da02      	bge.n	10004d6c <__wrap_putchar+0x28>
10004d66:	2201      	movs	r2, #1
10004d68:	4b17      	ldr	r3, [pc, #92]	@ (10004dc8 <__wrap_putchar+0x84>)
10004d6a:	4252      	negs	r2, r2
10004d6c:	4917      	ldr	r1, [pc, #92]	@ (10004dcc <__wrap_putchar+0x88>)
10004d6e:	0008      	movs	r0, r1
10004d70:	4689      	mov	r9, r1
10004d72:	f002 fbb9 	bl	100074e8 <__mutex_try_enter_block_until_veneer>
10004d76:	4b16      	ldr	r3, [pc, #88]	@ (10004dd0 <__wrap_putchar+0x8c>)
10004d78:	4680      	mov	r8, r0
10004d7a:	681c      	ldr	r4, [r3, #0]
10004d7c:	2c00      	cmp	r4, #0
10004d7e:	d014      	beq.n	10004daa <__wrap_putchar+0x66>
10004d80:	4f14      	ldr	r7, [pc, #80]	@ (10004dd4 <__wrap_putchar+0x90>)
10004d82:	e002      	b.n	10004d8a <__wrap_putchar+0x46>
10004d84:	6924      	ldr	r4, [r4, #16]
10004d86:	2c00      	cmp	r4, #0
10004d88:	d00f      	beq.n	10004daa <__wrap_putchar+0x66>
10004d8a:	6823      	ldr	r3, [r4, #0]
10004d8c:	2b00      	cmp	r3, #0
10004d8e:	d0f9      	beq.n	10004d84 <__wrap_putchar+0x40>
10004d90:	683b      	ldr	r3, [r7, #0]
10004d92:	2b00      	cmp	r3, #0
10004d94:	d001      	beq.n	10004d9a <__wrap_putchar+0x56>
10004d96:	429c      	cmp	r4, r3
10004d98:	d1f4      	bne.n	10004d84 <__wrap_putchar+0x40>
10004d9a:	0020      	movs	r0, r4
10004d9c:	2201      	movs	r2, #1
10004d9e:	0029      	movs	r1, r5
10004da0:	f7ff fec6 	bl	10004b30 <stdio_out_chars_crlf>
10004da4:	6924      	ldr	r4, [r4, #16]
10004da6:	2c00      	cmp	r4, #0
10004da8:	d1ef      	bne.n	10004d8a <__wrap_putchar+0x46>
10004daa:	4643      	mov	r3, r8
10004dac:	2b00      	cmp	r3, #0
10004dae:	d105      	bne.n	10004dbc <__wrap_putchar+0x78>
10004db0:	0030      	movs	r0, r6
10004db2:	b003      	add	sp, #12
10004db4:	bcc0      	pop	{r6, r7}
10004db6:	46b9      	mov	r9, r7
10004db8:	46b0      	mov	r8, r6
10004dba:	bdf0      	pop	{r4, r5, r6, r7, pc}
10004dbc:	4648      	mov	r0, r9
10004dbe:	f002 fbb3 	bl	10007528 <__mutex_exit_veneer>
10004dc2:	e7f5      	b.n	10004db0 <__wrap_putchar+0x6c>
10004dc4:	000f4240 	.word	0x000f4240
10004dc8:	7fffffff 	.word	0x7fffffff
10004dcc:	20001038 	.word	0x20001038
10004dd0:	200017f4 	.word	0x200017f4
10004dd4:	200017fc 	.word	0x200017fc

10004dd8 <__wrap_puts>:
10004dd8:	b570      	push	{r4, r5, r6, lr}
10004dda:	0004      	movs	r4, r0
10004ddc:	f002 fb1c 	bl	10007418 <strlen>
10004de0:	2301      	movs	r3, #1
10004de2:	0001      	movs	r1, r0
10004de4:	0005      	movs	r5, r0
10004de6:	2201      	movs	r2, #1
10004de8:	0020      	movs	r0, r4
10004dea:	f7ff ff15 	bl	10004c18 <stdio_put_string>
10004dee:	4b08      	ldr	r3, [pc, #32]	@ (10004e10 <__wrap_puts+0x38>)
10004df0:	681c      	ldr	r4, [r3, #0]
10004df2:	2c00      	cmp	r4, #0
10004df4:	d006      	beq.n	10004e04 <__wrap_puts+0x2c>
10004df6:	6863      	ldr	r3, [r4, #4]
10004df8:	2b00      	cmp	r3, #0
10004dfa:	d005      	beq.n	10004e08 <__wrap_puts+0x30>
10004dfc:	4798      	blx	r3
10004dfe:	6924      	ldr	r4, [r4, #16]
10004e00:	2c00      	cmp	r4, #0
10004e02:	d1f8      	bne.n	10004df6 <__wrap_puts+0x1e>
10004e04:	0028      	movs	r0, r5
10004e06:	bd70      	pop	{r4, r5, r6, pc}
10004e08:	6924      	ldr	r4, [r4, #16]
10004e0a:	2c00      	cmp	r4, #0
10004e0c:	d1f3      	bne.n	10004df6 <__wrap_puts+0x1e>
10004e0e:	e7f9      	b.n	10004e04 <__wrap_puts+0x2c>
10004e10:	200017f4 	.word	0x200017f4

10004e14 <__wrap_vprintf>:
10004e14:	b5f0      	push	{r4, r5, r6, r7, lr}
10004e16:	46ce      	mov	lr, r9
10004e18:	4647      	mov	r7, r8
10004e1a:	b580      	push	{r7, lr}
10004e1c:	b0a3      	sub	sp, #140	@ 0x8c
10004e1e:	0004      	movs	r4, r0
10004e20:	000e      	movs	r6, r1
10004e22:	f7fc ffe5 	bl	10001df0 <time_us_64>
10004e26:	2300      	movs	r3, #0
10004e28:	4a26      	ldr	r2, [pc, #152]	@ (10004ec4 <__wrap_vprintf+0xb0>)
10004e2a:	1812      	adds	r2, r2, r0
10004e2c:	414b      	adcs	r3, r1
10004e2e:	2b00      	cmp	r3, #0
10004e30:	da02      	bge.n	10004e38 <__wrap_vprintf+0x24>
10004e32:	2201      	movs	r2, #1
10004e34:	4b24      	ldr	r3, [pc, #144]	@ (10004ec8 <__wrap_vprintf+0xb4>)
10004e36:	4252      	negs	r2, r2
10004e38:	4824      	ldr	r0, [pc, #144]	@ (10004ecc <__wrap_vprintf+0xb8>)
10004e3a:	f002 fb55 	bl	100074e8 <__mutex_try_enter_block_until_veneer>
10004e3e:	2300      	movs	r3, #0
10004e40:	0022      	movs	r2, r4
10004e42:	9301      	str	r3, [sp, #4]
10004e44:	4680      	mov	r8, r0
10004e46:	0033      	movs	r3, r6
10004e48:	4821      	ldr	r0, [pc, #132]	@ (10004ed0 <__wrap_vprintf+0xbc>)
10004e4a:	a901      	add	r1, sp, #4
10004e4c:	f7ff fe22 	bl	10004a94 <vfctprintf>
10004e50:	4f20      	ldr	r7, [pc, #128]	@ (10004ed4 <__wrap_vprintf+0xc0>)
10004e52:	9b01      	ldr	r3, [sp, #4]
10004e54:	4681      	mov	r9, r0
10004e56:	683c      	ldr	r4, [r7, #0]
10004e58:	2b00      	cmp	r3, #0
10004e5a:	d019      	beq.n	10004e90 <__wrap_vprintf+0x7c>
10004e5c:	2c00      	cmp	r4, #0
10004e5e:	d02f      	beq.n	10004ec0 <__wrap_vprintf+0xac>
10004e60:	4e1d      	ldr	r6, [pc, #116]	@ (10004ed8 <__wrap_vprintf+0xc4>)
10004e62:	e002      	b.n	10004e6a <__wrap_vprintf+0x56>
10004e64:	6924      	ldr	r4, [r4, #16]
10004e66:	2c00      	cmp	r4, #0
10004e68:	d00f      	beq.n	10004e8a <__wrap_vprintf+0x76>
10004e6a:	6823      	ldr	r3, [r4, #0]
10004e6c:	2b00      	cmp	r3, #0
10004e6e:	d0f9      	beq.n	10004e64 <__wrap_vprintf+0x50>
10004e70:	6833      	ldr	r3, [r6, #0]
10004e72:	2b00      	cmp	r3, #0
10004e74:	d001      	beq.n	10004e7a <__wrap_vprintf+0x66>
10004e76:	42a3      	cmp	r3, r4
10004e78:	d1f4      	bne.n	10004e64 <__wrap_vprintf+0x50>
10004e7a:	0020      	movs	r0, r4
10004e7c:	9a01      	ldr	r2, [sp, #4]
10004e7e:	a902      	add	r1, sp, #8
10004e80:	f7ff fe56 	bl	10004b30 <stdio_out_chars_crlf>
10004e84:	6924      	ldr	r4, [r4, #16]
10004e86:	2c00      	cmp	r4, #0
10004e88:	d1ef      	bne.n	10004e6a <__wrap_vprintf+0x56>
10004e8a:	2300      	movs	r3, #0
10004e8c:	683c      	ldr	r4, [r7, #0]
10004e8e:	9301      	str	r3, [sp, #4]
10004e90:	2c00      	cmp	r4, #0
10004e92:	d006      	beq.n	10004ea2 <__wrap_vprintf+0x8e>
10004e94:	6863      	ldr	r3, [r4, #4]
10004e96:	2b00      	cmp	r3, #0
10004e98:	d00c      	beq.n	10004eb4 <__wrap_vprintf+0xa0>
10004e9a:	4798      	blx	r3
10004e9c:	6924      	ldr	r4, [r4, #16]
10004e9e:	2c00      	cmp	r4, #0
10004ea0:	d1f8      	bne.n	10004e94 <__wrap_vprintf+0x80>
10004ea2:	4643      	mov	r3, r8
10004ea4:	2b00      	cmp	r3, #0
10004ea6:	d107      	bne.n	10004eb8 <__wrap_vprintf+0xa4>
10004ea8:	4648      	mov	r0, r9
10004eaa:	b023      	add	sp, #140	@ 0x8c
10004eac:	bcc0      	pop	{r6, r7}
10004eae:	46b9      	mov	r9, r7
10004eb0:	46b0      	mov	r8, r6
10004eb2:	bdf0      	pop	{r4, r5, r6, r7, pc}
10004eb4:	6924      	ldr	r4, [r4, #16]
10004eb6:	e7eb      	b.n	10004e90 <__wrap_vprintf+0x7c>
10004eb8:	4804      	ldr	r0, [pc, #16]	@ (10004ecc <__wrap_vprintf+0xb8>)
10004eba:	f002 fb35 	bl	10007528 <__mutex_exit_veneer>
10004ebe:	e7f3      	b.n	10004ea8 <__wrap_vprintf+0x94>
10004ec0:	9401      	str	r4, [sp, #4]
10004ec2:	e7ee      	b.n	10004ea2 <__wrap_vprintf+0x8e>
10004ec4:	000f4240 	.word	0x000f4240
10004ec8:	7fffffff 	.word	0x7fffffff
10004ecc:	20001038 	.word	0x20001038
10004ed0:	10004bc1 	.word	0x10004bc1
10004ed4:	200017f4 	.word	0x200017f4
10004ed8:	200017fc 	.word	0x200017fc

10004edc <__wrap_printf>:
10004edc:	b40f      	push	{r0, r1, r2, r3}
10004ede:	b500      	push	{lr}
10004ee0:	b083      	sub	sp, #12
10004ee2:	a904      	add	r1, sp, #16
10004ee4:	c901      	ldmia	r1!, {r0}
10004ee6:	9101      	str	r1, [sp, #4]
10004ee8:	f7ff ff94 	bl	10004e14 <__wrap_vprintf>
10004eec:	b003      	add	sp, #12
10004eee:	bc08      	pop	{r3}
10004ef0:	b004      	add	sp, #16
10004ef2:	4718      	bx	r3

10004ef4 <stdio_usb_set_chars_available_callback>:
10004ef4:	4b02      	ldr	r3, [pc, #8]	@ (10004f00 <stdio_usb_set_chars_available_callback+0xc>)
10004ef6:	6018      	str	r0, [r3, #0]
10004ef8:	4b02      	ldr	r3, [pc, #8]	@ (10004f04 <stdio_usb_set_chars_available_callback+0x10>)
10004efa:	6019      	str	r1, [r3, #0]
10004efc:	4770      	bx	lr
10004efe:	46c0      	nop			@ (mov r8, r8)
10004f00:	20001794 	.word	0x20001794
10004f04:	20001798 	.word	0x20001798

10004f08 <usb_irq>:
10004f08:	b510      	push	{r4, lr}
10004f0a:	4b02      	ldr	r3, [pc, #8]	@ (10004f14 <usb_irq+0xc>)
10004f0c:	7818      	ldrb	r0, [r3, #0]
10004f0e:	f7fc f8e3 	bl	100010d8 <irq_set_pending>
10004f12:	bd10      	pop	{r4, pc}
10004f14:	20001d25 	.word	0x20001d25

10004f18 <timer_task>:
10004f18:	4b15      	ldr	r3, [pc, #84]	@ (10004f70 <timer_task+0x58>)
10004f1a:	b570      	push	{r4, r5, r6, lr}
10004f1c:	681a      	ldr	r2, [r3, #0]
10004f1e:	2a00      	cmp	r2, #0
10004f20:	d022      	beq.n	10004f68 <timer_task+0x50>
10004f22:	f3ef 8110 	mrs	r1, PRIMASK
10004f26:	b672      	cpsid	i
10004f28:	6810      	ldr	r0, [r2, #0]
10004f2a:	2800      	cmp	r0, #0
10004f2c:	d0fc      	beq.n	10004f28 <timer_task+0x10>
10004f2e:	f3bf 8f5f 	dmb	sy
10004f32:	2000      	movs	r0, #0
10004f34:	4a0f      	ldr	r2, [pc, #60]	@ (10004f74 <timer_task+0x5c>)
10004f36:	6059      	str	r1, [r3, #4]
10004f38:	7010      	strb	r0, [r2, #0]
10004f3a:	681b      	ldr	r3, [r3, #0]
10004f3c:	f3bf 8f5f 	dmb	sy
10004f40:	6018      	str	r0, [r3, #0]
10004f42:	f381 8810 	msr	PRIMASK, r1
10004f46:	2400      	movs	r4, #0
10004f48:	2500      	movs	r5, #0
10004f4a:	4e0b      	ldr	r6, [pc, #44]	@ (10004f78 <timer_task+0x60>)
10004f4c:	7830      	ldrb	r0, [r6, #0]
10004f4e:	f7fc f8b7 	bl	100010c0 <irq_is_enabled>
10004f52:	2800      	cmp	r0, #0
10004f54:	d104      	bne.n	10004f60 <timer_task+0x48>
10004f56:	2400      	movs	r4, #0
10004f58:	2500      	movs	r5, #0
10004f5a:	0029      	movs	r1, r5
10004f5c:	0020      	movs	r0, r4
10004f5e:	bd70      	pop	{r4, r5, r6, pc}
10004f60:	7830      	ldrb	r0, [r6, #0]
10004f62:	f7fc f8b9 	bl	100010d8 <irq_set_pending>
10004f66:	e7f8      	b.n	10004f5a <timer_task+0x42>
10004f68:	24fa      	movs	r4, #250	@ 0xfa
10004f6a:	2500      	movs	r5, #0
10004f6c:	00a4      	lsls	r4, r4, #2
10004f6e:	e7ec      	b.n	10004f4a <timer_task+0x32>
10004f70:	20001c10 	.word	0x20001c10
10004f74:	20001d26 	.word	0x20001d26
10004f78:	20001d25 	.word	0x20001d25

10004f7c <stdio_usb_in_chars>:
10004f7c:	b570      	push	{r4, r5, r6, lr}
10004f7e:	0005      	movs	r5, r0
10004f80:	2000      	movs	r0, #0
10004f82:	000e      	movs	r6, r1
10004f84:	f001 fb78 	bl	10006678 <tud_cdc_n_connected>
10004f88:	2800      	cmp	r0, #0
10004f8a:	d034      	beq.n	10004ff6 <stdio_usb_in_chars+0x7a>
10004f8c:	2000      	movs	r0, #0
10004f8e:	f001 fb89 	bl	100066a4 <tud_cdc_n_available>
10004f92:	2800      	cmp	r0, #0
10004f94:	d02f      	beq.n	10004ff6 <stdio_usb_in_chars+0x7a>
10004f96:	f7fc ff2b 	bl	10001df0 <time_us_64>
10004f9a:	2300      	movs	r3, #0
10004f9c:	4a17      	ldr	r2, [pc, #92]	@ (10004ffc <stdio_usb_in_chars+0x80>)
10004f9e:	1812      	adds	r2, r2, r0
10004fa0:	414b      	adcs	r3, r1
10004fa2:	2b00      	cmp	r3, #0
10004fa4:	db16      	blt.n	10004fd4 <stdio_usb_in_chars+0x58>
10004fa6:	4c16      	ldr	r4, [pc, #88]	@ (10005000 <stdio_usb_in_chars+0x84>)
10004fa8:	0020      	movs	r0, r4
10004faa:	f002 fa9d 	bl	100074e8 <__mutex_try_enter_block_until_veneer>
10004fae:	2800      	cmp	r0, #0
10004fb0:	d021      	beq.n	10004ff6 <stdio_usb_in_chars+0x7a>
10004fb2:	2000      	movs	r0, #0
10004fb4:	f001 fb60 	bl	10006678 <tud_cdc_n_connected>
10004fb8:	2800      	cmp	r0, #0
10004fba:	d10f      	bne.n	10004fdc <stdio_usb_in_chars+0x60>
10004fbc:	2001      	movs	r0, #1
10004fbe:	2100      	movs	r1, #0
10004fc0:	4240      	negs	r0, r0
10004fc2:	f000 fd89 	bl	10005ad8 <tud_task_ext>
10004fc6:	2503      	movs	r5, #3
10004fc8:	426d      	negs	r5, r5
10004fca:	0020      	movs	r0, r4
10004fcc:	f002 faac 	bl	10007528 <__mutex_exit_veneer>
10004fd0:	0028      	movs	r0, r5
10004fd2:	bd70      	pop	{r4, r5, r6, pc}
10004fd4:	2201      	movs	r2, #1
10004fd6:	4b0b      	ldr	r3, [pc, #44]	@ (10005004 <stdio_usb_in_chars+0x88>)
10004fd8:	4252      	negs	r2, r2
10004fda:	e7e4      	b.n	10004fa6 <stdio_usb_in_chars+0x2a>
10004fdc:	2000      	movs	r0, #0
10004fde:	f001 fb61 	bl	100066a4 <tud_cdc_n_available>
10004fe2:	2800      	cmp	r0, #0
10004fe4:	d0ea      	beq.n	10004fbc <stdio_usb_in_chars+0x40>
10004fe6:	0029      	movs	r1, r5
10004fe8:	0032      	movs	r2, r6
10004fea:	2000      	movs	r0, #0
10004fec:	f001 fb64 	bl	100066b8 <tud_cdc_n_read>
10004ff0:	1e05      	subs	r5, r0, #0
10004ff2:	d1ea      	bne.n	10004fca <stdio_usb_in_chars+0x4e>
10004ff4:	e7e7      	b.n	10004fc6 <stdio_usb_in_chars+0x4a>
10004ff6:	2503      	movs	r5, #3
10004ff8:	426d      	negs	r5, r5
10004ffa:	e7e9      	b.n	10004fd0 <stdio_usb_in_chars+0x54>
10004ffc:	000f4240 	.word	0x000f4240
10005000:	20001c38 	.word	0x20001c38
10005004:	7fffffff 	.word	0x7fffffff

10005008 <stdio_usb_out_flush>:
10005008:	b510      	push	{r4, lr}
1000500a:	f7fc fef1 	bl	10001df0 <time_us_64>
1000500e:	2300      	movs	r3, #0
10005010:	4a0d      	ldr	r2, [pc, #52]	@ (10005048 <stdio_usb_out_flush+0x40>)
10005012:	1812      	adds	r2, r2, r0
10005014:	414b      	adcs	r3, r1
10005016:	2b00      	cmp	r3, #0
10005018:	da02      	bge.n	10005020 <stdio_usb_out_flush+0x18>
1000501a:	2201      	movs	r2, #1
1000501c:	4b0b      	ldr	r3, [pc, #44]	@ (1000504c <stdio_usb_out_flush+0x44>)
1000501e:	4252      	negs	r2, r2
10005020:	480b      	ldr	r0, [pc, #44]	@ (10005050 <stdio_usb_out_flush+0x48>)
10005022:	f002 fa61 	bl	100074e8 <__mutex_try_enter_block_until_veneer>
10005026:	2800      	cmp	r0, #0
10005028:	d00c      	beq.n	10005044 <stdio_usb_out_flush+0x3c>
1000502a:	2001      	movs	r0, #1
1000502c:	2100      	movs	r1, #0
1000502e:	4240      	negs	r0, r0
10005030:	f000 fd52 	bl	10005ad8 <tud_task_ext>
10005034:	2000      	movs	r0, #0
10005036:	f001 fb83 	bl	10006740 <tud_cdc_n_write_flush>
1000503a:	2800      	cmp	r0, #0
1000503c:	d1f5      	bne.n	1000502a <stdio_usb_out_flush+0x22>
1000503e:	4804      	ldr	r0, [pc, #16]	@ (10005050 <stdio_usb_out_flush+0x48>)
10005040:	f002 fa72 	bl	10007528 <__mutex_exit_veneer>
10005044:	bd10      	pop	{r4, pc}
10005046:	46c0      	nop			@ (mov r8, r8)
10005048:	000f4240 	.word	0x000f4240
1000504c:	7fffffff 	.word	0x7fffffff
10005050:	20001c38 	.word	0x20001c38

10005054 <stdio_usb_out_chars>:
10005054:	b5f8      	push	{r3, r4, r5, r6, r7, lr}
10005056:	46ce      	mov	lr, r9
10005058:	4647      	mov	r7, r8
1000505a:	b580      	push	{r7, lr}
1000505c:	0005      	movs	r5, r0
1000505e:	000c      	movs	r4, r1
10005060:	f7fc fec6 	bl	10001df0 <time_us_64>
10005064:	2300      	movs	r3, #0
10005066:	4a34      	ldr	r2, [pc, #208]	@ (10005138 <stdio_usb_out_chars+0xe4>)
10005068:	1812      	adds	r2, r2, r0
1000506a:	414b      	adcs	r3, r1
1000506c:	2b00      	cmp	r3, #0
1000506e:	da02      	bge.n	10005076 <stdio_usb_out_chars+0x22>
10005070:	2201      	movs	r2, #1
10005072:	4b32      	ldr	r3, [pc, #200]	@ (1000513c <stdio_usb_out_chars+0xe8>)
10005074:	4252      	negs	r2, r2
10005076:	4932      	ldr	r1, [pc, #200]	@ (10005140 <stdio_usb_out_chars+0xec>)
10005078:	0008      	movs	r0, r1
1000507a:	4688      	mov	r8, r1
1000507c:	f002 fa34 	bl	100074e8 <__mutex_try_enter_block_until_veneer>
10005080:	2800      	cmp	r0, #0
10005082:	d103      	bne.n	1000508c <stdio_usb_out_chars+0x38>
10005084:	bcc0      	pop	{r6, r7}
10005086:	46b9      	mov	r9, r7
10005088:	46b0      	mov	r8, r6
1000508a:	bdf8      	pop	{r3, r4, r5, r6, r7, pc}
1000508c:	2000      	movs	r0, #0
1000508e:	f001 faf3 	bl	10006678 <tud_cdc_n_connected>
10005092:	2800      	cmp	r0, #0
10005094:	d048      	beq.n	10005128 <stdio_usb_out_chars+0xd4>
10005096:	2600      	movs	r6, #0
10005098:	2c00      	cmp	r4, #0
1000509a:	dd41      	ble.n	10005120 <stdio_usb_out_chars+0xcc>
1000509c:	4b29      	ldr	r3, [pc, #164]	@ (10005144 <stdio_usb_out_chars+0xf0>)
1000509e:	4699      	mov	r9, r3
100050a0:	e013      	b.n	100050ca <stdio_usb_out_chars+0x76>
100050a2:	19a9      	adds	r1, r5, r6
100050a4:	2000      	movs	r0, #0
100050a6:	f001 fb87 	bl	100067b8 <tud_cdc_n_write>
100050aa:	0007      	movs	r7, r0
100050ac:	2001      	movs	r0, #1
100050ae:	2100      	movs	r1, #0
100050b0:	4240      	negs	r0, r0
100050b2:	f000 fd11 	bl	10005ad8 <tud_task_ext>
100050b6:	2000      	movs	r0, #0
100050b8:	f001 fb42 	bl	10006740 <tud_cdc_n_write_flush>
100050bc:	f7fc fe98 	bl	10001df0 <time_us_64>
100050c0:	4b20      	ldr	r3, [pc, #128]	@ (10005144 <stdio_usb_out_chars+0xf0>)
100050c2:	19f6      	adds	r6, r6, r7
100050c4:	c303      	stmia	r3!, {r0, r1}
100050c6:	42b4      	cmp	r4, r6
100050c8:	dd2a      	ble.n	10005120 <stdio_usb_out_chars+0xcc>
100050ca:	2000      	movs	r0, #0
100050cc:	f001 fb94 	bl	100067f8 <tud_cdc_n_write_available>
100050d0:	1ba7      	subs	r7, r4, r6
100050d2:	0002      	movs	r2, r0
100050d4:	42b8      	cmp	r0, r7
100050d6:	dd00      	ble.n	100050da <stdio_usb_out_chars+0x86>
100050d8:	003a      	movs	r2, r7
100050da:	2a00      	cmp	r2, #0
100050dc:	d1e1      	bne.n	100050a2 <stdio_usb_out_chars+0x4e>
100050de:	2001      	movs	r0, #1
100050e0:	2100      	movs	r1, #0
100050e2:	4240      	negs	r0, r0
100050e4:	f000 fcf8 	bl	10005ad8 <tud_task_ext>
100050e8:	2000      	movs	r0, #0
100050ea:	f001 fb29 	bl	10006740 <tud_cdc_n_write_flush>
100050ee:	2000      	movs	r0, #0
100050f0:	f001 fac2 	bl	10006678 <tud_cdc_n_connected>
100050f4:	2800      	cmp	r0, #0
100050f6:	d013      	beq.n	10005120 <stdio_usb_out_chars+0xcc>
100050f8:	2000      	movs	r0, #0
100050fa:	f001 fb7d 	bl	100067f8 <tud_cdc_n_write_available>
100050fe:	2800      	cmp	r0, #0
10005100:	d1e1      	bne.n	100050c6 <stdio_usb_out_chars+0x72>
10005102:	f7fc fe75 	bl	10001df0 <time_us_64>
10005106:	464b      	mov	r3, r9
10005108:	000f      	movs	r7, r1
1000510a:	cb0c      	ldmia	r3, {r2, r3}
1000510c:	2100      	movs	r1, #0
1000510e:	4684      	mov	ip, r0
10005110:	480d      	ldr	r0, [pc, #52]	@ (10005148 <stdio_usb_out_chars+0xf4>)
10005112:	1812      	adds	r2, r2, r0
10005114:	414b      	adcs	r3, r1
10005116:	429f      	cmp	r7, r3
10005118:	d802      	bhi.n	10005120 <stdio_usb_out_chars+0xcc>
1000511a:	d1d4      	bne.n	100050c6 <stdio_usb_out_chars+0x72>
1000511c:	4594      	cmp	ip, r2
1000511e:	d9d2      	bls.n	100050c6 <stdio_usb_out_chars+0x72>
10005120:	4640      	mov	r0, r8
10005122:	f002 fa01 	bl	10007528 <__mutex_exit_veneer>
10005126:	e7ad      	b.n	10005084 <stdio_usb_out_chars+0x30>
10005128:	2000      	movs	r0, #0
1000512a:	2100      	movs	r1, #0
1000512c:	4b05      	ldr	r3, [pc, #20]	@ (10005144 <stdio_usb_out_chars+0xf0>)
1000512e:	c303      	stmia	r3!, {r0, r1}
10005130:	4640      	mov	r0, r8
10005132:	f002 f9f9 	bl	10007528 <__mutex_exit_veneer>
10005136:	e7a5      	b.n	10005084 <stdio_usb_out_chars+0x30>
10005138:	000f4240 	.word	0x000f4240
1000513c:	7fffffff 	.word	0x7fffffff
10005140:	20001c38 	.word	0x20001c38
10005144:	20001288 	.word	0x20001288
10005148:	0007a120 	.word	0x0007a120

1000514c <low_priority_worker_irq>:
1000514c:	b530      	push	{r4, r5, lr}
1000514e:	2100      	movs	r1, #0
10005150:	b085      	sub	sp, #20
10005152:	4828      	ldr	r0, [pc, #160]	@ (100051f4 <low_priority_worker_irq+0xa8>)
10005154:	f002 f9c0 	bl	100074d8 <__mutex_try_enter_veneer>
10005158:	2800      	cmp	r0, #0
1000515a:	d11c      	bne.n	10005196 <low_priority_worker_irq+0x4a>
1000515c:	4b26      	ldr	r3, [pc, #152]	@ (100051f8 <low_priority_worker_irq+0xac>)
1000515e:	681a      	ldr	r2, [r3, #0]
10005160:	2a00      	cmp	r2, #0
10005162:	d016      	beq.n	10005192 <low_priority_worker_irq+0x46>
10005164:	f3ef 8110 	mrs	r1, PRIMASK
10005168:	b672      	cpsid	i
1000516a:	6810      	ldr	r0, [r2, #0]
1000516c:	2800      	cmp	r0, #0
1000516e:	d0fc      	beq.n	1000516a <low_priority_worker_irq+0x1e>
10005170:	f3bf 8f5f 	dmb	sy
10005174:	2401      	movs	r4, #1
10005176:	4821      	ldr	r0, [pc, #132]	@ (100051fc <low_priority_worker_irq+0xb0>)
10005178:	6059      	str	r1, [r3, #4]
1000517a:	7802      	ldrb	r2, [r0, #0]
1000517c:	681b      	ldr	r3, [r3, #0]
1000517e:	b2d2      	uxtb	r2, r2
10005180:	7004      	strb	r4, [r0, #0]
10005182:	f3bf 8f5f 	dmb	sy
10005186:	2000      	movs	r0, #0
10005188:	6018      	str	r0, [r3, #0]
1000518a:	f381 8810 	msr	PRIMASK, r1
1000518e:	2a00      	cmp	r2, #0
10005190:	d017      	beq.n	100051c2 <low_priority_worker_irq+0x76>
10005192:	b005      	add	sp, #20
10005194:	bd30      	pop	{r4, r5, pc}
10005196:	2001      	movs	r0, #1
10005198:	2100      	movs	r1, #0
1000519a:	4240      	negs	r0, r0
1000519c:	f000 fc9c 	bl	10005ad8 <tud_task_ext>
100051a0:	2000      	movs	r0, #0
100051a2:	f001 fa7f 	bl	100066a4 <tud_cdc_n_available>
100051a6:	0005      	movs	r5, r0
100051a8:	4812      	ldr	r0, [pc, #72]	@ (100051f4 <low_priority_worker_irq+0xa8>)
100051aa:	f002 f9bd 	bl	10007528 <__mutex_exit_veneer>
100051ae:	2d00      	cmp	r5, #0
100051b0:	d0ef      	beq.n	10005192 <low_priority_worker_irq+0x46>
100051b2:	4b13      	ldr	r3, [pc, #76]	@ (10005200 <low_priority_worker_irq+0xb4>)
100051b4:	681b      	ldr	r3, [r3, #0]
100051b6:	2b00      	cmp	r3, #0
100051b8:	d0eb      	beq.n	10005192 <low_priority_worker_irq+0x46>
100051ba:	4a12      	ldr	r2, [pc, #72]	@ (10005204 <low_priority_worker_irq+0xb8>)
100051bc:	6810      	ldr	r0, [r2, #0]
100051be:	4798      	blx	r3
100051c0:	e7e7      	b.n	10005192 <low_priority_worker_irq+0x46>
100051c2:	f7fc fb75 	bl	100018b0 <alarm_pool_get_default>
100051c6:	0004      	movs	r4, r0
100051c8:	f7fc fe12 	bl	10001df0 <time_us_64>
100051cc:	22fa      	movs	r2, #250	@ 0xfa
100051ce:	2300      	movs	r3, #0
100051d0:	0092      	lsls	r2, r2, #2
100051d2:	1812      	adds	r2, r2, r0
100051d4:	414b      	adcs	r3, r1
100051d6:	2b00      	cmp	r3, #0
100051d8:	da02      	bge.n	100051e0 <low_priority_worker_irq+0x94>
100051da:	2201      	movs	r2, #1
100051dc:	4b0a      	ldr	r3, [pc, #40]	@ (10005208 <low_priority_worker_irq+0xbc>)
100051de:	4252      	negs	r2, r2
100051e0:	2101      	movs	r1, #1
100051e2:	9102      	str	r1, [sp, #8]
100051e4:	2100      	movs	r1, #0
100051e6:	9101      	str	r1, [sp, #4]
100051e8:	4908      	ldr	r1, [pc, #32]	@ (1000520c <low_priority_worker_irq+0xc0>)
100051ea:	0020      	movs	r0, r4
100051ec:	9100      	str	r1, [sp, #0]
100051ee:	f7fc fb63 	bl	100018b8 <alarm_pool_add_alarm_at>
100051f2:	e7ce      	b.n	10005192 <low_priority_worker_irq+0x46>
100051f4:	20001c38 	.word	0x20001c38
100051f8:	20001c10 	.word	0x20001c10
100051fc:	20001d26 	.word	0x20001d26
10005200:	20001794 	.word	0x20001794
10005204:	20001798 	.word	0x20001798
10005208:	7fffffff 	.word	0x7fffffff
1000520c:	10004f19 	.word	0x10004f19

10005210 <stdio_usb_init>:
10005210:	23d0      	movs	r3, #208	@ 0xd0
10005212:	b510      	push	{r4, lr}
10005214:	061b      	lsls	r3, r3, #24
10005216:	b084      	sub	sp, #16
10005218:	681c      	ldr	r4, [r3, #0]
1000521a:	f7fc fb49 	bl	100018b0 <alarm_pool_get_default>
1000521e:	f7fc fc49 	bl	10001ab4 <alarm_pool_core_num>
10005222:	42a0      	cmp	r0, r4
10005224:	d002      	beq.n	1000522c <stdio_usb_init+0x1c>
10005226:	2000      	movs	r0, #0
10005228:	b004      	add	sp, #16
1000522a:	bd10      	pop	{r4, pc}
1000522c:	4b28      	ldr	r3, [pc, #160]	@ (100052d0 <stdio_usb_init+0xc0>)
1000522e:	2100      	movs	r1, #0
10005230:	2000      	movs	r0, #0
10005232:	781b      	ldrb	r3, [r3, #0]
10005234:	f001 fca6 	bl	10006b84 <tusb_rhport_init>
10005238:	4826      	ldr	r0, [pc, #152]	@ (100052d4 <stdio_usb_init+0xc4>)
1000523a:	6803      	ldr	r3, [r0, #0]
1000523c:	2b00      	cmp	r3, #0
1000523e:	d044      	beq.n	100052ca <stdio_usb_init+0xba>
10005240:	2001      	movs	r0, #1
10005242:	f7fc f8cd 	bl	100013e0 <user_irq_claim_unused>
10005246:	23ff      	movs	r3, #255	@ 0xff
10005248:	4c23      	ldr	r4, [pc, #140]	@ (100052d8 <stdio_usb_init+0xc8>)
1000524a:	4924      	ldr	r1, [pc, #144]	@ (100052dc <stdio_usb_init+0xcc>)
1000524c:	7020      	strb	r0, [r4, #0]
1000524e:	4018      	ands	r0, r3
10005250:	f7fb ff5a 	bl	10001108 <irq_set_exclusive_handler>
10005254:	7820      	ldrb	r0, [r4, #0]
10005256:	2101      	movs	r1, #1
10005258:	f7fb ff20 	bl	1000109c <irq_set_enabled>
1000525c:	2005      	movs	r0, #5
1000525e:	f7fb ff43 	bl	100010e8 <irq_has_shared_handler>
10005262:	2800      	cmp	r0, #0
10005264:	d124      	bne.n	100052b0 <stdio_usb_init+0xa0>
10005266:	2208      	movs	r2, #8
10005268:	2100      	movs	r1, #0
1000526a:	481d      	ldr	r0, [pc, #116]	@ (100052e0 <stdio_usb_init+0xd0>)
1000526c:	f7fe f856 	bl	1000331c <__wrap_memset>
10005270:	f7fc fb1e 	bl	100018b0 <alarm_pool_get_default>
10005274:	0004      	movs	r4, r0
10005276:	f7fc fdbb 	bl	10001df0 <time_us_64>
1000527a:	22fa      	movs	r2, #250	@ 0xfa
1000527c:	2300      	movs	r3, #0
1000527e:	0092      	lsls	r2, r2, #2
10005280:	1812      	adds	r2, r2, r0
10005282:	414b      	adcs	r3, r1
10005284:	2b00      	cmp	r3, #0
10005286:	da02      	bge.n	1000528e <stdio_usb_init+0x7e>
10005288:	2201      	movs	r2, #1
1000528a:	4b16      	ldr	r3, [pc, #88]	@ (100052e4 <stdio_usb_init+0xd4>)
1000528c:	4252      	negs	r2, r2
1000528e:	2101      	movs	r1, #1
10005290:	9102      	str	r1, [sp, #8]
10005292:	2100      	movs	r1, #0
10005294:	9101      	str	r1, [sp, #4]
10005296:	4914      	ldr	r1, [pc, #80]	@ (100052e8 <stdio_usb_init+0xd8>)
10005298:	0020      	movs	r0, r4
1000529a:	9100      	str	r1, [sp, #0]
1000529c:	f7fc fb0c 	bl	100018b8 <alarm_pool_add_alarm_at>
100052a0:	2800      	cmp	r0, #0
100052a2:	dbc0      	blt.n	10005226 <stdio_usb_init+0x16>
100052a4:	4811      	ldr	r0, [pc, #68]	@ (100052ec <stdio_usb_init+0xdc>)
100052a6:	2101      	movs	r1, #1
100052a8:	f7ff fd30 	bl	10004d0c <stdio_set_driver_enabled>
100052ac:	2001      	movs	r0, #1
100052ae:	e7bb      	b.n	10005228 <stdio_usb_init+0x18>
100052b0:	2001      	movs	r0, #1
100052b2:	f7fb feb1 	bl	10001018 <spin_lock_claim_unused>
100052b6:	0001      	movs	r1, r0
100052b8:	4809      	ldr	r0, [pc, #36]	@ (100052e0 <stdio_usb_init+0xd0>)
100052ba:	f7fc f8f1 	bl	100014a0 <critical_section_init_with_lock_num>
100052be:	2200      	movs	r2, #0
100052c0:	2005      	movs	r0, #5
100052c2:	490b      	ldr	r1, [pc, #44]	@ (100052f0 <stdio_usb_init+0xe0>)
100052c4:	f7fb ff4a 	bl	1000115c <irq_add_shared_handler>
100052c8:	e7ec      	b.n	100052a4 <stdio_usb_init+0x94>
100052ca:	f7fc f8cd 	bl	10001468 <mutex_init>
100052ce:	e7b7      	b.n	10005240 <stdio_usb_init+0x30>
100052d0:	10007c50 	.word	0x10007c50
100052d4:	20001c38 	.word	0x20001c38
100052d8:	20001d25 	.word	0x20001d25
100052dc:	1000514d 	.word	0x1000514d
100052e0:	20001c10 	.word	0x20001c10
100052e4:	7fffffff 	.word	0x7fffffff
100052e8:	10004f19 	.word	0x10004f19
100052ec:	20000ff0 	.word	0x20000ff0
100052f0:	10004f09 	.word	0x10004f09

100052f4 <tud_descriptor_device_cb>:
100052f4:	4800      	ldr	r0, [pc, #0]	@ (100052f8 <tud_descriptor_device_cb+0x4>)
100052f6:	4770      	bx	lr
100052f8:	10007a6c 	.word	0x10007a6c

100052fc <tud_descriptor_configuration_cb>:
100052fc:	4800      	ldr	r0, [pc, #0]	@ (10005300 <tud_descriptor_configuration_cb+0x4>)
100052fe:	4770      	bx	lr
10005300:	10007a18 	.word	0x10007a18

10005304 <tud_descriptor_string_cb>:
10005304:	b510      	push	{r4, lr}
10005306:	0004      	movs	r4, r0
10005308:	4816      	ldr	r0, [pc, #88]	@ (10005364 <tud_descriptor_string_cb+0x60>)
1000530a:	7803      	ldrb	r3, [r0, #0]
1000530c:	2b00      	cmp	r3, #0
1000530e:	d020      	beq.n	10005352 <tud_descriptor_string_cb+0x4e>
10005310:	2c00      	cmp	r4, #0
10005312:	d106      	bne.n	10005322 <tud_descriptor_string_cb+0x1e>
10005314:	4b14      	ldr	r3, [pc, #80]	@ (10005368 <tud_descriptor_string_cb+0x64>)
10005316:	4815      	ldr	r0, [pc, #84]	@ (1000536c <tud_descriptor_string_cb+0x68>)
10005318:	8043      	strh	r3, [r0, #2]
1000531a:	3b06      	subs	r3, #6
1000531c:	3bff      	subs	r3, #255	@ 0xff
1000531e:	8003      	strh	r3, [r0, #0]
10005320:	bd10      	pop	{r4, pc}
10005322:	2c05      	cmp	r4, #5
10005324:	d81c      	bhi.n	10005360 <tud_descriptor_string_cb+0x5c>
10005326:	4b12      	ldr	r3, [pc, #72]	@ (10005370 <tud_descriptor_string_cb+0x6c>)
10005328:	00a4      	lsls	r4, r4, #2
1000532a:	58e4      	ldr	r4, [r4, r3]
1000532c:	480f      	ldr	r0, [pc, #60]	@ (1000536c <tud_descriptor_string_cb+0x68>)
1000532e:	2301      	movs	r3, #1
10005330:	1c81      	adds	r1, r0, #2
10005332:	3c01      	subs	r4, #1
10005334:	e004      	b.n	10005340 <tud_descriptor_string_cb+0x3c>
10005336:	3301      	adds	r3, #1
10005338:	800a      	strh	r2, [r1, #0]
1000533a:	3102      	adds	r1, #2
1000533c:	2b14      	cmp	r3, #20
1000533e:	d00c      	beq.n	1000535a <tud_descriptor_string_cb+0x56>
10005340:	5ce2      	ldrb	r2, [r4, r3]
10005342:	2a00      	cmp	r2, #0
10005344:	d1f7      	bne.n	10005336 <tud_descriptor_string_cb+0x32>
10005346:	22c0      	movs	r2, #192	@ 0xc0
10005348:	b2db      	uxtb	r3, r3
1000534a:	005b      	lsls	r3, r3, #1
1000534c:	0092      	lsls	r2, r2, #2
1000534e:	4313      	orrs	r3, r2
10005350:	e7e5      	b.n	1000531e <tud_descriptor_string_cb+0x1a>
10005352:	2111      	movs	r1, #17
10005354:	f000 f816 	bl	10005384 <pico_get_unique_board_id_string>
10005358:	e7da      	b.n	10005310 <tud_descriptor_string_cb+0xc>
1000535a:	23ca      	movs	r3, #202	@ 0xca
1000535c:	009b      	lsls	r3, r3, #2
1000535e:	e7de      	b.n	1000531e <tud_descriptor_string_cb+0x1a>
10005360:	2000      	movs	r0, #0
10005362:	e7dd      	b.n	10005320 <tud_descriptor_string_cb+0x1c>
10005364:	20001c40 	.word	0x20001c40
10005368:	00000409 	.word	0x00000409
1000536c:	200017cc 	.word	0x200017cc
10005370:	10007a00 	.word	0x10007a00

10005374 <_retrieve_unique_id_on_boot>:
10005374:	b510      	push	{r4, lr}
10005376:	4802      	ldr	r0, [pc, #8]	@ (10005380 <_retrieve_unique_id_on_boot+0xc>)
10005378:	f000 f8f4 	bl	10005564 <flash_get_unique_id>
1000537c:	bd10      	pop	{r4, pc}
1000537e:	46c0      	nop			@ (mov r8, r8)
10005380:	20001c28 	.word	0x20001c28

10005384 <pico_get_unique_board_id_string>:
10005384:	b530      	push	{r4, r5, lr}
10005386:	2901      	cmp	r1, #1
10005388:	d100      	bne.n	1000538c <pico_get_unique_board_id_string+0x8>
1000538a:	e0bb      	b.n	10005504 <pico_get_unique_board_id_string+0x180>
1000538c:	4b74      	ldr	r3, [pc, #464]	@ (10005560 <pico_get_unique_board_id_string+0x1dc>)
1000538e:	3901      	subs	r1, #1
10005390:	781a      	ldrb	r2, [r3, #0]
10005392:	1112      	asrs	r2, r2, #4
10005394:	0014      	movs	r4, r2
10005396:	3430      	adds	r4, #48	@ 0x30
10005398:	2a09      	cmp	r2, #9
1000539a:	dd00      	ble.n	1000539e <pico_get_unique_board_id_string+0x1a>
1000539c:	e0b5      	b.n	1000550a <pico_get_unique_board_id_string+0x186>
1000539e:	7004      	strb	r4, [r0, #0]
100053a0:	2901      	cmp	r1, #1
100053a2:	d100      	bne.n	100053a6 <pico_get_unique_board_id_string+0x22>
100053a4:	e0da      	b.n	1000555c <pico_get_unique_board_id_string+0x1d8>
100053a6:	220f      	movs	r2, #15
100053a8:	781c      	ldrb	r4, [r3, #0]
100053aa:	4022      	ands	r2, r4
100053ac:	0014      	movs	r4, r2
100053ae:	3430      	adds	r4, #48	@ 0x30
100053b0:	2a09      	cmp	r2, #9
100053b2:	d900      	bls.n	100053b6 <pico_get_unique_board_id_string+0x32>
100053b4:	e0ac      	b.n	10005510 <pico_get_unique_board_id_string+0x18c>
100053b6:	7044      	strb	r4, [r0, #1]
100053b8:	2902      	cmp	r1, #2
100053ba:	d100      	bne.n	100053be <pico_get_unique_board_id_string+0x3a>
100053bc:	e0ce      	b.n	1000555c <pico_get_unique_board_id_string+0x1d8>
100053be:	785a      	ldrb	r2, [r3, #1]
100053c0:	4694      	mov	ip, r2
100053c2:	1112      	asrs	r2, r2, #4
100053c4:	0014      	movs	r4, r2
100053c6:	3430      	adds	r4, #48	@ 0x30
100053c8:	2a09      	cmp	r2, #9
100053ca:	dd00      	ble.n	100053ce <pico_get_unique_board_id_string+0x4a>
100053cc:	e0a3      	b.n	10005516 <pico_get_unique_board_id_string+0x192>
100053ce:	7084      	strb	r4, [r0, #2]
100053d0:	2903      	cmp	r1, #3
100053d2:	d100      	bne.n	100053d6 <pico_get_unique_board_id_string+0x52>
100053d4:	e0c2      	b.n	1000555c <pico_get_unique_board_id_string+0x1d8>
100053d6:	4664      	mov	r4, ip
100053d8:	220f      	movs	r2, #15
100053da:	4022      	ands	r2, r4
100053dc:	0014      	movs	r4, r2
100053de:	3430      	adds	r4, #48	@ 0x30
100053e0:	2a09      	cmp	r2, #9
100053e2:	d900      	bls.n	100053e6 <pico_get_unique_board_id_string+0x62>
100053e4:	e09a      	b.n	1000551c <pico_get_unique_board_id_string+0x198>
100053e6:	70c4      	strb	r4, [r0, #3]
100053e8:	2904      	cmp	r1, #4
100053ea:	d100      	bne.n	100053ee <pico_get_unique_board_id_string+0x6a>
100053ec:	e0b6      	b.n	1000555c <pico_get_unique_board_id_string+0x1d8>
100053ee:	789a      	ldrb	r2, [r3, #2]
100053f0:	4694      	mov	ip, r2
100053f2:	1112      	asrs	r2, r2, #4
100053f4:	0014      	movs	r4, r2
100053f6:	3430      	adds	r4, #48	@ 0x30
100053f8:	2a09      	cmp	r2, #9
100053fa:	dd00      	ble.n	100053fe <pico_get_unique_board_id_string+0x7a>
100053fc:	e091      	b.n	10005522 <pico_get_unique_board_id_string+0x19e>
100053fe:	7104      	strb	r4, [r0, #4]
10005400:	2905      	cmp	r1, #5
10005402:	d100      	bne.n	10005406 <pico_get_unique_board_id_string+0x82>
10005404:	e0aa      	b.n	1000555c <pico_get_unique_board_id_string+0x1d8>
10005406:	4664      	mov	r4, ip
10005408:	220f      	movs	r2, #15
1000540a:	4022      	ands	r2, r4
1000540c:	0014      	movs	r4, r2
1000540e:	3430      	adds	r4, #48	@ 0x30
10005410:	2a09      	cmp	r2, #9
10005412:	d900      	bls.n	10005416 <pico_get_unique_board_id_string+0x92>
10005414:	e088      	b.n	10005528 <pico_get_unique_board_id_string+0x1a4>
10005416:	7144      	strb	r4, [r0, #5]
10005418:	2906      	cmp	r1, #6
1000541a:	d100      	bne.n	1000541e <pico_get_unique_board_id_string+0x9a>
1000541c:	e09e      	b.n	1000555c <pico_get_unique_board_id_string+0x1d8>
1000541e:	2530      	movs	r5, #48	@ 0x30
10005420:	46ac      	mov	ip, r5
10005422:	78dc      	ldrb	r4, [r3, #3]
10005424:	1122      	asrs	r2, r4, #4
10005426:	4494      	add	ip, r2
10005428:	2a09      	cmp	r2, #9
1000542a:	dd00      	ble.n	1000542e <pico_get_unique_board_id_string+0xaa>
1000542c:	e07f      	b.n	1000552e <pico_get_unique_board_id_string+0x1aa>
1000542e:	4662      	mov	r2, ip
10005430:	7182      	strb	r2, [r0, #6]
10005432:	2907      	cmp	r1, #7
10005434:	d100      	bne.n	10005438 <pico_get_unique_board_id_string+0xb4>
10005436:	e091      	b.n	1000555c <pico_get_unique_board_id_string+0x1d8>
10005438:	220f      	movs	r2, #15
1000543a:	4022      	ands	r2, r4
1000543c:	0014      	movs	r4, r2
1000543e:	3430      	adds	r4, #48	@ 0x30
10005440:	2a09      	cmp	r2, #9
10005442:	d900      	bls.n	10005446 <pico_get_unique_board_id_string+0xc2>
10005444:	e077      	b.n	10005536 <pico_get_unique_board_id_string+0x1b2>
10005446:	71c4      	strb	r4, [r0, #7]
10005448:	2908      	cmp	r1, #8
1000544a:	d100      	bne.n	1000544e <pico_get_unique_board_id_string+0xca>
1000544c:	e086      	b.n	1000555c <pico_get_unique_board_id_string+0x1d8>
1000544e:	2530      	movs	r5, #48	@ 0x30
10005450:	46ac      	mov	ip, r5
10005452:	791c      	ldrb	r4, [r3, #4]
10005454:	1122      	asrs	r2, r4, #4
10005456:	4494      	add	ip, r2
10005458:	2a09      	cmp	r2, #9
1000545a:	dd00      	ble.n	1000545e <pico_get_unique_board_id_string+0xda>
1000545c:	e06e      	b.n	1000553c <pico_get_unique_board_id_string+0x1b8>
1000545e:	4662      	mov	r2, ip
10005460:	7202      	strb	r2, [r0, #8]
10005462:	2909      	cmp	r1, #9
10005464:	d100      	bne.n	10005468 <pico_get_unique_board_id_string+0xe4>
10005466:	e079      	b.n	1000555c <pico_get_unique_board_id_string+0x1d8>
10005468:	220f      	movs	r2, #15
1000546a:	4022      	ands	r2, r4
1000546c:	0014      	movs	r4, r2
1000546e:	3430      	adds	r4, #48	@ 0x30
10005470:	2a09      	cmp	r2, #9
10005472:	d867      	bhi.n	10005544 <pico_get_unique_board_id_string+0x1c0>
10005474:	7244      	strb	r4, [r0, #9]
10005476:	290a      	cmp	r1, #10
10005478:	d100      	bne.n	1000547c <pico_get_unique_board_id_string+0xf8>
1000547a:	e06f      	b.n	1000555c <pico_get_unique_board_id_string+0x1d8>
1000547c:	2530      	movs	r5, #48	@ 0x30
1000547e:	46ac      	mov	ip, r5
10005480:	795c      	ldrb	r4, [r3, #5]
10005482:	1122      	asrs	r2, r4, #4
10005484:	4494      	add	ip, r2
10005486:	2a09      	cmp	r2, #9
10005488:	dc5f      	bgt.n	1000554a <pico_get_unique_board_id_string+0x1c6>
1000548a:	4662      	mov	r2, ip
1000548c:	7282      	strb	r2, [r0, #10]
1000548e:	290b      	cmp	r1, #11
10005490:	d064      	beq.n	1000555c <pico_get_unique_board_id_string+0x1d8>
10005492:	220f      	movs	r2, #15
10005494:	4022      	ands	r2, r4
10005496:	0014      	movs	r4, r2
10005498:	3430      	adds	r4, #48	@ 0x30
1000549a:	2a09      	cmp	r2, #9
1000549c:	d859      	bhi.n	10005552 <pico_get_unique_board_id_string+0x1ce>
1000549e:	72c4      	strb	r4, [r0, #11]
100054a0:	290c      	cmp	r1, #12
100054a2:	d05b      	beq.n	1000555c <pico_get_unique_board_id_string+0x1d8>
100054a4:	2530      	movs	r5, #48	@ 0x30
100054a6:	46ac      	mov	ip, r5
100054a8:	799c      	ldrb	r4, [r3, #6]
100054aa:	1122      	asrs	r2, r4, #4
100054ac:	4494      	add	ip, r2
100054ae:	2a09      	cmp	r2, #9
100054b0:	dd02      	ble.n	100054b8 <pico_get_unique_board_id_string+0x134>
100054b2:	3507      	adds	r5, #7
100054b4:	46ac      	mov	ip, r5
100054b6:	4494      	add	ip, r2
100054b8:	4662      	mov	r2, ip
100054ba:	7302      	strb	r2, [r0, #12]
100054bc:	290d      	cmp	r1, #13
100054be:	d04d      	beq.n	1000555c <pico_get_unique_board_id_string+0x1d8>
100054c0:	220f      	movs	r2, #15
100054c2:	4022      	ands	r2, r4
100054c4:	0014      	movs	r4, r2
100054c6:	3430      	adds	r4, #48	@ 0x30
100054c8:	2a09      	cmp	r2, #9
100054ca:	d901      	bls.n	100054d0 <pico_get_unique_board_id_string+0x14c>
100054cc:	3237      	adds	r2, #55	@ 0x37
100054ce:	0014      	movs	r4, r2
100054d0:	7344      	strb	r4, [r0, #13]
100054d2:	290e      	cmp	r1, #14
100054d4:	d042      	beq.n	1000555c <pico_get_unique_board_id_string+0x1d8>
100054d6:	79da      	ldrb	r2, [r3, #7]
100054d8:	1113      	asrs	r3, r2, #4
100054da:	001c      	movs	r4, r3
100054dc:	3430      	adds	r4, #48	@ 0x30
100054de:	2b09      	cmp	r3, #9
100054e0:	dd01      	ble.n	100054e6 <pico_get_unique_board_id_string+0x162>
100054e2:	3337      	adds	r3, #55	@ 0x37
100054e4:	001c      	movs	r4, r3
100054e6:	7384      	strb	r4, [r0, #14]
100054e8:	290f      	cmp	r1, #15
100054ea:	d037      	beq.n	1000555c <pico_get_unique_board_id_string+0x1d8>
100054ec:	230f      	movs	r3, #15
100054ee:	4013      	ands	r3, r2
100054f0:	001a      	movs	r2, r3
100054f2:	3237      	adds	r2, #55	@ 0x37
100054f4:	2b09      	cmp	r3, #9
100054f6:	d801      	bhi.n	100054fc <pico_get_unique_board_id_string+0x178>
100054f8:	3330      	adds	r3, #48	@ 0x30
100054fa:	001a      	movs	r2, r3
100054fc:	73c2      	strb	r2, [r0, #15]
100054fe:	2910      	cmp	r1, #16
10005500:	d02c      	beq.n	1000555c <pico_get_unique_board_id_string+0x1d8>
10005502:	3010      	adds	r0, #16
10005504:	2300      	movs	r3, #0
10005506:	7003      	strb	r3, [r0, #0]
10005508:	bd30      	pop	{r4, r5, pc}
1000550a:	3237      	adds	r2, #55	@ 0x37
1000550c:	0014      	movs	r4, r2
1000550e:	e746      	b.n	1000539e <pico_get_unique_board_id_string+0x1a>
10005510:	3237      	adds	r2, #55	@ 0x37
10005512:	0014      	movs	r4, r2
10005514:	e74f      	b.n	100053b6 <pico_get_unique_board_id_string+0x32>
10005516:	3237      	adds	r2, #55	@ 0x37
10005518:	0014      	movs	r4, r2
1000551a:	e758      	b.n	100053ce <pico_get_unique_board_id_string+0x4a>
1000551c:	3237      	adds	r2, #55	@ 0x37
1000551e:	0014      	movs	r4, r2
10005520:	e761      	b.n	100053e6 <pico_get_unique_board_id_string+0x62>
10005522:	3237      	adds	r2, #55	@ 0x37
10005524:	0014      	movs	r4, r2
10005526:	e76a      	b.n	100053fe <pico_get_unique_board_id_string+0x7a>
10005528:	3237      	adds	r2, #55	@ 0x37
1000552a:	0014      	movs	r4, r2
1000552c:	e773      	b.n	10005416 <pico_get_unique_board_id_string+0x92>
1000552e:	3507      	adds	r5, #7
10005530:	46ac      	mov	ip, r5
10005532:	4494      	add	ip, r2
10005534:	e77b      	b.n	1000542e <pico_get_unique_board_id_string+0xaa>
10005536:	3237      	adds	r2, #55	@ 0x37
10005538:	0014      	movs	r4, r2
1000553a:	e784      	b.n	10005446 <pico_get_unique_board_id_string+0xc2>
1000553c:	3507      	adds	r5, #7
1000553e:	46ac      	mov	ip, r5
10005540:	4494      	add	ip, r2
10005542:	e78c      	b.n	1000545e <pico_get_unique_board_id_string+0xda>
10005544:	3237      	adds	r2, #55	@ 0x37
10005546:	0014      	movs	r4, r2
10005548:	e794      	b.n	10005474 <pico_get_unique_board_id_string+0xf0>
1000554a:	3507      	adds	r5, #7
1000554c:	46ac      	mov	ip, r5
1000554e:	4494      	add	ip, r2
10005550:	e79b      	b.n	1000548a <pico_get_unique_board_id_string+0x106>
10005552:	3237      	adds	r2, #55	@ 0x37
10005554:	0014      	movs	r4, r2
10005556:	72c4      	strb	r4, [r0, #11]
10005558:	290c      	cmp	r1, #12
1000555a:	d1a3      	bne.n	100054a4 <pico_get_unique_board_id_string+0x120>
1000555c:	1840      	adds	r0, r0, r1
1000555e:	e7d1      	b.n	10005504 <pico_get_unique_board_id_string+0x180>
10005560:	20001c28 	.word	0x20001c28

10005564 <flash_get_unique_id>:
10005564:	b510      	push	{r4, lr}
10005566:	b088      	sub	sp, #32
10005568:	0004      	movs	r4, r0
1000556a:	220d      	movs	r2, #13
1000556c:	2100      	movs	r1, #0
1000556e:	4668      	mov	r0, sp
10005570:	f7fd fed4 	bl	1000331c <__wrap_memset>
10005574:	220d      	movs	r2, #13
10005576:	2100      	movs	r1, #0
10005578:	a804      	add	r0, sp, #16
1000557a:	f7fd fecf 	bl	1000331c <__wrap_memset>
1000557e:	466a      	mov	r2, sp
10005580:	234b      	movs	r3, #75	@ 0x4b
10005582:	4668      	mov	r0, sp
10005584:	7013      	strb	r3, [r2, #0]
10005586:	a904      	add	r1, sp, #16
10005588:	2300      	movs	r3, #0
1000558a:	220d      	movs	r2, #13
1000558c:	f001 ff74 	bl	10007478 <__flash_do_cmd_cs_veneer>
10005590:	2115      	movs	r1, #21
10005592:	2208      	movs	r2, #8
10005594:	0020      	movs	r0, r4
10005596:	4469      	add	r1, sp
10005598:	f7fd fec6 	bl	10003328 <__wrap___aeabi_memcpy>
1000559c:	b008      	add	sp, #32
1000559e:	bd10      	pop	{r4, pc}

100055a0 <usb_reset_interface_init>:
100055a0:	4770      	bx	lr
100055a2:	46c0      	nop			@ (mov r8, r8)

100055a4 <usb_reset_interface_reset>:
100055a4:	2200      	movs	r2, #0
100055a6:	4b01      	ldr	r3, [pc, #4]	@ (100055ac <usb_reset_interface_reset+0x8>)
100055a8:	701a      	strb	r2, [r3, #0]
100055aa:	4770      	bx	lr
100055ac:	20001d23 	.word	0x20001d23

100055b0 <usb_reset_interface_open>:
100055b0:	794b      	ldrb	r3, [r1, #5]
100055b2:	2000      	movs	r0, #0
100055b4:	2bff      	cmp	r3, #255	@ 0xff
100055b6:	d10b      	bne.n	100055d0 <usb_reset_interface_open+0x20>
100055b8:	798b      	ldrb	r3, [r1, #6]
100055ba:	2b00      	cmp	r3, #0
100055bc:	d108      	bne.n	100055d0 <usb_reset_interface_open+0x20>
100055be:	79cb      	ldrb	r3, [r1, #7]
100055c0:	2b01      	cmp	r3, #1
100055c2:	d105      	bne.n	100055d0 <usb_reset_interface_open+0x20>
100055c4:	2a08      	cmp	r2, #8
100055c6:	d903      	bls.n	100055d0 <usb_reset_interface_open+0x20>
100055c8:	4b02      	ldr	r3, [pc, #8]	@ (100055d4 <usb_reset_interface_open+0x24>)
100055ca:	788a      	ldrb	r2, [r1, #2]
100055cc:	3009      	adds	r0, #9
100055ce:	701a      	strb	r2, [r3, #0]
100055d0:	4770      	bx	lr
100055d2:	46c0      	nop			@ (mov r8, r8)
100055d4:	20001d23 	.word	0x20001d23

100055d8 <usb_reset_interface_xfer_cb>:
100055d8:	2001      	movs	r0, #1
100055da:	4770      	bx	lr

100055dc <usb_reset_interface_control_xfer_cb>:
100055dc:	b510      	push	{r4, lr}
100055de:	2901      	cmp	r1, #1
100055e0:	d113      	bne.n	1000560a <usb_reset_interface_control_xfer_cb+0x2e>
100055e2:	4915      	ldr	r1, [pc, #84]	@ (10005638 <usb_reset_interface_control_xfer_cb+0x5c>)
100055e4:	7953      	ldrb	r3, [r2, #5]
100055e6:	7910      	ldrb	r0, [r2, #4]
100055e8:	7809      	ldrb	r1, [r1, #0]
100055ea:	021b      	lsls	r3, r3, #8
100055ec:	4303      	orrs	r3, r0
100055ee:	2000      	movs	r0, #0
100055f0:	4299      	cmp	r1, r3
100055f2:	d000      	beq.n	100055f6 <usb_reset_interface_control_xfer_cb+0x1a>
100055f4:	bd10      	pop	{r4, pc}
100055f6:	7853      	ldrb	r3, [r2, #1]
100055f8:	2b01      	cmp	r3, #1
100055fa:	d008      	beq.n	1000560e <usb_reset_interface_control_xfer_cb+0x32>
100055fc:	2b02      	cmp	r3, #2
100055fe:	d1f9      	bne.n	100055f4 <usb_reset_interface_control_xfer_cb+0x18>
10005600:	2264      	movs	r2, #100	@ 0x64
10005602:	2100      	movs	r1, #0
10005604:	2000      	movs	r0, #0
10005606:	f7fc fd51 	bl	100020ac <watchdog_reboot>
1000560a:	2001      	movs	r0, #1
1000560c:	e7f2      	b.n	100055f4 <usb_reset_interface_control_xfer_cb+0x18>
1000560e:	78d1      	ldrb	r1, [r2, #3]
10005610:	7893      	ldrb	r3, [r2, #2]
10005612:	0209      	lsls	r1, r1, #8
10005614:	4319      	orrs	r1, r3
10005616:	2380      	movs	r3, #128	@ 0x80
10005618:	000a      	movs	r2, r1
1000561a:	005b      	lsls	r3, r3, #1
1000561c:	401a      	ands	r2, r3
1000561e:	4219      	tst	r1, r3
10005620:	d006      	beq.n	10005630 <usb_reset_interface_control_xfer_cb+0x54>
10005622:	060a      	lsls	r2, r1, #24
10005624:	0fd2      	lsrs	r2, r2, #31
10005626:	0a48      	lsrs	r0, r1, #9
10005628:	2303      	movs	r3, #3
1000562a:	4019      	ands	r1, r3
1000562c:	f7fc fdc6 	bl	100021bc <rom_reset_usb_boot_extra>
10005630:	2001      	movs	r0, #1
10005632:	4240      	negs	r0, r0
10005634:	e7f8      	b.n	10005628 <usb_reset_interface_control_xfer_cb+0x4c>
10005636:	46c0      	nop			@ (mov r8, r8)
10005638:	20001d23 	.word	0x20001d23

1000563c <tud_descriptor_bos_cb>:
1000563c:	4800      	ldr	r0, [pc, #0]	@ (10005640 <tud_descriptor_bos_cb+0x4>)
1000563e:	4770      	bx	lr
10005640:	10007b28 	.word	0x10007b28

10005644 <tud_vendor_control_xfer_cb>:
10005644:	4694      	mov	ip, r2
10005646:	2301      	movs	r3, #1
10005648:	b510      	push	{r4, lr}
1000564a:	2901      	cmp	r1, #1
1000564c:	d10a      	bne.n	10005664 <tud_vendor_control_xfer_cb+0x20>
1000564e:	7852      	ldrb	r2, [r2, #1]
10005650:	2300      	movs	r3, #0
10005652:	2a01      	cmp	r2, #1
10005654:	d106      	bne.n	10005664 <tud_vendor_control_xfer_cb+0x20>
10005656:	4662      	mov	r2, ip
10005658:	7911      	ldrb	r1, [r2, #4]
1000565a:	7952      	ldrb	r2, [r2, #5]
1000565c:	0212      	lsls	r2, r2, #8
1000565e:	430a      	orrs	r2, r1
10005660:	2a07      	cmp	r2, #7
10005662:	d001      	beq.n	10005668 <tud_vendor_control_xfer_cb+0x24>
10005664:	0018      	movs	r0, r3
10005666:	bd10      	pop	{r4, pc}
10005668:	33a6      	adds	r3, #166	@ 0xa6
1000566a:	4661      	mov	r1, ip
1000566c:	4a02      	ldr	r2, [pc, #8]	@ (10005678 <tud_vendor_control_xfer_cb+0x34>)
1000566e:	f000 feeb 	bl	10006448 <tud_control_xfer>
10005672:	0003      	movs	r3, r0
10005674:	e7f6      	b.n	10005664 <tud_vendor_control_xfer_cb+0x20>
10005676:	46c0      	nop			@ (mov r8, r8)
10005678:	10007a80 	.word	0x10007a80

1000567c <usbd_app_driver_get_cb>:
1000567c:	2301      	movs	r3, #1
1000567e:	7003      	strb	r3, [r0, #0]
10005680:	4800      	ldr	r0, [pc, #0]	@ (10005684 <usbd_app_driver_get_cb+0x8>)
10005682:	4770      	bx	lr
10005684:	10007b4c 	.word	0x10007b4c

10005688 <tud_cdc_line_coding_cb>:
10005688:	784b      	ldrb	r3, [r1, #1]
1000568a:	780a      	ldrb	r2, [r1, #0]
1000568c:	021b      	lsls	r3, r3, #8
1000568e:	4313      	orrs	r3, r2
10005690:	788a      	ldrb	r2, [r1, #2]
10005692:	b510      	push	{r4, lr}
10005694:	0412      	lsls	r2, r2, #16
10005696:	431a      	orrs	r2, r3
10005698:	78cb      	ldrb	r3, [r1, #3]
1000569a:	061b      	lsls	r3, r3, #24
1000569c:	4313      	orrs	r3, r2
1000569e:	2296      	movs	r2, #150	@ 0x96
100056a0:	00d2      	lsls	r2, r2, #3
100056a2:	4293      	cmp	r3, r2
100056a4:	d000      	beq.n	100056a8 <tud_cdc_line_coding_cb+0x20>
100056a6:	bd10      	pop	{r4, pc}
100056a8:	2200      	movs	r2, #0
100056aa:	2001      	movs	r0, #1
100056ac:	0011      	movs	r1, r2
100056ae:	4240      	negs	r0, r0
100056b0:	f7fc fd84 	bl	100021bc <rom_reset_usb_boot_extra>

100056b4 <dcd_init>:
100056b4:	b5f8      	push	{r3, r4, r5, r6, r7, lr}
100056b6:	f000 f93b 	bl	10005930 <rp2040_usb_init>
100056ba:	230c      	movs	r3, #12
100056bc:	4d19      	ldr	r5, [pc, #100]	@ (10005724 <dcd_init+0x70>)
100056be:	22ff      	movs	r2, #255	@ 0xff
100056c0:	67ab      	str	r3, [r5, #120]	@ 0x78
100056c2:	2005      	movs	r0, #5
100056c4:	4918      	ldr	r1, [pc, #96]	@ (10005728 <dcd_init+0x74>)
100056c6:	f7fb fd49 	bl	1000115c <irq_add_shared_handler>
100056ca:	4c18      	ldr	r4, [pc, #96]	@ (1000572c <dcd_init+0x78>)
100056cc:	2240      	movs	r2, #64	@ 0x40
100056ce:	2100      	movs	r1, #0
100056d0:	0020      	movs	r0, r4
100056d2:	f7fd fe23 	bl	1000331c <__wrap_memset>
100056d6:	2740      	movs	r7, #64	@ 0x40
100056d8:	2300      	movs	r3, #0
100056da:	2601      	movs	r6, #1
100056dc:	2121      	movs	r1, #33	@ 0x21
100056de:	4a14      	ldr	r2, [pc, #80]	@ (10005730 <dcd_init+0x7c>)
100056e0:	7066      	strb	r6, [r4, #1]
100056e2:	8327      	strh	r7, [r4, #24]
100056e4:	60a2      	str	r2, [r4, #8]
100056e6:	6013      	str	r3, [r2, #0]
100056e8:	5463      	strb	r3, [r4, r1]
100056ea:	315f      	adds	r1, #95	@ 0x5f
100056ec:	8461      	strh	r1, [r4, #34]	@ 0x22
100056ee:	3945      	subs	r1, #69	@ 0x45
100056f0:	5463      	strb	r3, [r4, r1]
100056f2:	4a10      	ldr	r2, [pc, #64]	@ (10005734 <dcd_init+0x80>)
100056f4:	4910      	ldr	r1, [pc, #64]	@ (10005738 <dcd_init+0x84>)
100056f6:	6063      	str	r3, [r4, #4]
100056f8:	60e2      	str	r2, [r4, #12]
100056fa:	8727      	strh	r7, [r4, #56]	@ 0x38
100056fc:	62a1      	str	r1, [r4, #40]	@ 0x28
100056fe:	600b      	str	r3, [r1, #0]
10005700:	6263      	str	r3, [r4, #36]	@ 0x24
10005702:	62e2      	str	r2, [r4, #44]	@ 0x2c
10005704:	f001 ff00 	bl	10007508 <__reset_non_control_endpoints_veneer>
10005708:	2380      	movs	r3, #128	@ 0x80
1000570a:	059b      	lsls	r3, r3, #22
1000570c:	642e      	str	r6, [r5, #64]	@ 0x40
1000570e:	64eb      	str	r3, [r5, #76]	@ 0x4c
10005710:	2390      	movs	r3, #144	@ 0x90
10005712:	4a0a      	ldr	r2, [pc, #40]	@ (1000573c <dcd_init+0x88>)
10005714:	2001      	movs	r0, #1
10005716:	50ea      	str	r2, [r5, r3]
10005718:	2280      	movs	r2, #128	@ 0x80
1000571a:	4b09      	ldr	r3, [pc, #36]	@ (10005740 <dcd_init+0x8c>)
1000571c:	0252      	lsls	r2, r2, #9
1000571e:	64da      	str	r2, [r3, #76]	@ 0x4c
10005720:	bdf8      	pop	{r3, r4, r5, r6, r7, pc}
10005722:	46c0      	nop			@ (mov r8, r8)
10005724:	50110000 	.word	0x50110000
10005728:	200004c1 	.word	0x200004c1
1000572c:	20001800 	.word	0x20001800
10005730:	50100084 	.word	0x50100084
10005734:	50100100 	.word	0x50100100
10005738:	50100080 	.word	0x50100080
1000573c:	0001d010 	.word	0x0001d010
10005740:	50112000 	.word	0x50112000

10005744 <dcd_int_enable>:
10005744:	b510      	push	{r4, lr}
10005746:	2101      	movs	r1, #1
10005748:	2005      	movs	r0, #5
1000574a:	f7fb fca7 	bl	1000109c <irq_set_enabled>
1000574e:	bd10      	pop	{r4, pc}

10005750 <dcd_set_address>:
10005750:	b510      	push	{r4, lr}
10005752:	2200      	movs	r2, #0
10005754:	2100      	movs	r1, #0
10005756:	4802      	ldr	r0, [pc, #8]	@ (10005760 <dcd_set_address+0x10>)
10005758:	f000 f90a 	bl	10005970 <hw_endpoint_xfer_start>
1000575c:	bd10      	pop	{r4, pc}
1000575e:	46c0      	nop			@ (mov r8, r8)
10005760:	20001820 	.word	0x20001820

10005764 <dcd_sof_enable>:
10005764:	4b04      	ldr	r3, [pc, #16]	@ (10005778 <dcd_sof_enable+0x14>)
10005766:	7019      	strb	r1, [r3, #0]
10005768:	2900      	cmp	r1, #0
1000576a:	d004      	beq.n	10005776 <dcd_sof_enable+0x12>
1000576c:	2180      	movs	r1, #128	@ 0x80
1000576e:	2390      	movs	r3, #144	@ 0x90
10005770:	4a02      	ldr	r2, [pc, #8]	@ (1000577c <dcd_sof_enable+0x18>)
10005772:	0289      	lsls	r1, r1, #10
10005774:	50d1      	str	r1, [r2, r3]
10005776:	4770      	bx	lr
10005778:	20001d1d 	.word	0x20001d1d
1000577c:	50112000 	.word	0x50112000

10005780 <dcd_edpt0_status_complete>:
10005780:	780b      	ldrb	r3, [r1, #0]
10005782:	065b      	lsls	r3, r3, #25
10005784:	d000      	beq.n	10005788 <dcd_edpt0_status_complete+0x8>
10005786:	4770      	bx	lr
10005788:	784b      	ldrb	r3, [r1, #1]
1000578a:	2b05      	cmp	r3, #5
1000578c:	d1fb      	bne.n	10005786 <dcd_edpt0_status_complete+0x6>
1000578e:	788a      	ldrb	r2, [r1, #2]
10005790:	4b01      	ldr	r3, [pc, #4]	@ (10005798 <dcd_edpt0_status_complete+0x18>)
10005792:	601a      	str	r2, [r3, #0]
10005794:	e7f7      	b.n	10005786 <dcd_edpt0_status_complete+0x6>
10005796:	46c0      	nop			@ (mov r8, r8)
10005798:	50110000 	.word	0x50110000

1000579c <dcd_edpt_open>:
1000579c:	b5f8      	push	{r3, r4, r5, r6, r7, lr}
1000579e:	46ce      	mov	lr, r9
100057a0:	4647      	mov	r7, r8
100057a2:	78cb      	ldrb	r3, [r1, #3]
100057a4:	b580      	push	{r7, lr}
100057a6:	079b      	lsls	r3, r3, #30
100057a8:	0f9a      	lsrs	r2, r3, #30
100057aa:	0010      	movs	r0, r2
100057ac:	2a01      	cmp	r2, #1
100057ae:	d058      	beq.n	10005862 <dcd_edpt_open+0xc6>
100057b0:	788c      	ldrb	r4, [r1, #2]
100057b2:	790a      	ldrb	r2, [r1, #4]
100057b4:	794b      	ldrb	r3, [r1, #5]
100057b6:	217f      	movs	r1, #127	@ 0x7f
100057b8:	021b      	lsls	r3, r3, #8
100057ba:	4021      	ands	r1, r4
100057bc:	09e5      	lsrs	r5, r4, #7
100057be:	4313      	orrs	r3, r2
100057c0:	004a      	lsls	r2, r1, #1
100057c2:	4691      	mov	r9, r2
100057c4:	4e2c      	ldr	r6, [pc, #176]	@ (10005878 <dcd_edpt_open+0xdc>)
100057c6:	1952      	adds	r2, r2, r5
100057c8:	0152      	lsls	r2, r2, #5
100057ca:	18b2      	adds	r2, r6, r2
100057cc:	7094      	strb	r4, [r2, #2]
100057ce:	2401      	movs	r4, #1
100057d0:	406c      	eors	r4, r5
100057d2:	7054      	strb	r4, [r2, #1]
100057d4:	2400      	movs	r4, #0
100057d6:	055b      	lsls	r3, r3, #21
100057d8:	0d5b      	lsrs	r3, r3, #21
100057da:	70d4      	strb	r4, [r2, #3]
100057dc:	8313      	strh	r3, [r2, #24]
100057de:	76d0      	strb	r0, [r2, #27]
100057e0:	00ca      	lsls	r2, r1, #3
100057e2:	2d01      	cmp	r5, #1
100057e4:	d02c      	beq.n	10005840 <dcd_edpt_open+0xa4>
100057e6:	4f25      	ldr	r7, [pc, #148]	@ (1000587c <dcd_edpt_open+0xe0>)
100057e8:	19d2      	adds	r2, r2, r7
100057ea:	018f      	lsls	r7, r1, #6
100057ec:	46bc      	mov	ip, r7
100057ee:	44b4      	add	ip, r6
100057f0:	4667      	mov	r7, ip
100057f2:	60ba      	str	r2, [r7, #8]
100057f4:	6014      	str	r4, [r2, #0]
100057f6:	2900      	cmp	r1, #0
100057f8:	d02c      	beq.n	10005854 <dcd_edpt_open+0xb8>
100057fa:	4a21      	ldr	r2, [pc, #132]	@ (10005880 <dcd_edpt_open+0xe4>)
100057fc:	00c9      	lsls	r1, r1, #3
100057fe:	1889      	adds	r1, r1, r2
10005800:	6079      	str	r1, [r7, #4]
10005802:	333f      	adds	r3, #63	@ 0x3f
10005804:	099b      	lsrs	r3, r3, #6
10005806:	2802      	cmp	r0, #2
10005808:	d032      	beq.n	10005870 <dcd_edpt_open+0xd4>
1000580a:	019a      	lsls	r2, r3, #6
1000580c:	464b      	mov	r3, r9
1000580e:	4c1d      	ldr	r4, [pc, #116]	@ (10005884 <dcd_edpt_open+0xe8>)
10005810:	195b      	adds	r3, r3, r5
10005812:	6821      	ldr	r1, [r4, #0]
10005814:	015b      	lsls	r3, r3, #5
10005816:	18f6      	adds	r6, r6, r3
10005818:	4b1b      	ldr	r3, [pc, #108]	@ (10005888 <dcd_edpt_open+0xec>)
1000581a:	188a      	adds	r2, r1, r2
1000581c:	60f1      	str	r1, [r6, #12]
1000581e:	6022      	str	r2, [r4, #0]
10005820:	429a      	cmp	r2, r3
10005822:	d827      	bhi.n	10005874 <dcd_edpt_open+0xd8>
10005824:	4a19      	ldr	r2, [pc, #100]	@ (1000588c <dcd_edpt_open+0xf0>)
10005826:	0683      	lsls	r3, r0, #26
10005828:	404a      	eors	r2, r1
1000582a:	4313      	orrs	r3, r2
1000582c:	2280      	movs	r2, #128	@ 0x80
1000582e:	0612      	lsls	r2, r2, #24
10005830:	4313      	orrs	r3, r2
10005832:	6872      	ldr	r2, [r6, #4]
10005834:	6013      	str	r3, [r2, #0]
10005836:	2001      	movs	r0, #1
10005838:	bcc0      	pop	{r6, r7}
1000583a:	46b9      	mov	r9, r7
1000583c:	46b0      	mov	r8, r6
1000583e:	bdf8      	pop	{r3, r4, r5, r6, r7, pc}
10005840:	4f13      	ldr	r7, [pc, #76]	@ (10005890 <dcd_edpt_open+0xf4>)
10005842:	19d2      	adds	r2, r2, r7
10005844:	018f      	lsls	r7, r1, #6
10005846:	46bc      	mov	ip, r7
10005848:	44b4      	add	ip, r6
1000584a:	4667      	mov	r7, ip
1000584c:	62ba      	str	r2, [r7, #40]	@ 0x28
1000584e:	6014      	str	r4, [r2, #0]
10005850:	2900      	cmp	r1, #0
10005852:	d108      	bne.n	10005866 <dcd_edpt_open+0xca>
10005854:	2300      	movs	r3, #0
10005856:	016d      	lsls	r5, r5, #5
10005858:	1975      	adds	r5, r6, r5
1000585a:	606b      	str	r3, [r5, #4]
1000585c:	4b0d      	ldr	r3, [pc, #52]	@ (10005894 <dcd_edpt_open+0xf8>)
1000585e:	60eb      	str	r3, [r5, #12]
10005860:	e7e9      	b.n	10005836 <dcd_edpt_open+0x9a>
10005862:	2000      	movs	r0, #0
10005864:	e7e8      	b.n	10005838 <dcd_edpt_open+0x9c>
10005866:	4a09      	ldr	r2, [pc, #36]	@ (1000588c <dcd_edpt_open+0xf0>)
10005868:	00c9      	lsls	r1, r1, #3
1000586a:	1889      	adds	r1, r1, r2
1000586c:	6279      	str	r1, [r7, #36]	@ 0x24
1000586e:	e7c8      	b.n	10005802 <dcd_edpt_open+0x66>
10005870:	01da      	lsls	r2, r3, #7
10005872:	e7cb      	b.n	1000580c <dcd_edpt_open+0x70>
10005874:	f7fc fcca 	bl	1000220c <hard_assertion_failure>
10005878:	20001800 	.word	0x20001800
1000587c:	50100084 	.word	0x50100084
10005880:	50100004 	.word	0x50100004
10005884:	20001c0c 	.word	0x20001c0c
10005888:	50100fff 	.word	0x50100fff
1000588c:	50100000 	.word	0x50100000
10005890:	50100080 	.word	0x50100080
10005894:	50100100 	.word	0x50100100

10005898 <dcd_edpt_close_all>:
10005898:	b510      	push	{r4, lr}
1000589a:	f001 fe35 	bl	10007508 <__reset_non_control_endpoints_veneer>
1000589e:	bd10      	pop	{r4, pc}

100058a0 <dcd_edpt_xfer>:
100058a0:	207f      	movs	r0, #127	@ 0x7f
100058a2:	b510      	push	{r4, lr}
100058a4:	4008      	ands	r0, r1
100058a6:	0040      	lsls	r0, r0, #1
100058a8:	09c9      	lsrs	r1, r1, #7
100058aa:	1840      	adds	r0, r0, r1
100058ac:	0011      	movs	r1, r2
100058ae:	4a04      	ldr	r2, [pc, #16]	@ (100058c0 <dcd_edpt_xfer+0x20>)
100058b0:	0140      	lsls	r0, r0, #5
100058b2:	1880      	adds	r0, r0, r2
100058b4:	001a      	movs	r2, r3
100058b6:	f000 f85b 	bl	10005970 <hw_endpoint_xfer_start>
100058ba:	2001      	movs	r0, #1
100058bc:	bd10      	pop	{r4, pc}
100058be:	46c0      	nop			@ (mov r8, r8)
100058c0:	20001800 	.word	0x20001800

100058c4 <dcd_edpt_stall>:
100058c4:	237f      	movs	r3, #127	@ 0x7f
100058c6:	0018      	movs	r0, r3
100058c8:	b500      	push	{lr}
100058ca:	4008      	ands	r0, r1
100058cc:	b083      	sub	sp, #12
100058ce:	420b      	tst	r3, r1
100058d0:	d104      	bne.n	100058dc <dcd_edpt_stall+0x18>
100058d2:	424b      	negs	r3, r1
100058d4:	414b      	adcs	r3, r1
100058d6:	4a08      	ldr	r2, [pc, #32]	@ (100058f8 <dcd_edpt_stall+0x34>)
100058d8:	3301      	adds	r3, #1
100058da:	6693      	str	r3, [r2, #104]	@ 0x68
100058dc:	2280      	movs	r2, #128	@ 0x80
100058de:	09c9      	lsrs	r1, r1, #7
100058e0:	0040      	lsls	r0, r0, #1
100058e2:	4b06      	ldr	r3, [pc, #24]	@ (100058fc <dcd_edpt_stall+0x38>)
100058e4:	1840      	adds	r0, r0, r1
100058e6:	0140      	lsls	r0, r0, #5
100058e8:	2100      	movs	r1, #0
100058ea:	18c0      	adds	r0, r0, r3
100058ec:	0112      	lsls	r2, r2, #4
100058ee:	f001 fdeb 	bl	100074c8 <___hw_endpoint_buffer_control_update32_veneer>
100058f2:	b003      	add	sp, #12
100058f4:	bd00      	pop	{pc}
100058f6:	46c0      	nop			@ (mov r8, r8)
100058f8:	50112000 	.word	0x50112000
100058fc:	20001800 	.word	0x20001800

10005900 <dcd_edpt_clear_stall>:
10005900:	227f      	movs	r2, #127	@ 0x7f
10005902:	0013      	movs	r3, r2
10005904:	b510      	push	{r4, lr}
10005906:	400b      	ands	r3, r1
10005908:	420a      	tst	r2, r1
1000590a:	d100      	bne.n	1000590e <dcd_edpt_clear_stall+0xe>
1000590c:	bd10      	pop	{r4, pc}
1000590e:	09c9      	lsrs	r1, r1, #7
10005910:	005b      	lsls	r3, r3, #1
10005912:	185b      	adds	r3, r3, r1
10005914:	4804      	ldr	r0, [pc, #16]	@ (10005928 <dcd_edpt_clear_stall+0x28>)
10005916:	015b      	lsls	r3, r3, #5
10005918:	18c0      	adds	r0, r0, r3
1000591a:	2300      	movs	r3, #0
1000591c:	2200      	movs	r2, #0
1000591e:	4903      	ldr	r1, [pc, #12]	@ (1000592c <dcd_edpt_clear_stall+0x2c>)
10005920:	70c3      	strb	r3, [r0, #3]
10005922:	f001 fdd1 	bl	100074c8 <___hw_endpoint_buffer_control_update32_veneer>
10005926:	e7f1      	b.n	1000590c <dcd_edpt_clear_stall+0xc>
10005928:	20001800 	.word	0x20001800
1000592c:	fffff7ff 	.word	0xfffff7ff

10005930 <rp2040_usb_init>:
10005930:	2280      	movs	r2, #128	@ 0x80
10005932:	4b0a      	ldr	r3, [pc, #40]	@ (1000595c <rp2040_usb_init+0x2c>)
10005934:	0452      	lsls	r2, r2, #17
10005936:	b510      	push	{r4, lr}
10005938:	601a      	str	r2, [r3, #0]
1000593a:	4b09      	ldr	r3, [pc, #36]	@ (10005960 <rp2040_usb_init+0x30>)
1000593c:	4909      	ldr	r1, [pc, #36]	@ (10005964 <rp2040_usb_init+0x34>)
1000593e:	601a      	str	r2, [r3, #0]
10005940:	0010      	movs	r0, r2
10005942:	680b      	ldr	r3, [r1, #0]
10005944:	4398      	bics	r0, r3
10005946:	d1fb      	bne.n	10005940 <rp2040_usb_init+0x10>
10005948:	2280      	movs	r2, #128	@ 0x80
1000594a:	2100      	movs	r1, #0
1000594c:	0152      	lsls	r2, r2, #5
1000594e:	4806      	ldr	r0, [pc, #24]	@ (10005968 <rp2040_usb_init+0x38>)
10005950:	f7fd fce4 	bl	1000331c <__wrap_memset>
10005954:	2209      	movs	r2, #9
10005956:	4b05      	ldr	r3, [pc, #20]	@ (1000596c <rp2040_usb_init+0x3c>)
10005958:	675a      	str	r2, [r3, #116]	@ 0x74
1000595a:	bd10      	pop	{r4, pc}
1000595c:	4000e000 	.word	0x4000e000
10005960:	4000f000 	.word	0x4000f000
10005964:	4000c008 	.word	0x4000c008
10005968:	50100000 	.word	0x50100000
1000596c:	50110000 	.word	0x50110000

10005970 <hw_endpoint_xfer_start>:
10005970:	2300      	movs	r3, #0
10005972:	b510      	push	{r4, lr}
10005974:	82c3      	strh	r3, [r0, #22]
10005976:	3301      	adds	r3, #1
10005978:	8282      	strh	r2, [r0, #20]
1000597a:	7683      	strb	r3, [r0, #26]
1000597c:	6101      	str	r1, [r0, #16]
1000597e:	0004      	movs	r4, r0
10005980:	f001 fdba 	bl	100074f8 <__e15_is_bulkin_ep_veneer>
10005984:	2800      	cmp	r0, #0
10005986:	d004      	beq.n	10005992 <hw_endpoint_xfer_start+0x22>
10005988:	2180      	movs	r1, #128	@ 0x80
1000598a:	2390      	movs	r3, #144	@ 0x90
1000598c:	4a07      	ldr	r2, [pc, #28]	@ (100059ac <hw_endpoint_xfer_start+0x3c>)
1000598e:	0289      	lsls	r1, r1, #10
10005990:	50d1      	str	r1, [r2, r3]
10005992:	0020      	movs	r0, r4
10005994:	f001 fd78 	bl	10007488 <__e15_is_critical_frame_period_veneer>
10005998:	2800      	cmp	r0, #0
1000599a:	d002      	beq.n	100059a2 <hw_endpoint_xfer_start+0x32>
1000599c:	2301      	movs	r3, #1
1000599e:	7723      	strb	r3, [r4, #28]
100059a0:	bd10      	pop	{r4, pc}
100059a2:	0020      	movs	r0, r4
100059a4:	f001 fd80 	bl	100074a8 <__hw_endpoint_start_next_buffer_veneer>
100059a8:	e7fa      	b.n	100059a0 <hw_endpoint_xfer_start+0x30>
100059aa:	46c0      	nop			@ (mov r8, r8)
100059ac:	50112000 	.word	0x50112000

100059b0 <tud_event_hook_cb>:
100059b0:	4770      	bx	lr
100059b2:	46c0      	nop			@ (mov r8, r8)

100059b4 <tud_sof_cb>:
100059b4:	4770      	bx	lr
100059b6:	46c0      	nop			@ (mov r8, r8)

100059b8 <tud_descriptor_device_qualifier_cb>:
100059b8:	2000      	movs	r0, #0
100059ba:	4770      	bx	lr

100059bc <tud_descriptor_other_speed_configuration_cb>:
100059bc:	2000      	movs	r0, #0
100059be:	4770      	bx	lr

100059c0 <tud_mount_cb>:
100059c0:	4770      	bx	lr
100059c2:	46c0      	nop			@ (mov r8, r8)

100059c4 <tud_umount_cb>:
100059c4:	4770      	bx	lr
100059c6:	46c0      	nop			@ (mov r8, r8)

100059c8 <tud_suspend_cb>:
100059c8:	4770      	bx	lr
100059ca:	46c0      	nop			@ (mov r8, r8)

100059cc <tud_resume_cb>:
100059cc:	4770      	bx	lr
100059ce:	46c0      	nop			@ (mov r8, r8)

100059d0 <tud_mounted>:
100059d0:	4b02      	ldr	r3, [pc, #8]	@ (100059dc <tud_mounted+0xc>)
100059d2:	7858      	ldrb	r0, [r3, #1]
100059d4:	1e43      	subs	r3, r0, #1
100059d6:	4198      	sbcs	r0, r3
100059d8:	b2c0      	uxtb	r0, r0
100059da:	4770      	bx	lr
100059dc:	20001578 	.word	0x20001578

100059e0 <tud_suspended>:
100059e0:	4b02      	ldr	r3, [pc, #8]	@ (100059ec <tud_suspended+0xc>)
100059e2:	7818      	ldrb	r0, [r3, #0]
100059e4:	0740      	lsls	r0, r0, #29
100059e6:	0fc0      	lsrs	r0, r0, #31
100059e8:	4770      	bx	lr
100059ea:	46c0      	nop			@ (mov r8, r8)
100059ec:	20001578 	.word	0x20001578

100059f0 <tud_rhport_init>:
100059f0:	b5f0      	push	{r4, r5, r6, r7, lr}
100059f2:	46d6      	mov	lr, sl
100059f4:	464f      	mov	r7, r9
100059f6:	4646      	mov	r6, r8
100059f8:	b5c0      	push	{r6, r7, lr}
100059fa:	4b2c      	ldr	r3, [pc, #176]	@ (10005aac <tud_rhport_init+0xbc>)
100059fc:	4681      	mov	r9, r0
100059fe:	4698      	mov	r8, r3
10005a00:	781b      	ldrb	r3, [r3, #0]
10005a02:	468a      	mov	sl, r1
10005a04:	2bff      	cmp	r3, #255	@ 0xff
10005a06:	d14b      	bne.n	10005aa0 <tud_rhport_init+0xb0>
10005a08:	2900      	cmp	r1, #0
10005a0a:	d03b      	beq.n	10005a84 <tud_rhport_init+0x94>
10005a0c:	2100      	movs	r1, #0
10005a0e:	2254      	movs	r2, #84	@ 0x54
10005a10:	4827      	ldr	r0, [pc, #156]	@ (10005ab0 <tud_rhport_init+0xc0>)
10005a12:	f7fd fc83 	bl	1000331c <__wrap_memset>
10005a16:	2200      	movs	r2, #0
10005a18:	4c26      	ldr	r4, [pc, #152]	@ (10005ab4 <tud_rhport_init+0xc4>)
10005a1a:	4b27      	ldr	r3, [pc, #156]	@ (10005ab8 <tud_rhport_init+0xc8>)
10005a1c:	0020      	movs	r0, r4
10005a1e:	701a      	strb	r2, [r3, #0]
10005a20:	f7fb fd22 	bl	10001468 <mutex_init>
10005a24:	4b25      	ldr	r3, [pc, #148]	@ (10005abc <tud_rhport_init+0xcc>)
10005a26:	601c      	str	r4, [r3, #0]
10005a28:	4c25      	ldr	r4, [pc, #148]	@ (10005ac0 <tud_rhport_init+0xd0>)
10005a2a:	0020      	movs	r0, r4
10005a2c:	3c14      	subs	r4, #20
10005a2e:	f7fb fd29 	bl	10001484 <critical_section_init>
10005a32:	0020      	movs	r0, r4
10005a34:	f001 fb98 	bl	10007168 <tu_fifo_clear>
10005a38:	4b22      	ldr	r3, [pc, #136]	@ (10005ac4 <tud_rhport_init+0xd4>)
10005a3a:	4d23      	ldr	r5, [pc, #140]	@ (10005ac8 <tud_rhport_init+0xd8>)
10005a3c:	601c      	str	r4, [r3, #0]
10005a3e:	4b23      	ldr	r3, [pc, #140]	@ (10005acc <tud_rhport_init+0xdc>)
10005a40:	2b00      	cmp	r3, #0
10005a42:	d004      	beq.n	10005a4e <tud_rhport_init+0x5e>
10005a44:	0028      	movs	r0, r5
10005a46:	f7ff fe19 	bl	1000567c <usbd_app_driver_get_cb>
10005a4a:	4b21      	ldr	r3, [pc, #132]	@ (10005ad0 <tud_rhport_init+0xe0>)
10005a4c:	6018      	str	r0, [r3, #0]
10005a4e:	2400      	movs	r4, #0
10005a50:	782b      	ldrb	r3, [r5, #0]
10005a52:	4f20      	ldr	r7, [pc, #128]	@ (10005ad4 <tud_rhport_init+0xe4>)
10005a54:	4e1e      	ldr	r6, [pc, #120]	@ (10005ad0 <tud_rhport_init+0xe0>)
10005a56:	e00d      	b.n	10005a74 <tud_rhport_init+0x84>
10005a58:	6833      	ldr	r3, [r6, #0]
10005a5a:	0162      	lsls	r2, r4, #5
10005a5c:	189b      	adds	r3, r3, r2
10005a5e:	2b00      	cmp	r3, #0
10005a60:	d010      	beq.n	10005a84 <tud_rhport_init+0x94>
10005a62:	685b      	ldr	r3, [r3, #4]
10005a64:	2b00      	cmp	r3, #0
10005a66:	d00d      	beq.n	10005a84 <tud_rhport_init+0x94>
10005a68:	4798      	blx	r3
10005a6a:	3401      	adds	r4, #1
10005a6c:	782b      	ldrb	r3, [r5, #0]
10005a6e:	b2e4      	uxtb	r4, r4
10005a70:	42a3      	cmp	r3, r4
10005a72:	d309      	bcc.n	10005a88 <tud_rhport_init+0x98>
10005a74:	42a3      	cmp	r3, r4
10005a76:	d8ef      	bhi.n	10005a58 <tud_rhport_init+0x68>
10005a78:	1ae3      	subs	r3, r4, r3
10005a7a:	015b      	lsls	r3, r3, #5
10005a7c:	19db      	adds	r3, r3, r7
10005a7e:	685b      	ldr	r3, [r3, #4]
10005a80:	2b00      	cmp	r3, #0
10005a82:	d1f1      	bne.n	10005a68 <tud_rhport_init+0x78>
10005a84:	2000      	movs	r0, #0
10005a86:	e00c      	b.n	10005aa2 <tud_rhport_init+0xb2>
10005a88:	4642      	mov	r2, r8
10005a8a:	464b      	mov	r3, r9
10005a8c:	4651      	mov	r1, sl
10005a8e:	4648      	mov	r0, r9
10005a90:	7013      	strb	r3, [r2, #0]
10005a92:	f7ff fe0f 	bl	100056b4 <dcd_init>
10005a96:	2800      	cmp	r0, #0
10005a98:	d0f4      	beq.n	10005a84 <tud_rhport_init+0x94>
10005a9a:	4648      	mov	r0, r9
10005a9c:	f7ff fe52 	bl	10005744 <dcd_int_enable>
10005aa0:	2001      	movs	r0, #1
10005aa2:	bce0      	pop	{r5, r6, r7}
10005aa4:	46ba      	mov	sl, r7
10005aa6:	46b1      	mov	r9, r6
10005aa8:	46a8      	mov	r8, r5
10005aaa:	bdf0      	pop	{r4, r5, r6, r7, pc}
10005aac:	20001024 	.word	0x20001024
10005ab0:	20001578 	.word	0x20001578
10005ab4:	20001570 	.word	0x20001570
10005ab8:	20001d1e 	.word	0x20001d1e
10005abc:	200015cc 	.word	0x200015cc
10005ac0:	2000101c 	.word	0x2000101c
10005ac4:	200015d0 	.word	0x200015d0
10005ac8:	20001d1c 	.word	0x20001d1c
10005acc:	1000567d 	.word	0x1000567d
10005ad0:	20001490 	.word	0x20001490
10005ad4:	10007c14 	.word	0x10007c14

10005ad8 <tud_task_ext>:
10005ad8:	b5f0      	push	{r4, r5, r6, r7, lr}
10005ada:	46de      	mov	lr, fp
10005adc:	4657      	mov	r7, sl
10005ade:	464e      	mov	r6, r9
10005ae0:	4645      	mov	r5, r8
10005ae2:	b5e0      	push	{r5, r6, r7, lr}
10005ae4:	4bc8      	ldr	r3, [pc, #800]	@ (10005e08 <tud_task_ext+0x330>)
10005ae6:	b091      	sub	sp, #68	@ 0x44
10005ae8:	9303      	str	r3, [sp, #12]
10005aea:	781b      	ldrb	r3, [r3, #0]
10005aec:	2bff      	cmp	r3, #255	@ 0xff
10005aee:	d100      	bne.n	10005af2 <tud_task_ext+0x1a>
10005af0:	e142      	b.n	10005d78 <tud_task_ext+0x2a0>
10005af2:	4bc6      	ldr	r3, [pc, #792]	@ (10005e0c <tud_task_ext+0x334>)
10005af4:	4ec6      	ldr	r6, [pc, #792]	@ (10005e10 <tud_task_ext+0x338>)
10005af6:	001f      	movs	r7, r3
10005af8:	4bc6      	ldr	r3, [pc, #792]	@ (10005e14 <tud_task_ext+0x33c>)
10005afa:	ac0d      	add	r4, sp, #52	@ 0x34
10005afc:	9302      	str	r3, [sp, #8]
10005afe:	4bc6      	ldr	r3, [pc, #792]	@ (10005e18 <tud_task_ext+0x340>)
10005b00:	9301      	str	r3, [sp, #4]
10005b02:	6835      	ldr	r5, [r6, #0]
10005b04:	696a      	ldr	r2, [r5, #20]
10005b06:	f3ef 8110 	mrs	r1, PRIMASK
10005b0a:	b672      	cpsid	i
10005b0c:	6813      	ldr	r3, [r2, #0]
10005b0e:	2b00      	cmp	r3, #0
10005b10:	d0fc      	beq.n	10005b0c <tud_task_ext+0x34>
10005b12:	f3bf 8f5f 	dmb	sy
10005b16:	61a9      	str	r1, [r5, #24]
10005b18:	0028      	movs	r0, r5
10005b1a:	0021      	movs	r1, r4
10005b1c:	f001 f95a 	bl	10006dd4 <tu_fifo_read>
10005b20:	696a      	ldr	r2, [r5, #20]
10005b22:	69ab      	ldr	r3, [r5, #24]
10005b24:	f3bf 8f5f 	dmb	sy
10005b28:	2100      	movs	r1, #0
10005b2a:	6011      	str	r1, [r2, #0]
10005b2c:	f383 8810 	msr	PRIMASK, r3
10005b30:	2800      	cmp	r0, #0
10005b32:	d100      	bne.n	10005b36 <tud_task_ext+0x5e>
10005b34:	e120      	b.n	10005d78 <tud_task_ext+0x2a0>
10005b36:	7863      	ldrb	r3, [r4, #1]
10005b38:	2b08      	cmp	r3, #8
10005b3a:	d8e2      	bhi.n	10005b02 <tud_task_ext+0x2a>
10005b3c:	009b      	lsls	r3, r3, #2
10005b3e:	58fb      	ldr	r3, [r7, r3]
10005b40:	469f      	mov	pc, r3
10005b42:	6863      	ldr	r3, [r4, #4]
10005b44:	2b00      	cmp	r3, #0
10005b46:	d0dc      	beq.n	10005b02 <tud_task_ext+0x2a>
10005b48:	68a0      	ldr	r0, [r4, #8]
10005b4a:	4798      	blx	r3
10005b4c:	e7d9      	b.n	10005b02 <tud_task_ext+0x2a>
10005b4e:	227f      	movs	r2, #127	@ 0x7f
10005b50:	7921      	ldrb	r1, [r4, #4]
10005b52:	4db0      	ldr	r5, [pc, #704]	@ (10005e14 <tud_task_ext+0x33c>)
10005b54:	400a      	ands	r2, r1
10005b56:	0053      	lsls	r3, r2, #1
10005b58:	18eb      	adds	r3, r5, r3
10005b5a:	4698      	mov	r8, r3
10005b5c:	09c8      	lsrs	r0, r1, #7
10005b5e:	4480      	add	r8, r0
10005b60:	4640      	mov	r0, r8
10005b62:	2301      	movs	r3, #1
10005b64:	3030      	adds	r0, #48	@ 0x30
10005b66:	7905      	ldrb	r5, [r0, #4]
10005b68:	439d      	bics	r5, r3
10005b6a:	7105      	strb	r5, [r0, #4]
10005b6c:	7905      	ldrb	r5, [r0, #4]
10005b6e:	3303      	adds	r3, #3
10005b70:	439d      	bics	r5, r3
10005b72:	7105      	strb	r5, [r0, #4]
10005b74:	2a00      	cmp	r2, #0
10005b76:	d100      	bne.n	10005b7a <tud_task_ext+0xa2>
10005b78:	e105      	b.n	10005d86 <tud_task_ext+0x2ae>
10005b7a:	4643      	mov	r3, r8
10005b7c:	4aa7      	ldr	r2, [pc, #668]	@ (10005e1c <tud_task_ext+0x344>)
10005b7e:	7d1b      	ldrb	r3, [r3, #20]
10005b80:	7812      	ldrb	r2, [r2, #0]
10005b82:	4293      	cmp	r3, r2
10005b84:	d300      	bcc.n	10005b88 <tud_task_ext+0xb0>
10005b86:	e0f5      	b.n	10005d74 <tud_task_ext+0x29c>
10005b88:	4aa5      	ldr	r2, [pc, #660]	@ (10005e20 <tud_task_ext+0x348>)
10005b8a:	015b      	lsls	r3, r3, #5
10005b8c:	6815      	ldr	r5, [r2, #0]
10005b8e:	18ed      	adds	r5, r5, r3
10005b90:	2d00      	cmp	r5, #0
10005b92:	d100      	bne.n	10005b96 <tud_task_ext+0xbe>
10005b94:	e0f0      	b.n	10005d78 <tud_task_ext+0x2a0>
10005b96:	68a3      	ldr	r3, [r4, #8]
10005b98:	7962      	ldrb	r2, [r4, #5]
10005b9a:	7820      	ldrb	r0, [r4, #0]
10005b9c:	69ad      	ldr	r5, [r5, #24]
10005b9e:	47a8      	blx	r5
10005ba0:	e7af      	b.n	10005b02 <tud_task_ext+0x2a>
10005ba2:	4ba0      	ldr	r3, [pc, #640]	@ (10005e24 <tud_task_ext+0x34c>)
10005ba4:	781a      	ldrb	r2, [r3, #0]
10005ba6:	2a00      	cmp	r2, #0
10005ba8:	d100      	bne.n	10005bac <tud_task_ext+0xd4>
10005baa:	e0e5      	b.n	10005d78 <tud_task_ext+0x2a0>
10005bac:	781a      	ldrb	r2, [r3, #0]
10005bae:	3a01      	subs	r2, #1
10005bb0:	701a      	strb	r2, [r3, #0]
10005bb2:	781b      	ldrb	r3, [r3, #0]
10005bb4:	2b00      	cmp	r3, #0
10005bb6:	d1a4      	bne.n	10005b02 <tud_task_ext+0x2a>
10005bb8:	2201      	movs	r2, #1
10005bba:	4d96      	ldr	r5, [pc, #600]	@ (10005e14 <tud_task_ext+0x33c>)
10005bbc:	2101      	movs	r1, #1
10005bbe:	782b      	ldrb	r3, [r5, #0]
10005bc0:	2004      	movs	r0, #4
10005bc2:	4313      	orrs	r3, r2
10005bc4:	702b      	strb	r3, [r5, #0]
10005bc6:	2334      	movs	r3, #52	@ 0x34
10005bc8:	5cea      	ldrb	r2, [r5, r3]
10005bca:	438a      	bics	r2, r1
10005bcc:	54ea      	strb	r2, [r5, r3]
10005bce:	5cea      	ldrb	r2, [r5, r3]
10005bd0:	4382      	bics	r2, r0
10005bd2:	54ea      	strb	r2, [r5, r3]
10005bd4:	3301      	adds	r3, #1
10005bd6:	5cea      	ldrb	r2, [r5, r3]
10005bd8:	438a      	bics	r2, r1
10005bda:	54ea      	strb	r2, [r5, r3]
10005bdc:	5cea      	ldrb	r2, [r5, r3]
10005bde:	4382      	bics	r2, r0
10005be0:	54ea      	strb	r2, [r5, r3]
10005be2:	7823      	ldrb	r3, [r4, #0]
10005be4:	2000      	movs	r0, #0
10005be6:	469b      	mov	fp, r3
10005be8:	f000 fc88 	bl	100064fc <usbd_control_set_complete_callback>
10005bec:	2260      	movs	r2, #96	@ 0x60
10005bee:	7923      	ldrb	r3, [r4, #4]
10005bf0:	401a      	ands	r2, r3
10005bf2:	2a60      	cmp	r2, #96	@ 0x60
10005bf4:	d100      	bne.n	10005bf8 <tud_task_ext+0x120>
10005bf6:	e0f1      	b.n	10005ddc <tud_task_ext+0x304>
10005bf8:	2a40      	cmp	r2, #64	@ 0x40
10005bfa:	d100      	bne.n	10005bfe <tud_task_ext+0x126>
10005bfc:	e0f7      	b.n	10005dee <tud_task_ext+0x316>
10005bfe:	06db      	lsls	r3, r3, #27
10005c00:	0edb      	lsrs	r3, r3, #27
10005c02:	2b01      	cmp	r3, #1
10005c04:	d100      	bne.n	10005c08 <tud_task_ext+0x130>
10005c06:	e115      	b.n	10005e34 <tud_task_ext+0x35c>
10005c08:	2b02      	cmp	r3, #2
10005c0a:	d100      	bne.n	10005c0e <tud_task_ext+0x136>
10005c0c:	e0ca      	b.n	10005da4 <tud_task_ext+0x2cc>
10005c0e:	2b00      	cmp	r3, #0
10005c10:	d000      	beq.n	10005c14 <tud_task_ext+0x13c>
10005c12:	e0e3      	b.n	10005ddc <tud_task_ext+0x304>
10005c14:	2a20      	cmp	r2, #32
10005c16:	d100      	bne.n	10005c1a <tud_task_ext+0x142>
10005c18:	e211      	b.n	1000603e <tud_task_ext+0x566>
10005c1a:	2a00      	cmp	r2, #0
10005c1c:	d000      	beq.n	10005c20 <tud_task_ext+0x148>
10005c1e:	e0dd      	b.n	10005ddc <tud_task_ext+0x304>
10005c20:	7963      	ldrb	r3, [r4, #5]
10005c22:	2b09      	cmp	r3, #9
10005c24:	d900      	bls.n	10005c28 <tud_task_ext+0x150>
10005c26:	e0d9      	b.n	10005ddc <tud_task_ext+0x304>
10005c28:	4a7f      	ldr	r2, [pc, #508]	@ (10005e28 <tud_task_ext+0x350>)
10005c2a:	009b      	lsls	r3, r3, #2
10005c2c:	58d3      	ldr	r3, [r2, r3]
10005c2e:	469f      	mov	pc, r3
10005c30:	4d78      	ldr	r5, [pc, #480]	@ (10005e14 <tud_task_ext+0x33c>)
10005c32:	782b      	ldrb	r3, [r5, #0]
10005c34:	07db      	lsls	r3, r3, #31
10005c36:	d400      	bmi.n	10005c3a <tud_task_ext+0x162>
10005c38:	e763      	b.n	10005b02 <tud_task_ext+0x2a>
10005c3a:	f7ff fec7 	bl	100059cc <tud_resume_cb>
10005c3e:	e760      	b.n	10005b02 <tud_task_ext+0x2a>
10005c40:	9b02      	ldr	r3, [sp, #8]
10005c42:	78db      	ldrb	r3, [r3, #3]
10005c44:	07db      	lsls	r3, r3, #31
10005c46:	d400      	bmi.n	10005c4a <tud_task_ext+0x172>
10005c48:	e75b      	b.n	10005b02 <tud_task_ext+0x2a>
10005c4a:	6860      	ldr	r0, [r4, #4]
10005c4c:	f7ff feb2 	bl	100059b4 <tud_sof_cb>
10005c50:	e757      	b.n	10005b02 <tud_task_ext+0x2a>
10005c52:	4d70      	ldr	r5, [pc, #448]	@ (10005e14 <tud_task_ext+0x33c>)
10005c54:	782b      	ldrb	r3, [r5, #0]
10005c56:	07db      	lsls	r3, r3, #31
10005c58:	d400      	bmi.n	10005c5c <tud_task_ext+0x184>
10005c5a:	e752      	b.n	10005b02 <tud_task_ext+0x2a>
10005c5c:	7828      	ldrb	r0, [r5, #0]
10005c5e:	0700      	lsls	r0, r0, #28
10005c60:	0fc0      	lsrs	r0, r0, #31
10005c62:	f7ff feb1 	bl	100059c8 <tud_suspend_cb>
10005c66:	e74c      	b.n	10005b02 <tud_task_ext+0x2a>
10005c68:	7823      	ldrb	r3, [r4, #0]
10005c6a:	4a6b      	ldr	r2, [pc, #428]	@ (10005e18 <tud_task_ext+0x340>)
10005c6c:	4699      	mov	r9, r3
10005c6e:	4693      	mov	fp, r2
10005c70:	4b6a      	ldr	r3, [pc, #424]	@ (10005e1c <tud_task_ext+0x344>)
10005c72:	4a6b      	ldr	r2, [pc, #428]	@ (10005e20 <tud_task_ext+0x348>)
10005c74:	4698      	mov	r8, r3
10005c76:	4692      	mov	sl, r2
10005c78:	003a      	movs	r2, r7
10005c7a:	2500      	movs	r5, #0
10005c7c:	4647      	mov	r7, r8
10005c7e:	781b      	ldrb	r3, [r3, #0]
10005c80:	46b0      	mov	r8, r6
10005c82:	464e      	mov	r6, r9
10005c84:	4691      	mov	r9, r2
10005c86:	e00e      	b.n	10005ca6 <tud_task_ext+0x1ce>
10005c88:	4653      	mov	r3, sl
10005c8a:	681b      	ldr	r3, [r3, #0]
10005c8c:	016a      	lsls	r2, r5, #5
10005c8e:	189b      	adds	r3, r3, r2
10005c90:	2b00      	cmp	r3, #0
10005c92:	d100      	bne.n	10005c96 <tud_task_ext+0x1be>
10005c94:	e07d      	b.n	10005d92 <tud_task_ext+0x2ba>
10005c96:	68db      	ldr	r3, [r3, #12]
10005c98:	0030      	movs	r0, r6
10005c9a:	4798      	blx	r3
10005c9c:	3501      	adds	r5, #1
10005c9e:	783b      	ldrb	r3, [r7, #0]
10005ca0:	b2ed      	uxtb	r5, r5
10005ca2:	42ab      	cmp	r3, r5
10005ca4:	d30c      	bcc.n	10005cc0 <tud_task_ext+0x1e8>
10005ca6:	42ab      	cmp	r3, r5
10005ca8:	d8ee      	bhi.n	10005c88 <tud_task_ext+0x1b0>
10005caa:	1aeb      	subs	r3, r5, r3
10005cac:	015b      	lsls	r3, r3, #5
10005cae:	445b      	add	r3, fp
10005cb0:	68db      	ldr	r3, [r3, #12]
10005cb2:	0030      	movs	r0, r6
10005cb4:	4798      	blx	r3
10005cb6:	3501      	adds	r5, #1
10005cb8:	783b      	ldrb	r3, [r7, #0]
10005cba:	b2ed      	uxtb	r5, r5
10005cbc:	42ab      	cmp	r3, r5
10005cbe:	d2f2      	bcs.n	10005ca6 <tud_task_ext+0x1ce>
10005cc0:	4d54      	ldr	r5, [pc, #336]	@ (10005e14 <tud_task_ext+0x33c>)
10005cc2:	2254      	movs	r2, #84	@ 0x54
10005cc4:	2100      	movs	r1, #0
10005cc6:	0028      	movs	r0, r5
10005cc8:	f7fd fb28 	bl	1000331c <__wrap_memset>
10005ccc:	2210      	movs	r2, #16
10005cce:	21ff      	movs	r1, #255	@ 0xff
10005cd0:	1d28      	adds	r0, r5, #4
10005cd2:	f7fd fb23 	bl	1000331c <__wrap_memset>
10005cd6:	0028      	movs	r0, r5
10005cd8:	2220      	movs	r2, #32
10005cda:	21ff      	movs	r1, #255	@ 0xff
10005cdc:	3014      	adds	r0, #20
10005cde:	4646      	mov	r6, r8
10005ce0:	464f      	mov	r7, r9
10005ce2:	f7fd fb1b 	bl	1000331c <__wrap_memset>
10005ce6:	f000 fbff 	bl	100064e8 <usbd_control_reset>
10005cea:	7923      	ldrb	r3, [r4, #4]
10005cec:	70ab      	strb	r3, [r5, #2]
10005cee:	e708      	b.n	10005b02 <tud_task_ext+0x2a>
10005cf0:	7823      	ldrb	r3, [r4, #0]
10005cf2:	4a4b      	ldr	r2, [pc, #300]	@ (10005e20 <tud_task_ext+0x348>)
10005cf4:	4699      	mov	r9, r3
10005cf6:	4b49      	ldr	r3, [pc, #292]	@ (10005e1c <tud_task_ext+0x344>)
10005cf8:	4692      	mov	sl, r2
10005cfa:	4698      	mov	r8, r3
10005cfc:	0032      	movs	r2, r6
10005cfe:	46bb      	mov	fp, r7
10005d00:	464e      	mov	r6, r9
10005d02:	2500      	movs	r5, #0
10005d04:	4647      	mov	r7, r8
10005d06:	4691      	mov	r9, r2
10005d08:	781b      	ldrb	r3, [r3, #0]
10005d0a:	e00d      	b.n	10005d28 <tud_task_ext+0x250>
10005d0c:	4653      	mov	r3, sl
10005d0e:	681b      	ldr	r3, [r3, #0]
10005d10:	016a      	lsls	r2, r5, #5
10005d12:	189b      	adds	r3, r3, r2
10005d14:	2b00      	cmp	r3, #0
10005d16:	d040      	beq.n	10005d9a <tud_task_ext+0x2c2>
10005d18:	68db      	ldr	r3, [r3, #12]
10005d1a:	0030      	movs	r0, r6
10005d1c:	4798      	blx	r3
10005d1e:	3501      	adds	r5, #1
10005d20:	783b      	ldrb	r3, [r7, #0]
10005d22:	b2ed      	uxtb	r5, r5
10005d24:	42ab      	cmp	r3, r5
10005d26:	d30d      	bcc.n	10005d44 <tud_task_ext+0x26c>
10005d28:	429d      	cmp	r5, r3
10005d2a:	d3ef      	bcc.n	10005d0c <tud_task_ext+0x234>
10005d2c:	9a01      	ldr	r2, [sp, #4]
10005d2e:	1aeb      	subs	r3, r5, r3
10005d30:	015b      	lsls	r3, r3, #5
10005d32:	18d3      	adds	r3, r2, r3
10005d34:	68db      	ldr	r3, [r3, #12]
10005d36:	0030      	movs	r0, r6
10005d38:	4798      	blx	r3
10005d3a:	3501      	adds	r5, #1
10005d3c:	783b      	ldrb	r3, [r7, #0]
10005d3e:	b2ed      	uxtb	r5, r5
10005d40:	42ab      	cmp	r3, r5
10005d42:	d2f1      	bcs.n	10005d28 <tud_task_ext+0x250>
10005d44:	9d02      	ldr	r5, [sp, #8]
10005d46:	2254      	movs	r2, #84	@ 0x54
10005d48:	2100      	movs	r1, #0
10005d4a:	0028      	movs	r0, r5
10005d4c:	f7fd fae6 	bl	1000331c <__wrap_memset>
10005d50:	2210      	movs	r2, #16
10005d52:	21ff      	movs	r1, #255	@ 0xff
10005d54:	4835      	ldr	r0, [pc, #212]	@ (10005e2c <tud_task_ext+0x354>)
10005d56:	f7fd fae1 	bl	1000331c <__wrap_memset>
10005d5a:	0028      	movs	r0, r5
10005d5c:	2220      	movs	r2, #32
10005d5e:	21ff      	movs	r1, #255	@ 0xff
10005d60:	3014      	adds	r0, #20
10005d62:	464e      	mov	r6, r9
10005d64:	465f      	mov	r7, fp
10005d66:	f7fd fad9 	bl	1000331c <__wrap_memset>
10005d6a:	f000 fbbd 	bl	100064e8 <usbd_control_reset>
10005d6e:	f7ff fe29 	bl	100059c4 <tud_umount_cb>
10005d72:	e6c6      	b.n	10005b02 <tud_task_ext+0x2a>
10005d74:	4293      	cmp	r3, r2
10005d76:	d013      	beq.n	10005da0 <tud_task_ext+0x2c8>
10005d78:	b011      	add	sp, #68	@ 0x44
10005d7a:	bcf0      	pop	{r4, r5, r6, r7}
10005d7c:	46bb      	mov	fp, r7
10005d7e:	46b2      	mov	sl, r6
10005d80:	46a9      	mov	r9, r5
10005d82:	46a0      	mov	r8, r4
10005d84:	bdf0      	pop	{r4, r5, r6, r7, pc}
10005d86:	68a3      	ldr	r3, [r4, #8]
10005d88:	7962      	ldrb	r2, [r4, #5]
10005d8a:	7820      	ldrb	r0, [r4, #0]
10005d8c:	f000 fbca 	bl	10006524 <usbd_control_xfer_cb>
10005d90:	e6b7      	b.n	10005b02 <tud_task_ext+0x2a>
10005d92:	4646      	mov	r6, r8
10005d94:	464f      	mov	r7, r9
10005d96:	4d1f      	ldr	r5, [pc, #124]	@ (10005e14 <tud_task_ext+0x33c>)
10005d98:	e7a5      	b.n	10005ce6 <tud_task_ext+0x20e>
10005d9a:	464e      	mov	r6, r9
10005d9c:	465f      	mov	r7, fp
10005d9e:	e7e4      	b.n	10005d6a <tud_task_ext+0x292>
10005da0:	4d1d      	ldr	r5, [pc, #116]	@ (10005e18 <tud_task_ext+0x340>)
10005da2:	e6f8      	b.n	10005b96 <tud_task_ext+0xbe>
10005da4:	2370      	movs	r3, #112	@ 0x70
10005da6:	7a21      	ldrb	r1, [r4, #8]
10005da8:	420b      	tst	r3, r1
10005daa:	d117      	bne.n	10005ddc <tud_task_ext+0x304>
10005dac:	09c8      	lsrs	r0, r1, #7
10005dae:	4682      	mov	sl, r0
10005db0:	330f      	adds	r3, #15
10005db2:	400b      	ands	r3, r1
10005db4:	005b      	lsls	r3, r3, #1
10005db6:	4698      	mov	r8, r3
10005db8:	4818      	ldr	r0, [pc, #96]	@ (10005e1c <tud_task_ext+0x344>)
10005dba:	18eb      	adds	r3, r5, r3
10005dbc:	4453      	add	r3, sl
10005dbe:	7d1b      	ldrb	r3, [r3, #20]
10005dc0:	7800      	ldrb	r0, [r0, #0]
10005dc2:	4283      	cmp	r3, r0
10005dc4:	d264      	bcs.n	10005e90 <tud_task_ext+0x3b8>
10005dc6:	4816      	ldr	r0, [pc, #88]	@ (10005e20 <tud_task_ext+0x348>)
10005dc8:	015b      	lsls	r3, r3, #5
10005dca:	6800      	ldr	r0, [r0, #0]
10005dcc:	4681      	mov	r9, r0
10005dce:	4499      	add	r9, r3
10005dd0:	2a00      	cmp	r2, #0
10005dd2:	d100      	bne.n	10005dd6 <tud_task_ext+0x2fe>
10005dd4:	e155      	b.n	10006082 <tud_task_ext+0x5aa>
10005dd6:	464b      	mov	r3, r9
10005dd8:	2b00      	cmp	r3, #0
10005dda:	d161      	bne.n	10005ea0 <tud_task_ext+0x3c8>
10005ddc:	7820      	ldrb	r0, [r4, #0]
10005dde:	2100      	movs	r1, #0
10005de0:	f7ff fd70 	bl	100058c4 <dcd_edpt_stall>
10005de4:	2180      	movs	r1, #128	@ 0x80
10005de6:	7820      	ldrb	r0, [r4, #0]
10005de8:	f7ff fd6c 	bl	100058c4 <dcd_edpt_stall>
10005dec:	e689      	b.n	10005b02 <tud_task_ext+0x2a>
10005dee:	4810      	ldr	r0, [pc, #64]	@ (10005e30 <tud_task_ext+0x358>)
10005df0:	f000 fb84 	bl	100064fc <usbd_control_set_complete_callback>
10005df4:	2101      	movs	r1, #1
10005df6:	4658      	mov	r0, fp
10005df8:	aa0e      	add	r2, sp, #56	@ 0x38
10005dfa:	f7ff fc23 	bl	10005644 <tud_vendor_control_xfer_cb>
10005dfe:	2800      	cmp	r0, #0
10005e00:	d000      	beq.n	10005e04 <tud_task_ext+0x32c>
10005e02:	e67e      	b.n	10005b02 <tud_task_ext+0x2a>
10005e04:	e7ea      	b.n	10005ddc <tud_task_ext+0x304>
10005e06:	46c0      	nop			@ (mov r8, r8)
10005e08:	20001024 	.word	0x20001024
10005e0c:	10007b6c 	.word	0x10007b6c
10005e10:	200015d0 	.word	0x200015d0
10005e14:	20001578 	.word	0x20001578
10005e18:	10007c14 	.word	0x10007c14
10005e1c:	20001d1c 	.word	0x20001d1c
10005e20:	20001490 	.word	0x20001490
10005e24:	20001d1e 	.word	0x20001d1e
10005e28:	10007b90 	.word	0x10007b90
10005e2c:	2000157c 	.word	0x2000157c
10005e30:	10005645 	.word	0x10005645
10005e34:	7a23      	ldrb	r3, [r4, #8]
10005e36:	8922      	ldrh	r2, [r4, #8]
10005e38:	2b0f      	cmp	r3, #15
10005e3a:	d8cf      	bhi.n	10005ddc <tud_task_ext+0x304>
10005e3c:	23ff      	movs	r3, #255	@ 0xff
10005e3e:	4013      	ands	r3, r2
10005e40:	4ad1      	ldr	r2, [pc, #836]	@ (10006188 <tud_task_ext+0x6b0>)
10005e42:	18eb      	adds	r3, r5, r3
10005e44:	791b      	ldrb	r3, [r3, #4]
10005e46:	7812      	ldrb	r2, [r2, #0]
10005e48:	4293      	cmp	r3, r2
10005e4a:	d334      	bcc.n	10005eb6 <tud_task_ext+0x3de>
10005e4c:	d1c6      	bne.n	10005ddc <tud_task_ext+0x304>
10005e4e:	4dcf      	ldr	r5, [pc, #828]	@ (1000618c <tud_task_ext+0x6b4>)
10005e50:	6968      	ldr	r0, [r5, #20]
10005e52:	f000 fb53 	bl	100064fc <usbd_control_set_complete_callback>
10005e56:	2101      	movs	r1, #1
10005e58:	4658      	mov	r0, fp
10005e5a:	696b      	ldr	r3, [r5, #20]
10005e5c:	aa0e      	add	r2, sp, #56	@ 0x38
10005e5e:	4798      	blx	r3
10005e60:	2800      	cmp	r0, #0
10005e62:	d000      	beq.n	10005e66 <tud_task_ext+0x38e>
10005e64:	e64d      	b.n	10005b02 <tud_task_ext+0x2a>
10005e66:	2260      	movs	r2, #96	@ 0x60
10005e68:	0015      	movs	r5, r2
10005e6a:	7923      	ldrb	r3, [r4, #4]
10005e6c:	401d      	ands	r5, r3
10005e6e:	421a      	tst	r2, r3
10005e70:	d1b4      	bne.n	10005ddc <tud_task_ext+0x304>
10005e72:	7963      	ldrb	r3, [r4, #5]
10005e74:	3b0a      	subs	r3, #10
10005e76:	2b01      	cmp	r3, #1
10005e78:	d8b0      	bhi.n	10005ddc <tud_task_ext+0x304>
10005e7a:	f000 fb3f 	bl	100064fc <usbd_control_set_complete_callback>
10005e7e:	7963      	ldrb	r3, [r4, #5]
10005e80:	2b0a      	cmp	r3, #10
10005e82:	d100      	bne.n	10005e86 <tud_task_ext+0x3ae>
10005e84:	e18a      	b.n	1000619c <tud_task_ext+0x6c4>
10005e86:	4658      	mov	r0, fp
10005e88:	a90e      	add	r1, sp, #56	@ 0x38
10005e8a:	f000 fac7 	bl	1000641c <tud_control_status>
10005e8e:	e638      	b.n	10005b02 <tud_task_ext+0x2a>
10005e90:	4283      	cmp	r3, r0
10005e92:	d000      	beq.n	10005e96 <tud_task_ext+0x3be>
10005e94:	e0f0      	b.n	10006078 <tud_task_ext+0x5a0>
10005e96:	4bbd      	ldr	r3, [pc, #756]	@ (1000618c <tud_task_ext+0x6b4>)
10005e98:	4699      	mov	r9, r3
10005e9a:	2a00      	cmp	r2, #0
10005e9c:	d100      	bne.n	10005ea0 <tud_task_ext+0x3c8>
10005e9e:	e0f0      	b.n	10006082 <tud_task_ext+0x5aa>
10005ea0:	464b      	mov	r3, r9
10005ea2:	6958      	ldr	r0, [r3, #20]
10005ea4:	f000 fb2a 	bl	100064fc <usbd_control_set_complete_callback>
10005ea8:	464b      	mov	r3, r9
10005eaa:	2101      	movs	r1, #1
10005eac:	4658      	mov	r0, fp
10005eae:	695b      	ldr	r3, [r3, #20]
10005eb0:	aa0e      	add	r2, sp, #56	@ 0x38
10005eb2:	4798      	blx	r3
10005eb4:	e7a3      	b.n	10005dfe <tud_task_ext+0x326>
10005eb6:	4ab6      	ldr	r2, [pc, #728]	@ (10006190 <tud_task_ext+0x6b8>)
10005eb8:	015b      	lsls	r3, r3, #5
10005eba:	6815      	ldr	r5, [r2, #0]
10005ebc:	18ed      	adds	r5, r5, r3
10005ebe:	2d00      	cmp	r5, #0
10005ec0:	d1c6      	bne.n	10005e50 <tud_task_ext+0x378>
10005ec2:	e78b      	b.n	10005ddc <tud_task_ext+0x304>
10005ec4:	79a3      	ldrb	r3, [r4, #6]
10005ec6:	4699      	mov	r9, r3
10005ec8:	786b      	ldrb	r3, [r5, #1]
10005eca:	4599      	cmp	r9, r3
10005ecc:	d0db      	beq.n	10005e86 <tud_task_ext+0x3ae>
10005ece:	786b      	ldrb	r3, [r5, #1]
10005ed0:	2b00      	cmp	r3, #0
10005ed2:	d000      	beq.n	10005ed6 <tud_task_ext+0x3fe>
10005ed4:	e12c      	b.n	10006130 <tud_task_ext+0x658>
10005ed6:	464b      	mov	r3, r9
10005ed8:	706b      	strb	r3, [r5, #1]
10005eda:	2b00      	cmp	r3, #0
10005edc:	d100      	bne.n	10005ee0 <tud_task_ext+0x408>
10005ede:	e124      	b.n	1000612a <tud_task_ext+0x652>
10005ee0:	4648      	mov	r0, r9
10005ee2:	3801      	subs	r0, #1
10005ee4:	b2c0      	uxtb	r0, r0
10005ee6:	f7ff fa09 	bl	100052fc <tud_descriptor_configuration_cb>
10005eea:	2800      	cmp	r0, #0
10005eec:	d100      	bne.n	10005ef0 <tud_task_ext+0x418>
10005eee:	e174      	b.n	100061da <tud_task_ext+0x702>
10005ef0:	7843      	ldrb	r3, [r0, #1]
10005ef2:	9307      	str	r3, [sp, #28]
10005ef4:	2b02      	cmp	r3, #2
10005ef6:	d000      	beq.n	10005efa <tud_task_ext+0x422>
10005ef8:	e16f      	b.n	100061da <tud_task_ext+0x702>
10005efa:	2201      	movs	r2, #1
10005efc:	79c1      	ldrb	r1, [r0, #7]
10005efe:	46b1      	mov	r9, r6
10005f00:	118b      	asrs	r3, r1, #6
10005f02:	1149      	asrs	r1, r1, #5
10005f04:	4013      	ands	r3, r2
10005f06:	400a      	ands	r2, r1
10005f08:	2130      	movs	r1, #48	@ 0x30
10005f0a:	0112      	lsls	r2, r2, #4
10005f0c:	015b      	lsls	r3, r3, #5
10005f0e:	4313      	orrs	r3, r2
10005f10:	782a      	ldrb	r2, [r5, #0]
10005f12:	46a8      	mov	r8, r5
10005f14:	438a      	bics	r2, r1
10005f16:	4313      	orrs	r3, r2
10005f18:	702b      	strb	r3, [r5, #0]
10005f1a:	2309      	movs	r3, #9
10005f1c:	469a      	mov	sl, r3
10005f1e:	4482      	add	sl, r0
10005f20:	4656      	mov	r6, sl
10005f22:	46ba      	mov	sl, r7
10005f24:	78c3      	ldrb	r3, [r0, #3]
10005f26:	7882      	ldrb	r2, [r0, #2]
10005f28:	021b      	lsls	r3, r3, #8
10005f2a:	4313      	orrs	r3, r2
10005f2c:	18c3      	adds	r3, r0, r3
10005f2e:	9305      	str	r3, [sp, #20]
10005f30:	4b95      	ldr	r3, [pc, #596]	@ (10006188 <tud_task_ext+0x6b0>)
10005f32:	9304      	str	r3, [sp, #16]
10005f34:	4b95      	ldr	r3, [pc, #596]	@ (1000618c <tud_task_ext+0x6b4>)
10005f36:	9308      	str	r3, [sp, #32]
10005f38:	4b95      	ldr	r3, [pc, #596]	@ (10006190 <tud_task_ext+0x6b8>)
10005f3a:	9309      	str	r3, [sp, #36]	@ 0x24
10005f3c:	4b95      	ldr	r3, [pc, #596]	@ (10006194 <tud_task_ext+0x6bc>)
10005f3e:	930a      	str	r3, [sp, #40]	@ 0x28
10005f40:	9b05      	ldr	r3, [sp, #20]
10005f42:	42b3      	cmp	r3, r6
10005f44:	d800      	bhi.n	10005f48 <tud_task_ext+0x470>
10005f46:	e14b      	b.n	100061e0 <tud_task_ext+0x708>
10005f48:	7873      	ldrb	r3, [r6, #1]
10005f4a:	2201      	movs	r2, #1
10005f4c:	2b0b      	cmp	r3, #11
10005f4e:	d103      	bne.n	10005f58 <tud_task_ext+0x480>
10005f50:	7833      	ldrb	r3, [r6, #0]
10005f52:	78f2      	ldrb	r2, [r6, #3]
10005f54:	18f6      	adds	r6, r6, r3
10005f56:	7873      	ldrb	r3, [r6, #1]
10005f58:	2b04      	cmp	r3, #4
10005f5a:	d000      	beq.n	10005f5e <tud_task_ext+0x486>
10005f5c:	e13a      	b.n	100061d4 <tud_task_ext+0x6fc>
10005f5e:	9b05      	ldr	r3, [sp, #20]
10005f60:	2700      	movs	r7, #0
10005f62:	1b9b      	subs	r3, r3, r6
10005f64:	b29b      	uxth	r3, r3
10005f66:	9306      	str	r3, [sp, #24]
10005f68:	9b04      	ldr	r3, [sp, #16]
10005f6a:	920b      	str	r2, [sp, #44]	@ 0x2c
10005f6c:	781d      	ldrb	r5, [r3, #0]
10005f6e:	e019      	b.n	10005fa4 <tud_task_ext+0x4cc>
10005f70:	9a09      	ldr	r2, [sp, #36]	@ 0x24
10005f72:	017b      	lsls	r3, r7, #5
10005f74:	6815      	ldr	r5, [r2, #0]
10005f76:	18ed      	adds	r5, r5, r3
10005f78:	2d00      	cmp	r5, #0
10005f7a:	d100      	bne.n	10005f7e <tud_task_ext+0x4a6>
10005f7c:	e12a      	b.n	100061d4 <tud_task_ext+0x6fc>
10005f7e:	0031      	movs	r1, r6
10005f80:	4658      	mov	r0, fp
10005f82:	692b      	ldr	r3, [r5, #16]
10005f84:	9a06      	ldr	r2, [sp, #24]
10005f86:	4798      	blx	r3
10005f88:	4684      	mov	ip, r0
10005f8a:	2808      	cmp	r0, #8
10005f8c:	d903      	bls.n	10005f96 <tud_task_ext+0x4be>
10005f8e:	9a06      	ldr	r2, [sp, #24]
10005f90:	4282      	cmp	r2, r0
10005f92:	d300      	bcc.n	10005f96 <tud_task_ext+0x4be>
10005f94:	e10b      	b.n	100061ae <tud_task_ext+0x6d6>
10005f96:	9b04      	ldr	r3, [sp, #16]
10005f98:	3701      	adds	r7, #1
10005f9a:	781d      	ldrb	r5, [r3, #0]
10005f9c:	b2ff      	uxtb	r7, r7
10005f9e:	42bd      	cmp	r5, r7
10005fa0:	d200      	bcs.n	10005fa4 <tud_task_ext+0x4cc>
10005fa2:	e117      	b.n	100061d4 <tud_task_ext+0x6fc>
10005fa4:	42bd      	cmp	r5, r7
10005fa6:	d8e3      	bhi.n	10005f70 <tud_task_ext+0x498>
10005fa8:	9b08      	ldr	r3, [sp, #32]
10005faa:	1b7d      	subs	r5, r7, r5
10005fac:	016d      	lsls	r5, r5, #5
10005fae:	195d      	adds	r5, r3, r5
10005fb0:	e7e5      	b.n	10005f7e <tud_task_ext+0x4a6>
10005fb2:	786b      	ldrb	r3, [r5, #1]
10005fb4:	aa0c      	add	r2, sp, #48	@ 0x30
10005fb6:	3202      	adds	r2, #2
10005fb8:	7013      	strb	r3, [r2, #0]
10005fba:	4658      	mov	r0, fp
10005fbc:	2301      	movs	r3, #1
10005fbe:	a90e      	add	r1, sp, #56	@ 0x38
10005fc0:	f000 fa42 	bl	10006448 <tud_control_xfer>
10005fc4:	e59d      	b.n	10005b02 <tud_task_ext+0x2a>
10005fc6:	88e0      	ldrh	r0, [r4, #6]
10005fc8:	0a03      	lsrs	r3, r0, #8
10005fca:	b2c0      	uxtb	r0, r0
10005fcc:	2b0f      	cmp	r3, #15
10005fce:	d900      	bls.n	10005fd2 <tud_task_ext+0x4fa>
10005fd0:	e704      	b.n	10005ddc <tud_task_ext+0x304>
10005fd2:	4971      	ldr	r1, [pc, #452]	@ (10006198 <tud_task_ext+0x6c0>)
10005fd4:	009a      	lsls	r2, r3, #2
10005fd6:	588a      	ldr	r2, [r1, r2]
10005fd8:	4697      	mov	pc, r2
10005fda:	a80e      	add	r0, sp, #56	@ 0x38
10005fdc:	f000 fa94 	bl	10006508 <usbd_control_set_request>
10005fe0:	4658      	mov	r0, fp
10005fe2:	79a1      	ldrb	r1, [r4, #6]
10005fe4:	f7ff fbb4 	bl	10005750 <dcd_set_address>
10005fe8:	2202      	movs	r2, #2
10005fea:	782b      	ldrb	r3, [r5, #0]
10005fec:	4313      	orrs	r3, r2
10005fee:	702b      	strb	r3, [r5, #0]
10005ff0:	e587      	b.n	10005b02 <tud_task_ext+0x2a>
10005ff2:	88e3      	ldrh	r3, [r4, #6]
10005ff4:	2b01      	cmp	r3, #1
10005ff6:	d000      	beq.n	10005ffa <tud_task_ext+0x522>
10005ff8:	e6f0      	b.n	10005ddc <tud_task_ext+0x304>
10005ffa:	2208      	movs	r2, #8
10005ffc:	782b      	ldrb	r3, [r5, #0]
10005ffe:	4658      	mov	r0, fp
10006000:	4393      	bics	r3, r2
10006002:	a90e      	add	r1, sp, #56	@ 0x38
10006004:	702b      	strb	r3, [r5, #0]
10006006:	f000 fa09 	bl	1000641c <tud_control_status>
1000600a:	e57a      	b.n	10005b02 <tud_task_ext+0x2a>
1000600c:	2002      	movs	r0, #2
1000600e:	7829      	ldrb	r1, [r5, #0]
10006010:	ab0c      	add	r3, sp, #48	@ 0x30
10006012:	1c9a      	adds	r2, r3, #2
10006014:	068b      	lsls	r3, r1, #26
10006016:	0889      	lsrs	r1, r1, #2
10006018:	0fdb      	lsrs	r3, r3, #31
1000601a:	4001      	ands	r1, r0
1000601c:	430b      	orrs	r3, r1
1000601e:	8013      	strh	r3, [r2, #0]
10006020:	4658      	mov	r0, fp
10006022:	2302      	movs	r3, #2
10006024:	a90e      	add	r1, sp, #56	@ 0x38
10006026:	f000 fa0f 	bl	10006448 <tud_control_xfer>
1000602a:	e56a      	b.n	10005b02 <tud_task_ext+0x2a>
1000602c:	88e3      	ldrh	r3, [r4, #6]
1000602e:	2b01      	cmp	r3, #1
10006030:	d000      	beq.n	10006034 <tud_task_ext+0x55c>
10006032:	e6d3      	b.n	10005ddc <tud_task_ext+0x304>
10006034:	2208      	movs	r2, #8
10006036:	782b      	ldrb	r3, [r5, #0]
10006038:	4313      	orrs	r3, r2
1000603a:	702b      	strb	r3, [r5, #0]
1000603c:	e723      	b.n	10005e86 <tud_task_ext+0x3ae>
1000603e:	7a23      	ldrb	r3, [r4, #8]
10006040:	8922      	ldrh	r2, [r4, #8]
10006042:	2b0f      	cmp	r3, #15
10006044:	d900      	bls.n	10006048 <tud_task_ext+0x570>
10006046:	e6c9      	b.n	10005ddc <tud_task_ext+0x304>
10006048:	23ff      	movs	r3, #255	@ 0xff
1000604a:	4013      	ands	r3, r2
1000604c:	4a4e      	ldr	r2, [pc, #312]	@ (10006188 <tud_task_ext+0x6b0>)
1000604e:	18eb      	adds	r3, r5, r3
10006050:	791b      	ldrb	r3, [r3, #4]
10006052:	7812      	ldrb	r2, [r2, #0]
10006054:	4293      	cmp	r3, r2
10006056:	d228      	bcs.n	100060aa <tud_task_ext+0x5d2>
10006058:	4a4d      	ldr	r2, [pc, #308]	@ (10006190 <tud_task_ext+0x6b8>)
1000605a:	015b      	lsls	r3, r3, #5
1000605c:	6815      	ldr	r5, [r2, #0]
1000605e:	18ed      	adds	r5, r5, r3
10006060:	2d00      	cmp	r5, #0
10006062:	d100      	bne.n	10006066 <tud_task_ext+0x58e>
10006064:	e6ba      	b.n	10005ddc <tud_task_ext+0x304>
10006066:	6968      	ldr	r0, [r5, #20]
10006068:	f000 fa48 	bl	100064fc <usbd_control_set_complete_callback>
1000606c:	2101      	movs	r1, #1
1000606e:	4658      	mov	r0, fp
10006070:	696b      	ldr	r3, [r5, #20]
10006072:	aa0e      	add	r2, sp, #56	@ 0x38
10006074:	4798      	blx	r3
10006076:	e6c2      	b.n	10005dfe <tud_task_ext+0x326>
10006078:	2a00      	cmp	r2, #0
1000607a:	d000      	beq.n	1000607e <tud_task_ext+0x5a6>
1000607c:	e6ae      	b.n	10005ddc <tud_task_ext+0x304>
1000607e:	2300      	movs	r3, #0
10006080:	4699      	mov	r9, r3
10006082:	7962      	ldrb	r2, [r4, #5]
10006084:	2002      	movs	r0, #2
10006086:	0013      	movs	r3, r2
10006088:	9204      	str	r2, [sp, #16]
1000608a:	4383      	bics	r3, r0
1000608c:	2b01      	cmp	r3, #1
1000608e:	d011      	beq.n	100060b4 <tud_task_ext+0x5dc>
10006090:	2a00      	cmp	r2, #0
10006092:	d000      	beq.n	10006096 <tud_task_ext+0x5be>
10006094:	e6a2      	b.n	10005ddc <tud_task_ext+0x304>
10006096:	002b      	movs	r3, r5
10006098:	4443      	add	r3, r8
1000609a:	4453      	add	r3, sl
1000609c:	3330      	adds	r3, #48	@ 0x30
1000609e:	791b      	ldrb	r3, [r3, #4]
100060a0:	aa0c      	add	r2, sp, #48	@ 0x30
100060a2:	079b      	lsls	r3, r3, #30
100060a4:	0fdb      	lsrs	r3, r3, #31
100060a6:	3202      	adds	r2, #2
100060a8:	e7b9      	b.n	1000601e <tud_task_ext+0x546>
100060aa:	4293      	cmp	r3, r2
100060ac:	d000      	beq.n	100060b0 <tud_task_ext+0x5d8>
100060ae:	e695      	b.n	10005ddc <tud_task_ext+0x304>
100060b0:	4d36      	ldr	r5, [pc, #216]	@ (1000618c <tud_task_ext+0x6b4>)
100060b2:	e7d8      	b.n	10006066 <tud_task_ext+0x58e>
100060b4:	88e3      	ldrh	r3, [r4, #6]
100060b6:	2b00      	cmp	r3, #0
100060b8:	d112      	bne.n	100060e0 <tud_task_ext+0x608>
100060ba:	9b03      	ldr	r3, [sp, #12]
100060bc:	7818      	ldrb	r0, [r3, #0]
100060be:	9b04      	ldr	r3, [sp, #16]
100060c0:	2b01      	cmp	r3, #1
100060c2:	d023      	beq.n	1000610c <tud_task_ext+0x634>
100060c4:	f7ff fbfe 	bl	100058c4 <dcd_edpt_stall>
100060c8:	4643      	mov	r3, r8
100060ca:	2102      	movs	r1, #2
100060cc:	18eb      	adds	r3, r5, r3
100060ce:	4453      	add	r3, sl
100060d0:	3330      	adds	r3, #48	@ 0x30
100060d2:	791a      	ldrb	r2, [r3, #4]
100060d4:	430a      	orrs	r2, r1
100060d6:	2101      	movs	r1, #1
100060d8:	711a      	strb	r2, [r3, #4]
100060da:	791a      	ldrb	r2, [r3, #4]
100060dc:	430a      	orrs	r2, r1
100060de:	711a      	strb	r2, [r3, #4]
100060e0:	464b      	mov	r3, r9
100060e2:	2b00      	cmp	r3, #0
100060e4:	d100      	bne.n	100060e8 <tud_task_ext+0x610>
100060e6:	e50c      	b.n	10005b02 <tud_task_ext+0x2a>
100060e8:	6958      	ldr	r0, [r3, #20]
100060ea:	f000 fa07 	bl	100064fc <usbd_control_set_complete_callback>
100060ee:	464b      	mov	r3, r9
100060f0:	2101      	movs	r1, #1
100060f2:	695b      	ldr	r3, [r3, #20]
100060f4:	aa0e      	add	r2, sp, #56	@ 0x38
100060f6:	4658      	mov	r0, fp
100060f8:	4798      	blx	r3
100060fa:	2000      	movs	r0, #0
100060fc:	f000 f9fe 	bl	100064fc <usbd_control_set_complete_callback>
10006100:	2335      	movs	r3, #53	@ 0x35
10006102:	5ceb      	ldrb	r3, [r5, r3]
10006104:	07db      	lsls	r3, r3, #31
10006106:	d500      	bpl.n	1000610a <tud_task_ext+0x632>
10006108:	e4fb      	b.n	10005b02 <tud_task_ext+0x2a>
1000610a:	e6bc      	b.n	10005e86 <tud_task_ext+0x3ae>
1000610c:	f7ff fbf8 	bl	10005900 <dcd_edpt_clear_stall>
10006110:	4643      	mov	r3, r8
10006112:	2102      	movs	r1, #2
10006114:	18eb      	adds	r3, r5, r3
10006116:	4453      	add	r3, sl
10006118:	3330      	adds	r3, #48	@ 0x30
1000611a:	791a      	ldrb	r2, [r3, #4]
1000611c:	438a      	bics	r2, r1
1000611e:	711a      	strb	r2, [r3, #4]
10006120:	791a      	ldrb	r2, [r3, #4]
10006122:	9904      	ldr	r1, [sp, #16]
10006124:	438a      	bics	r2, r1
10006126:	711a      	strb	r2, [r3, #4]
10006128:	e7da      	b.n	100060e0 <tud_task_ext+0x608>
1000612a:	f7ff fc4b 	bl	100059c4 <tud_umount_cb>
1000612e:	e6aa      	b.n	10005e86 <tud_task_ext+0x3ae>
10006130:	2100      	movs	r1, #0
10006132:	4658      	mov	r0, fp
10006134:	f7ff fb16 	bl	10005764 <dcd_sof_enable>
10006138:	4658      	mov	r0, fp
1000613a:	f7ff fbad 	bl	10005898 <dcd_edpt_close_all>
1000613e:	2200      	movs	r2, #0
10006140:	4692      	mov	sl, r2
10006142:	4a12      	ldr	r2, [pc, #72]	@ (1000618c <tud_task_ext+0x6b4>)
10006144:	78ab      	ldrb	r3, [r5, #2]
10006146:	9205      	str	r2, [sp, #20]
10006148:	4a11      	ldr	r2, [pc, #68]	@ (10006190 <tud_task_ext+0x6b8>)
1000614a:	9304      	str	r3, [sp, #16]
1000614c:	9206      	str	r2, [sp, #24]
1000614e:	002a      	movs	r2, r5
10006150:	4b0d      	ldr	r3, [pc, #52]	@ (10006188 <tud_task_ext+0x6b0>)
10006152:	4655      	mov	r5, sl
10006154:	4698      	mov	r8, r3
10006156:	4692      	mov	sl, r2
10006158:	781b      	ldrb	r3, [r3, #0]
1000615a:	e00e      	b.n	1000617a <tud_task_ext+0x6a2>
1000615c:	9b06      	ldr	r3, [sp, #24]
1000615e:	016a      	lsls	r2, r5, #5
10006160:	681b      	ldr	r3, [r3, #0]
10006162:	189b      	adds	r3, r3, r2
10006164:	2b00      	cmp	r3, #0
10006166:	d054      	beq.n	10006212 <tud_task_ext+0x73a>
10006168:	68db      	ldr	r3, [r3, #12]
1000616a:	4658      	mov	r0, fp
1000616c:	4798      	blx	r3
1000616e:	4643      	mov	r3, r8
10006170:	3501      	adds	r5, #1
10006172:	781b      	ldrb	r3, [r3, #0]
10006174:	b2ed      	uxtb	r5, r5
10006176:	42ab      	cmp	r3, r5
10006178:	d337      	bcc.n	100061ea <tud_task_ext+0x712>
1000617a:	42ab      	cmp	r3, r5
1000617c:	d8ee      	bhi.n	1000615c <tud_task_ext+0x684>
1000617e:	9a05      	ldr	r2, [sp, #20]
10006180:	1aeb      	subs	r3, r5, r3
10006182:	015b      	lsls	r3, r3, #5
10006184:	18d3      	adds	r3, r2, r3
10006186:	e7ef      	b.n	10006168 <tud_task_ext+0x690>
10006188:	20001d1c 	.word	0x20001d1c
1000618c:	10007c14 	.word	0x10007c14
10006190:	20001490 	.word	0x20001490
10006194:	2000158c 	.word	0x2000158c
10006198:	10007bb8 	.word	0x10007bb8
1000619c:	ab0c      	add	r3, sp, #48	@ 0x30
1000619e:	1c9a      	adds	r2, r3, #2
100061a0:	4658      	mov	r0, fp
100061a2:	2301      	movs	r3, #1
100061a4:	a90e      	add	r1, sp, #56	@ 0x38
100061a6:	7015      	strb	r5, [r2, #0]
100061a8:	f000 f94e 	bl	10006448 <tud_control_xfer>
100061ac:	e4a9      	b.n	10005b02 <tud_task_ext+0x2a>
100061ae:	9a0b      	ldr	r2, [sp, #44]	@ 0x2c
100061b0:	2a01      	cmp	r2, #1
100061b2:	d04c      	beq.n	1000624e <tud_task_ext+0x776>
100061b4:	2a00      	cmp	r2, #0
100061b6:	d03c      	beq.n	10006232 <tud_task_ext+0x75a>
100061b8:	2300      	movs	r3, #0
100061ba:	78b0      	ldrb	r0, [r6, #2]
100061bc:	e004      	b.n	100061c8 <tud_task_ext+0x6f0>
100061be:	3301      	adds	r3, #1
100061c0:	b2db      	uxtb	r3, r3
100061c2:	710f      	strb	r7, [r1, #4]
100061c4:	4293      	cmp	r3, r2
100061c6:	d234      	bcs.n	10006232 <tud_task_ext+0x75a>
100061c8:	18c1      	adds	r1, r0, r3
100061ca:	b2c9      	uxtb	r1, r1
100061cc:	4441      	add	r1, r8
100061ce:	790d      	ldrb	r5, [r1, #4]
100061d0:	2dff      	cmp	r5, #255	@ 0xff
100061d2:	d0f4      	beq.n	100061be <tud_task_ext+0x6e6>
100061d4:	464e      	mov	r6, r9
100061d6:	4645      	mov	r5, r8
100061d8:	4657      	mov	r7, sl
100061da:	2300      	movs	r3, #0
100061dc:	706b      	strb	r3, [r5, #1]
100061de:	e5fd      	b.n	10005ddc <tud_task_ext+0x304>
100061e0:	464e      	mov	r6, r9
100061e2:	4657      	mov	r7, sl
100061e4:	f7ff fbec 	bl	100059c0 <tud_mount_cb>
100061e8:	e64d      	b.n	10005e86 <tud_task_ext+0x3ae>
100061ea:	4655      	mov	r5, sl
100061ec:	2254      	movs	r2, #84	@ 0x54
100061ee:	2100      	movs	r1, #0
100061f0:	0028      	movs	r0, r5
100061f2:	f7fd f893 	bl	1000331c <__wrap_memset>
100061f6:	2210      	movs	r2, #16
100061f8:	21ff      	movs	r1, #255	@ 0xff
100061fa:	1d28      	adds	r0, r5, #4
100061fc:	f7fd f88e 	bl	1000331c <__wrap_memset>
10006200:	0028      	movs	r0, r5
10006202:	2220      	movs	r2, #32
10006204:	21ff      	movs	r1, #255	@ 0xff
10006206:	3014      	adds	r0, #20
10006208:	f7fd f888 	bl	1000331c <__wrap_memset>
1000620c:	9b04      	ldr	r3, [sp, #16]
1000620e:	70ab      	strb	r3, [r5, #2]
10006210:	e661      	b.n	10005ed6 <tud_task_ext+0x3fe>
10006212:	4655      	mov	r5, sl
10006214:	e7fa      	b.n	1000620c <tud_task_ext+0x734>
10006216:	f7ff fa11 	bl	1000563c <tud_descriptor_bos_cb>
1000621a:	1e02      	subs	r2, r0, #0
1000621c:	d100      	bne.n	10006220 <tud_task_ext+0x748>
1000621e:	e5dd      	b.n	10005ddc <tud_task_ext+0x304>
10006220:	78d3      	ldrb	r3, [r2, #3]
10006222:	7891      	ldrb	r1, [r2, #2]
10006224:	021b      	lsls	r3, r3, #8
10006226:	430b      	orrs	r3, r1
10006228:	4658      	mov	r0, fp
1000622a:	a90e      	add	r1, sp, #56	@ 0x38
1000622c:	f000 f90c 	bl	10006448 <tud_control_xfer>
10006230:	e5e5      	b.n	10005dfe <tud_task_ext+0x326>
10006232:	4665      	mov	r5, ip
10006234:	003b      	movs	r3, r7
10006236:	0031      	movs	r1, r6
10006238:	002a      	movs	r2, r5
1000623a:	980a      	ldr	r0, [sp, #40]	@ 0x28
1000623c:	f000 fd46 	bl	10006ccc <tu_edpt_bind_driver>
10006240:	9b04      	ldr	r3, [sp, #16]
10006242:	1976      	adds	r6, r6, r5
10006244:	781b      	ldrb	r3, [r3, #0]
10006246:	42bb      	cmp	r3, r7
10006248:	d300      	bcc.n	1000624c <tud_task_ext+0x774>
1000624a:	e679      	b.n	10005f40 <tud_task_ext+0x468>
1000624c:	e7c2      	b.n	100061d4 <tud_task_ext+0x6fc>
1000624e:	4b17      	ldr	r3, [pc, #92]	@ (100062ac <tud_task_ext+0x7d4>)
10006250:	6929      	ldr	r1, [r5, #16]
10006252:	4299      	cmp	r1, r3
10006254:	d1b0      	bne.n	100061b8 <tud_task_ext+0x6e0>
10006256:	9a07      	ldr	r2, [sp, #28]
10006258:	e7ae      	b.n	100061b8 <tud_task_ext+0x6e0>
1000625a:	f7ff fbad 	bl	100059b8 <tud_descriptor_device_qualifier_cb>
1000625e:	1e02      	subs	r2, r0, #0
10006260:	d100      	bne.n	10006264 <tud_task_ext+0x78c>
10006262:	e5bb      	b.n	10005ddc <tud_task_ext+0x304>
10006264:	4658      	mov	r0, fp
10006266:	7813      	ldrb	r3, [r2, #0]
10006268:	a90e      	add	r1, sp, #56	@ 0x38
1000626a:	f000 f8ed 	bl	10006448 <tud_control_xfer>
1000626e:	e5c6      	b.n	10005dfe <tud_task_ext+0x326>
10006270:	8921      	ldrh	r1, [r4, #8]
10006272:	f7ff f847 	bl	10005304 <tud_descriptor_string_cb>
10006276:	1e02      	subs	r2, r0, #0
10006278:	d1f4      	bne.n	10006264 <tud_task_ext+0x78c>
1000627a:	e5af      	b.n	10005ddc <tud_task_ext+0x304>
1000627c:	2b02      	cmp	r3, #2
1000627e:	d00f      	beq.n	100062a0 <tud_task_ext+0x7c8>
10006280:	f7ff fb9c 	bl	100059bc <tud_descriptor_other_speed_configuration_cb>
10006284:	1e02      	subs	r2, r0, #0
10006286:	d1cb      	bne.n	10006220 <tud_task_ext+0x748>
10006288:	e5a8      	b.n	10005ddc <tud_task_ext+0x304>
1000628a:	f7ff f833 	bl	100052f4 <tud_descriptor_device_cb>
1000628e:	1e02      	subs	r2, r0, #0
10006290:	d100      	bne.n	10006294 <tud_task_ext+0x7bc>
10006292:	e5a3      	b.n	10005ddc <tud_task_ext+0x304>
10006294:	2312      	movs	r3, #18
10006296:	4658      	mov	r0, fp
10006298:	a90e      	add	r1, sp, #56	@ 0x38
1000629a:	f000 f8d5 	bl	10006448 <tud_control_xfer>
1000629e:	e5ae      	b.n	10005dfe <tud_task_ext+0x326>
100062a0:	f7ff f82c 	bl	100052fc <tud_descriptor_configuration_cb>
100062a4:	1e02      	subs	r2, r0, #0
100062a6:	d1bb      	bne.n	10006220 <tud_task_ext+0x748>
100062a8:	e598      	b.n	10005ddc <tud_task_ext+0x304>
100062aa:	46c0      	nop			@ (mov r8, r8)
100062ac:	100068f5 	.word	0x100068f5

100062b0 <usbd_open_edpt_pair>:
100062b0:	b5f0      	push	{r4, r5, r6, r7, lr}
100062b2:	464f      	mov	r7, r9
100062b4:	4646      	mov	r6, r8
100062b6:	46d6      	mov	lr, sl
100062b8:	b5c0      	push	{r6, r7, lr}
100062ba:	000c      	movs	r4, r1
100062bc:	0016      	movs	r6, r2
100062be:	001f      	movs	r7, r3
100062c0:	b082      	sub	sp, #8
100062c2:	2a00      	cmp	r2, #0
100062c4:	d03a      	beq.n	1000633c <usbd_open_edpt_pair+0x8c>
100062c6:	2370      	movs	r3, #112	@ 0x70
100062c8:	4698      	mov	r8, r3
100062ca:	4b1d      	ldr	r3, [pc, #116]	@ (10006340 <usbd_open_edpt_pair+0x90>)
100062cc:	2500      	movs	r5, #0
100062ce:	4699      	mov	r9, r3
100062d0:	4b1c      	ldr	r3, [pc, #112]	@ (10006344 <usbd_open_edpt_pair+0x94>)
100062d2:	469a      	mov	sl, r3
100062d4:	e01a      	b.n	1000630c <usbd_open_edpt_pair+0x5c>
100062d6:	464b      	mov	r3, r9
100062d8:	781b      	ldrb	r3, [r3, #0]
100062da:	0020      	movs	r0, r4
100062dc:	9301      	str	r3, [sp, #4]
100062de:	4653      	mov	r3, sl
100062e0:	7899      	ldrb	r1, [r3, #2]
100062e2:	f000 fcb9 	bl	10006c58 <tu_edpt_validate>
100062e6:	2800      	cmp	r0, #0
100062e8:	d01c      	beq.n	10006324 <usbd_open_edpt_pair+0x74>
100062ea:	0021      	movs	r1, r4
100062ec:	9801      	ldr	r0, [sp, #4]
100062ee:	f7ff fa55 	bl	1000579c <dcd_edpt_open>
100062f2:	2800      	cmp	r0, #0
100062f4:	d016      	beq.n	10006324 <usbd_open_edpt_pair+0x74>
100062f6:	78a3      	ldrb	r3, [r4, #2]
100062f8:	09da      	lsrs	r2, r3, #7
100062fa:	2a01      	cmp	r2, #1
100062fc:	d019      	beq.n	10006332 <usbd_open_edpt_pair+0x82>
100062fe:	9a0a      	ldr	r2, [sp, #40]	@ 0x28
10006300:	3501      	adds	r5, #1
10006302:	7013      	strb	r3, [r2, #0]
10006304:	42b5      	cmp	r5, r6
10006306:	da19      	bge.n	1000633c <usbd_open_edpt_pair+0x8c>
10006308:	7823      	ldrb	r3, [r4, #0]
1000630a:	18e4      	adds	r4, r4, r3
1000630c:	7863      	ldrb	r3, [r4, #1]
1000630e:	2b05      	cmp	r3, #5
10006310:	d108      	bne.n	10006324 <usbd_open_edpt_pair+0x74>
10006312:	78e3      	ldrb	r3, [r4, #3]
10006314:	079b      	lsls	r3, r3, #30
10006316:	0f9b      	lsrs	r3, r3, #30
10006318:	42bb      	cmp	r3, r7
1000631a:	d103      	bne.n	10006324 <usbd_open_edpt_pair+0x74>
1000631c:	4642      	mov	r2, r8
1000631e:	78a3      	ldrb	r3, [r4, #2]
10006320:	421a      	tst	r2, r3
10006322:	d0d8      	beq.n	100062d6 <usbd_open_edpt_pair+0x26>
10006324:	2000      	movs	r0, #0
10006326:	b002      	add	sp, #8
10006328:	bce0      	pop	{r5, r6, r7}
1000632a:	46ba      	mov	sl, r7
1000632c:	46b1      	mov	r9, r6
1000632e:	46a8      	mov	r8, r5
10006330:	bdf0      	pop	{r4, r5, r6, r7, pc}
10006332:	9a0b      	ldr	r2, [sp, #44]	@ 0x2c
10006334:	3501      	adds	r5, #1
10006336:	7013      	strb	r3, [r2, #0]
10006338:	42b5      	cmp	r5, r6
1000633a:	dbe5      	blt.n	10006308 <usbd_open_edpt_pair+0x58>
1000633c:	2001      	movs	r0, #1
1000633e:	e7f2      	b.n	10006326 <usbd_open_edpt_pair+0x76>
10006340:	20001024 	.word	0x20001024
10006344:	20001578 	.word	0x20001578

10006348 <usbd_edpt_open>:
10006348:	2270      	movs	r2, #112	@ 0x70
1000634a:	b570      	push	{r4, r5, r6, lr}
1000634c:	788b      	ldrb	r3, [r1, #2]
1000634e:	000c      	movs	r4, r1
10006350:	421a      	tst	r2, r3
10006352:	d001      	beq.n	10006358 <usbd_edpt_open+0x10>
10006354:	2000      	movs	r0, #0
10006356:	bd70      	pop	{r4, r5, r6, pc}
10006358:	4b06      	ldr	r3, [pc, #24]	@ (10006374 <usbd_edpt_open+0x2c>)
1000635a:	0020      	movs	r0, r4
1000635c:	781d      	ldrb	r5, [r3, #0]
1000635e:	4b06      	ldr	r3, [pc, #24]	@ (10006378 <usbd_edpt_open+0x30>)
10006360:	7899      	ldrb	r1, [r3, #2]
10006362:	f000 fc79 	bl	10006c58 <tu_edpt_validate>
10006366:	2800      	cmp	r0, #0
10006368:	d0f4      	beq.n	10006354 <usbd_edpt_open+0xc>
1000636a:	0021      	movs	r1, r4
1000636c:	0028      	movs	r0, r5
1000636e:	f7ff fa15 	bl	1000579c <dcd_edpt_open>
10006372:	e7f0      	b.n	10006356 <usbd_edpt_open+0xe>
10006374:	20001024 	.word	0x20001024
10006378:	20001578 	.word	0x20001578

1000637c <usbd_edpt_claim>:
1000637c:	207f      	movs	r0, #127	@ 0x7f
1000637e:	4b07      	ldr	r3, [pc, #28]	@ (1000639c <usbd_edpt_claim+0x20>)
10006380:	b510      	push	{r4, lr}
10006382:	681a      	ldr	r2, [r3, #0]
10006384:	4008      	ands	r0, r1
10006386:	09cb      	lsrs	r3, r1, #7
10006388:	3334      	adds	r3, #52	@ 0x34
1000638a:	0040      	lsls	r0, r0, #1
1000638c:	18c0      	adds	r0, r0, r3
1000638e:	4b04      	ldr	r3, [pc, #16]	@ (100063a0 <usbd_edpt_claim+0x24>)
10006390:	0011      	movs	r1, r2
10006392:	18c0      	adds	r0, r0, r3
10006394:	f000 fc1c 	bl	10006bd0 <tu_edpt_claim>
10006398:	bd10      	pop	{r4, pc}
1000639a:	46c0      	nop			@ (mov r8, r8)
1000639c:	200015cc 	.word	0x200015cc
100063a0:	20001578 	.word	0x20001578

100063a4 <usbd_edpt_release>:
100063a4:	207f      	movs	r0, #127	@ 0x7f
100063a6:	4b07      	ldr	r3, [pc, #28]	@ (100063c4 <usbd_edpt_release+0x20>)
100063a8:	b510      	push	{r4, lr}
100063aa:	681a      	ldr	r2, [r3, #0]
100063ac:	4008      	ands	r0, r1
100063ae:	09cb      	lsrs	r3, r1, #7
100063b0:	3334      	adds	r3, #52	@ 0x34
100063b2:	0040      	lsls	r0, r0, #1
100063b4:	18c0      	adds	r0, r0, r3
100063b6:	4b04      	ldr	r3, [pc, #16]	@ (100063c8 <usbd_edpt_release+0x24>)
100063b8:	0011      	movs	r1, r2
100063ba:	18c0      	adds	r0, r0, r3
100063bc:	f000 fc30 	bl	10006c20 <tu_edpt_release>
100063c0:	bd10      	pop	{r4, pc}
100063c2:	46c0      	nop			@ (mov r8, r8)
100063c4:	200015cc 	.word	0x200015cc
100063c8:	20001578 	.word	0x20001578

100063cc <usbd_edpt_xfer>:
100063cc:	b570      	push	{r4, r5, r6, lr}
100063ce:	247f      	movs	r4, #127	@ 0x7f
100063d0:	09c8      	lsrs	r0, r1, #7
100063d2:	4684      	mov	ip, r0
100063d4:	400c      	ands	r4, r1
100063d6:	480f      	ldr	r0, [pc, #60]	@ (10006414 <usbd_edpt_xfer+0x48>)
100063d8:	0064      	lsls	r4, r4, #1
100063da:	1904      	adds	r4, r0, r4
100063dc:	4464      	add	r4, ip
100063de:	3430      	adds	r4, #48	@ 0x30
100063e0:	7920      	ldrb	r0, [r4, #4]
100063e2:	07c0      	lsls	r0, r0, #31
100063e4:	d501      	bpl.n	100063ea <usbd_edpt_xfer+0x1e>
100063e6:	2000      	movs	r0, #0
100063e8:	bd70      	pop	{r4, r5, r6, pc}
100063ea:	480b      	ldr	r0, [pc, #44]	@ (10006418 <usbd_edpt_xfer+0x4c>)
100063ec:	2501      	movs	r5, #1
100063ee:	7800      	ldrb	r0, [r0, #0]
100063f0:	4684      	mov	ip, r0
100063f2:	7920      	ldrb	r0, [r4, #4]
100063f4:	4328      	orrs	r0, r5
100063f6:	7120      	strb	r0, [r4, #4]
100063f8:	4660      	mov	r0, ip
100063fa:	f7ff fa51 	bl	100058a0 <dcd_edpt_xfer>
100063fe:	2800      	cmp	r0, #0
10006400:	d1f2      	bne.n	100063e8 <usbd_edpt_xfer+0x1c>
10006402:	2201      	movs	r2, #1
10006404:	7923      	ldrb	r3, [r4, #4]
10006406:	4393      	bics	r3, r2
10006408:	7123      	strb	r3, [r4, #4]
1000640a:	7923      	ldrb	r3, [r4, #4]
1000640c:	3203      	adds	r2, #3
1000640e:	4393      	bics	r3, r2
10006410:	7123      	strb	r3, [r4, #4]
10006412:	e7e8      	b.n	100063e6 <usbd_edpt_xfer+0x1a>
10006414:	20001578 	.word	0x20001578
10006418:	20001024 	.word	0x20001024

1000641c <tud_control_status>:
1000641c:	b570      	push	{r4, r5, r6, lr}
1000641e:	4c09      	ldr	r4, [pc, #36]	@ (10006444 <tud_control_status+0x28>)
10006420:	0006      	movs	r6, r0
10006422:	2208      	movs	r2, #8
10006424:	0020      	movs	r0, r4
10006426:	000d      	movs	r5, r1
10006428:	f7fc ff7e 	bl	10003328 <__wrap___aeabi_memcpy>
1000642c:	2300      	movs	r3, #0
1000642e:	2180      	movs	r1, #128	@ 0x80
10006430:	60e3      	str	r3, [r4, #12]
10006432:	60a3      	str	r3, [r4, #8]
10006434:	782b      	ldrb	r3, [r5, #0]
10006436:	0030      	movs	r0, r6
10006438:	4399      	bics	r1, r3
1000643a:	2200      	movs	r2, #0
1000643c:	2300      	movs	r3, #0
1000643e:	f7ff ffc5 	bl	100063cc <usbd_edpt_xfer>
10006442:	bd70      	pop	{r4, r5, r6, pc}
10006444:	20001558 	.word	0x20001558

10006448 <tud_control_xfer>:
10006448:	b5f0      	push	{r4, r5, r6, r7, lr}
1000644a:	46c6      	mov	lr, r8
1000644c:	4c24      	ldr	r4, [pc, #144]	@ (100064e0 <tud_control_xfer+0x98>)
1000644e:	0017      	movs	r7, r2
10006450:	4680      	mov	r8, r0
10006452:	2208      	movs	r2, #8
10006454:	0020      	movs	r0, r4
10006456:	b500      	push	{lr}
10006458:	000d      	movs	r5, r1
1000645a:	001e      	movs	r6, r3
1000645c:	f7fc ff64 	bl	10003328 <__wrap___aeabi_memcpy>
10006460:	2300      	movs	r3, #0
10006462:	60a7      	str	r7, [r4, #8]
10006464:	81e3      	strh	r3, [r4, #14]
10006466:	79eb      	ldrb	r3, [r5, #7]
10006468:	79aa      	ldrb	r2, [r5, #6]
1000646a:	021b      	lsls	r3, r3, #8
1000646c:	4313      	orrs	r3, r2
1000646e:	1c1a      	adds	r2, r3, #0
10006470:	42b3      	cmp	r3, r6
10006472:	d900      	bls.n	10006476 <tud_control_xfer+0x2e>
10006474:	1c32      	adds	r2, r6, #0
10006476:	b296      	uxth	r6, r2
10006478:	81a2      	strh	r2, [r4, #12]
1000647a:	2b00      	cmp	r3, #0
1000647c:	d00c      	beq.n	10006498 <tud_control_xfer+0x50>
1000647e:	2e00      	cmp	r6, #0
10006480:	d015      	beq.n	100064ae <tud_control_xfer+0x66>
10006482:	2f00      	cmp	r7, #0
10006484:	d02a      	beq.n	100064dc <tud_control_xfer+0x94>
10006486:	2e40      	cmp	r6, #64	@ 0x40
10006488:	d81a      	bhi.n	100064c0 <tud_control_xfer+0x78>
1000648a:	7823      	ldrb	r3, [r4, #0]
1000648c:	b296      	uxth	r6, r2
1000648e:	2b7f      	cmp	r3, #127	@ 0x7f
10006490:	d81b      	bhi.n	100064ca <tud_control_xfer+0x82>
10006492:	2100      	movs	r1, #0
10006494:	4a13      	ldr	r2, [pc, #76]	@ (100064e4 <tud_control_xfer+0x9c>)
10006496:	e00e      	b.n	100064b6 <tud_control_xfer+0x6e>
10006498:	2180      	movs	r1, #128	@ 0x80
1000649a:	782b      	ldrb	r3, [r5, #0]
1000649c:	2200      	movs	r2, #0
1000649e:	4399      	bics	r1, r3
100064a0:	4640      	mov	r0, r8
100064a2:	2300      	movs	r3, #0
100064a4:	f7ff ff92 	bl	100063cc <usbd_edpt_xfer>
100064a8:	bc80      	pop	{r7}
100064aa:	46b8      	mov	r8, r7
100064ac:	bdf0      	pop	{r4, r5, r6, r7, pc}
100064ae:	237f      	movs	r3, #127	@ 0x7f
100064b0:	2200      	movs	r2, #0
100064b2:	7821      	ldrb	r1, [r4, #0]
100064b4:	4399      	bics	r1, r3
100064b6:	0033      	movs	r3, r6
100064b8:	4640      	mov	r0, r8
100064ba:	f7ff ff87 	bl	100063cc <usbd_edpt_xfer>
100064be:	e7f3      	b.n	100064a8 <tud_control_xfer+0x60>
100064c0:	2240      	movs	r2, #64	@ 0x40
100064c2:	7823      	ldrb	r3, [r4, #0]
100064c4:	b296      	uxth	r6, r2
100064c6:	2b7f      	cmp	r3, #127	@ 0x7f
100064c8:	d9e3      	bls.n	10006492 <tud_control_xfer+0x4a>
100064ca:	4c06      	ldr	r4, [pc, #24]	@ (100064e4 <tud_control_xfer+0x9c>)
100064cc:	0032      	movs	r2, r6
100064ce:	0039      	movs	r1, r7
100064d0:	0020      	movs	r0, r4
100064d2:	f7fc ff29 	bl	10003328 <__wrap___aeabi_memcpy>
100064d6:	2180      	movs	r1, #128	@ 0x80
100064d8:	0022      	movs	r2, r4
100064da:	e7ec      	b.n	100064b6 <tud_control_xfer+0x6e>
100064dc:	2000      	movs	r0, #0
100064de:	e7e3      	b.n	100064a8 <tud_control_xfer+0x60>
100064e0:	20001558 	.word	0x20001558
100064e4:	20001518 	.word	0x20001518

100064e8 <usbd_control_reset>:
100064e8:	b510      	push	{r4, lr}
100064ea:	2214      	movs	r2, #20
100064ec:	2100      	movs	r1, #0
100064ee:	4802      	ldr	r0, [pc, #8]	@ (100064f8 <usbd_control_reset+0x10>)
100064f0:	f7fc ff14 	bl	1000331c <__wrap_memset>
100064f4:	bd10      	pop	{r4, pc}
100064f6:	46c0      	nop			@ (mov r8, r8)
100064f8:	20001558 	.word	0x20001558

100064fc <usbd_control_set_complete_callback>:
100064fc:	4b01      	ldr	r3, [pc, #4]	@ (10006504 <usbd_control_set_complete_callback+0x8>)
100064fe:	6118      	str	r0, [r3, #16]
10006500:	4770      	bx	lr
10006502:	46c0      	nop			@ (mov r8, r8)
10006504:	20001558 	.word	0x20001558

10006508 <usbd_control_set_request>:
10006508:	b510      	push	{r4, lr}
1000650a:	4c05      	ldr	r4, [pc, #20]	@ (10006520 <usbd_control_set_request+0x18>)
1000650c:	0001      	movs	r1, r0
1000650e:	2208      	movs	r2, #8
10006510:	0020      	movs	r0, r4
10006512:	f7fc ff09 	bl	10003328 <__wrap___aeabi_memcpy>
10006516:	2300      	movs	r3, #0
10006518:	60a3      	str	r3, [r4, #8]
1000651a:	60e3      	str	r3, [r4, #12]
1000651c:	bd10      	pop	{r4, pc}
1000651e:	46c0      	nop			@ (mov r8, r8)
10006520:	20001558 	.word	0x20001558

10006524 <usbd_control_xfer_cb>:
10006524:	b570      	push	{r4, r5, r6, lr}
10006526:	4c37      	ldr	r4, [pc, #220]	@ (10006604 <usbd_control_xfer_cb+0xe0>)
10006528:	001d      	movs	r5, r3
1000652a:	7823      	ldrb	r3, [r4, #0]
1000652c:	0006      	movs	r6, r0
1000652e:	09da      	lsrs	r2, r3, #7
10006530:	09c9      	lsrs	r1, r1, #7
10006532:	428a      	cmp	r2, r1
10006534:	d010      	beq.n	10006558 <usbd_control_xfer_cb+0x34>
10006536:	2000      	movs	r0, #0
10006538:	2d00      	cmp	r5, #0
1000653a:	d000      	beq.n	1000653e <usbd_control_xfer_cb+0x1a>
1000653c:	bd70      	pop	{r4, r5, r6, pc}
1000653e:	0021      	movs	r1, r4
10006540:	0030      	movs	r0, r6
10006542:	f7ff f91d 	bl	10005780 <dcd_edpt0_status_complete>
10006546:	6923      	ldr	r3, [r4, #16]
10006548:	2b00      	cmp	r3, #0
1000654a:	d003      	beq.n	10006554 <usbd_control_xfer_cb+0x30>
1000654c:	0022      	movs	r2, r4
1000654e:	2103      	movs	r1, #3
10006550:	0030      	movs	r0, r6
10006552:	4798      	blx	r3
10006554:	2001      	movs	r0, #1
10006556:	e7f1      	b.n	1000653c <usbd_control_xfer_cb+0x18>
10006558:	2b7f      	cmp	r3, #127	@ 0x7f
1000655a:	d806      	bhi.n	1000656a <usbd_control_xfer_cb+0x46>
1000655c:	68a0      	ldr	r0, [r4, #8]
1000655e:	2800      	cmp	r0, #0
10006560:	d0ec      	beq.n	1000653c <usbd_control_xfer_cb+0x18>
10006562:	002a      	movs	r2, r5
10006564:	4928      	ldr	r1, [pc, #160]	@ (10006608 <usbd_control_xfer_cb+0xe4>)
10006566:	f7fc fedf 	bl	10003328 <__wrap___aeabi_memcpy>
1000656a:	89e2      	ldrh	r2, [r4, #14]
1000656c:	68a1      	ldr	r1, [r4, #8]
1000656e:	1952      	adds	r2, r2, r5
10006570:	88e3      	ldrh	r3, [r4, #6]
10006572:	b292      	uxth	r2, r2
10006574:	1949      	adds	r1, r1, r5
10006576:	81e2      	strh	r2, [r4, #14]
10006578:	60a1      	str	r1, [r4, #8]
1000657a:	4293      	cmp	r3, r2
1000657c:	d014      	beq.n	100065a8 <usbd_control_xfer_cb+0x84>
1000657e:	2d3f      	cmp	r5, #63	@ 0x3f
10006580:	d912      	bls.n	100065a8 <usbd_control_xfer_cb+0x84>
10006582:	89a3      	ldrh	r3, [r4, #12]
10006584:	1a98      	subs	r0, r3, r2
10006586:	1c05      	adds	r5, r0, #0
10006588:	b280      	uxth	r0, r0
1000658a:	2840      	cmp	r0, #64	@ 0x40
1000658c:	d828      	bhi.n	100065e0 <usbd_control_xfer_cb+0xbc>
1000658e:	7820      	ldrb	r0, [r4, #0]
10006590:	b2ad      	uxth	r5, r5
10006592:	287f      	cmp	r0, #127	@ 0x7f
10006594:	d826      	bhi.n	100065e4 <usbd_control_xfer_cb+0xc0>
10006596:	2100      	movs	r1, #0
10006598:	429a      	cmp	r2, r3
1000659a:	d030      	beq.n	100065fe <usbd_control_xfer_cb+0xda>
1000659c:	4a1a      	ldr	r2, [pc, #104]	@ (10006608 <usbd_control_xfer_cb+0xe4>)
1000659e:	002b      	movs	r3, r5
100065a0:	0030      	movs	r0, r6
100065a2:	f7ff ff13 	bl	100063cc <usbd_edpt_xfer>
100065a6:	e7c9      	b.n	1000653c <usbd_control_xfer_cb+0x18>
100065a8:	6923      	ldr	r3, [r4, #16]
100065aa:	2b00      	cmp	r3, #0
100065ac:	d005      	beq.n	100065ba <usbd_control_xfer_cb+0x96>
100065ae:	0022      	movs	r2, r4
100065b0:	2102      	movs	r1, #2
100065b2:	0030      	movs	r0, r6
100065b4:	4798      	blx	r3
100065b6:	2800      	cmp	r0, #0
100065b8:	d008      	beq.n	100065cc <usbd_control_xfer_cb+0xa8>
100065ba:	2180      	movs	r1, #128	@ 0x80
100065bc:	7823      	ldrb	r3, [r4, #0]
100065be:	2200      	movs	r2, #0
100065c0:	4399      	bics	r1, r3
100065c2:	0030      	movs	r0, r6
100065c4:	2300      	movs	r3, #0
100065c6:	f7ff ff01 	bl	100063cc <usbd_edpt_xfer>
100065ca:	e7b7      	b.n	1000653c <usbd_control_xfer_cb+0x18>
100065cc:	2100      	movs	r1, #0
100065ce:	0030      	movs	r0, r6
100065d0:	f7ff f978 	bl	100058c4 <dcd_edpt_stall>
100065d4:	0030      	movs	r0, r6
100065d6:	2180      	movs	r1, #128	@ 0x80
100065d8:	f7ff f974 	bl	100058c4 <dcd_edpt_stall>
100065dc:	2001      	movs	r0, #1
100065de:	e7ad      	b.n	1000653c <usbd_control_xfer_cb+0x18>
100065e0:	2540      	movs	r5, #64	@ 0x40
100065e2:	e7d4      	b.n	1000658e <usbd_control_xfer_cb+0x6a>
100065e4:	429a      	cmp	r2, r3
100065e6:	d007      	beq.n	100065f8 <usbd_control_xfer_cb+0xd4>
100065e8:	4c07      	ldr	r4, [pc, #28]	@ (10006608 <usbd_control_xfer_cb+0xe4>)
100065ea:	002a      	movs	r2, r5
100065ec:	0020      	movs	r0, r4
100065ee:	f7fc fe9b 	bl	10003328 <__wrap___aeabi_memcpy>
100065f2:	2180      	movs	r1, #128	@ 0x80
100065f4:	0022      	movs	r2, r4
100065f6:	e7d2      	b.n	1000659e <usbd_control_xfer_cb+0x7a>
100065f8:	2180      	movs	r1, #128	@ 0x80
100065fa:	2200      	movs	r2, #0
100065fc:	e7cf      	b.n	1000659e <usbd_control_xfer_cb+0x7a>
100065fe:	2200      	movs	r2, #0
10006600:	e7cd      	b.n	1000659e <usbd_control_xfer_cb+0x7a>
10006602:	46c0      	nop			@ (mov r8, r8)
10006604:	20001558 	.word	0x20001558
10006608:	20001518 	.word	0x20001518

1000660c <_prep_out_transaction.isra.0>:
1000660c:	b570      	push	{r4, r5, r6, lr}
1000660e:	0004      	movs	r4, r0
10006610:	f7ff f9de 	bl	100059d0 <tud_mounted>
10006614:	2800      	cmp	r0, #0
10006616:	d100      	bne.n	1000661a <_prep_out_transaction.isra.0+0xe>
10006618:	bd70      	pop	{r4, r5, r6, pc}
1000661a:	f7ff f9e1 	bl	100059e0 <tud_suspended>
1000661e:	2800      	cmp	r0, #0
10006620:	d1fa      	bne.n	10006618 <_prep_out_transaction.isra.0+0xc>
10006622:	23c8      	movs	r3, #200	@ 0xc8
10006624:	4363      	muls	r3, r4
10006626:	4a12      	ldr	r2, [pc, #72]	@ (10006670 <_prep_out_transaction.isra.0+0x64>)
10006628:	0025      	movs	r5, r4
1000662a:	18d4      	adds	r4, r2, r3
1000662c:	78e1      	ldrb	r1, [r4, #3]
1000662e:	2900      	cmp	r1, #0
10006630:	d0f2      	beq.n	10006618 <_prep_out_transaction.isra.0+0xc>
10006632:	3310      	adds	r3, #16
10006634:	189e      	adds	r6, r3, r2
10006636:	0030      	movs	r0, r6
10006638:	f000 fbb6 	bl	10006da8 <tu_fifo_remaining>
1000663c:	283f      	cmp	r0, #63	@ 0x3f
1000663e:	d9eb      	bls.n	10006618 <_prep_out_transaction.isra.0+0xc>
10006640:	2000      	movs	r0, #0
10006642:	78e1      	ldrb	r1, [r4, #3]
10006644:	f7ff fe9a 	bl	1000637c <usbd_edpt_claim>
10006648:	2800      	cmp	r0, #0
1000664a:	d0e5      	beq.n	10006618 <_prep_out_transaction.isra.0+0xc>
1000664c:	0030      	movs	r0, r6
1000664e:	f000 fbab 	bl	10006da8 <tu_fifo_remaining>
10006652:	78e1      	ldrb	r1, [r4, #3]
10006654:	283f      	cmp	r0, #63	@ 0x3f
10006656:	d907      	bls.n	10006668 <_prep_out_transaction.isra.0+0x5c>
10006658:	4b06      	ldr	r3, [pc, #24]	@ (10006674 <_prep_out_transaction.isra.0+0x68>)
1000665a:	01ea      	lsls	r2, r5, #7
1000665c:	18d2      	adds	r2, r2, r3
1000665e:	2000      	movs	r0, #0
10006660:	2340      	movs	r3, #64	@ 0x40
10006662:	f7ff feb3 	bl	100063cc <usbd_edpt_xfer>
10006666:	e7d7      	b.n	10006618 <_prep_out_transaction.isra.0+0xc>
10006668:	2000      	movs	r0, #0
1000666a:	f7ff fe9b 	bl	100063a4 <usbd_edpt_release>
1000666e:	e7d3      	b.n	10006618 <_prep_out_transaction.isra.0+0xc>
10006670:	20001040 	.word	0x20001040
10006674:	20001494 	.word	0x20001494

10006678 <tud_cdc_n_connected>:
10006678:	b510      	push	{r4, lr}
1000667a:	0004      	movs	r4, r0
1000667c:	f7ff f9a8 	bl	100059d0 <tud_mounted>
10006680:	2800      	cmp	r0, #0
10006682:	d101      	bne.n	10006688 <tud_cdc_n_connected+0x10>
10006684:	2000      	movs	r0, #0
10006686:	bd10      	pop	{r4, pc}
10006688:	f7ff f9aa 	bl	100059e0 <tud_suspended>
1000668c:	2800      	cmp	r0, #0
1000668e:	d1f9      	bne.n	10006684 <tud_cdc_n_connected+0xc>
10006690:	22c8      	movs	r2, #200	@ 0xc8
10006692:	4362      	muls	r2, r4
10006694:	4b02      	ldr	r3, [pc, #8]	@ (100066a0 <tud_cdc_n_connected+0x28>)
10006696:	3001      	adds	r0, #1
10006698:	189b      	adds	r3, r3, r2
1000669a:	791b      	ldrb	r3, [r3, #4]
1000669c:	4018      	ands	r0, r3
1000669e:	e7f2      	b.n	10006686 <tud_cdc_n_connected+0xe>
100066a0:	20001040 	.word	0x20001040

100066a4 <tud_cdc_n_available>:
100066a4:	23c8      	movs	r3, #200	@ 0xc8
100066a6:	b510      	push	{r4, lr}
100066a8:	4343      	muls	r3, r0
100066aa:	4802      	ldr	r0, [pc, #8]	@ (100066b4 <tud_cdc_n_available+0x10>)
100066ac:	1818      	adds	r0, r3, r0
100066ae:	f000 fb5d 	bl	10006d6c <tu_fifo_count>
100066b2:	bd10      	pop	{r4, pc}
100066b4:	20001050 	.word	0x20001050

100066b8 <tud_cdc_n_read>:
100066b8:	b5f8      	push	{r3, r4, r5, r6, r7, lr}
100066ba:	23c8      	movs	r3, #200	@ 0xc8
100066bc:	4343      	muls	r3, r0
100066be:	4d1d      	ldr	r5, [pc, #116]	@ (10006734 <tud_cdc_n_read+0x7c>)
100066c0:	3310      	adds	r3, #16
100066c2:	18ee      	adds	r6, r5, r3
100066c4:	2380      	movs	r3, #128	@ 0x80
100066c6:	0004      	movs	r4, r0
100066c8:	025b      	lsls	r3, r3, #9
100066ca:	429a      	cmp	r2, r3
100066cc:	d300      	bcc.n	100066d0 <tud_cdc_n_read+0x18>
100066ce:	4a1a      	ldr	r2, [pc, #104]	@ (10006738 <tud_cdc_n_read+0x80>)
100066d0:	0030      	movs	r0, r6
100066d2:	b292      	uxth	r2, r2
100066d4:	f000 fbcc 	bl	10006e70 <tu_fifo_read_n>
100066d8:	0007      	movs	r7, r0
100066da:	f7ff f979 	bl	100059d0 <tud_mounted>
100066de:	2800      	cmp	r0, #0
100066e0:	d101      	bne.n	100066e6 <tud_cdc_n_read+0x2e>
100066e2:	0038      	movs	r0, r7
100066e4:	bdf8      	pop	{r3, r4, r5, r6, r7, pc}
100066e6:	f7ff f97b 	bl	100059e0 <tud_suspended>
100066ea:	2800      	cmp	r0, #0
100066ec:	d1f9      	bne.n	100066e2 <tud_cdc_n_read+0x2a>
100066ee:	23c8      	movs	r3, #200	@ 0xc8
100066f0:	4363      	muls	r3, r4
100066f2:	18ed      	adds	r5, r5, r3
100066f4:	78eb      	ldrb	r3, [r5, #3]
100066f6:	2b00      	cmp	r3, #0
100066f8:	d0f3      	beq.n	100066e2 <tud_cdc_n_read+0x2a>
100066fa:	0030      	movs	r0, r6
100066fc:	f000 fb54 	bl	10006da8 <tu_fifo_remaining>
10006700:	283f      	cmp	r0, #63	@ 0x3f
10006702:	d9ee      	bls.n	100066e2 <tud_cdc_n_read+0x2a>
10006704:	2000      	movs	r0, #0
10006706:	78e9      	ldrb	r1, [r5, #3]
10006708:	f7ff fe38 	bl	1000637c <usbd_edpt_claim>
1000670c:	2800      	cmp	r0, #0
1000670e:	d0e8      	beq.n	100066e2 <tud_cdc_n_read+0x2a>
10006710:	0030      	movs	r0, r6
10006712:	f000 fb49 	bl	10006da8 <tu_fifo_remaining>
10006716:	78e9      	ldrb	r1, [r5, #3]
10006718:	283f      	cmp	r0, #63	@ 0x3f
1000671a:	d907      	bls.n	1000672c <tud_cdc_n_read+0x74>
1000671c:	4b07      	ldr	r3, [pc, #28]	@ (1000673c <tud_cdc_n_read+0x84>)
1000671e:	01e2      	lsls	r2, r4, #7
10006720:	18d2      	adds	r2, r2, r3
10006722:	2000      	movs	r0, #0
10006724:	2340      	movs	r3, #64	@ 0x40
10006726:	f7ff fe51 	bl	100063cc <usbd_edpt_xfer>
1000672a:	e7da      	b.n	100066e2 <tud_cdc_n_read+0x2a>
1000672c:	2000      	movs	r0, #0
1000672e:	f7ff fe39 	bl	100063a4 <usbd_edpt_release>
10006732:	e7d6      	b.n	100066e2 <tud_cdc_n_read+0x2a>
10006734:	20001040 	.word	0x20001040
10006738:	0000ffff 	.word	0x0000ffff
1000673c:	20001494 	.word	0x20001494

10006740 <tud_cdc_n_write_flush>:
10006740:	b5f8      	push	{r3, r4, r5, r6, r7, lr}
10006742:	0004      	movs	r4, r0
10006744:	f7ff f944 	bl	100059d0 <tud_mounted>
10006748:	2800      	cmp	r0, #0
1000674a:	d101      	bne.n	10006750 <tud_cdc_n_write_flush+0x10>
1000674c:	2000      	movs	r0, #0
1000674e:	bdf8      	pop	{r3, r4, r5, r6, r7, pc}
10006750:	f7ff f946 	bl	100059e0 <tud_suspended>
10006754:	2800      	cmp	r0, #0
10006756:	d1f9      	bne.n	1000674c <tud_cdc_n_write_flush+0xc>
10006758:	23c8      	movs	r3, #200	@ 0xc8
1000675a:	0025      	movs	r5, r4
1000675c:	435d      	muls	r5, r3
1000675e:	002b      	movs	r3, r5
10006760:	4e13      	ldr	r6, [pc, #76]	@ (100067b0 <tud_cdc_n_write_flush+0x70>)
10006762:	3324      	adds	r3, #36	@ 0x24
10006764:	18f7      	adds	r7, r6, r3
10006766:	0038      	movs	r0, r7
10006768:	f000 fb00 	bl	10006d6c <tu_fifo_count>
1000676c:	2800      	cmp	r0, #0
1000676e:	d0ed      	beq.n	1000674c <tud_cdc_n_write_flush+0xc>
10006770:	1975      	adds	r5, r6, r5
10006772:	2000      	movs	r0, #0
10006774:	78a9      	ldrb	r1, [r5, #2]
10006776:	f7ff fe01 	bl	1000637c <usbd_edpt_claim>
1000677a:	2800      	cmp	r0, #0
1000677c:	d0e6      	beq.n	1000674c <tud_cdc_n_write_flush+0xc>
1000677e:	4a0d      	ldr	r2, [pc, #52]	@ (100067b4 <tud_cdc_n_write_flush+0x74>)
10006780:	01e3      	lsls	r3, r4, #7
10006782:	189c      	adds	r4, r3, r2
10006784:	0021      	movs	r1, r4
10006786:	2240      	movs	r2, #64	@ 0x40
10006788:	0038      	movs	r0, r7
1000678a:	f000 fb71 	bl	10006e70 <tu_fifo_read_n>
1000678e:	78a9      	ldrb	r1, [r5, #2]
10006790:	0003      	movs	r3, r0
10006792:	1e05      	subs	r5, r0, #0
10006794:	d007      	beq.n	100067a6 <tud_cdc_n_write_flush+0x66>
10006796:	0022      	movs	r2, r4
10006798:	2000      	movs	r0, #0
1000679a:	f7ff fe17 	bl	100063cc <usbd_edpt_xfer>
1000679e:	2800      	cmp	r0, #0
100067a0:	d0d4      	beq.n	1000674c <tud_cdc_n_write_flush+0xc>
100067a2:	0028      	movs	r0, r5
100067a4:	e7d3      	b.n	1000674e <tud_cdc_n_write_flush+0xe>
100067a6:	2000      	movs	r0, #0
100067a8:	f7ff fdfc 	bl	100063a4 <usbd_edpt_release>
100067ac:	e7ce      	b.n	1000674c <tud_cdc_n_write_flush+0xc>
100067ae:	46c0      	nop			@ (mov r8, r8)
100067b0:	20001040 	.word	0x20001040
100067b4:	200014d4 	.word	0x200014d4

100067b8 <tud_cdc_n_write>:
100067b8:	b570      	push	{r4, r5, r6, lr}
100067ba:	24c8      	movs	r4, #200	@ 0xc8
100067bc:	4344      	muls	r4, r0
100067be:	4b0c      	ldr	r3, [pc, #48]	@ (100067f0 <tud_cdc_n_write+0x38>)
100067c0:	0005      	movs	r5, r0
100067c2:	18e4      	adds	r4, r4, r3
100067c4:	2380      	movs	r3, #128	@ 0x80
100067c6:	025b      	lsls	r3, r3, #9
100067c8:	429a      	cmp	r2, r3
100067ca:	d300      	bcc.n	100067ce <tud_cdc_n_write+0x16>
100067cc:	4a09      	ldr	r2, [pc, #36]	@ (100067f4 <tud_cdc_n_write+0x3c>)
100067ce:	0020      	movs	r0, r4
100067d0:	b292      	uxth	r2, r2
100067d2:	f000 fc15 	bl	10007000 <tu_fifo_write_n>
100067d6:	0006      	movs	r6, r0
100067d8:	0020      	movs	r0, r4
100067da:	f000 fac7 	bl	10006d6c <tu_fifo_count>
100067de:	283f      	cmp	r0, #63	@ 0x3f
100067e0:	d801      	bhi.n	100067e6 <tud_cdc_n_write+0x2e>
100067e2:	0030      	movs	r0, r6
100067e4:	bd70      	pop	{r4, r5, r6, pc}
100067e6:	0028      	movs	r0, r5
100067e8:	f7ff ffaa 	bl	10006740 <tud_cdc_n_write_flush>
100067ec:	e7f9      	b.n	100067e2 <tud_cdc_n_write+0x2a>
100067ee:	46c0      	nop			@ (mov r8, r8)
100067f0:	20001064 	.word	0x20001064
100067f4:	0000ffff 	.word	0x0000ffff

100067f8 <tud_cdc_n_write_available>:
100067f8:	23c8      	movs	r3, #200	@ 0xc8
100067fa:	b510      	push	{r4, lr}
100067fc:	4343      	muls	r3, r0
100067fe:	4802      	ldr	r0, [pc, #8]	@ (10006808 <tud_cdc_n_write_available+0x10>)
10006800:	1818      	adds	r0, r3, r0
10006802:	f000 fad1 	bl	10006da8 <tu_fifo_remaining>
10006806:	bd10      	pop	{r4, pc}
10006808:	20001064 	.word	0x20001064

1000680c <cdcd_init>:
1000680c:	b5f0      	push	{r4, r5, r6, r7, lr}
1000680e:	2500      	movs	r5, #0
10006810:	4c18      	ldr	r4, [pc, #96]	@ (10006874 <cdcd_init+0x68>)
10006812:	b083      	sub	sp, #12
10006814:	22c8      	movs	r2, #200	@ 0xc8
10006816:	2100      	movs	r1, #0
10006818:	0020      	movs	r0, r4
1000681a:	f7fc fd7f 	bl	1000331c <__wrap_memset>
1000681e:	4b16      	ldr	r3, [pc, #88]	@ (10006878 <cdcd_init+0x6c>)
10006820:	0021      	movs	r1, r4
10006822:	701d      	strb	r5, [r3, #0]
10006824:	23ff      	movs	r3, #255	@ 0xff
10006826:	7163      	strb	r3, [r4, #5]
10006828:	23e1      	movs	r3, #225	@ 0xe1
1000682a:	025b      	lsls	r3, r3, #9
1000682c:	60a3      	str	r3, [r4, #8]
1000682e:	0020      	movs	r0, r4
10006830:	2308      	movs	r3, #8
10006832:	2240      	movs	r2, #64	@ 0x40
10006834:	73a3      	strb	r3, [r4, #14]
10006836:	3138      	adds	r1, #56	@ 0x38
10006838:	9500      	str	r5, [sp, #0]
1000683a:	3b07      	subs	r3, #7
1000683c:	3010      	adds	r0, #16
1000683e:	f000 fa5f 	bl	10006d00 <tu_fifo_config>
10006842:	0027      	movs	r7, r4
10006844:	2301      	movs	r3, #1
10006846:	0021      	movs	r1, r4
10006848:	0020      	movs	r0, r4
1000684a:	0026      	movs	r6, r4
1000684c:	2240      	movs	r2, #64	@ 0x40
1000684e:	3178      	adds	r1, #120	@ 0x78
10006850:	9300      	str	r3, [sp, #0]
10006852:	37b8      	adds	r7, #184	@ 0xb8
10006854:	3024      	adds	r0, #36	@ 0x24
10006856:	f000 fa53 	bl	10006d00 <tu_fifo_config>
1000685a:	36c0      	adds	r6, #192	@ 0xc0
1000685c:	0038      	movs	r0, r7
1000685e:	f7fa fe03 	bl	10001468 <mutex_init>
10006862:	0030      	movs	r0, r6
10006864:	f7fa fe00 	bl	10001468 <mutex_init>
10006868:	61e5      	str	r5, [r4, #28]
1000686a:	6227      	str	r7, [r4, #32]
1000686c:	6326      	str	r6, [r4, #48]	@ 0x30
1000686e:	6365      	str	r5, [r4, #52]	@ 0x34
10006870:	b003      	add	sp, #12
10006872:	bdf0      	pop	{r4, r5, r6, r7, pc}
10006874:	20001040 	.word	0x20001040
10006878:	20001514 	.word	0x20001514

1000687c <cdcd_deinit>:
1000687c:	4b0a      	ldr	r3, [pc, #40]	@ (100068a8 <cdcd_deinit+0x2c>)
1000687e:	6b19      	ldr	r1, [r3, #48]	@ 0x30
10006880:	6a1a      	ldr	r2, [r3, #32]
10006882:	2900      	cmp	r1, #0
10006884:	d00c      	beq.n	100068a0 <cdcd_deinit+0x24>
10006886:	2a00      	cmp	r2, #0
10006888:	d007      	beq.n	1000689a <cdcd_deinit+0x1e>
1000688a:	2200      	movs	r2, #0
1000688c:	61da      	str	r2, [r3, #28]
1000688e:	635a      	str	r2, [r3, #52]	@ 0x34
10006890:	631a      	str	r2, [r3, #48]	@ 0x30
10006892:	2200      	movs	r2, #0
10006894:	621a      	str	r2, [r3, #32]
10006896:	2001      	movs	r0, #1
10006898:	4770      	bx	lr
1000689a:	635a      	str	r2, [r3, #52]	@ 0x34
1000689c:	631a      	str	r2, [r3, #48]	@ 0x30
1000689e:	e7fa      	b.n	10006896 <cdcd_deinit+0x1a>
100068a0:	2a00      	cmp	r2, #0
100068a2:	d0f8      	beq.n	10006896 <cdcd_deinit+0x1a>
100068a4:	61d9      	str	r1, [r3, #28]
100068a6:	e7f4      	b.n	10006892 <cdcd_deinit+0x16>
100068a8:	20001040 	.word	0x20001040

100068ac <cdcd_reset>:
100068ac:	b570      	push	{r4, r5, r6, lr}
100068ae:	2205      	movs	r2, #5
100068b0:	2100      	movs	r1, #0
100068b2:	480d      	ldr	r0, [pc, #52]	@ (100068e8 <cdcd_reset+0x3c>)
100068b4:	f7fc fd32 	bl	1000331c <__wrap_memset>
100068b8:	4d0c      	ldr	r5, [pc, #48]	@ (100068ec <cdcd_reset+0x40>)
100068ba:	782b      	ldrb	r3, [r5, #0]
100068bc:	07da      	lsls	r2, r3, #31
100068be:	d507      	bpl.n	100068d0 <cdcd_reset+0x24>
100068c0:	4c0b      	ldr	r4, [pc, #44]	@ (100068f0 <cdcd_reset+0x44>)
100068c2:	079b      	lsls	r3, r3, #30
100068c4:	d50c      	bpl.n	100068e0 <cdcd_reset+0x34>
100068c6:	2101      	movs	r1, #1
100068c8:	0020      	movs	r0, r4
100068ca:	f000 fc6d 	bl	100071a8 <tu_fifo_set_overwritable>
100068ce:	bd70      	pop	{r4, r5, r6, pc}
100068d0:	4805      	ldr	r0, [pc, #20]	@ (100068e8 <cdcd_reset+0x3c>)
100068d2:	3010      	adds	r0, #16
100068d4:	f000 fc48 	bl	10007168 <tu_fifo_clear>
100068d8:	782b      	ldrb	r3, [r5, #0]
100068da:	4c05      	ldr	r4, [pc, #20]	@ (100068f0 <cdcd_reset+0x44>)
100068dc:	079b      	lsls	r3, r3, #30
100068de:	d4f2      	bmi.n	100068c6 <cdcd_reset+0x1a>
100068e0:	0020      	movs	r0, r4
100068e2:	f000 fc41 	bl	10007168 <tu_fifo_clear>
100068e6:	e7ee      	b.n	100068c6 <cdcd_reset+0x1a>
100068e8:	20001040 	.word	0x20001040
100068ec:	20001514 	.word	0x20001514
100068f0:	20001064 	.word	0x20001064

100068f4 <cdcd_open>:
100068f4:	b5f0      	push	{r4, r5, r6, r7, lr}
100068f6:	794b      	ldrb	r3, [r1, #5]
100068f8:	0007      	movs	r7, r0
100068fa:	b083      	sub	sp, #12
100068fc:	2b02      	cmp	r3, #2
100068fe:	d102      	bne.n	10006906 <cdcd_open+0x12>
10006900:	798b      	ldrb	r3, [r1, #6]
10006902:	2b02      	cmp	r3, #2
10006904:	d003      	beq.n	1000690e <cdcd_open+0x1a>
10006906:	2400      	movs	r4, #0
10006908:	0020      	movs	r0, r4
1000690a:	b003      	add	sp, #12
1000690c:	bdf0      	pop	{r4, r5, r6, r7, pc}
1000690e:	4b21      	ldr	r3, [pc, #132]	@ (10006994 <cdcd_open+0xa0>)
10006910:	001e      	movs	r6, r3
10006912:	789b      	ldrb	r3, [r3, #2]
10006914:	2b00      	cmp	r3, #0
10006916:	d1f6      	bne.n	10006906 <cdcd_open+0x12>
10006918:	788b      	ldrb	r3, [r1, #2]
1000691a:	2409      	movs	r4, #9
1000691c:	7033      	strb	r3, [r6, #0]
1000691e:	780d      	ldrb	r5, [r1, #0]
10006920:	194d      	adds	r5, r1, r5
10006922:	786b      	ldrb	r3, [r5, #1]
10006924:	2b24      	cmp	r3, #36	@ 0x24
10006926:	d007      	beq.n	10006938 <cdcd_open+0x44>
10006928:	e00c      	b.n	10006944 <cdcd_open+0x50>
1000692a:	782b      	ldrb	r3, [r5, #0]
1000692c:	18ed      	adds	r5, r5, r3
1000692e:	191c      	adds	r4, r3, r4
10006930:	786b      	ldrb	r3, [r5, #1]
10006932:	b2a4      	uxth	r4, r4
10006934:	2b24      	cmp	r3, #36	@ 0x24
10006936:	d105      	bne.n	10006944 <cdcd_open+0x50>
10006938:	42a2      	cmp	r2, r4
1000693a:	d2f6      	bcs.n	1000692a <cdcd_open+0x36>
1000693c:	2000      	movs	r0, #0
1000693e:	f7ff fe65 	bl	1000660c <_prep_out_transaction.isra.0>
10006942:	e7e1      	b.n	10006908 <cdcd_open+0x14>
10006944:	001a      	movs	r2, r3
10006946:	2b05      	cmp	r3, #5
10006948:	d015      	beq.n	10006976 <cdcd_open+0x82>
1000694a:	2a04      	cmp	r2, #4
1000694c:	d1f6      	bne.n	1000693c <cdcd_open+0x48>
1000694e:	796b      	ldrb	r3, [r5, #5]
10006950:	2b0a      	cmp	r3, #10
10006952:	d1f3      	bne.n	1000693c <cdcd_open+0x48>
10006954:	4b10      	ldr	r3, [pc, #64]	@ (10006998 <cdcd_open+0xa4>)
10006956:	782e      	ldrb	r6, [r5, #0]
10006958:	9301      	str	r3, [sp, #4]
1000695a:	3301      	adds	r3, #1
1000695c:	9300      	str	r3, [sp, #0]
1000695e:	0038      	movs	r0, r7
10006960:	2302      	movs	r3, #2
10006962:	19a9      	adds	r1, r5, r6
10006964:	3a02      	subs	r2, #2
10006966:	f7ff fca3 	bl	100062b0 <usbd_open_edpt_pair>
1000696a:	2800      	cmp	r0, #0
1000696c:	d0cb      	beq.n	10006906 <cdcd_open+0x12>
1000696e:	340e      	adds	r4, #14
10006970:	19a4      	adds	r4, r4, r6
10006972:	b2a4      	uxth	r4, r4
10006974:	e7e2      	b.n	1000693c <cdcd_open+0x48>
10006976:	0029      	movs	r1, r5
10006978:	0038      	movs	r0, r7
1000697a:	f7ff fce5 	bl	10006348 <usbd_edpt_open>
1000697e:	2800      	cmp	r0, #0
10006980:	d0c1      	beq.n	10006906 <cdcd_open+0x12>
10006982:	78ab      	ldrb	r3, [r5, #2]
10006984:	7073      	strb	r3, [r6, #1]
10006986:	782b      	ldrb	r3, [r5, #0]
10006988:	191c      	adds	r4, r3, r4
1000698a:	18ed      	adds	r5, r5, r3
1000698c:	786a      	ldrb	r2, [r5, #1]
1000698e:	b2a4      	uxth	r4, r4
10006990:	e7db      	b.n	1000694a <cdcd_open+0x56>
10006992:	46c0      	nop			@ (mov r8, r8)
10006994:	20001040 	.word	0x20001040
10006998:	20001042 	.word	0x20001042

1000699c <cdcd_control_xfer_cb>:
1000699c:	2360      	movs	r3, #96	@ 0x60
1000699e:	468c      	mov	ip, r1
100069a0:	0011      	movs	r1, r2
100069a2:	7812      	ldrb	r2, [r2, #0]
100069a4:	b570      	push	{r4, r5, r6, lr}
100069a6:	4013      	ands	r3, r2
100069a8:	2200      	movs	r2, #0
100069aa:	2b20      	cmp	r3, #32
100069ac:	d108      	bne.n	100069c0 <cdcd_control_xfer_cb+0x24>
100069ae:	4c32      	ldr	r4, [pc, #200]	@ (10006a78 <cdcd_control_xfer_cb+0xdc>)
100069b0:	794b      	ldrb	r3, [r1, #5]
100069b2:	0026      	movs	r6, r4
100069b4:	790d      	ldrb	r5, [r1, #4]
100069b6:	7824      	ldrb	r4, [r4, #0]
100069b8:	021b      	lsls	r3, r3, #8
100069ba:	432b      	orrs	r3, r5
100069bc:	429c      	cmp	r4, r3
100069be:	d001      	beq.n	100069c4 <cdcd_control_xfer_cb+0x28>
100069c0:	0010      	movs	r0, r2
100069c2:	bd70      	pop	{r4, r5, r6, pc}
100069c4:	784b      	ldrb	r3, [r1, #1]
100069c6:	2b22      	cmp	r3, #34	@ 0x22
100069c8:	d01c      	beq.n	10006a04 <cdcd_control_xfer_cb+0x68>
100069ca:	d808      	bhi.n	100069de <cdcd_control_xfer_cb+0x42>
100069cc:	2b20      	cmp	r3, #32
100069ce:	d039      	beq.n	10006a44 <cdcd_control_xfer_cb+0xa8>
100069d0:	2b21      	cmp	r3, #33	@ 0x21
100069d2:	d1f5      	bne.n	100069c0 <cdcd_control_xfer_cb+0x24>
100069d4:	4663      	mov	r3, ip
100069d6:	2b01      	cmp	r3, #1
100069d8:	d043      	beq.n	10006a62 <cdcd_control_xfer_cb+0xc6>
100069da:	2201      	movs	r2, #1
100069dc:	e7f0      	b.n	100069c0 <cdcd_control_xfer_cb+0x24>
100069de:	2b23      	cmp	r3, #35	@ 0x23
100069e0:	d1ee      	bne.n	100069c0 <cdcd_control_xfer_cb+0x24>
100069e2:	4663      	mov	r3, ip
100069e4:	2b01      	cmp	r3, #1
100069e6:	d042      	beq.n	10006a6e <cdcd_control_xfer_cb+0xd2>
100069e8:	2b03      	cmp	r3, #3
100069ea:	d1f6      	bne.n	100069da <cdcd_control_xfer_cb+0x3e>
100069ec:	4b23      	ldr	r3, [pc, #140]	@ (10006a7c <cdcd_control_xfer_cb+0xe0>)
100069ee:	2b00      	cmp	r3, #0
100069f0:	d0f3      	beq.n	100069da <cdcd_control_xfer_cb+0x3e>
100069f2:	788b      	ldrb	r3, [r1, #2]
100069f4:	78c9      	ldrb	r1, [r1, #3]
100069f6:	2000      	movs	r0, #0
100069f8:	0209      	lsls	r1, r1, #8
100069fa:	4319      	orrs	r1, r3
100069fc:	e000      	b.n	10006a00 <cdcd_control_xfer_cb+0x64>
100069fe:	bf00      	nop
10006a00:	2201      	movs	r2, #1
10006a02:	e7dd      	b.n	100069c0 <cdcd_control_xfer_cb+0x24>
10006a04:	4663      	mov	r3, ip
10006a06:	2b01      	cmp	r3, #1
10006a08:	d031      	beq.n	10006a6e <cdcd_control_xfer_cb+0xd2>
10006a0a:	2b03      	cmp	r3, #3
10006a0c:	d1e5      	bne.n	100069da <cdcd_control_xfer_cb+0x3e>
10006a0e:	2501      	movs	r5, #1
10006a10:	78cb      	ldrb	r3, [r1, #3]
10006a12:	788a      	ldrb	r2, [r1, #2]
10006a14:	021b      	lsls	r3, r3, #8
10006a16:	4313      	orrs	r3, r2
10006a18:	001c      	movs	r4, r3
10006a1a:	401d      	ands	r5, r3
10006a1c:	0033      	movs	r3, r6
10006a1e:	2101      	movs	r1, #1
10006a20:	3324      	adds	r3, #36	@ 0x24
10006a22:	0018      	movs	r0, r3
10006a24:	4069      	eors	r1, r5
10006a26:	7134      	strb	r4, [r6, #4]
10006a28:	f000 fbbe 	bl	100071a8 <tu_fifo_set_overwritable>
10006a2c:	4b14      	ldr	r3, [pc, #80]	@ (10006a80 <cdcd_control_xfer_cb+0xe4>)
10006a2e:	2b00      	cmp	r3, #0
10006a30:	d0d3      	beq.n	100069da <cdcd_control_xfer_cb+0x3e>
10006a32:	2301      	movs	r3, #1
10006a34:	0862      	lsrs	r2, r4, #1
10006a36:	401a      	ands	r2, r3
10006a38:	0029      	movs	r1, r5
10006a3a:	2000      	movs	r0, #0
10006a3c:	e000      	b.n	10006a40 <cdcd_control_xfer_cb+0xa4>
10006a3e:	bf00      	nop
10006a40:	2201      	movs	r2, #1
10006a42:	e7bd      	b.n	100069c0 <cdcd_control_xfer_cb+0x24>
10006a44:	4663      	mov	r3, ip
10006a46:	2b01      	cmp	r3, #1
10006a48:	d00b      	beq.n	10006a62 <cdcd_control_xfer_cb+0xc6>
10006a4a:	2b03      	cmp	r3, #3
10006a4c:	d1c5      	bne.n	100069da <cdcd_control_xfer_cb+0x3e>
10006a4e:	4b0d      	ldr	r3, [pc, #52]	@ (10006a84 <cdcd_control_xfer_cb+0xe8>)
10006a50:	2b00      	cmp	r3, #0
10006a52:	d0c2      	beq.n	100069da <cdcd_control_xfer_cb+0x3e>
10006a54:	0031      	movs	r1, r6
10006a56:	2000      	movs	r0, #0
10006a58:	3108      	adds	r1, #8
10006a5a:	f7fe fe15 	bl	10005688 <tud_cdc_line_coding_cb>
10006a5e:	2201      	movs	r2, #1
10006a60:	e7ae      	b.n	100069c0 <cdcd_control_xfer_cb+0x24>
10006a62:	4a09      	ldr	r2, [pc, #36]	@ (10006a88 <cdcd_control_xfer_cb+0xec>)
10006a64:	2307      	movs	r3, #7
10006a66:	f7ff fcef 	bl	10006448 <tud_control_xfer>
10006a6a:	2201      	movs	r2, #1
10006a6c:	e7a8      	b.n	100069c0 <cdcd_control_xfer_cb+0x24>
10006a6e:	f7ff fcd5 	bl	1000641c <tud_control_status>
10006a72:	2201      	movs	r2, #1
10006a74:	e7a4      	b.n	100069c0 <cdcd_control_xfer_cb+0x24>
10006a76:	46c0      	nop			@ (mov r8, r8)
10006a78:	20001040 	.word	0x20001040
	...
10006a84:	10005689 	.word	0x10005689
10006a88:	20001048 	.word	0x20001048

10006a8c <cdcd_xfer_cb>:
10006a8c:	b5f8      	push	{r3, r4, r5, r6, r7, lr}
10006a8e:	4647      	mov	r7, r8
10006a90:	46ce      	mov	lr, r9
10006a92:	b580      	push	{r7, lr}
10006a94:	4c34      	ldr	r4, [pc, #208]	@ (10006b68 <cdcd_xfer_cb+0xdc>)
10006a96:	001f      	movs	r7, r3
10006a98:	78e3      	ldrb	r3, [r4, #3]
10006a9a:	4680      	mov	r8, r0
10006a9c:	000d      	movs	r5, r1
10006a9e:	428b      	cmp	r3, r1
10006aa0:	d03b      	beq.n	10006b1a <cdcd_xfer_cb+0x8e>
10006aa2:	78a3      	ldrb	r3, [r4, #2]
10006aa4:	2000      	movs	r0, #0
10006aa6:	428b      	cmp	r3, r1
10006aa8:	d011      	beq.n	10006ace <cdcd_xfer_cb+0x42>
10006aaa:	bcc0      	pop	{r6, r7}
10006aac:	46b9      	mov	r9, r7
10006aae:	46b0      	mov	r8, r6
10006ab0:	bdf8      	pop	{r3, r4, r5, r6, r7, pc}
10006ab2:	4b2e      	ldr	r3, [pc, #184]	@ (10006b6c <cdcd_xfer_cb+0xe0>)
10006ab4:	2b00      	cmp	r3, #0
10006ab6:	d004      	beq.n	10006ac2 <cdcd_xfer_cb+0x36>
10006ab8:	482d      	ldr	r0, [pc, #180]	@ (10006b70 <cdcd_xfer_cb+0xe4>)
10006aba:	f000 f96d 	bl	10006d98 <tu_fifo_empty>
10006abe:	2800      	cmp	r0, #0
10006ac0:	d04f      	beq.n	10006b62 <cdcd_xfer_cb+0xd6>
10006ac2:	2000      	movs	r0, #0
10006ac4:	f7ff fda2 	bl	1000660c <_prep_out_transaction.isra.0>
10006ac8:	78a3      	ldrb	r3, [r4, #2]
10006aca:	42ab      	cmp	r3, r5
10006acc:	d10a      	bne.n	10006ae4 <cdcd_xfer_cb+0x58>
10006ace:	4b29      	ldr	r3, [pc, #164]	@ (10006b74 <cdcd_xfer_cb+0xe8>)
10006ad0:	2b00      	cmp	r3, #0
10006ad2:	d002      	beq.n	10006ada <cdcd_xfer_cb+0x4e>
10006ad4:	2000      	movs	r0, #0
10006ad6:	e000      	b.n	10006ada <cdcd_xfer_cb+0x4e>
10006ad8:	bf00      	nop
10006ada:	2000      	movs	r0, #0
10006adc:	f7ff fe30 	bl	10006740 <tud_cdc_n_write_flush>
10006ae0:	2800      	cmp	r0, #0
10006ae2:	d001      	beq.n	10006ae8 <cdcd_xfer_cb+0x5c>
10006ae4:	2001      	movs	r0, #1
10006ae6:	e7e0      	b.n	10006aaa <cdcd_xfer_cb+0x1e>
10006ae8:	4c23      	ldr	r4, [pc, #140]	@ (10006b78 <cdcd_xfer_cb+0xec>)
10006aea:	0020      	movs	r0, r4
10006aec:	f000 f93e 	bl	10006d6c <tu_fifo_count>
10006af0:	2800      	cmp	r0, #0
10006af2:	d1f7      	bne.n	10006ae4 <cdcd_xfer_cb+0x58>
10006af4:	2f00      	cmp	r7, #0
10006af6:	d0f5      	beq.n	10006ae4 <cdcd_xfer_cb+0x58>
10006af8:	06bb      	lsls	r3, r7, #26
10006afa:	d1f3      	bne.n	10006ae4 <cdcd_xfer_cb+0x58>
10006afc:	3c24      	subs	r4, #36	@ 0x24
10006afe:	4640      	mov	r0, r8
10006b00:	78a1      	ldrb	r1, [r4, #2]
10006b02:	f7ff fc3b 	bl	1000637c <usbd_edpt_claim>
10006b06:	2800      	cmp	r0, #0
10006b08:	d0ec      	beq.n	10006ae4 <cdcd_xfer_cb+0x58>
10006b0a:	2300      	movs	r3, #0
10006b0c:	2200      	movs	r2, #0
10006b0e:	4640      	mov	r0, r8
10006b10:	78a1      	ldrb	r1, [r4, #2]
10006b12:	f7ff fc5b 	bl	100063cc <usbd_edpt_xfer>
10006b16:	2001      	movs	r0, #1
10006b18:	e7c7      	b.n	10006aaa <cdcd_xfer_cb+0x1e>
10006b1a:	4e18      	ldr	r6, [pc, #96]	@ (10006b7c <cdcd_xfer_cb+0xf0>)
10006b1c:	4814      	ldr	r0, [pc, #80]	@ (10006b70 <cdcd_xfer_cb+0xe4>)
10006b1e:	0031      	movs	r1, r6
10006b20:	b2ba      	uxth	r2, r7
10006b22:	f000 fa6d 	bl	10007000 <tu_fifo_write_n>
10006b26:	4b16      	ldr	r3, [pc, #88]	@ (10006b80 <cdcd_xfer_cb+0xf4>)
10006b28:	2b00      	cmp	r3, #0
10006b2a:	d0c2      	beq.n	10006ab2 <cdcd_xfer_cb+0x26>
10006b2c:	7963      	ldrb	r3, [r4, #5]
10006b2e:	2bff      	cmp	r3, #255	@ 0xff
10006b30:	d0bf      	beq.n	10006ab2 <cdcd_xfer_cb+0x26>
10006b32:	2f00      	cmp	r7, #0
10006b34:	d0bd      	beq.n	10006ab2 <cdcd_xfer_cb+0x26>
10006b36:	46bc      	mov	ip, r7
10006b38:	44b4      	add	ip, r6
10006b3a:	46e1      	mov	r9, ip
10006b3c:	e003      	b.n	10006b46 <cdcd_xfer_cb+0xba>
10006b3e:	3601      	adds	r6, #1
10006b40:	454e      	cmp	r6, r9
10006b42:	d0b6      	beq.n	10006ab2 <cdcd_xfer_cb+0x26>
10006b44:	7963      	ldrb	r3, [r4, #5]
10006b46:	7832      	ldrb	r2, [r6, #0]
10006b48:	429a      	cmp	r2, r3
10006b4a:	d1f8      	bne.n	10006b3e <cdcd_xfer_cb+0xb2>
10006b4c:	4808      	ldr	r0, [pc, #32]	@ (10006b70 <cdcd_xfer_cb+0xe4>)
10006b4e:	f000 f923 	bl	10006d98 <tu_fifo_empty>
10006b52:	2800      	cmp	r0, #0
10006b54:	d1f3      	bne.n	10006b3e <cdcd_xfer_cb+0xb2>
10006b56:	4b06      	ldr	r3, [pc, #24]	@ (10006b70 <cdcd_xfer_cb+0xe4>)
10006b58:	3b10      	subs	r3, #16
10006b5a:	7959      	ldrb	r1, [r3, #5]
10006b5c:	e000      	b.n	10006b60 <cdcd_xfer_cb+0xd4>
10006b5e:	bf00      	nop
10006b60:	e7ed      	b.n	10006b3e <cdcd_xfer_cb+0xb2>
10006b62:	e000      	b.n	10006b66 <cdcd_xfer_cb+0xda>
10006b64:	bf00      	nop
10006b66:	e7ac      	b.n	10006ac2 <cdcd_xfer_cb+0x36>
10006b68:	20001040 	.word	0x20001040
10006b6c:	00000000 	.word	0x00000000
10006b70:	20001050 	.word	0x20001050
10006b74:	00000000 	.word	0x00000000
10006b78:	20001064 	.word	0x20001064
10006b7c:	20001494 	.word	0x20001494
10006b80:	00000000 	.word	0x00000000

10006b84 <tusb_rhport_init>:
10006b84:	b500      	push	{lr}
10006b86:	0003      	movs	r3, r0
10006b88:	b083      	sub	sp, #12
10006b8a:	2900      	cmp	r1, #0
10006b8c:	d010      	beq.n	10006bb0 <tusb_rhport_init+0x2c>
10006b8e:	2000      	movs	r0, #0
10006b90:	2b01      	cmp	r3, #1
10006b92:	d807      	bhi.n	10006ba4 <tusb_rhport_init+0x20>
10006b94:	780a      	ldrb	r2, [r1, #0]
10006b96:	2a00      	cmp	r2, #0
10006b98:	d004      	beq.n	10006ba4 <tusb_rhport_init+0x20>
10006b9a:	480c      	ldr	r0, [pc, #48]	@ (10006bcc <tusb_rhport_init+0x48>)
10006b9c:	54c2      	strb	r2, [r0, r3]
10006b9e:	2001      	movs	r0, #1
10006ba0:	2a01      	cmp	r2, #1
10006ba2:	d001      	beq.n	10006ba8 <tusb_rhport_init+0x24>
10006ba4:	b003      	add	sp, #12
10006ba6:	bd00      	pop	{pc}
10006ba8:	0018      	movs	r0, r3
10006baa:	f7fe ff21 	bl	100059f0 <tud_rhport_init>
10006bae:	e7f9      	b.n	10006ba4 <tusb_rhport_init+0x20>
10006bb0:	2301      	movs	r3, #1
10006bb2:	466a      	mov	r2, sp
10006bb4:	2000      	movs	r0, #0
10006bb6:	a901      	add	r1, sp, #4
10006bb8:	8093      	strh	r3, [r2, #4]
10006bba:	f7fe ff19 	bl	100059f0 <tud_rhport_init>
10006bbe:	2800      	cmp	r0, #0
10006bc0:	d0f0      	beq.n	10006ba4 <tusb_rhport_init+0x20>
10006bc2:	2201      	movs	r2, #1
10006bc4:	4b01      	ldr	r3, [pc, #4]	@ (10006bcc <tusb_rhport_init+0x48>)
10006bc6:	701a      	strb	r2, [r3, #0]
10006bc8:	e7ec      	b.n	10006ba4 <tusb_rhport_init+0x20>
10006bca:	46c0      	nop			@ (mov r8, r8)
10006bcc:	2000156c 	.word	0x2000156c

10006bd0 <tu_edpt_claim>:
10006bd0:	b570      	push	{r4, r5, r6, lr}
10006bd2:	0004      	movs	r4, r0
10006bd4:	7823      	ldrb	r3, [r4, #0]
10006bd6:	0008      	movs	r0, r1
10006bd8:	07db      	lsls	r3, r3, #31
10006bda:	000e      	movs	r6, r1
10006bdc:	0fdd      	lsrs	r5, r3, #31
10006bde:	2b00      	cmp	r3, #0
10006be0:	d116      	bne.n	10006c10 <tu_edpt_claim+0x40>
10006be2:	7823      	ldrb	r3, [r4, #0]
10006be4:	075b      	lsls	r3, r3, #29
10006be6:	d501      	bpl.n	10006bec <tu_edpt_claim+0x1c>
10006be8:	0028      	movs	r0, r5
10006bea:	bd70      	pop	{r4, r5, r6, pc}
10006bec:	2101      	movs	r1, #1
10006bee:	4249      	negs	r1, r1
10006bf0:	f000 fc52 	bl	10007498 <__mutex_enter_timeout_ms_veneer>
10006bf4:	7823      	ldrb	r3, [r4, #0]
10006bf6:	07db      	lsls	r3, r3, #31
10006bf8:	0fdd      	lsrs	r5, r3, #31
10006bfa:	2b00      	cmp	r3, #0
10006bfc:	d10a      	bne.n	10006c14 <tu_edpt_claim+0x44>
10006bfe:	7823      	ldrb	r3, [r4, #0]
10006c00:	075b      	lsls	r3, r3, #29
10006c02:	d408      	bmi.n	10006c16 <tu_edpt_claim+0x46>
10006c04:	2204      	movs	r2, #4
10006c06:	7823      	ldrb	r3, [r4, #0]
10006c08:	2501      	movs	r5, #1
10006c0a:	4313      	orrs	r3, r2
10006c0c:	7023      	strb	r3, [r4, #0]
10006c0e:	e002      	b.n	10006c16 <tu_edpt_claim+0x46>
10006c10:	2500      	movs	r5, #0
10006c12:	e7e9      	b.n	10006be8 <tu_edpt_claim+0x18>
10006c14:	2500      	movs	r5, #0
10006c16:	0030      	movs	r0, r6
10006c18:	f000 fc86 	bl	10007528 <__mutex_exit_veneer>
10006c1c:	e7e4      	b.n	10006be8 <tu_edpt_claim+0x18>
10006c1e:	46c0      	nop			@ (mov r8, r8)

10006c20 <tu_edpt_release>:
10006c20:	b570      	push	{r4, r5, r6, lr}
10006c22:	000d      	movs	r5, r1
10006c24:	2101      	movs	r1, #1
10006c26:	0004      	movs	r4, r0
10006c28:	4249      	negs	r1, r1
10006c2a:	0028      	movs	r0, r5
10006c2c:	f000 fc34 	bl	10007498 <__mutex_enter_timeout_ms_veneer>
10006c30:	7823      	ldrb	r3, [r4, #0]
10006c32:	075b      	lsls	r3, r3, #29
10006c34:	0fde      	lsrs	r6, r3, #31
10006c36:	2b00      	cmp	r3, #0
10006c38:	db04      	blt.n	10006c44 <tu_edpt_release+0x24>
10006c3a:	0028      	movs	r0, r5
10006c3c:	f000 fc74 	bl	10007528 <__mutex_exit_veneer>
10006c40:	0030      	movs	r0, r6
10006c42:	bd70      	pop	{r4, r5, r6, pc}
10006c44:	7823      	ldrb	r3, [r4, #0]
10006c46:	07db      	lsls	r3, r3, #31
10006c48:	d404      	bmi.n	10006c54 <tu_edpt_release+0x34>
10006c4a:	2204      	movs	r2, #4
10006c4c:	7823      	ldrb	r3, [r4, #0]
10006c4e:	4393      	bics	r3, r2
10006c50:	7023      	strb	r3, [r4, #0]
10006c52:	e7f2      	b.n	10006c3a <tu_edpt_release+0x1a>
10006c54:	2600      	movs	r6, #0
10006c56:	e7f0      	b.n	10006c3a <tu_edpt_release+0x1a>

10006c58 <tu_edpt_validate>:
10006c58:	7943      	ldrb	r3, [r0, #5]
10006c5a:	7902      	ldrb	r2, [r0, #4]
10006c5c:	021b      	lsls	r3, r3, #8
10006c5e:	4313      	orrs	r3, r2
10006c60:	78c2      	ldrb	r2, [r0, #3]
10006c62:	055b      	lsls	r3, r3, #21
10006c64:	0792      	lsls	r2, r2, #30
10006c66:	0d5b      	lsrs	r3, r3, #21
10006c68:	0f92      	lsrs	r2, r2, #30
10006c6a:	2a02      	cmp	r2, #2
10006c6c:	d01a      	beq.n	10006ca4 <tu_edpt_validate+0x4c>
10006c6e:	2a03      	cmp	r2, #3
10006c70:	d00b      	beq.n	10006c8a <tu_edpt_validate+0x32>
10006c72:	2000      	movs	r0, #0
10006c74:	2a01      	cmp	r2, #1
10006c76:	d107      	bne.n	10006c88 <tu_edpt_validate+0x30>
10006c78:	3902      	subs	r1, #2
10006c7a:	424a      	negs	r2, r1
10006c7c:	4151      	adcs	r1, r2
10006c7e:	4a10      	ldr	r2, [pc, #64]	@ (10006cc0 <tu_edpt_validate+0x68>)
10006c80:	1889      	adds	r1, r1, r2
10006c82:	4299      	cmp	r1, r3
10006c84:	4140      	adcs	r0, r0
10006c86:	b2c0      	uxtb	r0, r0
10006c88:	4770      	bx	lr
10006c8a:	3902      	subs	r1, #2
10006c8c:	1e4a      	subs	r2, r1, #1
10006c8e:	4191      	sbcs	r1, r2
10006c90:	4a0c      	ldr	r2, [pc, #48]	@ (10006cc4 <tu_edpt_validate+0x6c>)
10006c92:	4249      	negs	r1, r1
10006c94:	4011      	ands	r1, r2
10006c96:	2280      	movs	r2, #128	@ 0x80
10006c98:	2000      	movs	r0, #0
10006c9a:	00d2      	lsls	r2, r2, #3
10006c9c:	1889      	adds	r1, r1, r2
10006c9e:	4299      	cmp	r1, r3
10006ca0:	4140      	adcs	r0, r0
10006ca2:	e7f1      	b.n	10006c88 <tu_edpt_validate+0x30>
10006ca4:	2902      	cmp	r1, #2
10006ca6:	d004      	beq.n	10006cb2 <tu_edpt_validate+0x5a>
10006ca8:	2000      	movs	r0, #0
10006caa:	2240      	movs	r2, #64	@ 0x40
10006cac:	429a      	cmp	r2, r3
10006cae:	4140      	adcs	r0, r0
10006cb0:	e7ea      	b.n	10006c88 <tu_edpt_validate+0x30>
10006cb2:	4a05      	ldr	r2, [pc, #20]	@ (10006cc8 <tu_edpt_validate+0x70>)
10006cb4:	1898      	adds	r0, r3, r2
10006cb6:	4243      	negs	r3, r0
10006cb8:	4158      	adcs	r0, r3
10006cba:	b2c0      	uxtb	r0, r0
10006cbc:	e7e4      	b.n	10006c88 <tu_edpt_validate+0x30>
10006cbe:	46c0      	nop			@ (mov r8, r8)
10006cc0:	000003ff 	.word	0x000003ff
10006cc4:	fffffc40 	.word	0xfffffc40
10006cc8:	fffffe00 	.word	0xfffffe00

10006ccc <tu_edpt_bind_driver>:
10006ccc:	4684      	mov	ip, r0
10006cce:	1888      	adds	r0, r1, r2
10006cd0:	b530      	push	{r4, r5, lr}
10006cd2:	001c      	movs	r4, r3
10006cd4:	4281      	cmp	r1, r0
10006cd6:	d206      	bcs.n	10006ce6 <tu_edpt_bind_driver+0x1a>
10006cd8:	784a      	ldrb	r2, [r1, #1]
10006cda:	2a05      	cmp	r2, #5
10006cdc:	d004      	beq.n	10006ce8 <tu_edpt_bind_driver+0x1c>
10006cde:	780a      	ldrb	r2, [r1, #0]
10006ce0:	1889      	adds	r1, r1, r2
10006ce2:	4288      	cmp	r0, r1
10006ce4:	d8f8      	bhi.n	10006cd8 <tu_edpt_bind_driver+0xc>
10006ce6:	bd30      	pop	{r4, r5, pc}
10006ce8:	227f      	movs	r2, #127	@ 0x7f
10006cea:	788b      	ldrb	r3, [r1, #2]
10006cec:	401a      	ands	r2, r3
10006cee:	0052      	lsls	r2, r2, #1
10006cf0:	4462      	add	r2, ip
10006cf2:	09db      	lsrs	r3, r3, #7
10006cf4:	54d4      	strb	r4, [r2, r3]
10006cf6:	780a      	ldrb	r2, [r1, #0]
10006cf8:	1889      	adds	r1, r1, r2
10006cfa:	4288      	cmp	r0, r1
10006cfc:	d8ec      	bhi.n	10006cd8 <tu_edpt_bind_driver+0xc>
10006cfe:	e7f2      	b.n	10006ce6 <tu_edpt_bind_driver+0x1a>

10006d00 <tu_fifo_config>:
10006d00:	b5f0      	push	{r4, r5, r6, r7, lr}
10006d02:	46c6      	mov	lr, r8
10006d04:	b500      	push	{lr}
10006d06:	4698      	mov	r8, r3
10006d08:	466b      	mov	r3, sp
10006d0a:	7e1e      	ldrb	r6, [r3, #24]
10006d0c:	2380      	movs	r3, #128	@ 0x80
10006d0e:	0004      	movs	r4, r0
10006d10:	000f      	movs	r7, r1
10006d12:	0015      	movs	r5, r2
10006d14:	021b      	lsls	r3, r3, #8
10006d16:	429a      	cmp	r2, r3
10006d18:	d826      	bhi.n	10006d68 <tu_fifo_config+0x68>
10006d1a:	68c0      	ldr	r0, [r0, #12]
10006d1c:	2800      	cmp	r0, #0
10006d1e:	d003      	beq.n	10006d28 <tu_fifo_config+0x28>
10006d20:	2101      	movs	r1, #1
10006d22:	4249      	negs	r1, r1
10006d24:	f000 fbb8 	bl	10007498 <__mutex_enter_timeout_ms_veneer>
10006d28:	6920      	ldr	r0, [r4, #16]
10006d2a:	2800      	cmp	r0, #0
10006d2c:	d003      	beq.n	10006d36 <tu_fifo_config+0x36>
10006d2e:	2101      	movs	r1, #1
10006d30:	4249      	negs	r1, r1
10006d32:	f000 fbb1 	bl	10007498 <__mutex_enter_timeout_ms_veneer>
10006d36:	4642      	mov	r2, r8
10006d38:	0452      	lsls	r2, r2, #17
10006d3a:	03f3      	lsls	r3, r6, #15
10006d3c:	0c52      	lsrs	r2, r2, #17
10006d3e:	4313      	orrs	r3, r2
10006d40:	80e3      	strh	r3, [r4, #6]
10006d42:	2300      	movs	r3, #0
10006d44:	68e0      	ldr	r0, [r4, #12]
10006d46:	8163      	strh	r3, [r4, #10]
10006d48:	6027      	str	r7, [r4, #0]
10006d4a:	80a5      	strh	r5, [r4, #4]
10006d4c:	8123      	strh	r3, [r4, #8]
10006d4e:	2800      	cmp	r0, #0
10006d50:	d001      	beq.n	10006d56 <tu_fifo_config+0x56>
10006d52:	f000 fbe9 	bl	10007528 <__mutex_exit_veneer>
10006d56:	6920      	ldr	r0, [r4, #16]
10006d58:	2800      	cmp	r0, #0
10006d5a:	d001      	beq.n	10006d60 <tu_fifo_config+0x60>
10006d5c:	f000 fbe4 	bl	10007528 <__mutex_exit_veneer>
10006d60:	2001      	movs	r0, #1
10006d62:	bc80      	pop	{r7}
10006d64:	46b8      	mov	r8, r7
10006d66:	bdf0      	pop	{r4, r5, r6, r7, pc}
10006d68:	2000      	movs	r0, #0
10006d6a:	e7fa      	b.n	10006d62 <tu_fifo_config+0x62>

10006d6c <tu_fifo_count>:
10006d6c:	8903      	ldrh	r3, [r0, #8]
10006d6e:	8941      	ldrh	r1, [r0, #10]
10006d70:	469c      	mov	ip, r3
10006d72:	8882      	ldrh	r2, [r0, #4]
10006d74:	b29b      	uxth	r3, r3
10006d76:	b288      	uxth	r0, r1
10006d78:	458c      	cmp	ip, r1
10006d7a:	d307      	bcc.n	10006d8c <tu_fifo_count+0x20>
10006d7c:	1a1b      	subs	r3, r3, r0
10006d7e:	b29b      	uxth	r3, r3
10006d80:	1c10      	adds	r0, r2, #0
10006d82:	429a      	cmp	r2, r3
10006d84:	d900      	bls.n	10006d88 <tu_fifo_count+0x1c>
10006d86:	1c18      	adds	r0, r3, #0
10006d88:	b280      	uxth	r0, r0
10006d8a:	4770      	bx	lr
10006d8c:	0051      	lsls	r1, r2, #1
10006d8e:	1a09      	subs	r1, r1, r0
10006d90:	185b      	adds	r3, r3, r1
10006d92:	b29b      	uxth	r3, r3
10006d94:	e7f4      	b.n	10006d80 <tu_fifo_count+0x14>
10006d96:	46c0      	nop			@ (mov r8, r8)

10006d98 <tu_fifo_empty>:
10006d98:	8903      	ldrh	r3, [r0, #8]
10006d9a:	8940      	ldrh	r0, [r0, #10]
10006d9c:	1a18      	subs	r0, r3, r0
10006d9e:	4243      	negs	r3, r0
10006da0:	4158      	adcs	r0, r3
10006da2:	b2c0      	uxtb	r0, r0
10006da4:	4770      	bx	lr
10006da6:	46c0      	nop			@ (mov r8, r8)

10006da8 <tu_fifo_remaining>:
10006da8:	8903      	ldrh	r3, [r0, #8]
10006daa:	8941      	ldrh	r1, [r0, #10]
10006dac:	469c      	mov	ip, r3
10006dae:	8882      	ldrh	r2, [r0, #4]
10006db0:	b29b      	uxth	r3, r3
10006db2:	b288      	uxth	r0, r1
10006db4:	458c      	cmp	ip, r1
10006db6:	d307      	bcc.n	10006dc8 <tu_fifo_remaining+0x20>
10006db8:	1a1b      	subs	r3, r3, r0
10006dba:	b29b      	uxth	r3, r3
10006dbc:	2000      	movs	r0, #0
10006dbe:	429a      	cmp	r2, r3
10006dc0:	d901      	bls.n	10006dc6 <tu_fifo_remaining+0x1e>
10006dc2:	1ad2      	subs	r2, r2, r3
10006dc4:	b290      	uxth	r0, r2
10006dc6:	4770      	bx	lr
10006dc8:	0051      	lsls	r1, r2, #1
10006dca:	1a09      	subs	r1, r1, r0
10006dcc:	185b      	adds	r3, r3, r1
10006dce:	b29b      	uxth	r3, r3
10006dd0:	e7f4      	b.n	10006dbc <tu_fifo_remaining+0x14>
10006dd2:	46c0      	nop			@ (mov r8, r8)

10006dd4 <tu_fifo_read>:
10006dd4:	b570      	push	{r4, r5, r6, lr}
10006dd6:	0004      	movs	r4, r0
10006dd8:	6900      	ldr	r0, [r0, #16]
10006dda:	000d      	movs	r5, r1
10006ddc:	2800      	cmp	r0, #0
10006dde:	d003      	beq.n	10006de8 <tu_fifo_read+0x14>
10006de0:	2101      	movs	r1, #1
10006de2:	4249      	negs	r1, r1
10006de4:	f000 fb58 	bl	10007498 <__mutex_enter_timeout_ms_veneer>
10006de8:	8923      	ldrh	r3, [r4, #8]
10006dea:	8962      	ldrh	r2, [r4, #10]
10006dec:	469c      	mov	ip, r3
10006dee:	b298      	uxth	r0, r3
10006df0:	b291      	uxth	r1, r2
10006df2:	88a3      	ldrh	r3, [r4, #4]
10006df4:	4594      	cmp	ip, r2
10006df6:	d332      	bcc.n	10006e5e <tu_fifo_read+0x8a>
10006df8:	1a42      	subs	r2, r0, r1
10006dfa:	b292      	uxth	r2, r2
10006dfc:	2a00      	cmp	r2, #0
10006dfe:	d027      	beq.n	10006e50 <tu_fifo_read+0x7c>
10006e00:	4293      	cmp	r3, r2
10006e02:	d208      	bcs.n	10006e16 <tu_fifo_read+0x42>
10006e04:	4298      	cmp	r0, r3
10006e06:	d32f      	bcc.n	10006e68 <tu_fifo_read+0x94>
10006e08:	1ac0      	subs	r0, r0, r3
10006e0a:	b281      	uxth	r1, r0
10006e0c:	8161      	strh	r1, [r4, #10]
10006e0e:	428b      	cmp	r3, r1
10006e10:	d803      	bhi.n	10006e1a <tu_fifo_read+0x46>
10006e12:	1ac9      	subs	r1, r1, r3
10006e14:	b289      	uxth	r1, r1
10006e16:	428b      	cmp	r3, r1
10006e18:	d9fb      	bls.n	10006e12 <tu_fifo_read+0x3e>
10006e1a:	88e2      	ldrh	r2, [r4, #6]
10006e1c:	6823      	ldr	r3, [r4, #0]
10006e1e:	0452      	lsls	r2, r2, #17
10006e20:	0c52      	lsrs	r2, r2, #17
10006e22:	4351      	muls	r1, r2
10006e24:	0028      	movs	r0, r5
10006e26:	1859      	adds	r1, r3, r1
10006e28:	f7fc fa7e 	bl	10003328 <__wrap___aeabi_memcpy>
10006e2c:	8961      	ldrh	r1, [r4, #10]
10006e2e:	2501      	movs	r5, #1
10006e30:	1c4a      	adds	r2, r1, #1
10006e32:	b292      	uxth	r2, r2
10006e34:	88a3      	ldrh	r3, [r4, #4]
10006e36:	4291      	cmp	r1, r2
10006e38:	d90d      	bls.n	10006e56 <tu_fifo_read+0x82>
10006e3a:	2200      	movs	r2, #0
10006e3c:	005b      	lsls	r3, r3, #1
10006e3e:	1ad2      	subs	r2, r2, r3
10006e40:	6920      	ldr	r0, [r4, #16]
10006e42:	8162      	strh	r2, [r4, #10]
10006e44:	2800      	cmp	r0, #0
10006e46:	d001      	beq.n	10006e4c <tu_fifo_read+0x78>
10006e48:	f000 fb6e 	bl	10007528 <__mutex_exit_veneer>
10006e4c:	0028      	movs	r0, r5
10006e4e:	bd70      	pop	{r4, r5, r6, pc}
10006e50:	2500      	movs	r5, #0
10006e52:	8962      	ldrh	r2, [r4, #10]
10006e54:	b292      	uxth	r2, r2
10006e56:	005b      	lsls	r3, r3, #1
10006e58:	429a      	cmp	r2, r3
10006e5a:	dbf1      	blt.n	10006e40 <tu_fifo_read+0x6c>
10006e5c:	e7ef      	b.n	10006e3e <tu_fifo_read+0x6a>
10006e5e:	005a      	lsls	r2, r3, #1
10006e60:	1a52      	subs	r2, r2, r1
10006e62:	1882      	adds	r2, r0, r2
10006e64:	b292      	uxth	r2, r2
10006e66:	e7c9      	b.n	10006dfc <tu_fifo_read+0x28>
10006e68:	18c0      	adds	r0, r0, r3
10006e6a:	b281      	uxth	r1, r0
10006e6c:	8161      	strh	r1, [r4, #10]
10006e6e:	e7ce      	b.n	10006e0e <tu_fifo_read+0x3a>

10006e70 <tu_fifo_read_n>:
10006e70:	b5f0      	push	{r4, r5, r6, r7, lr}
10006e72:	4646      	mov	r6, r8
10006e74:	46d6      	mov	lr, sl
10006e76:	464f      	mov	r7, r9
10006e78:	b5c0      	push	{r6, r7, lr}
10006e7a:	0006      	movs	r6, r0
10006e7c:	6900      	ldr	r0, [r0, #16]
10006e7e:	468a      	mov	sl, r1
10006e80:	4690      	mov	r8, r2
10006e82:	b082      	sub	sp, #8
10006e84:	2800      	cmp	r0, #0
10006e86:	d003      	beq.n	10006e90 <tu_fifo_read_n+0x20>
10006e88:	2101      	movs	r1, #1
10006e8a:	4249      	negs	r1, r1
10006e8c:	f000 fb04 	bl	10007498 <__mutex_enter_timeout_ms_veneer>
10006e90:	8931      	ldrh	r1, [r6, #8]
10006e92:	8972      	ldrh	r2, [r6, #10]
10006e94:	88b5      	ldrh	r5, [r6, #4]
10006e96:	b28b      	uxth	r3, r1
10006e98:	b294      	uxth	r4, r2
10006e9a:	4291      	cmp	r1, r2
10006e9c:	d355      	bcc.n	10006f4a <tu_fifo_read_n+0xda>
10006e9e:	1b1f      	subs	r7, r3, r4
10006ea0:	b2bf      	uxth	r7, r7
10006ea2:	2f00      	cmp	r7, #0
10006ea4:	d04b      	beq.n	10006f3e <tu_fifo_read_n+0xce>
10006ea6:	42bd      	cmp	r5, r7
10006ea8:	d205      	bcs.n	10006eb6 <tu_fifo_read_n+0x46>
10006eaa:	42ab      	cmp	r3, r5
10006eac:	d252      	bcs.n	10006f54 <tu_fifo_read_n+0xe4>
10006eae:	195b      	adds	r3, r3, r5
10006eb0:	b29c      	uxth	r4, r3
10006eb2:	002f      	movs	r7, r5
10006eb4:	8174      	strh	r4, [r6, #10]
10006eb6:	4643      	mov	r3, r8
10006eb8:	45b8      	cmp	r8, r7
10006eba:	d83e      	bhi.n	10006f3a <tu_fifo_read_n+0xca>
10006ebc:	b29f      	uxth	r7, r3
10006ebe:	42a5      	cmp	r5, r4
10006ec0:	d803      	bhi.n	10006eca <tu_fifo_read_n+0x5a>
10006ec2:	1b64      	subs	r4, r4, r5
10006ec4:	b2a4      	uxth	r4, r4
10006ec6:	42a5      	cmp	r5, r4
10006ec8:	d9fb      	bls.n	10006ec2 <tu_fifo_read_n+0x52>
10006eca:	88f2      	ldrh	r2, [r6, #6]
10006ecc:	6831      	ldr	r1, [r6, #0]
10006ece:	0452      	lsls	r2, r2, #17
10006ed0:	0c50      	lsrs	r0, r2, #17
10006ed2:	0002      	movs	r2, r0
10006ed4:	4362      	muls	r2, r4
10006ed6:	1b2b      	subs	r3, r5, r4
10006ed8:	b29b      	uxth	r3, r3
10006eda:	1889      	adds	r1, r1, r2
10006edc:	9001      	str	r0, [sp, #4]
10006ede:	0002      	movs	r2, r0
10006ee0:	429f      	cmp	r7, r3
10006ee2:	d925      	bls.n	10006f30 <tu_fifo_read_n+0xc0>
10006ee4:	4343      	muls	r3, r0
10006ee6:	b29b      	uxth	r3, r3
10006ee8:	001a      	movs	r2, r3
10006eea:	4650      	mov	r0, sl
10006eec:	4699      	mov	r9, r3
10006eee:	f7fc fa1b 	bl	10003328 <__wrap___aeabi_memcpy>
10006ef2:	4650      	mov	r0, sl
10006ef4:	9a01      	ldr	r2, [sp, #4]
10006ef6:	1b7d      	subs	r5, r7, r5
10006ef8:	1964      	adds	r4, r4, r5
10006efa:	4354      	muls	r4, r2
10006efc:	6831      	ldr	r1, [r6, #0]
10006efe:	4448      	add	r0, r9
10006f00:	b2a2      	uxth	r2, r4
10006f02:	f7fc fa11 	bl	10003328 <__wrap___aeabi_memcpy>
10006f06:	8971      	ldrh	r1, [r6, #10]
10006f08:	88b5      	ldrh	r5, [r6, #4]
10006f0a:	19cb      	adds	r3, r1, r7
10006f0c:	b29b      	uxth	r3, r3
10006f0e:	006a      	lsls	r2, r5, #1
10006f10:	4299      	cmp	r1, r3
10006f12:	d916      	bls.n	10006f42 <tu_fifo_read_n+0xd2>
10006f14:	1a9b      	subs	r3, r3, r2
10006f16:	6930      	ldr	r0, [r6, #16]
10006f18:	8173      	strh	r3, [r6, #10]
10006f1a:	2800      	cmp	r0, #0
10006f1c:	d001      	beq.n	10006f22 <tu_fifo_read_n+0xb2>
10006f1e:	f000 fb03 	bl	10007528 <__mutex_exit_veneer>
10006f22:	0038      	movs	r0, r7
10006f24:	b002      	add	sp, #8
10006f26:	bce0      	pop	{r5, r6, r7}
10006f28:	46ba      	mov	sl, r7
10006f2a:	46b1      	mov	r9, r6
10006f2c:	46a8      	mov	r8, r5
10006f2e:	bdf0      	pop	{r4, r5, r6, r7, pc}
10006f30:	4650      	mov	r0, sl
10006f32:	437a      	muls	r2, r7
10006f34:	f7fc f9f8 	bl	10003328 <__wrap___aeabi_memcpy>
10006f38:	e7e5      	b.n	10006f06 <tu_fifo_read_n+0x96>
10006f3a:	1c3b      	adds	r3, r7, #0
10006f3c:	e7be      	b.n	10006ebc <tu_fifo_read_n+0x4c>
10006f3e:	8973      	ldrh	r3, [r6, #10]
10006f40:	b29b      	uxth	r3, r3
10006f42:	006a      	lsls	r2, r5, #1
10006f44:	4293      	cmp	r3, r2
10006f46:	dbe6      	blt.n	10006f16 <tu_fifo_read_n+0xa6>
10006f48:	e7e4      	b.n	10006f14 <tu_fifo_read_n+0xa4>
10006f4a:	006f      	lsls	r7, r5, #1
10006f4c:	1b3f      	subs	r7, r7, r4
10006f4e:	19df      	adds	r7, r3, r7
10006f50:	b2bf      	uxth	r7, r7
10006f52:	e7a6      	b.n	10006ea2 <tu_fifo_read_n+0x32>
10006f54:	1b5b      	subs	r3, r3, r5
10006f56:	b29c      	uxth	r4, r3
10006f58:	e7ab      	b.n	10006eb2 <tu_fifo_read_n+0x42>
10006f5a:	46c0      	nop			@ (mov r8, r8)

10006f5c <tu_fifo_write>:
10006f5c:	b5f8      	push	{r3, r4, r5, r6, r7, lr}
10006f5e:	0004      	movs	r4, r0
10006f60:	68c0      	ldr	r0, [r0, #12]
10006f62:	000f      	movs	r7, r1
10006f64:	2800      	cmp	r0, #0
10006f66:	d003      	beq.n	10006f70 <tu_fifo_write+0x14>
10006f68:	2101      	movs	r1, #1
10006f6a:	4249      	negs	r1, r1
10006f6c:	f000 fa94 	bl	10007498 <__mutex_enter_timeout_ms_veneer>
10006f70:	8925      	ldrh	r5, [r4, #8]
10006f72:	8920      	ldrh	r0, [r4, #8]
10006f74:	8961      	ldrh	r1, [r4, #10]
10006f76:	88a2      	ldrh	r2, [r4, #4]
10006f78:	b2ad      	uxth	r5, r5
10006f7a:	b283      	uxth	r3, r0
10006f7c:	b28e      	uxth	r6, r1
10006f7e:	4288      	cmp	r0, r1
10006f80:	d328      	bcc.n	10006fd4 <tu_fifo_write+0x78>
10006f82:	1b9b      	subs	r3, r3, r6
10006f84:	b29b      	uxth	r3, r3
10006f86:	429a      	cmp	r2, r3
10006f88:	d809      	bhi.n	10006f9e <tu_fifo_write+0x42>
10006f8a:	79e6      	ldrb	r6, [r4, #7]
10006f8c:	09f6      	lsrs	r6, r6, #7
10006f8e:	d106      	bne.n	10006f9e <tu_fifo_write+0x42>
10006f90:	68e0      	ldr	r0, [r4, #12]
10006f92:	2800      	cmp	r0, #0
10006f94:	d001      	beq.n	10006f9a <tu_fifo_write+0x3e>
10006f96:	f000 fac7 	bl	10007528 <__mutex_exit_veneer>
10006f9a:	0030      	movs	r0, r6
10006f9c:	bdf8      	pop	{r3, r4, r5, r6, r7, pc}
10006f9e:	002b      	movs	r3, r5
10006fa0:	4295      	cmp	r5, r2
10006fa2:	d31c      	bcc.n	10006fde <tu_fifo_write+0x82>
10006fa4:	1a9b      	subs	r3, r3, r2
10006fa6:	b29b      	uxth	r3, r3
10006fa8:	4293      	cmp	r3, r2
10006faa:	d2fb      	bcs.n	10006fa4 <tu_fifo_write+0x48>
10006fac:	88e2      	ldrh	r2, [r4, #6]
10006fae:	6820      	ldr	r0, [r4, #0]
10006fb0:	0452      	lsls	r2, r2, #17
10006fb2:	0c52      	lsrs	r2, r2, #17
10006fb4:	4353      	muls	r3, r2
10006fb6:	0039      	movs	r1, r7
10006fb8:	18c0      	adds	r0, r0, r3
10006fba:	f7fc f9b5 	bl	10003328 <__wrap___aeabi_memcpy>
10006fbe:	1c6b      	adds	r3, r5, #1
10006fc0:	b29b      	uxth	r3, r3
10006fc2:	88a2      	ldrh	r2, [r4, #4]
10006fc4:	429d      	cmp	r5, r3
10006fc6:	d916      	bls.n	10006ff6 <tu_fifo_write+0x9a>
10006fc8:	2300      	movs	r3, #0
10006fca:	0052      	lsls	r2, r2, #1
10006fcc:	1a9b      	subs	r3, r3, r2
10006fce:	2601      	movs	r6, #1
10006fd0:	8123      	strh	r3, [r4, #8]
10006fd2:	e7dd      	b.n	10006f90 <tu_fifo_write+0x34>
10006fd4:	0051      	lsls	r1, r2, #1
10006fd6:	1b89      	subs	r1, r1, r6
10006fd8:	185b      	adds	r3, r3, r1
10006fda:	b29b      	uxth	r3, r3
10006fdc:	e7d3      	b.n	10006f86 <tu_fifo_write+0x2a>
10006fde:	88e2      	ldrh	r2, [r4, #6]
10006fe0:	6820      	ldr	r0, [r4, #0]
10006fe2:	0452      	lsls	r2, r2, #17
10006fe4:	0c52      	lsrs	r2, r2, #17
10006fe6:	4353      	muls	r3, r2
10006fe8:	0039      	movs	r1, r7
10006fea:	18c0      	adds	r0, r0, r3
10006fec:	f7fc f99c 	bl	10003328 <__wrap___aeabi_memcpy>
10006ff0:	3501      	adds	r5, #1
10006ff2:	88a2      	ldrh	r2, [r4, #4]
10006ff4:	b2ab      	uxth	r3, r5
10006ff6:	0052      	lsls	r2, r2, #1
10006ff8:	4293      	cmp	r3, r2
10006ffa:	dbe8      	blt.n	10006fce <tu_fifo_write+0x72>
10006ffc:	e7e6      	b.n	10006fcc <tu_fifo_write+0x70>
10006ffe:	46c0      	nop			@ (mov r8, r8)

10007000 <tu_fifo_write_n>:
10007000:	b5f0      	push	{r4, r5, r6, r7, lr}
10007002:	464e      	mov	r6, r9
10007004:	4645      	mov	r5, r8
10007006:	46de      	mov	lr, fp
10007008:	4657      	mov	r7, sl
1000700a:	b5e0      	push	{r5, r6, r7, lr}
1000700c:	4689      	mov	r9, r1
1000700e:	0005      	movs	r5, r0
10007010:	0016      	movs	r6, r2
10007012:	b083      	sub	sp, #12
10007014:	2a00      	cmp	r2, #0
10007016:	d06b      	beq.n	100070f0 <tu_fifo_write_n+0xf0>
10007018:	68c0      	ldr	r0, [r0, #12]
1000701a:	2800      	cmp	r0, #0
1000701c:	d003      	beq.n	10007026 <tu_fifo_write_n+0x26>
1000701e:	2101      	movs	r1, #1
10007020:	4249      	negs	r1, r1
10007022:	f000 fa39 	bl	10007498 <__mutex_enter_timeout_ms_veneer>
10007026:	892f      	ldrh	r7, [r5, #8]
10007028:	79ea      	ldrb	r2, [r5, #7]
1000702a:	b2bb      	uxth	r3, r7
1000702c:	4698      	mov	r8, r3
1000702e:	896b      	ldrh	r3, [r5, #10]
10007030:	88af      	ldrh	r7, [r5, #4]
10007032:	b29b      	uxth	r3, r3
10007034:	09d2      	lsrs	r2, r2, #7
10007036:	d13d      	bne.n	100070b4 <tu_fifo_write_n+0xb4>
10007038:	4598      	cmp	r8, r3
1000703a:	d262      	bcs.n	10007102 <tu_fifo_write_n+0x102>
1000703c:	007a      	lsls	r2, r7, #1
1000703e:	1ad3      	subs	r3, r2, r3
10007040:	4443      	add	r3, r8
10007042:	b29b      	uxth	r3, r3
10007044:	42bb      	cmp	r3, r7
10007046:	d261      	bcs.n	1000710c <tu_fifo_write_n+0x10c>
10007048:	1afb      	subs	r3, r7, r3
1000704a:	1c1a      	adds	r2, r3, #0
1000704c:	b29b      	uxth	r3, r3
1000704e:	42b3      	cmp	r3, r6
10007050:	d900      	bls.n	10007054 <tu_fifo_write_n+0x54>
10007052:	1c32      	adds	r2, r6, #0
10007054:	b296      	uxth	r6, r2
10007056:	1bf3      	subs	r3, r6, r7
10007058:	9301      	str	r3, [sp, #4]
1000705a:	4643      	mov	r3, r8
1000705c:	18f3      	adds	r3, r6, r3
1000705e:	b29b      	uxth	r3, r3
10007060:	469b      	mov	fp, r3
10007062:	88ea      	ldrh	r2, [r5, #6]
10007064:	4644      	mov	r4, r8
10007066:	45b8      	cmp	r8, r7
10007068:	d303      	bcc.n	10007072 <tu_fifo_write_n+0x72>
1000706a:	1be4      	subs	r4, r4, r7
1000706c:	b2a4      	uxth	r4, r4
1000706e:	42bc      	cmp	r4, r7
10007070:	d2fb      	bcs.n	1000706a <tu_fifo_write_n+0x6a>
10007072:	0452      	lsls	r2, r2, #17
10007074:	1b3b      	subs	r3, r7, r4
10007076:	0c57      	lsrs	r7, r2, #17
10007078:	003a      	movs	r2, r7
1000707a:	4362      	muls	r2, r4
1000707c:	6828      	ldr	r0, [r5, #0]
1000707e:	b29b      	uxth	r3, r3
10007080:	1880      	adds	r0, r0, r2
10007082:	42b3      	cmp	r3, r6
10007084:	d356      	bcc.n	10007134 <tu_fifo_write_n+0x134>
10007086:	003a      	movs	r2, r7
10007088:	4649      	mov	r1, r9
1000708a:	4372      	muls	r2, r6
1000708c:	f7fc f94c 	bl	10003328 <__wrap___aeabi_memcpy>
10007090:	88ab      	ldrh	r3, [r5, #4]
10007092:	005b      	lsls	r3, r3, #1
10007094:	45d8      	cmp	r8, fp
10007096:	d801      	bhi.n	1000709c <tu_fifo_write_n+0x9c>
10007098:	459b      	cmp	fp, r3
1000709a:	db02      	blt.n	100070a2 <tu_fifo_write_n+0xa2>
1000709c:	465a      	mov	r2, fp
1000709e:	1ad3      	subs	r3, r2, r3
100070a0:	469b      	mov	fp, r3
100070a2:	465b      	mov	r3, fp
100070a4:	0037      	movs	r7, r6
100070a6:	812b      	strh	r3, [r5, #8]
100070a8:	68e8      	ldr	r0, [r5, #12]
100070aa:	2800      	cmp	r0, #0
100070ac:	d021      	beq.n	100070f2 <tu_fifo_write_n+0xf2>
100070ae:	f000 fa3b 	bl	10007528 <__mutex_exit_veneer>
100070b2:	e01e      	b.n	100070f2 <tu_fifo_write_n+0xf2>
100070b4:	42be      	cmp	r6, r7
100070b6:	d22b      	bcs.n	10007110 <tu_fifo_write_n+0x110>
100070b8:	4598      	cmp	r8, r3
100070ba:	d34c      	bcc.n	10007156 <tu_fifo_write_n+0x156>
100070bc:	4642      	mov	r2, r8
100070be:	1ad2      	subs	r2, r2, r3
100070c0:	b292      	uxth	r2, r2
100070c2:	0079      	lsls	r1, r7, #1
100070c4:	1bf0      	subs	r0, r6, r7
100070c6:	1992      	adds	r2, r2, r6
100070c8:	9001      	str	r0, [sp, #4]
100070ca:	428a      	cmp	r2, r1
100070cc:	dbc5      	blt.n	1000705a <tu_fifo_write_n+0x5a>
100070ce:	19da      	adds	r2, r3, r7
100070d0:	b292      	uxth	r2, r2
100070d2:	4693      	mov	fp, r2
100070d4:	1b92      	subs	r2, r2, r6
100070d6:	b292      	uxth	r2, r2
100070d8:	4690      	mov	r8, r2
100070da:	4293      	cmp	r3, r2
100070dc:	d940      	bls.n	10007160 <tu_fifo_write_n+0x160>
100070de:	4643      	mov	r3, r8
100070e0:	1a59      	subs	r1, r3, r1
100070e2:	b28b      	uxth	r3, r1
100070e4:	4698      	mov	r8, r3
100070e6:	18f3      	adds	r3, r6, r3
100070e8:	b29b      	uxth	r3, r3
100070ea:	469b      	mov	fp, r3
100070ec:	88ea      	ldrh	r2, [r5, #6]
100070ee:	e7b9      	b.n	10007064 <tu_fifo_write_n+0x64>
100070f0:	2700      	movs	r7, #0
100070f2:	0038      	movs	r0, r7
100070f4:	b003      	add	sp, #12
100070f6:	bcf0      	pop	{r4, r5, r6, r7}
100070f8:	46bb      	mov	fp, r7
100070fa:	46b2      	mov	sl, r6
100070fc:	46a9      	mov	r9, r5
100070fe:	46a0      	mov	r8, r4
10007100:	bdf0      	pop	{r4, r5, r6, r7, pc}
10007102:	4642      	mov	r2, r8
10007104:	1ad3      	subs	r3, r2, r3
10007106:	b29b      	uxth	r3, r3
10007108:	42bb      	cmp	r3, r7
1000710a:	d39d      	bcc.n	10007048 <tu_fifo_write_n+0x48>
1000710c:	2700      	movs	r7, #0
1000710e:	e7cb      	b.n	100070a8 <tu_fifo_write_n+0xa8>
10007110:	2f00      	cmp	r7, #0
10007112:	d0c9      	beq.n	100070a8 <tu_fifo_write_n+0xa8>
10007114:	46cc      	mov	ip, r9
10007116:	88ea      	ldrh	r2, [r5, #6]
10007118:	1bf6      	subs	r6, r6, r7
1000711a:	0451      	lsls	r1, r2, #17
1000711c:	0c49      	lsrs	r1, r1, #17
1000711e:	4371      	muls	r1, r6
10007120:	4698      	mov	r8, r3
10007122:	448c      	add	ip, r1
10007124:	19d9      	adds	r1, r3, r7
10007126:	2300      	movs	r3, #0
10007128:	b289      	uxth	r1, r1
1000712a:	46e1      	mov	r9, ip
1000712c:	468b      	mov	fp, r1
1000712e:	003e      	movs	r6, r7
10007130:	9301      	str	r3, [sp, #4]
10007132:	e797      	b.n	10007064 <tu_fifo_write_n+0x64>
10007134:	437b      	muls	r3, r7
10007136:	b29b      	uxth	r3, r3
10007138:	001a      	movs	r2, r3
1000713a:	4649      	mov	r1, r9
1000713c:	469a      	mov	sl, r3
1000713e:	f7fc f8f3 	bl	10003328 <__wrap___aeabi_memcpy>
10007142:	4649      	mov	r1, r9
10007144:	9b01      	ldr	r3, [sp, #4]
10007146:	6828      	ldr	r0, [r5, #0]
10007148:	18e2      	adds	r2, r4, r3
1000714a:	437a      	muls	r2, r7
1000714c:	4451      	add	r1, sl
1000714e:	b292      	uxth	r2, r2
10007150:	f7fc f8ea 	bl	10003328 <__wrap___aeabi_memcpy>
10007154:	e79c      	b.n	10007090 <tu_fifo_write_n+0x90>
10007156:	0079      	lsls	r1, r7, #1
10007158:	1aca      	subs	r2, r1, r3
1000715a:	4442      	add	r2, r8
1000715c:	b292      	uxth	r2, r2
1000715e:	e7b1      	b.n	100070c4 <tu_fifo_write_n+0xc4>
10007160:	4291      	cmp	r1, r2
10007162:	ddbc      	ble.n	100070de <tu_fifo_write_n+0xde>
10007164:	e7c2      	b.n	100070ec <tu_fifo_write_n+0xec>
10007166:	46c0      	nop			@ (mov r8, r8)

10007168 <tu_fifo_clear>:
10007168:	b510      	push	{r4, lr}
1000716a:	0004      	movs	r4, r0
1000716c:	68c0      	ldr	r0, [r0, #12]
1000716e:	2800      	cmp	r0, #0
10007170:	d003      	beq.n	1000717a <tu_fifo_clear+0x12>
10007172:	2101      	movs	r1, #1
10007174:	4249      	negs	r1, r1
10007176:	f000 f98f 	bl	10007498 <__mutex_enter_timeout_ms_veneer>
1000717a:	6920      	ldr	r0, [r4, #16]
1000717c:	2800      	cmp	r0, #0
1000717e:	d003      	beq.n	10007188 <tu_fifo_clear+0x20>
10007180:	2101      	movs	r1, #1
10007182:	4249      	negs	r1, r1
10007184:	f000 f988 	bl	10007498 <__mutex_enter_timeout_ms_veneer>
10007188:	2300      	movs	r3, #0
1000718a:	68e0      	ldr	r0, [r4, #12]
1000718c:	8163      	strh	r3, [r4, #10]
1000718e:	8123      	strh	r3, [r4, #8]
10007190:	2800      	cmp	r0, #0
10007192:	d001      	beq.n	10007198 <tu_fifo_clear+0x30>
10007194:	f000 f9c8 	bl	10007528 <__mutex_exit_veneer>
10007198:	6920      	ldr	r0, [r4, #16]
1000719a:	2800      	cmp	r0, #0
1000719c:	d001      	beq.n	100071a2 <tu_fifo_clear+0x3a>
1000719e:	f000 f9c3 	bl	10007528 <__mutex_exit_veneer>
100071a2:	2001      	movs	r0, #1
100071a4:	bd10      	pop	{r4, pc}
100071a6:	46c0      	nop			@ (mov r8, r8)

100071a8 <tu_fifo_set_overwritable>:
100071a8:	b570      	push	{r4, r5, r6, lr}
100071aa:	0004      	movs	r4, r0
100071ac:	68c0      	ldr	r0, [r0, #12]
100071ae:	000d      	movs	r5, r1
100071b0:	2800      	cmp	r0, #0
100071b2:	d003      	beq.n	100071bc <tu_fifo_set_overwritable+0x14>
100071b4:	2101      	movs	r1, #1
100071b6:	4249      	negs	r1, r1
100071b8:	f000 f96e 	bl	10007498 <__mutex_enter_timeout_ms_veneer>
100071bc:	6920      	ldr	r0, [r4, #16]
100071be:	2800      	cmp	r0, #0
100071c0:	d003      	beq.n	100071ca <tu_fifo_set_overwritable+0x22>
100071c2:	2101      	movs	r1, #1
100071c4:	4249      	negs	r1, r1
100071c6:	f000 f967 	bl	10007498 <__mutex_enter_timeout_ms_veneer>
100071ca:	217f      	movs	r1, #127	@ 0x7f
100071cc:	79e2      	ldrb	r2, [r4, #7]
100071ce:	01eb      	lsls	r3, r5, #7
100071d0:	4011      	ands	r1, r2
100071d2:	68e0      	ldr	r0, [r4, #12]
100071d4:	4319      	orrs	r1, r3
100071d6:	71e1      	strb	r1, [r4, #7]
100071d8:	2800      	cmp	r0, #0
100071da:	d001      	beq.n	100071e0 <tu_fifo_set_overwritable+0x38>
100071dc:	f000 f9a4 	bl	10007528 <__mutex_exit_veneer>
100071e0:	6920      	ldr	r0, [r4, #16]
100071e2:	2800      	cmp	r0, #0
100071e4:	d001      	beq.n	100071ea <tu_fifo_set_overwritable+0x42>
100071e6:	f000 f99f 	bl	10007528 <__mutex_exit_veneer>
100071ea:	2001      	movs	r0, #1
100071ec:	bd70      	pop	{r4, r5, r6, pc}
100071ee:	46c0      	nop			@ (mov r8, r8)

100071f0 <adc_init>:
100071f0:	2301      	movs	r3, #1
100071f2:	2101      	movs	r1, #1
100071f4:	4a08      	ldr	r2, [pc, #32]	@ (10007218 <adc_init+0x28>)
100071f6:	6013      	str	r3, [r2, #0]
100071f8:	4a08      	ldr	r2, [pc, #32]	@ (1000721c <adc_init+0x2c>)
100071fa:	6013      	str	r3, [r2, #0]
100071fc:	4a08      	ldr	r2, [pc, #32]	@ (10007220 <adc_init+0x30>)
100071fe:	0008      	movs	r0, r1
10007200:	6813      	ldr	r3, [r2, #0]
10007202:	4398      	bics	r0, r3
10007204:	d1fb      	bne.n	100071fe <adc_init+0xe>
10007206:	4a07      	ldr	r2, [pc, #28]	@ (10007224 <adc_init+0x34>)
10007208:	6011      	str	r1, [r2, #0]
1000720a:	2180      	movs	r1, #128	@ 0x80
1000720c:	0049      	lsls	r1, r1, #1
1000720e:	6813      	ldr	r3, [r2, #0]
10007210:	420b      	tst	r3, r1
10007212:	d0fc      	beq.n	1000720e <adc_init+0x1e>
10007214:	4770      	bx	lr
10007216:	46c0      	nop			@ (mov r8, r8)
10007218:	4000e000 	.word	0x4000e000
1000721c:	4000f000 	.word	0x4000f000
10007220:	4000c008 	.word	0x4000c008
10007224:	4004c000 	.word	0x4004c000

10007228 <i2c_write_blocking_internal.constprop.0>:
10007228:	b5f0      	push	{r4, r5, r6, r7, lr}
1000722a:	464e      	mov	r6, r9
1000722c:	4645      	mov	r5, r8
1000722e:	46de      	mov	lr, fp
10007230:	4657      	mov	r7, sl
10007232:	4684      	mov	ip, r0
10007234:	b5e0      	push	{r5, r6, r7, lr}
10007236:	b085      	sub	sp, #20
10007238:	4698      	mov	r8, r3
1000723a:	ab0e      	add	r3, sp, #56	@ 0x38
1000723c:	4691      	mov	r9, r2
1000723e:	781a      	ldrb	r2, [r3, #0]
10007240:	4663      	mov	r3, ip
10007242:	0008      	movs	r0, r1
10007244:	6819      	ldr	r1, [r3, #0]
10007246:	2300      	movs	r3, #0
10007248:	66cb      	str	r3, [r1, #108]	@ 0x6c
1000724a:	3301      	adds	r3, #1
1000724c:	6048      	str	r0, [r1, #4]
1000724e:	66cb      	str	r3, [r1, #108]	@ 0x6c
10007250:	4643      	mov	r3, r8
10007252:	9203      	str	r2, [sp, #12]
10007254:	2b00      	cmp	r3, #0
10007256:	dd4e      	ble.n	100072f6 <i2c_write_blocking_internal.constprop.0+0xce>
10007258:	2701      	movs	r7, #1
1000725a:	1e5e      	subs	r6, r3, #1
1000725c:	4663      	mov	r3, ip
1000725e:	2480      	movs	r4, #128	@ 0x80
10007260:	4057      	eors	r7, r2
10007262:	791a      	ldrb	r2, [r3, #4]
10007264:	46a2      	mov	sl, r4
10007266:	2580      	movs	r5, #128	@ 0x80
10007268:	464c      	mov	r4, r9
1000726a:	0292      	lsls	r2, r2, #10
1000726c:	2000      	movs	r0, #0
1000726e:	2310      	movs	r3, #16
10007270:	4691      	mov	r9, r2
10007272:	00ad      	lsls	r5, r5, #2
10007274:	9401      	str	r4, [sp, #4]
10007276:	1b84      	subs	r4, r0, r6
10007278:	4262      	negs	r2, r4
1000727a:	4162      	adcs	r2, r4
1000727c:	9c01      	ldr	r4, [sp, #4]
1000727e:	403a      	ands	r2, r7
10007280:	5c24      	ldrb	r4, [r4, r0]
10007282:	0252      	lsls	r2, r2, #9
10007284:	4322      	orrs	r2, r4
10007286:	464c      	mov	r4, r9
10007288:	4322      	orrs	r2, r4
1000728a:	9c01      	ldr	r4, [sp, #4]
1000728c:	610a      	str	r2, [r1, #16]
1000728e:	6b4a      	ldr	r2, [r1, #52]	@ 0x34
10007290:	4213      	tst	r3, r2
10007292:	d0fc      	beq.n	1000728e <i2c_write_blocking_internal.constprop.0+0x66>
10007294:	4652      	mov	r2, sl
10007296:	588a      	ldr	r2, [r1, r2]
10007298:	9401      	str	r4, [sp, #4]
1000729a:	4691      	mov	r9, r2
1000729c:	2a00      	cmp	r2, #0
1000729e:	d110      	bne.n	100072c2 <i2c_write_blocking_internal.constprop.0+0x9a>
100072a0:	42b0      	cmp	r0, r6
100072a2:	d023      	beq.n	100072ec <i2c_write_blocking_internal.constprop.0+0xc4>
100072a4:	2200      	movs	r2, #0
100072a6:	3001      	adds	r0, #1
100072a8:	4691      	mov	r9, r2
100072aa:	4580      	cmp	r8, r0
100072ac:	d1e3      	bne.n	10007276 <i2c_write_blocking_internal.constprop.0+0x4e>
100072ae:	4663      	mov	r3, ip
100072b0:	9a03      	ldr	r2, [sp, #12]
100072b2:	711a      	strb	r2, [r3, #4]
100072b4:	b005      	add	sp, #20
100072b6:	bcf0      	pop	{r4, r5, r6, r7}
100072b8:	46bb      	mov	fp, r7
100072ba:	46b2      	mov	sl, r6
100072bc:	46a9      	mov	r9, r5
100072be:	46a0      	mov	r8, r4
100072c0:	bdf0      	pop	{r4, r5, r6, r7, pc}
100072c2:	6d4a      	ldr	r2, [r1, #84]	@ 0x54
100072c4:	2201      	movs	r2, #1
100072c6:	4693      	mov	fp, r2
100072c8:	6b4a      	ldr	r2, [r1, #52]	@ 0x34
100072ca:	422a      	tst	r2, r5
100072cc:	d0fc      	beq.n	100072c8 <i2c_write_blocking_internal.constprop.0+0xa0>
100072ce:	6e0a      	ldr	r2, [r1, #96]	@ 0x60
100072d0:	465a      	mov	r2, fp
100072d2:	9401      	str	r4, [sp, #4]
100072d4:	2a00      	cmp	r2, #0
100072d6:	d0e5      	beq.n	100072a4 <i2c_write_blocking_internal.constprop.0+0x7c>
100072d8:	464c      	mov	r4, r9
100072da:	2c00      	cmp	r4, #0
100072dc:	d003      	beq.n	100072e6 <i2c_write_blocking_internal.constprop.0+0xbe>
100072de:	2309      	movs	r3, #9
100072e0:	4023      	ands	r3, r4
100072e2:	2b08      	cmp	r3, #8
100072e4:	d0e3      	beq.n	100072ae <i2c_write_blocking_internal.constprop.0+0x86>
100072e6:	2001      	movs	r0, #1
100072e8:	4240      	negs	r0, r0
100072ea:	e7e0      	b.n	100072ae <i2c_write_blocking_internal.constprop.0+0x86>
100072ec:	9a03      	ldr	r2, [sp, #12]
100072ee:	2a00      	cmp	r2, #0
100072f0:	d1d8      	bne.n	100072a4 <i2c_write_blocking_internal.constprop.0+0x7c>
100072f2:	4693      	mov	fp, r2
100072f4:	e7e8      	b.n	100072c8 <i2c_write_blocking_internal.constprop.0+0xa0>
100072f6:	2000      	movs	r0, #0
100072f8:	e7d9      	b.n	100072ae <i2c_write_blocking_internal.constprop.0+0x86>
100072fa:	46c0      	nop			@ (mov r8, r8)

100072fc <i2c_set_baudrate>:
100072fc:	b5f0      	push	{r4, r5, r6, r7, lr}
100072fe:	46d6      	mov	lr, sl
10007300:	464f      	mov	r7, r9
10007302:	4646      	mov	r6, r8
10007304:	4682      	mov	sl, r0
10007306:	b5c0      	push	{r6, r7, lr}
10007308:	2005      	movs	r0, #5
1000730a:	000c      	movs	r4, r1
1000730c:	f7fa fe70 	bl	10001ff0 <clock_get_hz>
10007310:	0005      	movs	r5, r0
10007312:	0860      	lsrs	r0, r4, #1
10007314:	0021      	movs	r1, r4
10007316:	1940      	adds	r0, r0, r5
10007318:	f7fb f8ca 	bl	100024b0 <__wrap___aeabi_uidiv>
1000731c:	0047      	lsls	r7, r0, #1
1000731e:	183f      	adds	r7, r7, r0
10007320:	0006      	movs	r6, r0
10007322:	2105      	movs	r1, #5
10007324:	0038      	movs	r0, r7
10007326:	f7fb f8c3 	bl	100024b0 <__wrap___aeabi_uidiv>
1000732a:	46a0      	mov	r8, r4
1000732c:	4b1c      	ldr	r3, [pc, #112]	@ (100073a0 <i2c_set_baudrate+0xa4>)
1000732e:	1a32      	subs	r2, r6, r0
10007330:	0004      	movs	r4, r0
10007332:	0068      	lsls	r0, r5, #1
10007334:	4691      	mov	r9, r2
10007336:	1940      	adds	r0, r0, r5
10007338:	4598      	cmp	r8, r3
1000733a:	d82b      	bhi.n	10007394 <i2c_set_baudrate+0x98>
1000733c:	4919      	ldr	r1, [pc, #100]	@ (100073a4 <i2c_set_baudrate+0xa8>)
1000733e:	f7fb f8b7 	bl	100024b0 <__wrap___aeabi_uidiv>
10007342:	3001      	adds	r0, #1
10007344:	4653      	mov	r3, sl
10007346:	2200      	movs	r2, #0
10007348:	681b      	ldr	r3, [r3, #0]
1000734a:	66da      	str	r2, [r3, #108]	@ 0x6c
1000734c:	6819      	ldr	r1, [r3, #0]
1000734e:	3204      	adds	r2, #4
10007350:	4051      	eors	r1, r2
10007352:	3202      	adds	r2, #2
10007354:	400a      	ands	r2, r1
10007356:	2180      	movs	r1, #128	@ 0x80
10007358:	0149      	lsls	r1, r1, #5
1000735a:	1859      	adds	r1, r3, r1
1000735c:	600a      	str	r2, [r1, #0]
1000735e:	464a      	mov	r2, r9
10007360:	61da      	str	r2, [r3, #28]
10007362:	2201      	movs	r2, #1
10007364:	621c      	str	r4, [r3, #32]
10007366:	2f4f      	cmp	r7, #79	@ 0x4f
10007368:	d900      	bls.n	1000736c <i2c_set_baudrate+0x70>
1000736a:	0922      	lsrs	r2, r4, #4
1000736c:	21a0      	movs	r1, #160	@ 0xa0
1000736e:	505a      	str	r2, [r3, r1]
10007370:	6fda      	ldr	r2, [r3, #124]	@ 0x7c
10007372:	0031      	movs	r1, r6
10007374:	4050      	eors	r0, r2
10007376:	4a0c      	ldr	r2, [pc, #48]	@ (100073a8 <i2c_set_baudrate+0xac>)
10007378:	0400      	lsls	r0, r0, #16
1000737a:	189a      	adds	r2, r3, r2
1000737c:	0c00      	lsrs	r0, r0, #16
1000737e:	6010      	str	r0, [r2, #0]
10007380:	2201      	movs	r2, #1
10007382:	0028      	movs	r0, r5
10007384:	66da      	str	r2, [r3, #108]	@ 0x6c
10007386:	f7fb f893 	bl	100024b0 <__wrap___aeabi_uidiv>
1000738a:	bce0      	pop	{r5, r6, r7}
1000738c:	46ba      	mov	sl, r7
1000738e:	46b1      	mov	r9, r6
10007390:	46a8      	mov	r8, r5
10007392:	bdf0      	pop	{r4, r5, r6, r7, pc}
10007394:	4905      	ldr	r1, [pc, #20]	@ (100073ac <i2c_set_baudrate+0xb0>)
10007396:	f7fb f88b 	bl	100024b0 <__wrap___aeabi_uidiv>
1000739a:	3001      	adds	r0, #1
1000739c:	e7d2      	b.n	10007344 <i2c_set_baudrate+0x48>
1000739e:	46c0      	nop			@ (mov r8, r8)
100073a0:	000f423f 	.word	0x000f423f
100073a4:	00989680 	.word	0x00989680
100073a8:	0000107c 	.word	0x0000107c
100073ac:	017d7840 	.word	0x017d7840

100073b0 <i2c_init>:
100073b0:	4a10      	ldr	r2, [pc, #64]	@ (100073f4 <i2c_init+0x44>)
100073b2:	b570      	push	{r4, r5, r6, lr}
100073b4:	1a82      	subs	r2, r0, r2
100073b6:	1e53      	subs	r3, r2, #1
100073b8:	419a      	sbcs	r2, r3
100073ba:	2307      	movs	r3, #7
100073bc:	4252      	negs	r2, r2
100073be:	439a      	bics	r2, r3
100073c0:	4b0d      	ldr	r3, [pc, #52]	@ (100073f8 <i2c_init+0x48>)
100073c2:	3210      	adds	r2, #16
100073c4:	601a      	str	r2, [r3, #0]
100073c6:	4b0d      	ldr	r3, [pc, #52]	@ (100073fc <i2c_init+0x4c>)
100073c8:	4c0d      	ldr	r4, [pc, #52]	@ (10007400 <i2c_init+0x50>)
100073ca:	601a      	str	r2, [r3, #0]
100073cc:	0015      	movs	r5, r2
100073ce:	6823      	ldr	r3, [r4, #0]
100073d0:	439d      	bics	r5, r3
100073d2:	1e2b      	subs	r3, r5, #0
100073d4:	d1fa      	bne.n	100073cc <i2c_init+0x1c>
100073d6:	2466      	movs	r4, #102	@ 0x66
100073d8:	6802      	ldr	r2, [r0, #0]
100073da:	34ff      	adds	r4, #255	@ 0xff
100073dc:	7105      	strb	r5, [r0, #4]
100073de:	66d5      	str	r5, [r2, #108]	@ 0x6c
100073e0:	6014      	str	r4, [r2, #0]
100073e2:	3c63      	subs	r4, #99	@ 0x63
100073e4:	3388      	adds	r3, #136	@ 0x88
100073e6:	3cff      	subs	r4, #255	@ 0xff
100073e8:	63d5      	str	r5, [r2, #60]	@ 0x3c
100073ea:	6395      	str	r5, [r2, #56]	@ 0x38
100073ec:	50d4      	str	r4, [r2, r3]
100073ee:	f7ff ff85 	bl	100072fc <i2c_set_baudrate>
100073f2:	bd70      	pop	{r4, r5, r6, pc}
100073f4:	20001028 	.word	0x20001028
100073f8:	4000e000 	.word	0x4000e000
100073fc:	4000f000 	.word	0x4000f000
10007400:	4000c008 	.word	0x4000c008

10007404 <i2c_write_blocking>:
10007404:	b510      	push	{r4, lr}
10007406:	b082      	sub	sp, #8
10007408:	466c      	mov	r4, sp
1000740a:	7c24      	ldrb	r4, [r4, #16]
1000740c:	9400      	str	r4, [sp, #0]
1000740e:	f7ff ff0b 	bl	10007228 <i2c_write_blocking_internal.constprop.0>
10007412:	b002      	add	sp, #8
10007414:	bd10      	pop	{r4, pc}
10007416:	46c0      	nop			@ (mov r8, r8)

10007418 <strlen>:
10007418:	0003      	movs	r3, r0
1000741a:	4684      	mov	ip, r0
1000741c:	079b      	lsls	r3, r3, #30
1000741e:	d00b      	beq.n	10007438 <strlen+0x20>
10007420:	0003      	movs	r3, r0
10007422:	2103      	movs	r1, #3
10007424:	e002      	b.n	1000742c <strlen+0x14>
10007426:	3301      	adds	r3, #1
10007428:	420b      	tst	r3, r1
1000742a:	d006      	beq.n	1000743a <strlen+0x22>
1000742c:	781a      	ldrb	r2, [r3, #0]
1000742e:	2a00      	cmp	r2, #0
10007430:	d1f9      	bne.n	10007426 <strlen+0xe>
10007432:	4662      	mov	r2, ip
10007434:	1a98      	subs	r0, r3, r2
10007436:	4770      	bx	lr
10007438:	0003      	movs	r3, r0
1000743a:	6819      	ldr	r1, [r3, #0]
1000743c:	4a0c      	ldr	r2, [pc, #48]	@ (10007470 <strlen+0x58>)
1000743e:	480d      	ldr	r0, [pc, #52]	@ (10007474 <strlen+0x5c>)
10007440:	188a      	adds	r2, r1, r2
10007442:	438a      	bics	r2, r1
10007444:	4202      	tst	r2, r0
10007446:	d10f      	bne.n	10007468 <strlen+0x50>
10007448:	6859      	ldr	r1, [r3, #4]
1000744a:	4a09      	ldr	r2, [pc, #36]	@ (10007470 <strlen+0x58>)
1000744c:	3304      	adds	r3, #4
1000744e:	188a      	adds	r2, r1, r2
10007450:	438a      	bics	r2, r1
10007452:	4202      	tst	r2, r0
10007454:	d108      	bne.n	10007468 <strlen+0x50>
10007456:	6859      	ldr	r1, [r3, #4]
10007458:	4a05      	ldr	r2, [pc, #20]	@ (10007470 <strlen+0x58>)
1000745a:	3304      	adds	r3, #4
1000745c:	188a      	adds	r2, r1, r2
1000745e:	438a      	bics	r2, r1
10007460:	4202      	tst	r2, r0
10007462:	d0f1      	beq.n	10007448 <strlen+0x30>
10007464:	e000      	b.n	10007468 <strlen+0x50>
10007466:	3301      	adds	r3, #1
10007468:	781a      	ldrb	r2, [r3, #0]
1000746a:	2a00      	cmp	r2, #0
1000746c:	d1fb      	bne.n	10007466 <strlen+0x4e>
1000746e:	e7e0      	b.n	10007432 <strlen+0x1a>
10007470:	fefefeff 	.word	0xfefefeff
10007474:	80808080 	.word	0x80808080

10007478 <__flash_do_cmd_cs_veneer>:
10007478:	b401      	push	{r0}
1000747a:	4802      	ldr	r0, [pc, #8]	@ (10007484 <__flash_do_cmd_cs_veneer+0xc>)
1000747c:	4684      	mov	ip, r0
1000747e:	bc01      	pop	{r0}
10007480:	4760      	bx	ip
10007482:	bf00      	nop
10007484:	20000289 	.word	0x20000289

10007488 <__e15_is_critical_frame_period_veneer>:
10007488:	b401      	push	{r0}
1000748a:	4802      	ldr	r0, [pc, #8]	@ (10007494 <__e15_is_critical_frame_period_veneer+0xc>)
1000748c:	4684      	mov	ip, r0
1000748e:	bc01      	pop	{r0}
10007490:	4760      	bx	ip
10007492:	bf00      	nop
10007494:	20000bb1 	.word	0x20000bb1

10007498 <__mutex_enter_timeout_ms_veneer>:
10007498:	b401      	push	{r0}
1000749a:	4802      	ldr	r0, [pc, #8]	@ (100074a4 <__mutex_enter_timeout_ms_veneer+0xc>)
1000749c:	4684      	mov	ip, r0
1000749e:	bc01      	pop	{r0}
100074a0:	4760      	bx	ip
100074a2:	bf00      	nop
100074a4:	20000199 	.word	0x20000199

100074a8 <__hw_endpoint_start_next_buffer_veneer>:
100074a8:	b401      	push	{r0}
100074aa:	4802      	ldr	r0, [pc, #8]	@ (100074b4 <__hw_endpoint_start_next_buffer_veneer+0xc>)
100074ac:	4684      	mov	ip, r0
100074ae:	bc01      	pop	{r0}
100074b0:	4760      	bx	ip
100074b2:	bf00      	nop
100074b4:	20000c3d 	.word	0x20000c3d

100074b8 <____aeabi_idiv0_veneer>:
100074b8:	b401      	push	{r0}
100074ba:	4802      	ldr	r0, [pc, #8]	@ (100074c4 <____aeabi_idiv0_veneer+0xc>)
100074bc:	4684      	mov	ip, r0
100074be:	bc01      	pop	{r0}
100074c0:	4760      	bx	ip
100074c2:	bf00      	nop
100074c4:	20000eb9 	.word	0x20000eb9

100074c8 <___hw_endpoint_buffer_control_update32_veneer>:
100074c8:	b401      	push	{r0}
100074ca:	4802      	ldr	r0, [pc, #8]	@ (100074d4 <___hw_endpoint_buffer_control_update32_veneer+0xc>)
100074cc:	4684      	mov	ip, r0
100074ce:	bc01      	pop	{r0}
100074d0:	4760      	bx	ip
100074d2:	bf00      	nop
100074d4:	20000bed 	.word	0x20000bed

100074d8 <__mutex_try_enter_veneer>:
100074d8:	b401      	push	{r0}
100074da:	4802      	ldr	r0, [pc, #8]	@ (100074e4 <__mutex_try_enter_veneer+0xc>)
100074dc:	4684      	mov	ip, r0
100074de:	bc01      	pop	{r0}
100074e0:	4760      	bx	ip
100074e2:	bf00      	nop
100074e4:	200000c1 	.word	0x200000c1

100074e8 <__mutex_try_enter_block_until_veneer>:
100074e8:	b401      	push	{r0}
100074ea:	4802      	ldr	r0, [pc, #8]	@ (100074f4 <__mutex_try_enter_block_until_veneer+0xc>)
100074ec:	4684      	mov	ip, r0
100074ee:	bc01      	pop	{r0}
100074f0:	4760      	bx	ip
100074f2:	bf00      	nop
100074f4:	20000165 	.word	0x20000165

100074f8 <__e15_is_bulkin_ep_veneer>:
100074f8:	b401      	push	{r0}
100074fa:	4802      	ldr	r0, [pc, #8]	@ (10007504 <__e15_is_bulkin_ep_veneer+0xc>)
100074fc:	4684      	mov	ip, r0
100074fe:	bc01      	pop	{r0}
10007500:	4760      	bx	ip
10007502:	bf00      	nop
10007504:	20000b89 	.word	0x20000b89

10007508 <__reset_non_control_endpoints_veneer>:
10007508:	b401      	push	{r0}
1000750a:	4802      	ldr	r0, [pc, #8]	@ (10007514 <__reset_non_control_endpoints_veneer+0xc>)
1000750c:	4684      	mov	ip, r0
1000750e:	bc01      	pop	{r0}
10007510:	4760      	bx	ip
10007512:	bf00      	nop
10007514:	200003d1 	.word	0x200003d1

10007518 <____aeabi_ldiv0_veneer>:
10007518:	b401      	push	{r0}
1000751a:	4802      	ldr	r0, [pc, #8]	@ (10007524 <____aeabi_ldiv0_veneer+0xc>)
1000751c:	4684      	mov	ip, r0
1000751e:	bc01      	pop	{r0}
10007520:	4760      	bx	ip
10007522:	bf00      	nop
10007524:	20000eb9 	.word	0x20000eb9

10007528 <__mutex_exit_veneer>:
10007528:	b401      	push	{r0}
1000752a:	4802      	ldr	r0, [pc, #8]	@ (10007534 <__mutex_exit_veneer+0xc>)
1000752c:	4684      	mov	ip, r0
1000752e:	bc01      	pop	{r0}
10007530:	4760      	bx	ip
10007532:	bf00      	nop
10007534:	200001d5 	.word	0x200001d5

10007538 <__pre_init_runtime_init_early_resets>:
10007538:	10002241                                A"..

1000753c <__pre_init_runtime_init_usb_power_down>:
1000753c:	1000226d 10002451 1000330d 10002af5     m"..Q$...3...*..
1000754c:	10003249                                I2..

10007550 <__pre_init_runtime_init_clocks>:
10007550:	10002379                                y#..

10007554 <__pre_init_runtime_init_post_clock_resets>:
10007554:	10002289                                ."..

10007558 <__pre_init_runtime_init_rp2040_gpio_ie_disable>:
10007558:	100022a9                                ."..

1000755c <__pre_init_runtime_init_spin_locks_reset>:
1000755c:	100022bd                                ."..

10007560 <__pre_init_runtime_init_mutex>:
10007560:	10001419                                ....

10007564 <__pre_init_runtime_init_install_ram_vector_table>:
10007564:	100022c5                                ."..

10007568 <__pre_init_runtime_init_default_alarm_pool>:
10007568:	100017d9                                ....

1000756c <__pre_init_first_per_core_initializer>:
1000756c:	10002209                                ."..

10007570 <__pre_init_runtime_init_per_core_irq_priorities>:
10007570:	10001055                                U...

10007574 <__init_array_start>:
10007574:	10005375 	.word	0x10005375

Disassembly of section .data:

200000c0 <mutex_try_enter>:
200000c0:	0003      	movs	r3, r0
200000c2:	6800      	ldr	r0, [r0, #0]
200000c4:	f3ef 8c10 	mrs	ip, PRIMASK
200000c8:	b672      	cpsid	i
200000ca:	6802      	ldr	r2, [r0, #0]
200000cc:	2a00      	cmp	r2, #0
200000ce:	d0fc      	beq.n	200000ca <mutex_try_enter+0xa>
200000d0:	f3bf 8f5f 	dmb	sy
200000d4:	2204      	movs	r2, #4
200000d6:	569a      	ldrsb	r2, [r3, r2]
200000d8:	2a00      	cmp	r2, #0
200000da:	db0b      	blt.n	200000f4 <mutex_try_enter+0x34>
200000dc:	2900      	cmp	r1, #0
200000de:	d000      	beq.n	200000e2 <mutex_try_enter+0x22>
200000e0:	600a      	str	r2, [r1, #0]
200000e2:	2000      	movs	r0, #0
200000e4:	681b      	ldr	r3, [r3, #0]
200000e6:	f3bf 8f5f 	dmb	sy
200000ea:	2200      	movs	r2, #0
200000ec:	601a      	str	r2, [r3, #0]
200000ee:	f38c 8810 	msr	PRIMASK, ip
200000f2:	4770      	bx	lr
200000f4:	22d0      	movs	r2, #208	@ 0xd0
200000f6:	0612      	lsls	r2, r2, #24
200000f8:	6812      	ldr	r2, [r2, #0]
200000fa:	2001      	movs	r0, #1
200000fc:	711a      	strb	r2, [r3, #4]
200000fe:	e7f1      	b.n	200000e4 <mutex_try_enter+0x24>

20000100 <mutex_enter_block_until>:
20000100:	b5f0      	push	{r4, r5, r6, r7, lr}
20000102:	001f      	movs	r7, r3
20000104:	23d0      	movs	r3, #208	@ 0xd0
20000106:	46c6      	mov	lr, r8
20000108:	061b      	lsls	r3, r3, #24
2000010a:	681b      	ldr	r3, [r3, #0]
2000010c:	0004      	movs	r4, r0
2000010e:	0016      	movs	r6, r2
20000110:	4698      	mov	r8, r3
20000112:	2500      	movs	r5, #0
20000114:	b500      	push	{lr}
20000116:	e00a      	b.n	2000012e <mutex_enter_block_until+0x2e>
20000118:	f3bf 8f5f 	dmb	sy
2000011c:	6015      	str	r5, [r2, #0]
2000011e:	f381 8810 	msr	PRIMASK, r1
20000122:	0030      	movs	r0, r6
20000124:	0039      	movs	r1, r7
20000126:	f000 fee3 	bl	20000ef0 <__best_effort_wfe_or_timeout_veneer>
2000012a:	2800      	cmp	r0, #0
2000012c:	d118      	bne.n	20000160 <mutex_enter_block_until+0x60>
2000012e:	6822      	ldr	r2, [r4, #0]
20000130:	f3ef 8110 	mrs	r1, PRIMASK
20000134:	b672      	cpsid	i
20000136:	6813      	ldr	r3, [r2, #0]
20000138:	2b00      	cmp	r3, #0
2000013a:	d0fc      	beq.n	20000136 <mutex_enter_block_until+0x36>
2000013c:	f3bf 8f5f 	dmb	sy
20000140:	7923      	ldrb	r3, [r4, #4]
20000142:	6822      	ldr	r2, [r4, #0]
20000144:	2b7f      	cmp	r3, #127	@ 0x7f
20000146:	d9e7      	bls.n	20000118 <mutex_enter_block_until+0x18>
20000148:	4643      	mov	r3, r8
2000014a:	7123      	strb	r3, [r4, #4]
2000014c:	f3bf 8f5f 	dmb	sy
20000150:	2300      	movs	r3, #0
20000152:	6013      	str	r3, [r2, #0]
20000154:	f381 8810 	msr	PRIMASK, r1
20000158:	2001      	movs	r0, #1
2000015a:	bc80      	pop	{r7}
2000015c:	46b8      	mov	r8, r7
2000015e:	bdf0      	pop	{r4, r5, r6, r7, pc}
20000160:	2000      	movs	r0, #0
20000162:	e7fa      	b.n	2000015a <mutex_enter_block_until+0x5a>

20000164 <mutex_try_enter_block_until>:
20000164:	b570      	push	{r4, r5, r6, lr}
20000166:	b082      	sub	sp, #8
20000168:	a901      	add	r1, sp, #4
2000016a:	0006      	movs	r6, r0
2000016c:	0014      	movs	r4, r2
2000016e:	001d      	movs	r5, r3
20000170:	f7ff ffa6 	bl	200000c0 <mutex_try_enter>
20000174:	2800      	cmp	r0, #0
20000176:	d107      	bne.n	20000188 <mutex_try_enter_block_until+0x24>
20000178:	22d0      	movs	r2, #208	@ 0xd0
2000017a:	0612      	lsls	r2, r2, #24
2000017c:	9b01      	ldr	r3, [sp, #4]
2000017e:	7812      	ldrb	r2, [r2, #0]
20000180:	b25b      	sxtb	r3, r3
20000182:	b252      	sxtb	r2, r2
20000184:	4293      	cmp	r3, r2
20000186:	d101      	bne.n	2000018c <mutex_try_enter_block_until+0x28>
20000188:	b002      	add	sp, #8
2000018a:	bd70      	pop	{r4, r5, r6, pc}
2000018c:	0022      	movs	r2, r4
2000018e:	002b      	movs	r3, r5
20000190:	0030      	movs	r0, r6
20000192:	f7ff ffb5 	bl	20000100 <mutex_enter_block_until>
20000196:	e7f7      	b.n	20000188 <mutex_try_enter_block_until+0x24>

20000198 <mutex_enter_timeout_ms>:
20000198:	b5f8      	push	{r3, r4, r5, r6, r7, lr}
2000019a:	000e      	movs	r6, r1
2000019c:	0007      	movs	r7, r0
2000019e:	f000 feaf 	bl	20000f00 <__time_us_64_veneer>
200001a2:	22fa      	movs	r2, #250	@ 0xfa
200001a4:	0004      	movs	r4, r0
200001a6:	000d      	movs	r5, r1
200001a8:	2300      	movs	r3, #0
200001aa:	0092      	lsls	r2, r2, #2
200001ac:	0030      	movs	r0, r6
200001ae:	2100      	movs	r1, #0
200001b0:	f000 fe8e 	bl	20000ed0 <____wrap___aeabi_lmul_veneer>
200001b4:	0022      	movs	r2, r4
200001b6:	002b      	movs	r3, r5
200001b8:	1812      	adds	r2, r2, r0
200001ba:	414b      	adcs	r3, r1
200001bc:	2b00      	cmp	r3, #0
200001be:	da02      	bge.n	200001c6 <mutex_enter_timeout_ms+0x2e>
200001c0:	2201      	movs	r2, #1
200001c2:	4b03      	ldr	r3, [pc, #12]	@ (200001d0 <mutex_enter_timeout_ms+0x38>)
200001c4:	4252      	negs	r2, r2
200001c6:	0038      	movs	r0, r7
200001c8:	f7ff ff9a 	bl	20000100 <mutex_enter_block_until>
200001cc:	bdf8      	pop	{r3, r4, r5, r6, r7, pc}
200001ce:	46c0      	nop			@ (mov r8, r8)
200001d0:	7fffffff 	.word	0x7fffffff

200001d4 <mutex_exit>:
200001d4:	6802      	ldr	r2, [r0, #0]
200001d6:	f3ef 8110 	mrs	r1, PRIMASK
200001da:	b672      	cpsid	i
200001dc:	6813      	ldr	r3, [r2, #0]
200001de:	2b00      	cmp	r3, #0
200001e0:	d0fc      	beq.n	200001dc <mutex_exit+0x8>
200001e2:	f3bf 8f5f 	dmb	sy
200001e6:	23ff      	movs	r3, #255	@ 0xff
200001e8:	7103      	strb	r3, [r0, #4]
200001ea:	6803      	ldr	r3, [r0, #0]
200001ec:	f3bf 8f5f 	dmb	sy
200001f0:	2200      	movs	r2, #0
200001f2:	601a      	str	r2, [r3, #0]
200001f4:	f381 8810 	msr	PRIMASK, r1
200001f8:	bf40      	sev
200001fa:	4770      	bx	lr

200001fc <flash_init_boot2_copyout>:
200001fc:	4b08      	ldr	r3, [pc, #32]	@ (20000220 <flash_init_boot2_copyout+0x24>)
200001fe:	469c      	mov	ip, r3
20000200:	781b      	ldrb	r3, [r3, #0]
20000202:	2b00      	cmp	r3, #0
20000204:	d10b      	bne.n	2000021e <flash_init_boot2_copyout+0x22>
20000206:	2380      	movs	r3, #128	@ 0x80
20000208:	4806      	ldr	r0, [pc, #24]	@ (20000224 <flash_init_boot2_copyout+0x28>)
2000020a:	4907      	ldr	r1, [pc, #28]	@ (20000228 <flash_init_boot2_copyout+0x2c>)
2000020c:	055b      	lsls	r3, r3, #21
2000020e:	681a      	ldr	r2, [r3, #0]
20000210:	50c2      	str	r2, [r0, r3]
20000212:	3304      	adds	r3, #4
20000214:	428b      	cmp	r3, r1
20000216:	d1fa      	bne.n	2000020e <flash_init_boot2_copyout+0x12>
20000218:	2301      	movs	r3, #1
2000021a:	4662      	mov	r2, ip
2000021c:	7013      	strb	r3, [r2, #0]
2000021e:	4770      	bx	lr
20000220:	20001d1f 	.word	0x20001d1f
20000224:	10001694 	.word	0x10001694
20000228:	10000100 	.word	0x10000100

2000022c <flash_enable_xip_via_boot2>:
2000022c:	b510      	push	{r4, lr}
2000022e:	4b01      	ldr	r3, [pc, #4]	@ (20000234 <flash_enable_xip_via_boot2+0x8>)
20000230:	4798      	blx	r3
20000232:	bd10      	pop	{r4, pc}
20000234:	20001695 	.word	0x20001695

20000238 <flash_save_hardware_state>:
20000238:	4b08      	ldr	r3, [pc, #32]	@ (2000025c <flash_save_hardware_state+0x24>)
2000023a:	685a      	ldr	r2, [r3, #4]
2000023c:	6042      	str	r2, [r0, #4]
2000023e:	689a      	ldr	r2, [r3, #8]
20000240:	6082      	str	r2, [r0, #8]
20000242:	68da      	ldr	r2, [r3, #12]
20000244:	60c2      	str	r2, [r0, #12]
20000246:	691a      	ldr	r2, [r3, #16]
20000248:	6102      	str	r2, [r0, #16]
2000024a:	695a      	ldr	r2, [r3, #20]
2000024c:	6142      	str	r2, [r0, #20]
2000024e:	699b      	ldr	r3, [r3, #24]
20000250:	6183      	str	r3, [r0, #24]
20000252:	23a0      	movs	r3, #160	@ 0xa0
20000254:	055b      	lsls	r3, r3, #21
20000256:	681b      	ldr	r3, [r3, #0]
20000258:	6003      	str	r3, [r0, #0]
2000025a:	4770      	bx	lr
2000025c:	40020000 	.word	0x40020000

20000260 <flash_restore_hardware_state>:
20000260:	6842      	ldr	r2, [r0, #4]
20000262:	4b08      	ldr	r3, [pc, #32]	@ (20000284 <flash_restore_hardware_state+0x24>)
20000264:	605a      	str	r2, [r3, #4]
20000266:	6882      	ldr	r2, [r0, #8]
20000268:	609a      	str	r2, [r3, #8]
2000026a:	68c2      	ldr	r2, [r0, #12]
2000026c:	60da      	str	r2, [r3, #12]
2000026e:	6902      	ldr	r2, [r0, #16]
20000270:	611a      	str	r2, [r3, #16]
20000272:	6942      	ldr	r2, [r0, #20]
20000274:	615a      	str	r2, [r3, #20]
20000276:	6982      	ldr	r2, [r0, #24]
20000278:	619a      	str	r2, [r3, #24]
2000027a:	23a0      	movs	r3, #160	@ 0xa0
2000027c:	6802      	ldr	r2, [r0, #0]
2000027e:	055b      	lsls	r3, r3, #21
20000280:	601a      	str	r2, [r3, #0]
20000282:	4770      	bx	lr
20000284:	40020000 	.word	0x40020000

20000288 <flash_do_cmd_cs>:
20000288:	b5f0      	push	{r4, r5, r6, r7, lr}
2000028a:	46d6      	mov	lr, sl
2000028c:	464f      	mov	r7, r9
2000028e:	4646      	mov	r6, r8
20000290:	2300      	movs	r3, #0
20000292:	b5c0      	push	{r6, r7, lr}
20000294:	2718      	movs	r7, #24
20000296:	b088      	sub	sp, #32
20000298:	001e      	movs	r6, r3
2000029a:	4681      	mov	r9, r0
2000029c:	000d      	movs	r5, r1
2000029e:	8a98      	ldrh	r0, [r3, #20]
200002a0:	4946      	ldr	r1, [pc, #280]	@ (200003bc <flash_do_cmd_cs+0x134>)
200002a2:	883b      	ldrh	r3, [r7, #0]
200002a4:	0014      	movs	r4, r2
200002a6:	4798      	blx	r3
200002a8:	883b      	ldrh	r3, [r7, #0]
200002aa:	4680      	mov	r8, r0
200002ac:	4944      	ldr	r1, [pc, #272]	@ (200003c0 <flash_do_cmd_cs+0x138>)
200002ae:	8ab0      	ldrh	r0, [r6, #20]
200002b0:	4798      	blx	r3
200002b2:	2300      	movs	r3, #0
200002b4:	4943      	ldr	r1, [pc, #268]	@ (200003c4 <flash_do_cmd_cs+0x13c>)
200002b6:	0006      	movs	r6, r0
200002b8:	8a98      	ldrh	r0, [r3, #20]
200002ba:	883b      	ldrh	r3, [r7, #0]
200002bc:	4798      	blx	r3
200002be:	4682      	mov	sl, r0
200002c0:	f7ff ff9c 	bl	200001fc <flash_init_boot2_copyout>
200002c4:	a801      	add	r0, sp, #4
200002c6:	f7ff ffb7 	bl	20000238 <flash_save_hardware_state>
200002ca:	47c0      	blx	r8
200002cc:	47b0      	blx	r6
200002ce:	4b3e      	ldr	r3, [pc, #248]	@ (200003c8 <flash_do_cmd_cs+0x140>)
200002d0:	0021      	movs	r1, r4
200002d2:	681a      	ldr	r2, [r3, #0]
200002d4:	2380      	movs	r3, #128	@ 0x80
200002d6:	009b      	lsls	r3, r3, #2
200002d8:	4053      	eors	r3, r2
200002da:	22c0      	movs	r2, #192	@ 0xc0
200002dc:	0092      	lsls	r2, r2, #2
200002de:	4013      	ands	r3, r2
200002e0:	4a3a      	ldr	r2, [pc, #232]	@ (200003cc <flash_do_cmd_cs+0x144>)
200002e2:	6013      	str	r3, [r2, #0]
200002e4:	2c00      	cmp	r4, #0
200002e6:	d01c      	beq.n	20000322 <flash_do_cmd_cs+0x9a>
200002e8:	2308      	movs	r3, #8
200002ea:	20c0      	movs	r0, #192	@ 0xc0
200002ec:	469c      	mov	ip, r3
200002ee:	0540      	lsls	r0, r0, #21
200002f0:	3f16      	subs	r7, #22
200002f2:	4662      	mov	r2, ip
200002f4:	6a83      	ldr	r3, [r0, #40]	@ 0x28
200002f6:	401a      	ands	r2, r3
200002f8:	421f      	tst	r7, r3
200002fa:	d039      	beq.n	20000370 <flash_do_cmd_cs+0xe8>
200002fc:	1a63      	subs	r3, r4, r1
200002fe:	2900      	cmp	r1, #0
20000300:	d12b      	bne.n	2000035a <flash_do_cmd_cs+0xd2>
20000302:	2a00      	cmp	r2, #0
20000304:	d10b      	bne.n	2000031e <flash_do_cmd_cs+0x96>
20000306:	2c00      	cmp	r4, #0
20000308:	d00b      	beq.n	20000322 <flash_do_cmd_cs+0x9a>
2000030a:	23c0      	movs	r3, #192	@ 0xc0
2000030c:	2208      	movs	r2, #8
2000030e:	2602      	movs	r6, #2
20000310:	055b      	lsls	r3, r3, #21
20000312:	6a9b      	ldr	r3, [r3, #40]	@ 0x28
20000314:	401a      	ands	r2, r3
20000316:	421e      	tst	r6, r3
20000318:	d042      	beq.n	200003a0 <flash_do_cmd_cs+0x118>
2000031a:	2a00      	cmp	r2, #0
2000031c:	d0f5      	beq.n	2000030a <flash_do_cmd_cs+0x82>
2000031e:	2c00      	cmp	r4, #0
20000320:	d130      	bne.n	20000384 <flash_do_cmd_cs+0xfc>
20000322:	4b29      	ldr	r3, [pc, #164]	@ (200003c8 <flash_do_cmd_cs+0x140>)
20000324:	681a      	ldr	r2, [r3, #0]
20000326:	23c0      	movs	r3, #192	@ 0xc0
20000328:	009b      	lsls	r3, r3, #2
2000032a:	4393      	bics	r3, r2
2000032c:	4a27      	ldr	r2, [pc, #156]	@ (200003cc <flash_do_cmd_cs+0x144>)
2000032e:	6013      	str	r3, [r2, #0]
20000330:	47d0      	blx	sl
20000332:	f7ff ff7b 	bl	2000022c <flash_enable_xip_via_boot2>
20000336:	a801      	add	r0, sp, #4
20000338:	f7ff ff92 	bl	20000260 <flash_restore_hardware_state>
2000033c:	b008      	add	sp, #32
2000033e:	bce0      	pop	{r5, r6, r7}
20000340:	46ba      	mov	sl, r7
20000342:	46b1      	mov	r9, r6
20000344:	46a8      	mov	r8, r5
20000346:	bdf0      	pop	{r4, r5, r6, r7, pc}
20000348:	2c00      	cmp	r4, #0
2000034a:	d12b      	bne.n	200003a4 <flash_do_cmd_cs+0x11c>
2000034c:	22c0      	movs	r2, #192	@ 0xc0
2000034e:	0552      	lsls	r2, r2, #21
20000350:	6a96      	ldr	r6, [r2, #40]	@ 0x28
20000352:	2208      	movs	r2, #8
20000354:	4032      	ands	r2, r6
20000356:	07b6      	lsls	r6, r6, #30
20000358:	d52b      	bpl.n	200003b2 <flash_do_cmd_cs+0x12a>
2000035a:	2b0d      	cmp	r3, #13
2000035c:	d919      	bls.n	20000392 <flash_do_cmd_cs+0x10a>
2000035e:	2a00      	cmp	r2, #0
20000360:	d1f2      	bne.n	20000348 <flash_do_cmd_cs+0xc0>
20000362:	22c0      	movs	r2, #192	@ 0xc0
20000364:	0552      	lsls	r2, r2, #21
20000366:	6a96      	ldr	r6, [r2, #40]	@ 0x28
20000368:	2208      	movs	r2, #8
2000036a:	4032      	ands	r2, r6
2000036c:	07b6      	lsls	r6, r6, #30
2000036e:	d4f4      	bmi.n	2000035a <flash_do_cmd_cs+0xd2>
20000370:	2a00      	cmp	r2, #0
20000372:	d104      	bne.n	2000037e <flash_do_cmd_cs+0xf6>
20000374:	000b      	movs	r3, r1
20000376:	4323      	orrs	r3, r4
20000378:	2b00      	cmp	r3, #0
2000037a:	d1ba      	bne.n	200002f2 <flash_do_cmd_cs+0x6a>
2000037c:	e7d1      	b.n	20000322 <flash_do_cmd_cs+0x9a>
2000037e:	000b      	movs	r3, r1
20000380:	2c00      	cmp	r4, #0
20000382:	d0f9      	beq.n	20000378 <flash_do_cmd_cs+0xf0>
20000384:	6e03      	ldr	r3, [r0, #96]	@ 0x60
20000386:	3c01      	subs	r4, #1
20000388:	702b      	strb	r3, [r5, #0]
2000038a:	0023      	movs	r3, r4
2000038c:	3501      	adds	r5, #1
2000038e:	430b      	orrs	r3, r1
20000390:	e7f2      	b.n	20000378 <flash_do_cmd_cs+0xf0>
20000392:	464b      	mov	r3, r9
20000394:	781b      	ldrb	r3, [r3, #0]
20000396:	3901      	subs	r1, #1
20000398:	6603      	str	r3, [r0, #96]	@ 0x60
2000039a:	2301      	movs	r3, #1
2000039c:	4499      	add	r9, r3
2000039e:	e7e7      	b.n	20000370 <flash_do_cmd_cs+0xe8>
200003a0:	2100      	movs	r1, #0
200003a2:	e7e5      	b.n	20000370 <flash_do_cmd_cs+0xe8>
200003a4:	23c0      	movs	r3, #192	@ 0xc0
200003a6:	055b      	lsls	r3, r3, #21
200003a8:	6e1b      	ldr	r3, [r3, #96]	@ 0x60
200003aa:	3c01      	subs	r4, #1
200003ac:	702b      	strb	r3, [r5, #0]
200003ae:	3501      	adds	r5, #1
200003b0:	e79f      	b.n	200002f2 <flash_do_cmd_cs+0x6a>
200003b2:	000b      	movs	r3, r1
200003b4:	42a2      	cmp	r2, r4
200003b6:	d1df      	bne.n	20000378 <flash_do_cmd_cs+0xf0>
200003b8:	e7dc      	b.n	20000374 <flash_do_cmd_cs+0xec>
200003ba:	46c0      	nop			@ (mov r8, r8)
200003bc:	00004649 	.word	0x00004649
200003c0:	00005845 	.word	0x00005845
200003c4:	00004346 	.word	0x00004346
200003c8:	4001800c 	.word	0x4001800c
200003cc:	4001900c 	.word	0x4001900c

200003d0 <reset_non_control_endpoints>:
200003d0:	2200      	movs	r2, #0
200003d2:	4b15      	ldr	r3, [pc, #84]	@ (20000428 <reset_non_control_endpoints+0x58>)
200003d4:	b510      	push	{r4, lr}
200003d6:	609a      	str	r2, [r3, #8]
200003d8:	60da      	str	r2, [r3, #12]
200003da:	611a      	str	r2, [r3, #16]
200003dc:	615a      	str	r2, [r3, #20]
200003de:	619a      	str	r2, [r3, #24]
200003e0:	61da      	str	r2, [r3, #28]
200003e2:	621a      	str	r2, [r3, #32]
200003e4:	625a      	str	r2, [r3, #36]	@ 0x24
200003e6:	629a      	str	r2, [r3, #40]	@ 0x28
200003e8:	62da      	str	r2, [r3, #44]	@ 0x2c
200003ea:	631a      	str	r2, [r3, #48]	@ 0x30
200003ec:	635a      	str	r2, [r3, #52]	@ 0x34
200003ee:	639a      	str	r2, [r3, #56]	@ 0x38
200003f0:	63da      	str	r2, [r3, #60]	@ 0x3c
200003f2:	641a      	str	r2, [r3, #64]	@ 0x40
200003f4:	645a      	str	r2, [r3, #68]	@ 0x44
200003f6:	649a      	str	r2, [r3, #72]	@ 0x48
200003f8:	64da      	str	r2, [r3, #76]	@ 0x4c
200003fa:	651a      	str	r2, [r3, #80]	@ 0x50
200003fc:	655a      	str	r2, [r3, #84]	@ 0x54
200003fe:	659a      	str	r2, [r3, #88]	@ 0x58
20000400:	65da      	str	r2, [r3, #92]	@ 0x5c
20000402:	661a      	str	r2, [r3, #96]	@ 0x60
20000404:	665a      	str	r2, [r3, #100]	@ 0x64
20000406:	669a      	str	r2, [r3, #104]	@ 0x68
20000408:	66da      	str	r2, [r3, #108]	@ 0x6c
2000040a:	671a      	str	r2, [r3, #112]	@ 0x70
2000040c:	675a      	str	r2, [r3, #116]	@ 0x74
2000040e:	679a      	str	r2, [r3, #120]	@ 0x78
20000410:	67da      	str	r2, [r3, #124]	@ 0x7c
20000412:	32f0      	adds	r2, #240	@ 0xf0
20000414:	0092      	lsls	r2, r2, #2
20000416:	2100      	movs	r1, #0
20000418:	4804      	ldr	r0, [pc, #16]	@ (2000042c <reset_non_control_endpoints+0x5c>)
2000041a:	f000 fd81 	bl	20000f20 <____wrap_memset_veneer>
2000041e:	4b04      	ldr	r3, [pc, #16]	@ (20000430 <reset_non_control_endpoints+0x60>)
20000420:	4a04      	ldr	r2, [pc, #16]	@ (20000434 <reset_non_control_endpoints+0x64>)
20000422:	601a      	str	r2, [r3, #0]
20000424:	bd10      	pop	{r4, pc}
20000426:	46c0      	nop			@ (mov r8, r8)
20000428:	50100000 	.word	0x50100000
2000042c:	20001840 	.word	0x20001840
20000430:	20001c0c 	.word	0x20001c0c
20000434:	50100180 	.word	0x50100180

20000438 <hw_handle_buff_status>:
20000438:	b5f0      	push	{r4, r5, r6, r7, lr}
2000043a:	4647      	mov	r7, r8
2000043c:	46ce      	mov	lr, r9
2000043e:	b580      	push	{r7, lr}
20000440:	4b1c      	ldr	r3, [pc, #112]	@ (200004b4 <hw_handle_buff_status+0x7c>)
20000442:	2400      	movs	r4, #0
20000444:	6d9f      	ldr	r7, [r3, #88]	@ 0x58
20000446:	2601      	movs	r6, #1
20000448:	b085      	sub	sp, #20
2000044a:	2f00      	cmp	r7, #0
2000044c:	d01b      	beq.n	20000486 <hw_handle_buff_status+0x4e>
2000044e:	4b1a      	ldr	r3, [pc, #104]	@ (200004b8 <hw_handle_buff_status+0x80>)
20000450:	4698      	mov	r8, r3
20000452:	4b1a      	ldr	r3, [pc, #104]	@ (200004bc <hw_handle_buff_status+0x84>)
20000454:	4699      	mov	r9, r3
20000456:	e004      	b.n	20000462 <hw_handle_buff_status+0x2a>
20000458:	3401      	adds	r4, #1
2000045a:	b2e4      	uxtb	r4, r4
2000045c:	0076      	lsls	r6, r6, #1
2000045e:	2c20      	cmp	r4, #32
20000460:	d011      	beq.n	20000486 <hw_handle_buff_status+0x4e>
20000462:	423e      	tst	r6, r7
20000464:	d0f8      	beq.n	20000458 <hw_handle_buff_status+0x20>
20000466:	4643      	mov	r3, r8
20000468:	659e      	str	r6, [r3, #88]	@ 0x58
2000046a:	2301      	movs	r3, #1
2000046c:	0865      	lsrs	r5, r4, #1
2000046e:	006d      	lsls	r5, r5, #1
20000470:	43a3      	bics	r3, r4
20000472:	18ed      	adds	r5, r5, r3
20000474:	016d      	lsls	r5, r5, #5
20000476:	444d      	add	r5, r9
20000478:	0028      	movs	r0, r5
2000047a:	f000 fc13 	bl	20000ca4 <hw_endpoint_xfer_continue>
2000047e:	2800      	cmp	r0, #0
20000480:	d106      	bne.n	20000490 <hw_handle_buff_status+0x58>
20000482:	43b7      	bics	r7, r6
20000484:	d1e8      	bne.n	20000458 <hw_handle_buff_status+0x20>
20000486:	b005      	add	sp, #20
20000488:	bcc0      	pop	{r6, r7}
2000048a:	46b9      	mov	r9, r7
2000048c:	46b0      	mov	r8, r6
2000048e:	bdf0      	pop	{r4, r5, r6, r7, pc}
20000490:	8aeb      	ldrh	r3, [r5, #22]
20000492:	21e0      	movs	r1, #224	@ 0xe0
20000494:	9303      	str	r3, [sp, #12]
20000496:	2300      	movs	r3, #0
20000498:	a801      	add	r0, sp, #4
2000049a:	78aa      	ldrb	r2, [r5, #2]
2000049c:	00c9      	lsls	r1, r1, #3
2000049e:	8001      	strh	r1, [r0, #0]
200004a0:	2101      	movs	r1, #1
200004a2:	7102      	strb	r2, [r0, #4]
200004a4:	7143      	strb	r3, [r0, #5]
200004a6:	f000 fc1d 	bl	20000ce4 <dcd_event_handler>
200004aa:	0028      	movs	r0, r5
200004ac:	f000 fb98 	bl	20000be0 <hw_endpoint_reset_transfer>
200004b0:	e7e7      	b.n	20000482 <hw_handle_buff_status+0x4a>
200004b2:	46c0      	nop			@ (mov r8, r8)
200004b4:	50110000 	.word	0x50110000
200004b8:	50113000 	.word	0x50113000
200004bc:	20001800 	.word	0x20001800

200004c0 <dcd_rp2040_irq>:
200004c0:	2398      	movs	r3, #152	@ 0x98
200004c2:	4ac6      	ldr	r2, [pc, #792]	@ (200007dc <dcd_rp2040_irq+0x31c>)
200004c4:	b5f0      	push	{r4, r5, r6, r7, lr}
200004c6:	58d5      	ldr	r5, [r2, r3]
200004c8:	2380      	movs	r3, #128	@ 0x80
200004ca:	002e      	movs	r6, r5
200004cc:	029b      	lsls	r3, r3, #10
200004ce:	2410      	movs	r4, #16
200004d0:	b085      	sub	sp, #20
200004d2:	401e      	ands	r6, r3
200004d4:	421d      	tst	r5, r3
200004d6:	d074      	beq.n	200005c2 <dcd_rp2040_irq+0x102>
200004d8:	4bc1      	ldr	r3, [pc, #772]	@ (200007e0 <dcd_rp2040_irq+0x320>)
200004da:	4cc2      	ldr	r4, [pc, #776]	@ (200007e4 <dcd_rp2040_irq+0x324>)
200004dc:	6a9a      	ldr	r2, [r3, #40]	@ 0x28
200004de:	4bc2      	ldr	r3, [pc, #776]	@ (200007e8 <dcd_rp2040_irq+0x328>)
200004e0:	2600      	movs	r6, #0
200004e2:	601a      	str	r2, [r3, #0]
200004e4:	233b      	movs	r3, #59	@ 0x3b
200004e6:	5ce3      	ldrb	r3, [r4, r3]
200004e8:	2b02      	cmp	r3, #2
200004ea:	d100      	bne.n	200004ee <dcd_rp2040_irq+0x2e>
200004ec:	e14b      	b.n	20000786 <dcd_rp2040_irq+0x2c6>
200004ee:	237b      	movs	r3, #123	@ 0x7b
200004f0:	5ce3      	ldrb	r3, [r4, r3]
200004f2:	2b02      	cmp	r3, #2
200004f4:	d100      	bne.n	200004f8 <dcd_rp2040_irq+0x38>
200004f6:	e0ef      	b.n	200006d8 <dcd_rp2040_irq+0x218>
200004f8:	23bb      	movs	r3, #187	@ 0xbb
200004fa:	5ce3      	ldrb	r3, [r4, r3]
200004fc:	2b02      	cmp	r3, #2
200004fe:	d100      	bne.n	20000502 <dcd_rp2040_irq+0x42>
20000500:	e0f6      	b.n	200006f0 <dcd_rp2040_irq+0x230>
20000502:	23fb      	movs	r3, #251	@ 0xfb
20000504:	5ce3      	ldrb	r3, [r4, r3]
20000506:	2b02      	cmp	r3, #2
20000508:	d100      	bne.n	2000050c <dcd_rp2040_irq+0x4c>
2000050a:	e0fd      	b.n	20000708 <dcd_rp2040_irq+0x248>
2000050c:	233c      	movs	r3, #60	@ 0x3c
2000050e:	33ff      	adds	r3, #255	@ 0xff
20000510:	5ce3      	ldrb	r3, [r4, r3]
20000512:	2b02      	cmp	r3, #2
20000514:	d100      	bne.n	20000518 <dcd_rp2040_irq+0x58>
20000516:	e129      	b.n	2000076c <dcd_rp2040_irq+0x2ac>
20000518:	237c      	movs	r3, #124	@ 0x7c
2000051a:	33ff      	adds	r3, #255	@ 0xff
2000051c:	5ce3      	ldrb	r3, [r4, r3]
2000051e:	2b02      	cmp	r3, #2
20000520:	d100      	bne.n	20000524 <dcd_rp2040_irq+0x64>
20000522:	e10a      	b.n	2000073a <dcd_rp2040_irq+0x27a>
20000524:	23bc      	movs	r3, #188	@ 0xbc
20000526:	33ff      	adds	r3, #255	@ 0xff
20000528:	5ce3      	ldrb	r3, [r4, r3]
2000052a:	2b02      	cmp	r3, #2
2000052c:	d100      	bne.n	20000530 <dcd_rp2040_irq+0x70>
2000052e:	e13b      	b.n	200007a8 <dcd_rp2040_irq+0x2e8>
20000530:	23fc      	movs	r3, #252	@ 0xfc
20000532:	33ff      	adds	r3, #255	@ 0xff
20000534:	5ce3      	ldrb	r3, [r4, r3]
20000536:	2b02      	cmp	r3, #2
20000538:	d100      	bne.n	2000053c <dcd_rp2040_irq+0x7c>
2000053a:	e0f1      	b.n	20000720 <dcd_rp2040_irq+0x260>
2000053c:	4bab      	ldr	r3, [pc, #684]	@ (200007ec <dcd_rp2040_irq+0x32c>)
2000053e:	5ce3      	ldrb	r3, [r4, r3]
20000540:	2b02      	cmp	r3, #2
20000542:	d100      	bne.n	20000546 <dcd_rp2040_irq+0x86>
20000544:	e170      	b.n	20000828 <dcd_rp2040_irq+0x368>
20000546:	4baa      	ldr	r3, [pc, #680]	@ (200007f0 <dcd_rp2040_irq+0x330>)
20000548:	5ce3      	ldrb	r3, [r4, r3]
2000054a:	2b02      	cmp	r3, #2
2000054c:	d100      	bne.n	20000550 <dcd_rp2040_irq+0x90>
2000054e:	e101      	b.n	20000754 <dcd_rp2040_irq+0x294>
20000550:	4ba8      	ldr	r3, [pc, #672]	@ (200007f4 <dcd_rp2040_irq+0x334>)
20000552:	5ce3      	ldrb	r3, [r4, r3]
20000554:	2b02      	cmp	r3, #2
20000556:	d100      	bne.n	2000055a <dcd_rp2040_irq+0x9a>
20000558:	e171      	b.n	2000083e <dcd_rp2040_irq+0x37e>
2000055a:	4ba7      	ldr	r3, [pc, #668]	@ (200007f8 <dcd_rp2040_irq+0x338>)
2000055c:	5ce3      	ldrb	r3, [r4, r3]
2000055e:	2b02      	cmp	r3, #2
20000560:	d100      	bne.n	20000564 <dcd_rp2040_irq+0xa4>
20000562:	e12e      	b.n	200007c2 <dcd_rp2040_irq+0x302>
20000564:	4ba5      	ldr	r3, [pc, #660]	@ (200007fc <dcd_rp2040_irq+0x33c>)
20000566:	5ce3      	ldrb	r3, [r4, r3]
20000568:	2b02      	cmp	r3, #2
2000056a:	d100      	bne.n	2000056e <dcd_rp2040_irq+0xae>
2000056c:	e19c      	b.n	200008a8 <dcd_rp2040_irq+0x3e8>
2000056e:	4ba4      	ldr	r3, [pc, #656]	@ (20000800 <dcd_rp2040_irq+0x340>)
20000570:	5ce3      	ldrb	r3, [r4, r3]
20000572:	2b02      	cmp	r3, #2
20000574:	d100      	bne.n	20000578 <dcd_rp2040_irq+0xb8>
20000576:	e16d      	b.n	20000854 <dcd_rp2040_irq+0x394>
20000578:	4ba2      	ldr	r3, [pc, #648]	@ (20000804 <dcd_rp2040_irq+0x344>)
2000057a:	5ce3      	ldrb	r3, [r4, r3]
2000057c:	2b02      	cmp	r3, #2
2000057e:	d100      	bne.n	20000582 <dcd_rp2040_irq+0xc2>
20000580:	e19d      	b.n	200008be <dcd_rp2040_irq+0x3fe>
20000582:	4ba1      	ldr	r3, [pc, #644]	@ (20000808 <dcd_rp2040_irq+0x348>)
20000584:	5ce3      	ldrb	r3, [r4, r3]
20000586:	2b02      	cmp	r3, #2
20000588:	d100      	bne.n	2000058c <dcd_rp2040_irq+0xcc>
2000058a:	e17b      	b.n	20000884 <dcd_rp2040_irq+0x3c4>
2000058c:	2e00      	cmp	r6, #0
2000058e:	d108      	bne.n	200005a2 <dcd_rp2040_irq+0xe2>
20000590:	4b9e      	ldr	r3, [pc, #632]	@ (2000080c <dcd_rp2040_irq+0x34c>)
20000592:	781b      	ldrb	r3, [r3, #0]
20000594:	2b00      	cmp	r3, #0
20000596:	d104      	bne.n	200005a2 <dcd_rp2040_irq+0xe2>
20000598:	2180      	movs	r1, #128	@ 0x80
2000059a:	4a9d      	ldr	r2, [pc, #628]	@ (20000810 <dcd_rp2040_irq+0x350>)
2000059c:	3390      	adds	r3, #144	@ 0x90
2000059e:	0289      	lsls	r1, r1, #10
200005a0:	50d1      	str	r1, [r2, r3]
200005a2:	22c0      	movs	r2, #192	@ 0xc0
200005a4:	4669      	mov	r1, sp
200005a6:	4b8d      	ldr	r3, [pc, #564]	@ (200007dc <dcd_rp2040_irq+0x31c>)
200005a8:	0092      	lsls	r2, r2, #2
200005aa:	6c9b      	ldr	r3, [r3, #72]	@ 0x48
200005ac:	2680      	movs	r6, #128	@ 0x80
200005ae:	055b      	lsls	r3, r3, #21
200005b0:	808a      	strh	r2, [r1, #4]
200005b2:	0d5b      	lsrs	r3, r3, #21
200005b4:	2101      	movs	r1, #1
200005b6:	a801      	add	r0, sp, #4
200005b8:	9302      	str	r3, [sp, #8]
200005ba:	f000 fb93 	bl	20000ce4 <dcd_event_handler>
200005be:	4c95      	ldr	r4, [pc, #596]	@ (20000814 <dcd_rp2040_irq+0x354>)
200005c0:	02b6      	lsls	r6, r6, #10
200005c2:	06eb      	lsls	r3, r5, #27
200005c4:	d500      	bpl.n	200005c8 <dcd_rp2040_irq+0x108>
200005c6:	e07b      	b.n	200006c0 <dcd_rp2040_irq+0x200>
200005c8:	2380      	movs	r3, #128	@ 0x80
200005ca:	025b      	lsls	r3, r3, #9
200005cc:	421d      	tst	r5, r3
200005ce:	d02f      	beq.n	20000630 <dcd_rp2040_irq+0x170>
200005d0:	2402      	movs	r4, #2
200005d2:	4f84      	ldr	r7, [pc, #528]	@ (200007e4 <dcd_rp2040_irq+0x324>)
200005d4:	431e      	orrs	r6, r3
200005d6:	7ebb      	ldrb	r3, [r7, #26]
200005d8:	2b00      	cmp	r3, #0
200005da:	d014      	beq.n	20000606 <dcd_rp2040_irq+0x146>
200005dc:	f000 fca8 	bl	20000f30 <__rp2040_chip_version_veneer>
200005e0:	2801      	cmp	r0, #1
200005e2:	d900      	bls.n	200005e6 <dcd_rp2040_irq+0x126>
200005e4:	e070      	b.n	200006c8 <dcd_rp2040_irq+0x208>
200005e6:	22c0      	movs	r2, #192	@ 0xc0
200005e8:	2100      	movs	r1, #0
200005ea:	0038      	movs	r0, r7
200005ec:	0192      	lsls	r2, r2, #6
200005ee:	f000 fafd 	bl	20000bec <_hw_endpoint_buffer_control_update32>
200005f2:	0038      	movs	r0, r7
200005f4:	f000 faf4 	bl	20000be0 <hw_endpoint_reset_transfer>
200005f8:	f000 fc9a 	bl	20000f30 <__rp2040_chip_version_veneer>
200005fc:	2801      	cmp	r0, #1
200005fe:	d902      	bls.n	20000606 <dcd_rp2040_irq+0x146>
20000600:	4b83      	ldr	r3, [pc, #524]	@ (20000810 <dcd_rp2040_irq+0x350>)
20000602:	665c      	str	r4, [r3, #100]	@ 0x64
20000604:	661c      	str	r4, [r3, #96]	@ 0x60
20000606:	2301      	movs	r3, #1
20000608:	70fb      	strb	r3, [r7, #3]
2000060a:	3720      	adds	r7, #32
2000060c:	2c01      	cmp	r4, #1
2000060e:	d120      	bne.n	20000652 <dcd_rp2040_irq+0x192>
20000610:	23c0      	movs	r3, #192	@ 0xc0
20000612:	466a      	mov	r2, sp
20000614:	00db      	lsls	r3, r3, #3
20000616:	8093      	strh	r3, [r2, #4]
20000618:	4a7f      	ldr	r2, [pc, #508]	@ (20000818 <dcd_rp2040_irq+0x358>)
2000061a:	ab02      	add	r3, sp, #8
2000061c:	ca03      	ldmia	r2!, {r0, r1}
2000061e:	c303      	stmia	r3!, {r0, r1}
20000620:	2101      	movs	r1, #1
20000622:	a801      	add	r0, sp, #4
20000624:	f000 fb5e 	bl	20000ce4 <dcd_event_handler>
20000628:	2280      	movs	r2, #128	@ 0x80
2000062a:	4b79      	ldr	r3, [pc, #484]	@ (20000810 <dcd_rp2040_irq+0x350>)
2000062c:	0292      	lsls	r2, r2, #10
2000062e:	651a      	str	r2, [r3, #80]	@ 0x50
20000630:	2380      	movs	r3, #128	@ 0x80
20000632:	015b      	lsls	r3, r3, #5
20000634:	421d      	tst	r5, r3
20000636:	d10e      	bne.n	20000656 <dcd_rp2040_irq+0x196>
20000638:	2380      	movs	r3, #128	@ 0x80
2000063a:	01db      	lsls	r3, r3, #7
2000063c:	421d      	tst	r5, r3
2000063e:	d121      	bne.n	20000684 <dcd_rp2040_irq+0x1c4>
20000640:	2380      	movs	r3, #128	@ 0x80
20000642:	021b      	lsls	r3, r3, #8
20000644:	421d      	tst	r5, r3
20000646:	d12d      	bne.n	200006a4 <dcd_rp2040_irq+0x1e4>
20000648:	42ae      	cmp	r6, r5
2000064a:	d000      	beq.n	2000064e <dcd_rp2040_irq+0x18e>
2000064c:	e1be      	b.n	200009cc <dcd_rp2040_irq+0x50c>
2000064e:	b005      	add	sp, #20
20000650:	bdf0      	pop	{r4, r5, r6, r7, pc}
20000652:	2401      	movs	r4, #1
20000654:	e7bf      	b.n	200005d6 <dcd_rp2040_irq+0x116>
20000656:	2400      	movs	r4, #0
20000658:	431e      	orrs	r6, r3
2000065a:	4b60      	ldr	r3, [pc, #384]	@ (200007dc <dcd_rp2040_irq+0x31c>)
2000065c:	601c      	str	r4, [r3, #0]
2000065e:	f7ff feb7 	bl	200003d0 <reset_non_control_endpoints>
20000662:	2380      	movs	r3, #128	@ 0x80
20000664:	466a      	mov	r2, sp
20000666:	005b      	lsls	r3, r3, #1
20000668:	8093      	strh	r3, [r2, #4]
2000066a:	7214      	strb	r4, [r2, #8]
2000066c:	2101      	movs	r1, #1
2000066e:	a801      	add	r0, sp, #4
20000670:	f000 fb38 	bl	20000ce4 <dcd_event_handler>
20000674:	2280      	movs	r2, #128	@ 0x80
20000676:	4b66      	ldr	r3, [pc, #408]	@ (20000810 <dcd_rp2040_irq+0x350>)
20000678:	0312      	lsls	r2, r2, #12
2000067a:	651a      	str	r2, [r3, #80]	@ 0x50
2000067c:	2380      	movs	r3, #128	@ 0x80
2000067e:	01db      	lsls	r3, r3, #7
20000680:	421d      	tst	r5, r3
20000682:	d0dd      	beq.n	20000640 <dcd_rp2040_irq+0x180>
20000684:	431e      	orrs	r6, r3
20000686:	2380      	movs	r3, #128	@ 0x80
20000688:	466a      	mov	r2, sp
2000068a:	00db      	lsls	r3, r3, #3
2000068c:	8093      	strh	r3, [r2, #4]
2000068e:	2101      	movs	r1, #1
20000690:	a801      	add	r0, sp, #4
20000692:	f000 fb27 	bl	20000ce4 <dcd_event_handler>
20000696:	2210      	movs	r2, #16
20000698:	4b5d      	ldr	r3, [pc, #372]	@ (20000810 <dcd_rp2040_irq+0x350>)
2000069a:	651a      	str	r2, [r3, #80]	@ 0x50
2000069c:	2380      	movs	r3, #128	@ 0x80
2000069e:	021b      	lsls	r3, r3, #8
200006a0:	421d      	tst	r5, r3
200006a2:	d0d1      	beq.n	20000648 <dcd_rp2040_irq+0x188>
200006a4:	431e      	orrs	r6, r3
200006a6:	23a0      	movs	r3, #160	@ 0xa0
200006a8:	466a      	mov	r2, sp
200006aa:	00db      	lsls	r3, r3, #3
200006ac:	8093      	strh	r3, [r2, #4]
200006ae:	2101      	movs	r1, #1
200006b0:	a801      	add	r0, sp, #4
200006b2:	f000 fb17 	bl	20000ce4 <dcd_event_handler>
200006b6:	2280      	movs	r2, #128	@ 0x80
200006b8:	4b55      	ldr	r3, [pc, #340]	@ (20000810 <dcd_rp2040_irq+0x350>)
200006ba:	0112      	lsls	r2, r2, #4
200006bc:	651a      	str	r2, [r3, #80]	@ 0x50
200006be:	e7c3      	b.n	20000648 <dcd_rp2040_irq+0x188>
200006c0:	f7ff feba 	bl	20000438 <hw_handle_buff_status>
200006c4:	0026      	movs	r6, r4
200006c6:	e77f      	b.n	200005c8 <dcd_rp2040_irq+0x108>
200006c8:	4b54      	ldr	r3, [pc, #336]	@ (2000081c <dcd_rp2040_irq+0x35c>)
200006ca:	4a44      	ldr	r2, [pc, #272]	@ (200007dc <dcd_rp2040_irq+0x31c>)
200006cc:	661c      	str	r4, [r3, #96]	@ 0x60
200006ce:	6e53      	ldr	r3, [r2, #100]	@ 0x64
200006d0:	4023      	ands	r3, r4
200006d2:	42a3      	cmp	r3, r4
200006d4:	d1fb      	bne.n	200006ce <dcd_rp2040_irq+0x20e>
200006d6:	e786      	b.n	200005e6 <dcd_rp2040_irq+0x126>
200006d8:	3378      	adds	r3, #120	@ 0x78
200006da:	5ce7      	ldrb	r7, [r4, r3]
200006dc:	2f00      	cmp	r7, #0
200006de:	d100      	bne.n	200006e2 <dcd_rp2040_irq+0x222>
200006e0:	e70a      	b.n	200004f8 <dcd_rp2040_irq+0x38>
200006e2:	3302      	adds	r3, #2
200006e4:	5ce2      	ldrb	r2, [r4, r3]
200006e6:	2a00      	cmp	r2, #0
200006e8:	d000      	beq.n	200006ec <dcd_rp2040_irq+0x22c>
200006ea:	e10d      	b.n	20000908 <dcd_rp2040_irq+0x448>
200006ec:	003e      	movs	r6, r7
200006ee:	e703      	b.n	200004f8 <dcd_rp2040_irq+0x38>
200006f0:	33b8      	adds	r3, #184	@ 0xb8
200006f2:	5ce7      	ldrb	r7, [r4, r3]
200006f4:	2f00      	cmp	r7, #0
200006f6:	d100      	bne.n	200006fa <dcd_rp2040_irq+0x23a>
200006f8:	e703      	b.n	20000502 <dcd_rp2040_irq+0x42>
200006fa:	3302      	adds	r3, #2
200006fc:	5ce2      	ldrb	r2, [r4, r3]
200006fe:	2a00      	cmp	r2, #0
20000700:	d000      	beq.n	20000704 <dcd_rp2040_irq+0x244>
20000702:	e0f9      	b.n	200008f8 <dcd_rp2040_irq+0x438>
20000704:	003e      	movs	r6, r7
20000706:	e6fc      	b.n	20000502 <dcd_rp2040_irq+0x42>
20000708:	33f8      	adds	r3, #248	@ 0xf8
2000070a:	5ce7      	ldrb	r7, [r4, r3]
2000070c:	2f00      	cmp	r7, #0
2000070e:	d100      	bne.n	20000712 <dcd_rp2040_irq+0x252>
20000710:	e6fc      	b.n	2000050c <dcd_rp2040_irq+0x4c>
20000712:	3302      	adds	r3, #2
20000714:	5ce2      	ldrb	r2, [r4, r3]
20000716:	2a00      	cmp	r2, #0
20000718:	d000      	beq.n	2000071c <dcd_rp2040_irq+0x25c>
2000071a:	e141      	b.n	200009a0 <dcd_rp2040_irq+0x4e0>
2000071c:	003e      	movs	r6, r7
2000071e:	e6f5      	b.n	2000050c <dcd_rp2040_irq+0x4c>
20000720:	33f9      	adds	r3, #249	@ 0xf9
20000722:	33ff      	adds	r3, #255	@ 0xff
20000724:	5ce7      	ldrb	r7, [r4, r3]
20000726:	2f00      	cmp	r7, #0
20000728:	d100      	bne.n	2000072c <dcd_rp2040_irq+0x26c>
2000072a:	e707      	b.n	2000053c <dcd_rp2040_irq+0x7c>
2000072c:	3302      	adds	r3, #2
2000072e:	5ce2      	ldrb	r2, [r4, r3]
20000730:	2a00      	cmp	r2, #0
20000732:	d000      	beq.n	20000736 <dcd_rp2040_irq+0x276>
20000734:	e12b      	b.n	2000098e <dcd_rp2040_irq+0x4ce>
20000736:	003e      	movs	r6, r7
20000738:	e700      	b.n	2000053c <dcd_rp2040_irq+0x7c>
2000073a:	3379      	adds	r3, #121	@ 0x79
2000073c:	33ff      	adds	r3, #255	@ 0xff
2000073e:	5ce7      	ldrb	r7, [r4, r3]
20000740:	2f00      	cmp	r7, #0
20000742:	d100      	bne.n	20000746 <dcd_rp2040_irq+0x286>
20000744:	e6ee      	b.n	20000524 <dcd_rp2040_irq+0x64>
20000746:	3302      	adds	r3, #2
20000748:	5ce2      	ldrb	r2, [r4, r3]
2000074a:	2a00      	cmp	r2, #0
2000074c:	d000      	beq.n	20000750 <dcd_rp2040_irq+0x290>
2000074e:	e115      	b.n	2000097c <dcd_rp2040_irq+0x4bc>
20000750:	003e      	movs	r6, r7
20000752:	e6e7      	b.n	20000524 <dcd_rp2040_irq+0x64>
20000754:	4b32      	ldr	r3, [pc, #200]	@ (20000820 <dcd_rp2040_irq+0x360>)
20000756:	5ce7      	ldrb	r7, [r4, r3]
20000758:	2f00      	cmp	r7, #0
2000075a:	d100      	bne.n	2000075e <dcd_rp2040_irq+0x29e>
2000075c:	e6f8      	b.n	20000550 <dcd_rp2040_irq+0x90>
2000075e:	3302      	adds	r3, #2
20000760:	5ce2      	ldrb	r2, [r4, r3]
20000762:	2a00      	cmp	r2, #0
20000764:	d000      	beq.n	20000768 <dcd_rp2040_irq+0x2a8>
20000766:	e101      	b.n	2000096c <dcd_rp2040_irq+0x4ac>
20000768:	003e      	movs	r6, r7
2000076a:	e6f1      	b.n	20000550 <dcd_rp2040_irq+0x90>
2000076c:	3339      	adds	r3, #57	@ 0x39
2000076e:	33ff      	adds	r3, #255	@ 0xff
20000770:	5ce7      	ldrb	r7, [r4, r3]
20000772:	2f00      	cmp	r7, #0
20000774:	d100      	bne.n	20000778 <dcd_rp2040_irq+0x2b8>
20000776:	e6cf      	b.n	20000518 <dcd_rp2040_irq+0x58>
20000778:	3302      	adds	r3, #2
2000077a:	5ce2      	ldrb	r2, [r4, r3]
2000077c:	2a00      	cmp	r2, #0
2000077e:	d000      	beq.n	20000782 <dcd_rp2040_irq+0x2c2>
20000780:	e0eb      	b.n	2000095a <dcd_rp2040_irq+0x49a>
20000782:	003e      	movs	r6, r7
20000784:	e6c8      	b.n	20000518 <dcd_rp2040_irq+0x58>
20000786:	3338      	adds	r3, #56	@ 0x38
20000788:	5ce6      	ldrb	r6, [r4, r3]
2000078a:	2e00      	cmp	r6, #0
2000078c:	d100      	bne.n	20000790 <dcd_rp2040_irq+0x2d0>
2000078e:	e6ae      	b.n	200004ee <dcd_rp2040_irq+0x2e>
20000790:	3302      	adds	r3, #2
20000792:	5ce2      	ldrb	r2, [r4, r3]
20000794:	2a00      	cmp	r2, #0
20000796:	d100      	bne.n	2000079a <dcd_rp2040_irq+0x2da>
20000798:	e6a9      	b.n	200004ee <dcd_rp2040_irq+0x2e>
2000079a:	0020      	movs	r0, r4
2000079c:	2200      	movs	r2, #0
2000079e:	3020      	adds	r0, #32
200007a0:	54e2      	strb	r2, [r4, r3]
200007a2:	f000 fa4b 	bl	20000c3c <hw_endpoint_start_next_buffer>
200007a6:	e6a2      	b.n	200004ee <dcd_rp2040_irq+0x2e>
200007a8:	33b9      	adds	r3, #185	@ 0xb9
200007aa:	33ff      	adds	r3, #255	@ 0xff
200007ac:	5ce7      	ldrb	r7, [r4, r3]
200007ae:	2f00      	cmp	r7, #0
200007b0:	d100      	bne.n	200007b4 <dcd_rp2040_irq+0x2f4>
200007b2:	e6bd      	b.n	20000530 <dcd_rp2040_irq+0x70>
200007b4:	3302      	adds	r3, #2
200007b6:	5ce2      	ldrb	r2, [r4, r3]
200007b8:	2a00      	cmp	r2, #0
200007ba:	d000      	beq.n	200007be <dcd_rp2040_irq+0x2fe>
200007bc:	e0c4      	b.n	20000948 <dcd_rp2040_irq+0x488>
200007be:	003e      	movs	r6, r7
200007c0:	e6b6      	b.n	20000530 <dcd_rp2040_irq+0x70>
200007c2:	4b18      	ldr	r3, [pc, #96]	@ (20000824 <dcd_rp2040_irq+0x364>)
200007c4:	5ce7      	ldrb	r7, [r4, r3]
200007c6:	2f00      	cmp	r7, #0
200007c8:	d100      	bne.n	200007cc <dcd_rp2040_irq+0x30c>
200007ca:	e6cb      	b.n	20000564 <dcd_rp2040_irq+0xa4>
200007cc:	3302      	adds	r3, #2
200007ce:	5ce2      	ldrb	r2, [r4, r3]
200007d0:	2a00      	cmp	r2, #0
200007d2:	d000      	beq.n	200007d6 <dcd_rp2040_irq+0x316>
200007d4:	e0b0      	b.n	20000938 <dcd_rp2040_irq+0x478>
200007d6:	003e      	movs	r6, r7
200007d8:	e6c4      	b.n	20000564 <dcd_rp2040_irq+0xa4>
200007da:	46c0      	nop			@ (mov r8, r8)
200007dc:	50110000 	.word	0x50110000
200007e0:	40054000 	.word	0x40054000
200007e4:	20001800 	.word	0x20001800
200007e8:	200017f8 	.word	0x200017f8
200007ec:	0000023b 	.word	0x0000023b
200007f0:	0000027b 	.word	0x0000027b
200007f4:	000002bb 	.word	0x000002bb
200007f8:	000002fb 	.word	0x000002fb
200007fc:	0000033b 	.word	0x0000033b
20000800:	0000037b 	.word	0x0000037b
20000804:	000003bb 	.word	0x000003bb
20000808:	000003fb 	.word	0x000003fb
2000080c:	20001d1d 	.word	0x20001d1d
20000810:	50113000 	.word	0x50113000
20000814:	00020010 	.word	0x00020010
20000818:	50100000 	.word	0x50100000
2000081c:	50112000 	.word	0x50112000
20000820:	0000027a 	.word	0x0000027a
20000824:	000002fa 	.word	0x000002fa
20000828:	4b6b      	ldr	r3, [pc, #428]	@ (200009d8 <dcd_rp2040_irq+0x518>)
2000082a:	5ce7      	ldrb	r7, [r4, r3]
2000082c:	2f00      	cmp	r7, #0
2000082e:	d100      	bne.n	20000832 <dcd_rp2040_irq+0x372>
20000830:	e689      	b.n	20000546 <dcd_rp2040_irq+0x86>
20000832:	3302      	adds	r3, #2
20000834:	5ce2      	ldrb	r2, [r4, r3]
20000836:	2a00      	cmp	r2, #0
20000838:	d176      	bne.n	20000928 <dcd_rp2040_irq+0x468>
2000083a:	003e      	movs	r6, r7
2000083c:	e683      	b.n	20000546 <dcd_rp2040_irq+0x86>
2000083e:	4b67      	ldr	r3, [pc, #412]	@ (200009dc <dcd_rp2040_irq+0x51c>)
20000840:	5ce7      	ldrb	r7, [r4, r3]
20000842:	2f00      	cmp	r7, #0
20000844:	d100      	bne.n	20000848 <dcd_rp2040_irq+0x388>
20000846:	e688      	b.n	2000055a <dcd_rp2040_irq+0x9a>
20000848:	3302      	adds	r3, #2
2000084a:	5ce2      	ldrb	r2, [r4, r3]
2000084c:	2a00      	cmp	r2, #0
2000084e:	d163      	bne.n	20000918 <dcd_rp2040_irq+0x458>
20000850:	003e      	movs	r6, r7
20000852:	e682      	b.n	2000055a <dcd_rp2040_irq+0x9a>
20000854:	4b62      	ldr	r3, [pc, #392]	@ (200009e0 <dcd_rp2040_irq+0x520>)
20000856:	5ce7      	ldrb	r7, [r4, r3]
20000858:	2f00      	cmp	r7, #0
2000085a:	d100      	bne.n	2000085e <dcd_rp2040_irq+0x39e>
2000085c:	e68c      	b.n	20000578 <dcd_rp2040_irq+0xb8>
2000085e:	3302      	adds	r3, #2
20000860:	5ce2      	ldrb	r2, [r4, r3]
20000862:	2a00      	cmp	r2, #0
20000864:	d000      	beq.n	20000868 <dcd_rp2040_irq+0x3a8>
20000866:	e0a3      	b.n	200009b0 <dcd_rp2040_irq+0x4f0>
20000868:	4b5e      	ldr	r3, [pc, #376]	@ (200009e4 <dcd_rp2040_irq+0x524>)
2000086a:	5ce3      	ldrb	r3, [r4, r3]
2000086c:	2b02      	cmp	r3, #2
2000086e:	d130      	bne.n	200008d2 <dcd_rp2040_irq+0x412>
20000870:	4b5d      	ldr	r3, [pc, #372]	@ (200009e8 <dcd_rp2040_irq+0x528>)
20000872:	5ce3      	ldrb	r3, [r4, r3]
20000874:	2b00      	cmp	r3, #0
20000876:	d127      	bne.n	200008c8 <dcd_rp2040_irq+0x408>
20000878:	4b5c      	ldr	r3, [pc, #368]	@ (200009ec <dcd_rp2040_irq+0x52c>)
2000087a:	5ce3      	ldrb	r3, [r4, r3]
2000087c:	2b02      	cmp	r3, #2
2000087e:	d000      	beq.n	20000882 <dcd_rp2040_irq+0x3c2>
20000880:	e68f      	b.n	200005a2 <dcd_rp2040_irq+0xe2>
20000882:	003e      	movs	r6, r7
20000884:	4b5a      	ldr	r3, [pc, #360]	@ (200009f0 <dcd_rp2040_irq+0x530>)
20000886:	5ce3      	ldrb	r3, [r4, r3]
20000888:	2b00      	cmp	r3, #0
2000088a:	d100      	bne.n	2000088e <dcd_rp2040_irq+0x3ce>
2000088c:	e67e      	b.n	2000058c <dcd_rp2040_irq+0xcc>
2000088e:	23ff      	movs	r3, #255	@ 0xff
20000890:	009b      	lsls	r3, r3, #2
20000892:	5ce2      	ldrb	r2, [r4, r3]
20000894:	2a00      	cmp	r2, #0
20000896:	d100      	bne.n	2000089a <dcd_rp2040_irq+0x3da>
20000898:	e683      	b.n	200005a2 <dcd_rp2040_irq+0xe2>
2000089a:	2200      	movs	r2, #0
2000089c:	54e2      	strb	r2, [r4, r3]
2000089e:	3b1c      	subs	r3, #28
200008a0:	18e0      	adds	r0, r4, r3
200008a2:	f000 f9cb 	bl	20000c3c <hw_endpoint_start_next_buffer>
200008a6:	e67c      	b.n	200005a2 <dcd_rp2040_irq+0xe2>
200008a8:	4b52      	ldr	r3, [pc, #328]	@ (200009f4 <dcd_rp2040_irq+0x534>)
200008aa:	5ce7      	ldrb	r7, [r4, r3]
200008ac:	2f00      	cmp	r7, #0
200008ae:	d100      	bne.n	200008b2 <dcd_rp2040_irq+0x3f2>
200008b0:	e65d      	b.n	2000056e <dcd_rp2040_irq+0xae>
200008b2:	3302      	adds	r3, #2
200008b4:	5ce2      	ldrb	r2, [r4, r3]
200008b6:	2a00      	cmp	r2, #0
200008b8:	d116      	bne.n	200008e8 <dcd_rp2040_irq+0x428>
200008ba:	003e      	movs	r6, r7
200008bc:	e657      	b.n	2000056e <dcd_rp2040_irq+0xae>
200008be:	4b4a      	ldr	r3, [pc, #296]	@ (200009e8 <dcd_rp2040_irq+0x528>)
200008c0:	5ce3      	ldrb	r3, [r4, r3]
200008c2:	2b00      	cmp	r3, #0
200008c4:	d100      	bne.n	200008c8 <dcd_rp2040_irq+0x408>
200008c6:	e65c      	b.n	20000582 <dcd_rp2040_irq+0xc2>
200008c8:	23ef      	movs	r3, #239	@ 0xef
200008ca:	009b      	lsls	r3, r3, #2
200008cc:	5ce2      	ldrb	r2, [r4, r3]
200008ce:	2a00      	cmp	r2, #0
200008d0:	d175      	bne.n	200009be <dcd_rp2040_irq+0x4fe>
200008d2:	4b46      	ldr	r3, [pc, #280]	@ (200009ec <dcd_rp2040_irq+0x52c>)
200008d4:	5ce3      	ldrb	r3, [r4, r3]
200008d6:	2b02      	cmp	r3, #2
200008d8:	d000      	beq.n	200008dc <dcd_rp2040_irq+0x41c>
200008da:	e662      	b.n	200005a2 <dcd_rp2040_irq+0xe2>
200008dc:	4b44      	ldr	r3, [pc, #272]	@ (200009f0 <dcd_rp2040_irq+0x530>)
200008de:	5ce3      	ldrb	r3, [r4, r3]
200008e0:	2b00      	cmp	r3, #0
200008e2:	d100      	bne.n	200008e6 <dcd_rp2040_irq+0x426>
200008e4:	e65d      	b.n	200005a2 <dcd_rp2040_irq+0xe2>
200008e6:	e7d2      	b.n	2000088e <dcd_rp2040_irq+0x3ce>
200008e8:	2200      	movs	r2, #0
200008ea:	54e2      	strb	r2, [r4, r3]
200008ec:	3b1c      	subs	r3, #28
200008ee:	18e0      	adds	r0, r4, r3
200008f0:	f000 f9a4 	bl	20000c3c <hw_endpoint_start_next_buffer>
200008f4:	003e      	movs	r6, r7
200008f6:	e63a      	b.n	2000056e <dcd_rp2040_irq+0xae>
200008f8:	0020      	movs	r0, r4
200008fa:	2200      	movs	r2, #0
200008fc:	30a0      	adds	r0, #160	@ 0xa0
200008fe:	54e2      	strb	r2, [r4, r3]
20000900:	003e      	movs	r6, r7
20000902:	f000 f99b 	bl	20000c3c <hw_endpoint_start_next_buffer>
20000906:	e5fc      	b.n	20000502 <dcd_rp2040_irq+0x42>
20000908:	0020      	movs	r0, r4
2000090a:	2200      	movs	r2, #0
2000090c:	3060      	adds	r0, #96	@ 0x60
2000090e:	54e2      	strb	r2, [r4, r3]
20000910:	003e      	movs	r6, r7
20000912:	f000 f993 	bl	20000c3c <hw_endpoint_start_next_buffer>
20000916:	e5ef      	b.n	200004f8 <dcd_rp2040_irq+0x38>
20000918:	2200      	movs	r2, #0
2000091a:	54e2      	strb	r2, [r4, r3]
2000091c:	3b1c      	subs	r3, #28
2000091e:	18e0      	adds	r0, r4, r3
20000920:	f000 f98c 	bl	20000c3c <hw_endpoint_start_next_buffer>
20000924:	003e      	movs	r6, r7
20000926:	e618      	b.n	2000055a <dcd_rp2040_irq+0x9a>
20000928:	2200      	movs	r2, #0
2000092a:	54e2      	strb	r2, [r4, r3]
2000092c:	3b1c      	subs	r3, #28
2000092e:	18e0      	adds	r0, r4, r3
20000930:	f000 f984 	bl	20000c3c <hw_endpoint_start_next_buffer>
20000934:	003e      	movs	r6, r7
20000936:	e606      	b.n	20000546 <dcd_rp2040_irq+0x86>
20000938:	2200      	movs	r2, #0
2000093a:	54e2      	strb	r2, [r4, r3]
2000093c:	3b1c      	subs	r3, #28
2000093e:	18e0      	adds	r0, r4, r3
20000940:	f000 f97c 	bl	20000c3c <hw_endpoint_start_next_buffer>
20000944:	003e      	movs	r6, r7
20000946:	e60d      	b.n	20000564 <dcd_rp2040_irq+0xa4>
20000948:	0020      	movs	r0, r4
2000094a:	2200      	movs	r2, #0
2000094c:	30a1      	adds	r0, #161	@ 0xa1
2000094e:	30ff      	adds	r0, #255	@ 0xff
20000950:	54e2      	strb	r2, [r4, r3]
20000952:	003e      	movs	r6, r7
20000954:	f000 f972 	bl	20000c3c <hw_endpoint_start_next_buffer>
20000958:	e5ea      	b.n	20000530 <dcd_rp2040_irq+0x70>
2000095a:	0020      	movs	r0, r4
2000095c:	2200      	movs	r2, #0
2000095e:	3021      	adds	r0, #33	@ 0x21
20000960:	30ff      	adds	r0, #255	@ 0xff
20000962:	54e2      	strb	r2, [r4, r3]
20000964:	003e      	movs	r6, r7
20000966:	f000 f969 	bl	20000c3c <hw_endpoint_start_next_buffer>
2000096a:	e5d5      	b.n	20000518 <dcd_rp2040_irq+0x58>
2000096c:	2200      	movs	r2, #0
2000096e:	54e2      	strb	r2, [r4, r3]
20000970:	3b1c      	subs	r3, #28
20000972:	18e0      	adds	r0, r4, r3
20000974:	f000 f962 	bl	20000c3c <hw_endpoint_start_next_buffer>
20000978:	003e      	movs	r6, r7
2000097a:	e5e9      	b.n	20000550 <dcd_rp2040_irq+0x90>
2000097c:	0020      	movs	r0, r4
2000097e:	2200      	movs	r2, #0
20000980:	3061      	adds	r0, #97	@ 0x61
20000982:	30ff      	adds	r0, #255	@ 0xff
20000984:	54e2      	strb	r2, [r4, r3]
20000986:	003e      	movs	r6, r7
20000988:	f000 f958 	bl	20000c3c <hw_endpoint_start_next_buffer>
2000098c:	e5ca      	b.n	20000524 <dcd_rp2040_irq+0x64>
2000098e:	0020      	movs	r0, r4
20000990:	2200      	movs	r2, #0
20000992:	30e1      	adds	r0, #225	@ 0xe1
20000994:	30ff      	adds	r0, #255	@ 0xff
20000996:	54e2      	strb	r2, [r4, r3]
20000998:	003e      	movs	r6, r7
2000099a:	f000 f94f 	bl	20000c3c <hw_endpoint_start_next_buffer>
2000099e:	e5cd      	b.n	2000053c <dcd_rp2040_irq+0x7c>
200009a0:	0020      	movs	r0, r4
200009a2:	2200      	movs	r2, #0
200009a4:	30e0      	adds	r0, #224	@ 0xe0
200009a6:	54e2      	strb	r2, [r4, r3]
200009a8:	003e      	movs	r6, r7
200009aa:	f000 f947 	bl	20000c3c <hw_endpoint_start_next_buffer>
200009ae:	e5ad      	b.n	2000050c <dcd_rp2040_irq+0x4c>
200009b0:	2200      	movs	r2, #0
200009b2:	54e2      	strb	r2, [r4, r3]
200009b4:	3b1c      	subs	r3, #28
200009b6:	18e0      	adds	r0, r4, r3
200009b8:	f000 f940 	bl	20000c3c <hw_endpoint_start_next_buffer>
200009bc:	e754      	b.n	20000868 <dcd_rp2040_irq+0x3a8>
200009be:	2200      	movs	r2, #0
200009c0:	54e2      	strb	r2, [r4, r3]
200009c2:	3b1c      	subs	r3, #28
200009c4:	18e0      	adds	r0, r4, r3
200009c6:	f000 f939 	bl	20000c3c <hw_endpoint_start_next_buffer>
200009ca:	e782      	b.n	200008d2 <dcd_rp2040_irq+0x412>
200009cc:	0031      	movs	r1, r6
200009ce:	480a      	ldr	r0, [pc, #40]	@ (200009f8 <dcd_rp2040_irq+0x538>)
200009d0:	4069      	eors	r1, r5
200009d2:	f000 fa75 	bl	20000ec0 <__panic_veneer>
200009d6:	46c0      	nop			@ (mov r8, r8)
200009d8:	0000023a 	.word	0x0000023a
200009dc:	000002ba 	.word	0x000002ba
200009e0:	0000037a 	.word	0x0000037a
200009e4:	000003bb 	.word	0x000003bb
200009e8:	000003ba 	.word	0x000003ba
200009ec:	000003fb 	.word	0x000003fb
200009f0:	000003fa 	.word	0x000003fa
200009f4:	0000033a 	.word	0x0000033a
200009f8:	100076ec 	.word	0x100076ec

200009fc <prepare_ep_buffer>:
200009fc:	b5f0      	push	{r4, r5, r6, r7, lr}
200009fe:	468c      	mov	ip, r1
20000a00:	8a83      	ldrh	r3, [r0, #20]
20000a02:	8b01      	ldrh	r1, [r0, #24]
20000a04:	0002      	movs	r2, r0
20000a06:	b083      	sub	sp, #12
20000a08:	1c0e      	adds	r6, r1, #0
20000a0a:	4299      	cmp	r1, r3
20000a0c:	d900      	bls.n	20000a10 <prepare_ep_buffer+0x14>
20000a0e:	1c1e      	adds	r6, r3, #0
20000a10:	b2b6      	uxth	r6, r6
20000a12:	1b9b      	subs	r3, r3, r6
20000a14:	b29c      	uxth	r4, r3
20000a16:	78d3      	ldrb	r3, [r2, #3]
20000a18:	2180      	movs	r1, #128	@ 0x80
20000a1a:	0018      	movs	r0, r3
20000a1c:	1e45      	subs	r5, r0, #1
20000a1e:	41a8      	sbcs	r0, r5
20000a20:	00c9      	lsls	r1, r1, #3
20000a22:	4331      	orrs	r1, r6
20000a24:	0340      	lsls	r0, r0, #13
20000a26:	4308      	orrs	r0, r1
20000a28:	2101      	movs	r1, #1
20000a2a:	404b      	eors	r3, r1
20000a2c:	70d3      	strb	r3, [r2, #3]
20000a2e:	7853      	ldrb	r3, [r2, #1]
20000a30:	8294      	strh	r4, [r2, #20]
20000a32:	2b00      	cmp	r3, #0
20000a34:	d132      	bne.n	20000a9c <prepare_ep_buffer+0xa0>
20000a36:	6911      	ldr	r1, [r2, #16]
20000a38:	2e00      	cmp	r6, #0
20000a3a:	d02a      	beq.n	20000a92 <prepare_ep_buffer+0x96>
20000a3c:	4663      	mov	r3, ip
20000a3e:	68d4      	ldr	r4, [r2, #12]
20000a40:	019b      	lsls	r3, r3, #6
20000a42:	18e4      	adds	r4, r4, r3
20000a44:	1e73      	subs	r3, r6, #1
20000a46:	9301      	str	r3, [sp, #4]
20000a48:	2b06      	cmp	r3, #6
20000a4a:	d932      	bls.n	20000ab2 <prepare_ep_buffer+0xb6>
20000a4c:	0023      	movs	r3, r4
20000a4e:	430b      	orrs	r3, r1
20000a50:	079b      	lsls	r3, r3, #30
20000a52:	d12e      	bne.n	20000ab2 <prepare_ep_buffer+0xb6>
20000a54:	1a63      	subs	r3, r4, r1
20000a56:	3b01      	subs	r3, #1
20000a58:	2b02      	cmp	r3, #2
20000a5a:	d92a      	bls.n	20000ab2 <prepare_ep_buffer+0xb6>
20000a5c:	2300      	movs	r3, #0
20000a5e:	08b7      	lsrs	r7, r6, #2
20000a60:	00bf      	lsls	r7, r7, #2
20000a62:	58cd      	ldr	r5, [r1, r3]
20000a64:	50e5      	str	r5, [r4, r3]
20000a66:	3304      	adds	r3, #4
20000a68:	42bb      	cmp	r3, r7
20000a6a:	d1fa      	bne.n	20000a62 <prepare_ep_buffer+0x66>
20000a6c:	429e      	cmp	r6, r3
20000a6e:	d00e      	beq.n	20000a8e <prepare_ep_buffer+0x92>
20000a70:	9d01      	ldr	r5, [sp, #4]
20000a72:	18e4      	adds	r4, r4, r3
20000a74:	1aef      	subs	r7, r5, r3
20000a76:	18cd      	adds	r5, r1, r3
20000a78:	5cc9      	ldrb	r1, [r1, r3]
20000a7a:	7021      	strb	r1, [r4, #0]
20000a7c:	9901      	ldr	r1, [sp, #4]
20000a7e:	4299      	cmp	r1, r3
20000a80:	d005      	beq.n	20000a8e <prepare_ep_buffer+0x92>
20000a82:	786b      	ldrb	r3, [r5, #1]
20000a84:	7063      	strb	r3, [r4, #1]
20000a86:	2f01      	cmp	r7, #1
20000a88:	d001      	beq.n	20000a8e <prepare_ep_buffer+0x92>
20000a8a:	78ab      	ldrb	r3, [r5, #2]
20000a8c:	70a3      	strb	r3, [r4, #2]
20000a8e:	6911      	ldr	r1, [r2, #16]
20000a90:	8a94      	ldrh	r4, [r2, #20]
20000a92:	2380      	movs	r3, #128	@ 0x80
20000a94:	1989      	adds	r1, r1, r6
20000a96:	021b      	lsls	r3, r3, #8
20000a98:	6111      	str	r1, [r2, #16]
20000a9a:	4318      	orrs	r0, r3
20000a9c:	2c00      	cmp	r4, #0
20000a9e:	d102      	bne.n	20000aa6 <prepare_ep_buffer+0xaa>
20000aa0:	2380      	movs	r3, #128	@ 0x80
20000aa2:	01db      	lsls	r3, r3, #7
20000aa4:	4318      	orrs	r0, r3
20000aa6:	4663      	mov	r3, ip
20000aa8:	2b00      	cmp	r3, #0
20000aaa:	d000      	beq.n	20000aae <prepare_ep_buffer+0xb2>
20000aac:	0400      	lsls	r0, r0, #16
20000aae:	b003      	add	sp, #12
20000ab0:	bdf0      	pop	{r4, r5, r6, r7, pc}
20000ab2:	2300      	movs	r3, #0
20000ab4:	5ccd      	ldrb	r5, [r1, r3]
20000ab6:	54e5      	strb	r5, [r4, r3]
20000ab8:	3301      	adds	r3, #1
20000aba:	429e      	cmp	r6, r3
20000abc:	d1fa      	bne.n	20000ab4 <prepare_ep_buffer+0xb8>
20000abe:	e7e6      	b.n	20000a8e <prepare_ep_buffer+0x92>

20000ac0 <sync_ep_buffer>:
20000ac0:	6883      	ldr	r3, [r0, #8]
20000ac2:	b5f0      	push	{r4, r5, r6, r7, lr}
20000ac4:	681a      	ldr	r2, [r3, #0]
20000ac6:	2900      	cmp	r1, #0
20000ac8:	d000      	beq.n	20000acc <sync_ep_buffer+0xc>
20000aca:	0c12      	lsrs	r2, r2, #16
20000acc:	7843      	ldrb	r3, [r0, #1]
20000ace:	0592      	lsls	r2, r2, #22
20000ad0:	0d95      	lsrs	r5, r2, #22
20000ad2:	2b00      	cmp	r3, #0
20000ad4:	d109      	bne.n	20000aea <sync_ep_buffer+0x2a>
20000ad6:	8ac3      	ldrh	r3, [r0, #22]
20000ad8:	18eb      	adds	r3, r5, r3
20000ada:	82c3      	strh	r3, [r0, #22]
20000adc:	8b03      	ldrh	r3, [r0, #24]
20000ade:	42ab      	cmp	r3, r5
20000ae0:	d901      	bls.n	20000ae6 <sync_ep_buffer+0x26>
20000ae2:	2300      	movs	r3, #0
20000ae4:	8283      	strh	r3, [r0, #20]
20000ae6:	0028      	movs	r0, r5
20000ae8:	bdf0      	pop	{r4, r5, r6, r7, pc}
20000aea:	6904      	ldr	r4, [r0, #16]
20000aec:	2d00      	cmp	r5, #0
20000aee:	d028      	beq.n	20000b42 <sync_ep_buffer+0x82>
20000af0:	68c3      	ldr	r3, [r0, #12]
20000af2:	0189      	lsls	r1, r1, #6
20000af4:	1e6f      	subs	r7, r5, #1
20000af6:	46bc      	mov	ip, r7
20000af8:	185e      	adds	r6, r3, r1
20000afa:	2f06      	cmp	r7, #6
20000afc:	d927      	bls.n	20000b4e <sync_ep_buffer+0x8e>
20000afe:	3101      	adds	r1, #1
20000b00:	185b      	adds	r3, r3, r1
20000b02:	1ae3      	subs	r3, r4, r3
20000b04:	2b02      	cmp	r3, #2
20000b06:	d922      	bls.n	20000b4e <sync_ep_buffer+0x8e>
20000b08:	0023      	movs	r3, r4
20000b0a:	4333      	orrs	r3, r6
20000b0c:	079b      	lsls	r3, r3, #30
20000b0e:	d11e      	bne.n	20000b4e <sync_ep_buffer+0x8e>
20000b10:	2300      	movs	r3, #0
20000b12:	0e12      	lsrs	r2, r2, #24
20000b14:	0092      	lsls	r2, r2, #2
20000b16:	58f1      	ldr	r1, [r6, r3]
20000b18:	50e1      	str	r1, [r4, r3]
20000b1a:	3304      	adds	r3, #4
20000b1c:	429a      	cmp	r2, r3
20000b1e:	d1fa      	bne.n	20000b16 <sync_ep_buffer+0x56>
20000b20:	4295      	cmp	r5, r2
20000b22:	d00d      	beq.n	20000b40 <sync_ep_buffer+0x80>
20000b24:	4663      	mov	r3, ip
20000b26:	1a9f      	subs	r7, r3, r2
20000b28:	18a3      	adds	r3, r4, r2
20000b2a:	5cb4      	ldrb	r4, [r6, r2]
20000b2c:	18b1      	adds	r1, r6, r2
20000b2e:	701c      	strb	r4, [r3, #0]
20000b30:	4594      	cmp	ip, r2
20000b32:	d005      	beq.n	20000b40 <sync_ep_buffer+0x80>
20000b34:	784a      	ldrb	r2, [r1, #1]
20000b36:	705a      	strb	r2, [r3, #1]
20000b38:	2f01      	cmp	r7, #1
20000b3a:	d001      	beq.n	20000b40 <sync_ep_buffer+0x80>
20000b3c:	788a      	ldrb	r2, [r1, #2]
20000b3e:	709a      	strb	r2, [r3, #2]
20000b40:	6904      	ldr	r4, [r0, #16]
20000b42:	8ac3      	ldrh	r3, [r0, #22]
20000b44:	1964      	adds	r4, r4, r5
20000b46:	18eb      	adds	r3, r5, r3
20000b48:	82c3      	strh	r3, [r0, #22]
20000b4a:	6104      	str	r4, [r0, #16]
20000b4c:	e7c6      	b.n	20000adc <sync_ep_buffer+0x1c>
20000b4e:	2200      	movs	r2, #0
20000b50:	5cb3      	ldrb	r3, [r6, r2]
20000b52:	54a3      	strb	r3, [r4, r2]
20000b54:	3201      	adds	r2, #1
20000b56:	4295      	cmp	r5, r2
20000b58:	d1fa      	bne.n	20000b50 <sync_ep_buffer+0x90>
20000b5a:	6904      	ldr	r4, [r0, #16]
20000b5c:	e7f1      	b.n	20000b42 <sync_ep_buffer+0x82>
20000b5e:	46c0      	nop			@ (mov r8, r8)

20000b60 <_hw_endpoint_xfer_sync>:
20000b60:	b510      	push	{r4, lr}
20000b62:	0004      	movs	r4, r0
20000b64:	6883      	ldr	r3, [r0, #8]
20000b66:	2100      	movs	r1, #0
20000b68:	681b      	ldr	r3, [r3, #0]
20000b6a:	f7ff ffa9 	bl	20000ac0 <sync_ep_buffer>
20000b6e:	6863      	ldr	r3, [r4, #4]
20000b70:	681b      	ldr	r3, [r3, #0]
20000b72:	005b      	lsls	r3, r3, #1
20000b74:	d502      	bpl.n	20000b7c <_hw_endpoint_xfer_sync+0x1c>
20000b76:	8b23      	ldrh	r3, [r4, #24]
20000b78:	4283      	cmp	r3, r0
20000b7a:	d000      	beq.n	20000b7e <_hw_endpoint_xfer_sync+0x1e>
20000b7c:	bd10      	pop	{r4, pc}
20000b7e:	2101      	movs	r1, #1
20000b80:	0020      	movs	r0, r4
20000b82:	f7ff ff9d 	bl	20000ac0 <sync_ep_buffer>
20000b86:	e7f9      	b.n	20000b7c <_hw_endpoint_xfer_sync+0x1c>

20000b88 <e15_is_bulkin_ep>:
20000b88:	4b08      	ldr	r3, [pc, #32]	@ (20000bac <e15_is_bulkin_ep+0x24>)
20000b8a:	6c1a      	ldr	r2, [r3, #64]	@ 0x40
20000b8c:	2300      	movs	r3, #0
20000b8e:	0792      	lsls	r2, r2, #30
20000b90:	d403      	bmi.n	20000b9a <e15_is_bulkin_ep+0x12>
20000b92:	7882      	ldrb	r2, [r0, #2]
20000b94:	09d2      	lsrs	r2, r2, #7
20000b96:	2a01      	cmp	r2, #1
20000b98:	d001      	beq.n	20000b9e <e15_is_bulkin_ep+0x16>
20000b9a:	0018      	movs	r0, r3
20000b9c:	4770      	bx	lr
20000b9e:	7ec3      	ldrb	r3, [r0, #27]
20000ba0:	3b02      	subs	r3, #2
20000ba2:	425a      	negs	r2, r3
20000ba4:	4153      	adcs	r3, r2
20000ba6:	b2db      	uxtb	r3, r3
20000ba8:	e7f7      	b.n	20000b9a <e15_is_bulkin_ep+0x12>
20000baa:	46c0      	nop			@ (mov r8, r8)
20000bac:	50110000 	.word	0x50110000

20000bb0 <e15_is_critical_frame_period>:
20000bb0:	b510      	push	{r4, lr}
20000bb2:	f7ff ffe9 	bl	20000b88 <e15_is_bulkin_ep>
20000bb6:	2800      	cmp	r0, #0
20000bb8:	d00a      	beq.n	20000bd0 <e15_is_critical_frame_period+0x20>
20000bba:	4b06      	ldr	r3, [pc, #24]	@ (20000bd4 <e15_is_critical_frame_period+0x24>)
20000bbc:	4a06      	ldr	r2, [pc, #24]	@ (20000bd8 <e15_is_critical_frame_period+0x28>)
20000bbe:	6a9b      	ldr	r3, [r3, #40]	@ 0x28
20000bc0:	4906      	ldr	r1, [pc, #24]	@ (20000bdc <e15_is_critical_frame_period+0x2c>)
20000bc2:	6812      	ldr	r2, [r2, #0]
20000bc4:	185b      	adds	r3, r3, r1
20000bc6:	1a9b      	subs	r3, r3, r2
20000bc8:	2000      	movs	r0, #0
20000bca:	22c6      	movs	r2, #198	@ 0xc6
20000bcc:	429a      	cmp	r2, r3
20000bce:	4140      	adcs	r0, r0
20000bd0:	bd10      	pop	{r4, pc}
20000bd2:	46c0      	nop			@ (mov r8, r8)
20000bd4:	40054000 	.word	0x40054000
20000bd8:	200017f8 	.word	0x200017f8
20000bdc:	fffffce0 	.word	0xfffffce0

20000be0 <hw_endpoint_reset_transfer>:
20000be0:	2300      	movs	r3, #0
20000be2:	7683      	strb	r3, [r0, #26]
20000be4:	6143      	str	r3, [r0, #20]
20000be6:	6103      	str	r3, [r0, #16]
20000be8:	4770      	bx	lr
20000bea:	46c0      	nop			@ (mov r8, r8)

20000bec <_hw_endpoint_buffer_control_update32>:
20000bec:	b510      	push	{r4, lr}
20000bee:	6883      	ldr	r3, [r0, #8]
20000bf0:	2900      	cmp	r1, #0
20000bf2:	d001      	beq.n	20000bf8 <_hw_endpoint_buffer_control_update32+0xc>
20000bf4:	681c      	ldr	r4, [r3, #0]
20000bf6:	4021      	ands	r1, r4
20000bf8:	2a00      	cmp	r2, #0
20000bfa:	d012      	beq.n	20000c22 <_hw_endpoint_buffer_control_update32+0x36>
20000bfc:	2480      	movs	r4, #128	@ 0x80
20000bfe:	00e4      	lsls	r4, r4, #3
20000c00:	4311      	orrs	r1, r2
20000c02:	4222      	tst	r2, r4
20000c04:	d00d      	beq.n	20000c22 <_hw_endpoint_buffer_control_update32+0x36>
20000c06:	681a      	ldr	r2, [r3, #0]
20000c08:	4222      	tst	r2, r4
20000c0a:	d10c      	bne.n	20000c26 <_hw_endpoint_buffer_control_update32+0x3a>
20000c0c:	4a08      	ldr	r2, [pc, #32]	@ (20000c30 <_hw_endpoint_buffer_control_update32+0x44>)
20000c0e:	400a      	ands	r2, r1
20000c10:	601a      	str	r2, [r3, #0]
20000c12:	4a08      	ldr	r2, [pc, #32]	@ (20000c34 <_hw_endpoint_buffer_control_update32+0x48>)
20000c14:	6c12      	ldr	r2, [r2, #64]	@ 0x40
20000c16:	0792      	lsls	r2, r2, #30
20000c18:	d403      	bmi.n	20000c22 <_hw_endpoint_buffer_control_update32+0x36>
20000c1a:	230c      	movs	r3, #12
20000c1c:	3b03      	subs	r3, #3
20000c1e:	d2fd      	bcs.n	20000c1c <_hw_endpoint_buffer_control_update32+0x30>
20000c20:	6883      	ldr	r3, [r0, #8]
20000c22:	6019      	str	r1, [r3, #0]
20000c24:	bd10      	pop	{r4, pc}
20000c26:	7881      	ldrb	r1, [r0, #2]
20000c28:	4803      	ldr	r0, [pc, #12]	@ (20000c38 <_hw_endpoint_buffer_control_update32+0x4c>)
20000c2a:	f000 f949 	bl	20000ec0 <__panic_veneer>
20000c2e:	46c0      	nop			@ (mov r8, r8)
20000c30:	fffffbff 	.word	0xfffffbff
20000c34:	50110000 	.word	0x50110000
20000c38:	10007700 	.word	0x10007700

20000c3c <hw_endpoint_start_next_buffer>:
20000c3c:	6843      	ldr	r3, [r0, #4]
20000c3e:	b570      	push	{r4, r5, r6, lr}
20000c40:	2100      	movs	r1, #0
20000c42:	2580      	movs	r5, #128	@ 0x80
20000c44:	0004      	movs	r4, r0
20000c46:	681e      	ldr	r6, [r3, #0]
20000c48:	f7ff fed8 	bl	200009fc <prepare_ep_buffer>
20000c4c:	4b12      	ldr	r3, [pc, #72]	@ (20000c98 <hw_endpoint_start_next_buffer+0x5c>)
20000c4e:	016d      	lsls	r5, r5, #5
20000c50:	6c1a      	ldr	r2, [r3, #64]	@ 0x40
20000c52:	4305      	orrs	r5, r0
20000c54:	78a3      	ldrb	r3, [r4, #2]
20000c56:	0792      	lsls	r2, r2, #30
20000c58:	d50e      	bpl.n	20000c78 <hw_endpoint_start_next_buffer+0x3c>
20000c5a:	065b      	lsls	r3, r3, #25
20000c5c:	d00e      	beq.n	20000c7c <hw_endpoint_start_next_buffer+0x40>
20000c5e:	4b0f      	ldr	r3, [pc, #60]	@ (20000c9c <hw_endpoint_start_next_buffer+0x60>)
20000c60:	401e      	ands	r6, r3
20000c62:	2380      	movs	r3, #128	@ 0x80
20000c64:	059b      	lsls	r3, r3, #22
20000c66:	4333      	orrs	r3, r6
20000c68:	6862      	ldr	r2, [r4, #4]
20000c6a:	2100      	movs	r1, #0
20000c6c:	6013      	str	r3, [r2, #0]
20000c6e:	0020      	movs	r0, r4
20000c70:	002a      	movs	r2, r5
20000c72:	f7ff ffbb 	bl	20000bec <_hw_endpoint_buffer_control_update32>
20000c76:	bd70      	pop	{r4, r5, r6, pc}
20000c78:	09db      	lsrs	r3, r3, #7
20000c7a:	d0f0      	beq.n	20000c5e <hw_endpoint_start_next_buffer+0x22>
20000c7c:	8aa3      	ldrh	r3, [r4, #20]
20000c7e:	2b00      	cmp	r3, #0
20000c80:	d0ed      	beq.n	20000c5e <hw_endpoint_start_next_buffer+0x22>
20000c82:	2101      	movs	r1, #1
20000c84:	0020      	movs	r0, r4
20000c86:	f7ff feb9 	bl	200009fc <prepare_ep_buffer>
20000c8a:	23a0      	movs	r3, #160	@ 0xa0
20000c8c:	4a04      	ldr	r2, [pc, #16]	@ (20000ca0 <hw_endpoint_start_next_buffer+0x64>)
20000c8e:	05db      	lsls	r3, r3, #23
20000c90:	4032      	ands	r2, r6
20000c92:	4305      	orrs	r5, r0
20000c94:	4313      	orrs	r3, r2
20000c96:	e7e7      	b.n	20000c68 <hw_endpoint_start_next_buffer+0x2c>
20000c98:	50110000 	.word	0x50110000
20000c9c:	afffffff 	.word	0xafffffff
20000ca0:	dfffffff 	.word	0xdfffffff

20000ca4 <hw_endpoint_xfer_continue>:
20000ca4:	b570      	push	{r4, r5, r6, lr}
20000ca6:	7e85      	ldrb	r5, [r0, #26]
20000ca8:	0004      	movs	r4, r0
20000caa:	2d00      	cmp	r5, #0
20000cac:	d014      	beq.n	20000cd8 <hw_endpoint_xfer_continue+0x34>
20000cae:	f7ff ff57 	bl	20000b60 <_hw_endpoint_xfer_sync>
20000cb2:	8aa3      	ldrh	r3, [r4, #20]
20000cb4:	2b00      	cmp	r3, #0
20000cb6:	d101      	bne.n	20000cbc <hw_endpoint_xfer_continue+0x18>
20000cb8:	0028      	movs	r0, r5
20000cba:	bd70      	pop	{r4, r5, r6, pc}
20000cbc:	0020      	movs	r0, r4
20000cbe:	f7ff ff77 	bl	20000bb0 <e15_is_critical_frame_period>
20000cc2:	2800      	cmp	r0, #0
20000cc4:	d003      	beq.n	20000cce <hw_endpoint_xfer_continue+0x2a>
20000cc6:	2301      	movs	r3, #1
20000cc8:	2500      	movs	r5, #0
20000cca:	7723      	strb	r3, [r4, #28]
20000ccc:	e7f4      	b.n	20000cb8 <hw_endpoint_xfer_continue+0x14>
20000cce:	0020      	movs	r0, r4
20000cd0:	f7ff ffb4 	bl	20000c3c <hw_endpoint_start_next_buffer>
20000cd4:	2500      	movs	r5, #0
20000cd6:	e7ef      	b.n	20000cb8 <hw_endpoint_xfer_continue+0x14>
20000cd8:	7881      	ldrb	r1, [r0, #2]
20000cda:	4801      	ldr	r0, [pc, #4]	@ (20000ce0 <hw_endpoint_xfer_continue+0x3c>)
20000cdc:	f000 f8f0 	bl	20000ec0 <__panic_veneer>
20000ce0:	10007720 	.word	0x10007720

20000ce4 <dcd_event_handler>:
20000ce4:	b5f0      	push	{r4, r5, r6, r7, lr}
20000ce6:	4647      	mov	r7, r8
20000ce8:	46ce      	mov	lr, r9
20000cea:	b580      	push	{r7, lr}
20000cec:	7843      	ldrb	r3, [r0, #1]
20000cee:	0005      	movs	r5, r0
20000cf0:	000f      	movs	r7, r1
20000cf2:	b085      	sub	sp, #20
20000cf4:	2b06      	cmp	r3, #6
20000cf6:	d807      	bhi.n	20000d08 <dcd_event_handler+0x24>
20000cf8:	4a68      	ldr	r2, [pc, #416]	@ (20000e9c <dcd_event_handler+0x1b8>)
20000cfa:	009b      	lsls	r3, r3, #2
20000cfc:	58d3      	ldr	r3, [r2, r3]
20000cfe:	469f      	mov	pc, r3
20000d00:	4a67      	ldr	r2, [pc, #412]	@ (20000ea0 <dcd_event_handler+0x1bc>)
20000d02:	7813      	ldrb	r3, [r2, #0]
20000d04:	3301      	adds	r3, #1
20000d06:	7013      	strb	r3, [r2, #0]
20000d08:	4b66      	ldr	r3, [pc, #408]	@ (20000ea4 <dcd_event_handler+0x1c0>)
20000d0a:	681c      	ldr	r4, [r3, #0]
20000d0c:	6962      	ldr	r2, [r4, #20]
20000d0e:	f3ef 8110 	mrs	r1, PRIMASK
20000d12:	b672      	cpsid	i
20000d14:	6813      	ldr	r3, [r2, #0]
20000d16:	2b00      	cmp	r3, #0
20000d18:	d0fc      	beq.n	20000d14 <dcd_event_handler+0x30>
20000d1a:	f3bf 8f5f 	dmb	sy
20000d1e:	61a1      	str	r1, [r4, #24]
20000d20:	0020      	movs	r0, r4
20000d22:	0029      	movs	r1, r5
20000d24:	f000 f8dc 	bl	20000ee0 <__tu_fifo_write_veneer>
20000d28:	6962      	ldr	r2, [r4, #20]
20000d2a:	69a3      	ldr	r3, [r4, #24]
20000d2c:	f3bf 8f5f 	dmb	sy
20000d30:	2100      	movs	r1, #0
20000d32:	6011      	str	r1, [r2, #0]
20000d34:	f383 8810 	msr	PRIMASK, r3
20000d38:	2800      	cmp	r0, #0
20000d3a:	d104      	bne.n	20000d46 <dcd_event_handler+0x62>
20000d3c:	b005      	add	sp, #20
20000d3e:	bcc0      	pop	{r6, r7}
20000d40:	46b9      	mov	r9, r7
20000d42:	46b0      	mov	r8, r6
20000d44:	bdf0      	pop	{r4, r5, r6, r7, pc}
20000d46:	003a      	movs	r2, r7
20000d48:	7869      	ldrb	r1, [r5, #1]
20000d4a:	7828      	ldrb	r0, [r5, #0]
20000d4c:	f000 f8e0 	bl	20000f10 <__tud_event_hook_cb_veneer>
20000d50:	e7f4      	b.n	20000d3c <dcd_event_handler+0x58>
20000d52:	2101      	movs	r1, #1
20000d54:	4b54      	ldr	r3, [pc, #336]	@ (20000ea8 <dcd_event_handler+0x1c4>)
20000d56:	781a      	ldrb	r2, [r3, #0]
20000d58:	438a      	bics	r2, r1
20000d5a:	701a      	strb	r2, [r3, #0]
20000d5c:	781a      	ldrb	r2, [r3, #0]
20000d5e:	3101      	adds	r1, #1
20000d60:	438a      	bics	r2, r1
20000d62:	701a      	strb	r2, [r3, #0]
20000d64:	2200      	movs	r2, #0
20000d66:	705a      	strb	r2, [r3, #1]
20000d68:	781a      	ldrb	r2, [r3, #0]
20000d6a:	3102      	adds	r1, #2
20000d6c:	438a      	bics	r2, r1
20000d6e:	701a      	strb	r2, [r3, #0]
20000d70:	e7ca      	b.n	20000d08 <dcd_event_handler+0x24>
20000d72:	4b4e      	ldr	r3, [pc, #312]	@ (20000eac <dcd_event_handler+0x1c8>)
20000d74:	2400      	movs	r4, #0
20000d76:	001e      	movs	r6, r3
20000d78:	781a      	ldrb	r2, [r3, #0]
20000d7a:	4b4d      	ldr	r3, [pc, #308]	@ (20000eb0 <dcd_event_handler+0x1cc>)
20000d7c:	4698      	mov	r8, r3
20000d7e:	4b4d      	ldr	r3, [pc, #308]	@ (20000eb4 <dcd_event_handler+0x1d0>)
20000d80:	4699      	mov	r9, r3
20000d82:	e010      	b.n	20000da6 <dcd_event_handler+0xc2>
20000d84:	464b      	mov	r3, r9
20000d86:	681b      	ldr	r3, [r3, #0]
20000d88:	0161      	lsls	r1, r4, #5
20000d8a:	185b      	adds	r3, r3, r1
20000d8c:	2b00      	cmp	r3, #0
20000d8e:	d006      	beq.n	20000d9e <dcd_event_handler+0xba>
20000d90:	69db      	ldr	r3, [r3, #28]
20000d92:	2b00      	cmp	r3, #0
20000d94:	d003      	beq.n	20000d9e <dcd_event_handler+0xba>
20000d96:	6869      	ldr	r1, [r5, #4]
20000d98:	7828      	ldrb	r0, [r5, #0]
20000d9a:	4798      	blx	r3
20000d9c:	7832      	ldrb	r2, [r6, #0]
20000d9e:	3401      	adds	r4, #1
20000da0:	b2e4      	uxtb	r4, r4
20000da2:	4294      	cmp	r4, r2
20000da4:	d817      	bhi.n	20000dd6 <dcd_event_handler+0xf2>
20000da6:	42a2      	cmp	r2, r4
20000da8:	d8ec      	bhi.n	20000d84 <dcd_event_handler+0xa0>
20000daa:	1aa3      	subs	r3, r4, r2
20000dac:	015b      	lsls	r3, r3, #5
20000dae:	4443      	add	r3, r8
20000db0:	e7ee      	b.n	20000d90 <dcd_event_handler+0xac>
20000db2:	4b3d      	ldr	r3, [pc, #244]	@ (20000ea8 <dcd_event_handler+0x1c4>)
20000db4:	781a      	ldrb	r2, [r3, #0]
20000db6:	07d2      	lsls	r2, r2, #31
20000db8:	d5c0      	bpl.n	20000d3c <dcd_event_handler+0x58>
20000dba:	2104      	movs	r1, #4
20000dbc:	781a      	ldrb	r2, [r3, #0]
20000dbe:	430a      	orrs	r2, r1
20000dc0:	701a      	strb	r2, [r3, #0]
20000dc2:	e7a1      	b.n	20000d08 <dcd_event_handler+0x24>
20000dc4:	4b38      	ldr	r3, [pc, #224]	@ (20000ea8 <dcd_event_handler+0x1c4>)
20000dc6:	781a      	ldrb	r2, [r3, #0]
20000dc8:	07d2      	lsls	r2, r2, #31
20000dca:	d5b7      	bpl.n	20000d3c <dcd_event_handler+0x58>
20000dcc:	2104      	movs	r1, #4
20000dce:	781a      	ldrb	r2, [r3, #0]
20000dd0:	438a      	bics	r2, r1
20000dd2:	701a      	strb	r2, [r3, #0]
20000dd4:	e798      	b.n	20000d08 <dcd_event_handler+0x24>
20000dd6:	4a34      	ldr	r2, [pc, #208]	@ (20000ea8 <dcd_event_handler+0x1c4>)
20000dd8:	7813      	ldrb	r3, [r2, #0]
20000dda:	4690      	mov	r8, r2
20000ddc:	0011      	movs	r1, r2
20000dde:	075b      	lsls	r3, r3, #29
20000de0:	d528      	bpl.n	20000e34 <dcd_event_handler+0x150>
20000de2:	7813      	ldrb	r3, [r2, #0]
20000de4:	2204      	movs	r2, #4
20000de6:	ac01      	add	r4, sp, #4
20000de8:	4393      	bics	r3, r2
20000dea:	700b      	strb	r3, [r1, #0]
20000dec:	0020      	movs	r0, r4
20000dee:	2100      	movs	r1, #0
20000df0:	3208      	adds	r2, #8
20000df2:	f000 f895 	bl	20000f20 <____wrap_memset_veneer>
20000df6:	782b      	ldrb	r3, [r5, #0]
20000df8:	7023      	strb	r3, [r4, #0]
20000dfa:	2305      	movs	r3, #5
20000dfc:	7063      	strb	r3, [r4, #1]
20000dfe:	4b29      	ldr	r3, [pc, #164]	@ (20000ea4 <dcd_event_handler+0x1c0>)
20000e00:	681b      	ldr	r3, [r3, #0]
20000e02:	0018      	movs	r0, r3
20000e04:	695a      	ldr	r2, [r3, #20]
20000e06:	f3ef 8110 	mrs	r1, PRIMASK
20000e0a:	b672      	cpsid	i
20000e0c:	6813      	ldr	r3, [r2, #0]
20000e0e:	2b00      	cmp	r3, #0
20000e10:	d0fc      	beq.n	20000e0c <dcd_event_handler+0x128>
20000e12:	f3bf 8f5f 	dmb	sy
20000e16:	0006      	movs	r6, r0
20000e18:	6181      	str	r1, [r0, #24]
20000e1a:	0021      	movs	r1, r4
20000e1c:	f000 f860 	bl	20000ee0 <__tu_fifo_write_veneer>
20000e20:	6972      	ldr	r2, [r6, #20]
20000e22:	69b3      	ldr	r3, [r6, #24]
20000e24:	f3bf 8f5f 	dmb	sy
20000e28:	2100      	movs	r1, #0
20000e2a:	6011      	str	r1, [r2, #0]
20000e2c:	f383 8810 	msr	PRIMASK, r3
20000e30:	2800      	cmp	r0, #0
20000e32:	d12c      	bne.n	20000e8e <dcd_event_handler+0x1aa>
20000e34:	4643      	mov	r3, r8
20000e36:	78db      	ldrb	r3, [r3, #3]
20000e38:	07db      	lsls	r3, r3, #31
20000e3a:	d400      	bmi.n	20000e3e <dcd_event_handler+0x15a>
20000e3c:	e77e      	b.n	20000d3c <dcd_event_handler+0x58>
20000e3e:	782b      	ldrb	r3, [r5, #0]
20000e40:	ac01      	add	r4, sp, #4
20000e42:	7023      	strb	r3, [r4, #0]
20000e44:	2303      	movs	r3, #3
20000e46:	7063      	strb	r3, [r4, #1]
20000e48:	686b      	ldr	r3, [r5, #4]
20000e4a:	6063      	str	r3, [r4, #4]
20000e4c:	4b15      	ldr	r3, [pc, #84]	@ (20000ea4 <dcd_event_handler+0x1c0>)
20000e4e:	681d      	ldr	r5, [r3, #0]
20000e50:	696a      	ldr	r2, [r5, #20]
20000e52:	f3ef 8110 	mrs	r1, PRIMASK
20000e56:	b672      	cpsid	i
20000e58:	6813      	ldr	r3, [r2, #0]
20000e5a:	2b00      	cmp	r3, #0
20000e5c:	d0fc      	beq.n	20000e58 <dcd_event_handler+0x174>
20000e5e:	f3bf 8f5f 	dmb	sy
20000e62:	61a9      	str	r1, [r5, #24]
20000e64:	0028      	movs	r0, r5
20000e66:	0021      	movs	r1, r4
20000e68:	f000 f83a 	bl	20000ee0 <__tu_fifo_write_veneer>
20000e6c:	696a      	ldr	r2, [r5, #20]
20000e6e:	69ab      	ldr	r3, [r5, #24]
20000e70:	f3bf 8f5f 	dmb	sy
20000e74:	2100      	movs	r1, #0
20000e76:	6011      	str	r1, [r2, #0]
20000e78:	f383 8810 	msr	PRIMASK, r3
20000e7c:	2800      	cmp	r0, #0
20000e7e:	d100      	bne.n	20000e82 <dcd_event_handler+0x19e>
20000e80:	e75c      	b.n	20000d3c <dcd_event_handler+0x58>
20000e82:	003a      	movs	r2, r7
20000e84:	7861      	ldrb	r1, [r4, #1]
20000e86:	7820      	ldrb	r0, [r4, #0]
20000e88:	f000 f842 	bl	20000f10 <__tud_event_hook_cb_veneer>
20000e8c:	e756      	b.n	20000d3c <dcd_event_handler+0x58>
20000e8e:	003a      	movs	r2, r7
20000e90:	7861      	ldrb	r1, [r4, #1]
20000e92:	7820      	ldrb	r0, [r4, #0]
20000e94:	f000 f83c 	bl	20000f10 <__tud_event_hook_cb_veneer>
20000e98:	e7cc      	b.n	20000e34 <dcd_event_handler+0x150>
20000e9a:	46c0      	nop			@ (mov r8, r8)
20000e9c:	10007bf8 	.word	0x10007bf8
20000ea0:	20001d1e 	.word	0x20001d1e
20000ea4:	200015d0 	.word	0x200015d0
20000ea8:	20001578 	.word	0x20001578
20000eac:	20001d1c 	.word	0x20001d1c
20000eb0:	10007c14 	.word	0x10007c14
20000eb4:	20001490 	.word	0x20001490

20000eb8 <__aeabi_idiv0>:
20000eb8:	4770      	bx	lr
20000eba:	46c0      	nop			@ (mov r8, r8)
20000ebc:	0000      	movs	r0, r0
	...

20000ec0 <__panic_veneer>:
20000ec0:	b401      	push	{r0}
20000ec2:	4802      	ldr	r0, [pc, #8]	@ (20000ecc <__panic_veneer+0xc>)
20000ec4:	4684      	mov	ip, r0
20000ec6:	bc01      	pop	{r0}
20000ec8:	4760      	bx	ip
20000eca:	bf00      	nop
20000ecc:	10000ef9 	.word	0x10000ef9

20000ed0 <____wrap___aeabi_lmul_veneer>:
20000ed0:	b401      	push	{r0}
20000ed2:	4802      	ldr	r0, [pc, #8]	@ (20000edc <____wrap___aeabi_lmul_veneer+0xc>)
20000ed4:	4684      	mov	ip, r0
20000ed6:	bc01      	pop	{r0}
20000ed8:	4760      	bx	ip
20000eda:	bf00      	nop
20000edc:	100030f9 	.word	0x100030f9

20000ee0 <__tu_fifo_write_veneer>:
20000ee0:	b401      	push	{r0}
20000ee2:	4802      	ldr	r0, [pc, #8]	@ (20000eec <__tu_fifo_write_veneer+0xc>)
20000ee4:	4684      	mov	ip, r0
20000ee6:	bc01      	pop	{r0}
20000ee8:	4760      	bx	ip
20000eea:	bf00      	nop
20000eec:	10006f5d 	.word	0x10006f5d

20000ef0 <__best_effort_wfe_or_timeout_veneer>:
20000ef0:	b401      	push	{r0}
20000ef2:	4802      	ldr	r0, [pc, #8]	@ (20000efc <__best_effort_wfe_or_timeout_veneer+0xc>)
20000ef4:	4684      	mov	ip, r0
20000ef6:	bc01      	pop	{r0}
20000ef8:	4760      	bx	ip
20000efa:	bf00      	nop
20000efc:	10001ca1 	.word	0x10001ca1

20000f00 <__time_us_64_veneer>:
20000f00:	b401      	push	{r0}
20000f02:	4802      	ldr	r0, [pc, #8]	@ (20000f0c <__time_us_64_veneer+0xc>)
20000f04:	4684      	mov	ip, r0
20000f06:	bc01      	pop	{r0}
20000f08:	4760      	bx	ip
20000f0a:	bf00      	nop
20000f0c:	10001df1 	.word	0x10001df1

20000f10 <__tud_event_hook_cb_veneer>:
20000f10:	b401      	push	{r0}
20000f12:	4802      	ldr	r0, [pc, #8]	@ (20000f1c <__tud_event_hook_cb_veneer+0xc>)
20000f14:	4684      	mov	ip, r0
20000f16:	bc01      	pop	{r0}
20000f18:	4760      	bx	ip
20000f1a:	bf00      	nop
20000f1c:	100059b1 	.word	0x100059b1

20000f20 <____wrap_memset_veneer>:
20000f20:	b401      	push	{r0}
20000f22:	4802      	ldr	r0, [pc, #8]	@ (20000f2c <____wrap_memset_veneer+0xc>)
20000f24:	4684      	mov	ip, r0
20000f26:	bc01      	pop	{r0}
20000f28:	4760      	bx	ip
20000f2a:	bf00      	nop
20000f2c:	1000331d 	.word	0x1000331d

20000f30 <__rp2040_chip_version_veneer>:
20000f30:	b401      	push	{r0}
20000f32:	4802      	ldr	r0, [pc, #8]	@ (20000f3c <__rp2040_chip_version_veneer+0xc>)
20000f34:	4684      	mov	ip, r0
20000f36:	bc01      	pop	{r0}
20000f38:	4760      	bx	ip
20000f3a:	bf00      	nop
20000f3c:	10000eed 	.word	0x10000eed

20000f40 <striped_spin_lock_num>:
20000f40:	00000010                                ....

20000f44 <irq_handler_chain_slots>:
20000f44:	00000000 	.word	0x00000000
20000f48:	00010000 	.word	0x00010000
	...
20000f54:	00020000 	.word	0x00020000
	...
20000f60:	00030000 	.word	0x00030000
	...
20000f6c:	00040000 	.word	0x00040000
	...
20000f78:	00050000 	.word	0x00050000
	...
20000f84:	00ff0000 	.word	0x00ff0000
20000f88:	00000000 	.word	0x00000000

20000f8c <irq_handler_chain_first_slot>:
20000f8c:	b501      	push	{r0, lr}
20000f8e:	6848      	ldr	r0, [r1, #4]
20000f90:	3101      	adds	r1, #1
20000f92:	468e      	mov	lr, r1
20000f94:	4700      	bx	r0

20000f96 <irq_handler_chain_remove_tail>:
20000f96:	4670      	mov	r0, lr
20000f98:	3809      	subs	r0, #9
20000f9a:	4901      	ldr	r1, [pc, #4]	@ (20000fa0 <irq_handler_chain_remove_tail+0xa>)
20000f9c:	4788      	blx	r1
20000f9e:	bd01      	pop	{r0, pc}
20000fa0:	10001315 	.word	0x10001315
20000fa4:	00000000 	.word	0x00000000

20000fa8 <last_added.0>:
20000fa8:	ffffffff 7fffffff                       ........

20000fb0 <default_alarm_pool>:
	...
20000fc4:	20001108 00000000 00000000              ... ........

20000fd0 <aeabi_bits_funcs>:
20000fd0:	00003350 	.word	0x00003350
20000fd4:	0000334c 	.word	0x0000334c
20000fd8:	00003354 	.word	0x00003354
20000fdc:	00003352 	.word	0x00003352

20000fe0 <aeabi_bits_funcs_end>:
20000fe0:	0000534d 	.word	0x0000534d
20000fe4:	0000434d 	.word	0x0000434d
20000fe8:	00003453 	.word	0x00003453
20000fec:	00003443 	.word	0x00003443

20000ff0 <stdio_usb>:
20000ff0:	10005055 10005009 10004f7d 10004ef5     UP...P..}O...N..
20001000:	00000000 00000100                       ........

20001008 <_usbd_qdef>:
20001008:	200015d4 000c0010 00000000 00000000     ... ............
	...

20001024 <_usbd_rhport>:
20001024:	000000ff                                ....

20001028 <i2c1_inst>:
20001028:	40048000 00000000                       ...@....

20001030 <i2c0_inst>:
20001030:	40044000 00000000                       .@.@....

20001038 <print_mutex>:
	...
