
/Users/mdalaminashik/My Drive/Skills and works/Supreme Lithium Solution/SLS_critical_load_auto_transfer_device/Codes/16x2-I2C-LCD-rp2040/build/16x2-I2C-LCD-rp2040.elf:     file format elf32-littlearm

Sections:
Idx Name          Size      VMA       LMA       File off  Algn
  0 .boot2        00000100  10000000  10000000  00001000  2**0
                  CONTENTS, ALLOC, LOAD, READONLY, CODE
  1 .text         00004ef8  10000100  10000100  00001100  2**3
                  CONTENTS, ALLOC, LOAD, READONLY, CODE
  2 .rodata       00000460  10004ff8  10004ff8  00005ff8  2**2
                  CONTENTS, ALLOC, LOAD, READONLY, DATA
  3 .binary_info  0000002c  10005458  10005458  00006458  2**2
                  CONTENTS, ALLOC, LOAD, READONLY, DATA
  4 .xip_ram      00000000  15000000  15000000  00008058  2**0
                  CONTENTS
  5 .ram_vector_table 000000c0  20000000  20000000  00009000  2**2
                  ALLOC
  6 .uninitialized_data 00000000  200000c0  200000c0  00008058  2**0
                  CONTENTS
  7 .data         00000f98  200000c0  10005484  000070c0  2**4
                  CONTENTS, ALLOC, LOAD, READONLY, CODE
  8 .tdata        00000000  20001058  20001058  00008058  2**0
                  CONTENTS, ALLOC, LOAD, DATA, THREAD_LOCAL
  9 .tbss         00000000  20001058  20001058  00000000  2**0
                  ALLOC, THREAD_LOCAL
 10 .tbss_space   00000000  20001058  20001058  00008058  2**0
                  CONTENTS
 11 .bss          00000c2c  20001058  1000641c  00008058  2**3
                  ALLOC
 12 .tls0         00000000  20001c84  20001c84  00008058  2**0
                  CONTENTS
 13 .tls1         00000000  20001c84  20001c84  00008058  2**0
                  CONTENTS
 14 .persistent_data 00000000  20001c84  20001c84  00008058  2**0
                  CONTENTS
 15 .dummy_pre_heap 00000000  20001c84  20001c84  00008058  2**0
                  CONTENTS
 16 .heap         00000800  20001c84  20001c84  00009000  2**2
                  ALLOC, READONLY
 17 .scratch_x    00000000  20040000  20040000  00008058  2**0
                  CONTENTS
 18 .scratch_y    00000000  20041000  20041000  00008058  2**0
                  CONTENTS
 19 .stack_dummy  00000800  20041000  20041000  00009000  2**5
                  ALLOC, READONLY
 20 .debug_info   00035b1c  00000000  00000000  00008058  2**0
                  CONTENTS, READONLY, DEBUGGING, OCTETS
 21 .debug_abbrev 000093cc  00000000  00000000  0003db74  2**0
                  CONTENTS, READONLY, DEBUGGING, OCTETS
 22 .debug_loclists 0001c5ff  00000000  00000000  00046f40  2**0
                  CONTENTS, READONLY, DEBUGGING, OCTETS
 23 .debug_aranges 000017d0  00000000  00000000  00063540  2**3
                  CONTENTS, READONLY, DEBUGGING, OCTETS
 24 .debug_rnglists 00004938  00000000  00000000  00064d10  2**0
                  CONTENTS, READONLY, DEBUGGING, OCTETS
 25 .debug_line   000270ce  00000000  00000000  00069648  2**0
                  CONTENTS, READONLY, DEBUGGING, OCTETS
 26 .debug_str    00009956  00000000  00000000  00090716  2**0
                  CONTENTS, READONLY, DEBUGGING, OCTETS
 27 .comment      00000045  00000000  00000000  0009a06c  2**0
                  CONTENTS, READONLY
 28 .ARM.attributes 0000002a  00000000  00000000  0009a0b1  2**0
                  CONTENTS, READONLY
 29 .debug_frame  000031e8  00000000  00000000  0009a0dc  2**2
                  CONTENTS, READONLY, DEBUGGING, OCTETS
 30 .debug_line_str 000003ec  00000000  00000000  0009d2c4  2**0
                  CONTENTS, READONLY, DEBUGGING, OCTETS

/Users/mdalaminashik/My Drive/Skills and works/Supreme Lithium Solution/SLS_critical_load_auto_transfer_device/Codes/16x2-I2C-LCD-rp2040/build/16x2-I2C-LCD-rp2040.elf:     file format elf32-littlearm


Disassembly of section .boot2:

10000000 <__boot2_start__>:
10000000:	4b32b500 	.word	0x4b32b500
10000004:	60582021 	.word	0x60582021
10000008:	21026898 	.word	0x21026898
1000000c:	60984388 	.word	0x60984388
10000010:	611860d8 	.word	0x611860d8
10000014:	4b2e6158 	.word	0x4b2e6158
10000018:	60992100 	.word	0x60992100
1000001c:	61592102 	.word	0x61592102
10000020:	22f02101 	.word	0x22f02101
10000024:	492b5099 	.word	0x492b5099
10000028:	21016019 	.word	0x21016019
1000002c:	20356099 	.word	0x20356099
10000030:	f844f000 	.word	0xf844f000
10000034:	42902202 	.word	0x42902202
10000038:	2106d014 	.word	0x2106d014
1000003c:	f0006619 	.word	0xf0006619
10000040:	6e19f834 	.word	0x6e19f834
10000044:	66192101 	.word	0x66192101
10000048:	66182000 	.word	0x66182000
1000004c:	f000661a 	.word	0xf000661a
10000050:	6e19f82c 	.word	0x6e19f82c
10000054:	6e196e19 	.word	0x6e196e19
10000058:	f0002005 	.word	0xf0002005
1000005c:	2101f82f 	.word	0x2101f82f
10000060:	d1f94208 	.word	0xd1f94208
10000064:	60992100 	.word	0x60992100
10000068:	6019491b 	.word	0x6019491b
1000006c:	60592100 	.word	0x60592100
10000070:	481b491a 	.word	0x481b491a
10000074:	21016001 	.word	0x21016001
10000078:	21eb6099 	.word	0x21eb6099
1000007c:	21a06619 	.word	0x21a06619
10000080:	f0006619 	.word	0xf0006619
10000084:	2100f812 	.word	0x2100f812
10000088:	49166099 	.word	0x49166099
1000008c:	60014814 	.word	0x60014814
10000090:	60992101 	.word	0x60992101
10000094:	2800bc01 	.word	0x2800bc01
10000098:	4700d000 	.word	0x4700d000
1000009c:	49134812 	.word	0x49134812
100000a0:	c8036008 	.word	0xc8036008
100000a4:	8808f380 	.word	0x8808f380
100000a8:	b5034708 	.word	0xb5034708
100000ac:	20046a99 	.word	0x20046a99
100000b0:	d0fb4201 	.word	0xd0fb4201
100000b4:	42012001 	.word	0x42012001
100000b8:	bd03d1f8 	.word	0xbd03d1f8
100000bc:	6618b502 	.word	0x6618b502
100000c0:	f7ff6618 	.word	0xf7ff6618
100000c4:	6e18fff2 	.word	0x6e18fff2
100000c8:	bd026e18 	.word	0xbd026e18
100000cc:	40020000 	.word	0x40020000
100000d0:	18000000 	.word	0x18000000
100000d4:	00070000 	.word	0x00070000
100000d8:	005f0300 	.word	0x005f0300
100000dc:	00002221 	.word	0x00002221
100000e0:	180000f4 	.word	0x180000f4
100000e4:	a0002022 	.word	0xa0002022
100000e8:	10000100 	.word	0x10000100
100000ec:	e000ed08 	.word	0xe000ed08
	...
100000fc:	7a4eb274 	.word	0x7a4eb274

Disassembly of section .text:

10000100 <__VECTOR_TABLE>:
10000100:	20042000 	.word	0x20042000
10000104:	100001f7 	.word	0x100001f7
10000108:	100001cb 	.word	0x100001cb
1000010c:	100001cd 	.word	0x100001cd
10000110:	100001c9 	.word	0x100001c9
10000114:	100001c9 	.word	0x100001c9
10000118:	100001c9 	.word	0x100001c9
1000011c:	100001c9 	.word	0x100001c9
10000120:	100001c9 	.word	0x100001c9
10000124:	100001c9 	.word	0x100001c9
10000128:	100001c9 	.word	0x100001c9
1000012c:	100001cf 	.word	0x100001cf
10000130:	100001c9 	.word	0x100001c9
10000134:	100001c9 	.word	0x100001c9
10000138:	100001d1 	.word	0x100001d1
1000013c:	100001d3 	.word	0x100001d3
10000140:	100001c1 	.word	0x100001c1
10000144:	100001c1 	.word	0x100001c1
10000148:	100001c1 	.word	0x100001c1
1000014c:	100001c1 	.word	0x100001c1
10000150:	100001c1 	.word	0x100001c1
10000154:	100001c1 	.word	0x100001c1
10000158:	100001c1 	.word	0x100001c1
1000015c:	100001c1 	.word	0x100001c1
10000160:	100001c1 	.word	0x100001c1
10000164:	100001c1 	.word	0x100001c1
10000168:	100001c1 	.word	0x100001c1
1000016c:	100001c1 	.word	0x100001c1
10000170:	100001c1 	.word	0x100001c1
10000174:	100001c1 	.word	0x100001c1
10000178:	100001c1 	.word	0x100001c1
1000017c:	100001c1 	.word	0x100001c1
10000180:	100001c1 	.word	0x100001c1
10000184:	100001c1 	.word	0x100001c1
10000188:	100001c1 	.word	0x100001c1
1000018c:	100001c1 	.word	0x100001c1
10000190:	100001c1 	.word	0x100001c1
10000194:	100001c1 	.word	0x100001c1
10000198:	100001c1 	.word	0x100001c1
1000019c:	100001c1 	.word	0x100001c1
100001a0:	100001c1 	.word	0x100001c1
100001a4:	100001c1 	.word	0x100001c1
100001a8:	100001c1 	.word	0x100001c1
100001ac:	100001c1 	.word	0x100001c1
100001b0:	100001c1 	.word	0x100001c1
100001b4:	100001c1 	.word	0x100001c1
100001b8:	100001c1 	.word	0x100001c1
100001bc:	100001c1 	.word	0x100001c1

100001c0 <__unhandled_user_irq>:
100001c0:	f3ef 8005 	mrs	r0, IPSR
100001c4:	3810      	subs	r0, #16

100001c6 <unhandled_user_irq_num_in_r0>:
100001c6:	be00      	bkpt	0x0000

100001c8 <isr_invalid>:
100001c8:	be00      	bkpt	0x0000

100001ca <isr_nmi>:
100001ca:	be00      	bkpt	0x0000

100001cc <isr_hardfault>:
100001cc:	be00      	bkpt	0x0000

100001ce <isr_svcall>:
100001ce:	be00      	bkpt	0x0000

100001d0 <isr_pendsv>:
100001d0:	be00      	bkpt	0x0000

100001d2 <isr_systick>:
100001d2:	be00      	bkpt	0x0000

100001d4 <__default_isrs_end>:
100001d4:	7188ebf2 	.word	0x7188ebf2
100001d8:	10005458 	.word	0x10005458
100001dc:	10005484 	.word	0x10005484
100001e0:	10000238 	.word	0x10000238
100001e4:	e71aa390 	.word	0xe71aa390

100001e8 <_entry_point>:
100001e8:	2000      	movs	r0, #0

100001ea <_enter_vtable_in_r0>:
100001ea:	491e      	ldr	r1, [pc, #120]	@ (10000264 <data_cpy_table+0x2c>)
100001ec:	6008      	str	r0, [r1, #0]
100001ee:	c806      	ldmia	r0!, {r1, r2}
100001f0:	f381 8808 	msr	MSP, r1
100001f4:	4710      	bx	r2

100001f6 <_reset_handler>:
100001f6:	481c      	ldr	r0, [pc, #112]	@ (10000268 <data_cpy_table+0x30>)
100001f8:	6800      	ldr	r0, [r0, #0]
100001fa:	2800      	cmp	r0, #0
100001fc:	d001      	beq.n	10000202 <hold_non_core0_in_bootrom+0x4>

100001fe <hold_non_core0_in_bootrom>:
100001fe:	2000      	movs	r0, #0
10000200:	e7f3      	b.n	100001ea <_enter_vtable_in_r0>
10000202:	a40d      	add	r4, pc, #52	@ (adr r4, 10000238 <data_cpy_table>)
10000204:	cc0e      	ldmia	r4!, {r1, r2, r3}
10000206:	2900      	cmp	r1, #0
10000208:	d002      	beq.n	10000210 <hold_non_core0_in_bootrom+0x12>
1000020a:	f000 f812 	bl	10000232 <data_cpy>
1000020e:	e7f9      	b.n	10000204 <hold_non_core0_in_bootrom+0x6>
10000210:	4916      	ldr	r1, [pc, #88]	@ (1000026c <data_cpy_table+0x34>)
10000212:	4a17      	ldr	r2, [pc, #92]	@ (10000270 <data_cpy_table+0x38>)
10000214:	2000      	movs	r0, #0
10000216:	e000      	b.n	1000021a <bss_fill_test>

10000218 <bss_fill_loop>:
10000218:	c101      	stmia	r1!, {r0}

1000021a <bss_fill_test>:
1000021a:	4291      	cmp	r1, r2
1000021c:	d1fc      	bne.n	10000218 <bss_fill_loop>

1000021e <platform_entry>:
1000021e:	4915      	ldr	r1, [pc, #84]	@ (10000274 <data_cpy_table+0x3c>)
10000220:	4788      	blx	r1
10000222:	4915      	ldr	r1, [pc, #84]	@ (10000278 <data_cpy_table+0x40>)
10000224:	4788      	blx	r1
10000226:	4915      	ldr	r1, [pc, #84]	@ (1000027c <data_cpy_table+0x44>)
10000228:	4788      	blx	r1
1000022a:	be00      	bkpt	0x0000
1000022c:	e7fd      	b.n	1000022a <platform_entry+0xc>

1000022e <data_cpy_loop>:
1000022e:	c901      	ldmia	r1!, {r0}
10000230:	c201      	stmia	r2!, {r0}

10000232 <data_cpy>:
10000232:	429a      	cmp	r2, r3
10000234:	d3fb      	bcc.n	1000022e <data_cpy_loop>

10000236 <data_cpy_done>:
10000236:	4770      	bx	lr

10000238 <data_cpy_table>:
10000238:	10005484 	.word	0x10005484
1000023c:	200000c0 	.word	0x200000c0
10000240:	20001058 	.word	0x20001058
10000244:	1000641c 	.word	0x1000641c
10000248:	20040000 	.word	0x20040000
1000024c:	20040000 	.word	0x20040000
10000250:	1000641c 	.word	0x1000641c
10000254:	20041000 	.word	0x20041000
10000258:	20041000 	.word	0x20041000
1000025c:	00000000 	.word	0x00000000
10000260:	4770      	bx	lr
10000262:	0000      	.short	0x0000
10000264:	e000ed08 	.word	0xe000ed08
10000268:	d0000000 	.word	0xd0000000
1000026c:	20001058 	.word	0x20001058
10000270:	20001c84 	.word	0x20001c84
10000274:	10002505 	.word	0x10002505
10000278:	10000281 	.word	0x10000281
1000027c:	100024fd 	.word	0x100024fd

10000280 <main>:
10000280:	b570      	push	{r4, r5, r6, lr}
10000282:	f002 fa37 	bl	100026f4 <stdio_init_all>
10000286:	4c1a      	ldr	r4, [pc, #104]	@ (100002f0 <main+0x70>)
10000288:	491a      	ldr	r1, [pc, #104]	@ (100002f4 <main+0x74>)
1000028a:	0020      	movs	r0, r4
1000028c:	f004 fdd8 	bl	10004e40 <i2c_init>
10000290:	2103      	movs	r1, #3
10000292:	2004      	movs	r0, #4
10000294:	f000 fb82 	bl	1000099c <gpio_set_function>
10000298:	2103      	movs	r1, #3
1000029a:	2005      	movs	r0, #5
1000029c:	f000 fb7e 	bl	1000099c <gpio_set_function>
100002a0:	2200      	movs	r2, #0
100002a2:	2101      	movs	r1, #1
100002a4:	2004      	movs	r0, #4
100002a6:	f000 fb91 	bl	100009cc <gpio_set_pulls>
100002aa:	2200      	movs	r2, #0
100002ac:	2101      	movs	r1, #1
100002ae:	2005      	movs	r0, #5
100002b0:	f000 fb8c 	bl	100009cc <gpio_set_pulls>
100002b4:	0020      	movs	r0, r4
100002b6:	2127      	movs	r1, #39	@ 0x27
100002b8:	f000 f822 	bl	10000300 <lcd_init>
100002bc:	f000 fa1a 	bl	100006f4 <lcd_clear>
100002c0:	4d0d      	ldr	r5, [pc, #52]	@ (100002f8 <main+0x78>)
100002c2:	4c0e      	ldr	r4, [pc, #56]	@ (100002fc <main+0x7c>)
100002c4:	2100      	movs	r1, #0
100002c6:	2000      	movs	r0, #0
100002c8:	f000 fa72 	bl	100007b0 <lcd_set_cursor>
100002cc:	0028      	movs	r0, r5
100002ce:	f000 fae7 	bl	100008a0 <lcd_print>
100002d2:	2101      	movs	r1, #1
100002d4:	2000      	movs	r0, #0
100002d6:	f000 fa6b 	bl	100007b0 <lcd_set_cursor>
100002da:	0020      	movs	r0, r4
100002dc:	f000 fae0 	bl	100008a0 <lcd_print>
100002e0:	20fa      	movs	r0, #250	@ 0xfa
100002e2:	0040      	lsls	r0, r0, #1
100002e4:	f001 fabe 	bl	10001864 <sleep_ms>
100002e8:	f000 fa04 	bl	100006f4 <lcd_clear>
100002ec:	e7ea      	b.n	100002c4 <main+0x44>
100002ee:	46c0      	nop			@ (mov r8, r8)
100002f0:	20001048 	.word	0x20001048
100002f4:	000186a0 	.word	0x000186a0
100002f8:	10004ff8 	.word	0x10004ff8
100002fc:	10005008 	.word	0x10005008

10000300 <lcd_init>:
10000300:	b5f0      	push	{r4, r5, r6, r7, lr}
10000302:	4cf9      	ldr	r4, [pc, #996]	@ (100006e8 <lcd_init+0x3e8>)
10000304:	4df9      	ldr	r5, [pc, #996]	@ (100006ec <lcd_init+0x3ec>)
10000306:	b085      	sub	sp, #20
10000308:	6020      	str	r0, [r4, #0]
1000030a:	2032      	movs	r0, #50	@ 0x32
1000030c:	2600      	movs	r6, #0
1000030e:	2738      	movs	r7, #56	@ 0x38
10000310:	7029      	strb	r1, [r5, #0]
10000312:	f001 faa7 	bl	10001864 <sleep_ms>
10000316:	466b      	mov	r3, sp
10000318:	220f      	movs	r2, #15
1000031a:	7829      	ldrb	r1, [r5, #0]
1000031c:	73df      	strb	r7, [r3, #15]
1000031e:	6820      	ldr	r0, [r4, #0]
10000320:	446a      	add	r2, sp
10000322:	2301      	movs	r3, #1
10000324:	9600      	str	r6, [sp, #0]
10000326:	f004 fdb5 	bl	10004e94 <i2c_write_blocking>
1000032a:	466a      	mov	r2, sp
1000032c:	213c      	movs	r1, #60	@ 0x3c
1000032e:	73d1      	strb	r1, [r2, #15]
10000330:	220f      	movs	r2, #15
10000332:	7829      	ldrb	r1, [r5, #0]
10000334:	446a      	add	r2, sp
10000336:	2301      	movs	r3, #1
10000338:	6820      	ldr	r0, [r4, #0]
1000033a:	9600      	str	r6, [sp, #0]
1000033c:	f004 fdaa 	bl	10004e94 <i2c_write_blocking>
10000340:	2001      	movs	r0, #1
10000342:	2100      	movs	r1, #0
10000344:	f001 fa18 	bl	10001778 <sleep_us>
10000348:	466a      	mov	r2, sp
1000034a:	73d7      	strb	r7, [r2, #15]
1000034c:	220f      	movs	r2, #15
1000034e:	2301      	movs	r3, #1
10000350:	446a      	add	r2, sp
10000352:	7829      	ldrb	r1, [r5, #0]
10000354:	6820      	ldr	r0, [r4, #0]
10000356:	9600      	str	r6, [sp, #0]
10000358:	f004 fd9c 	bl	10004e94 <i2c_write_blocking>
1000035c:	2100      	movs	r1, #0
1000035e:	2032      	movs	r0, #50	@ 0x32
10000360:	f001 fa0a 	bl	10001778 <sleep_us>
10000364:	2005      	movs	r0, #5
10000366:	f001 fa7d 	bl	10001864 <sleep_ms>
1000036a:	466a      	mov	r2, sp
1000036c:	73d7      	strb	r7, [r2, #15]
1000036e:	220f      	movs	r2, #15
10000370:	7829      	ldrb	r1, [r5, #0]
10000372:	6820      	ldr	r0, [r4, #0]
10000374:	446a      	add	r2, sp
10000376:	2301      	movs	r3, #1
10000378:	9600      	str	r6, [sp, #0]
1000037a:	f004 fd8b 	bl	10004e94 <i2c_write_blocking>
1000037e:	466a      	mov	r2, sp
10000380:	213c      	movs	r1, #60	@ 0x3c
10000382:	73d1      	strb	r1, [r2, #15]
10000384:	220f      	movs	r2, #15
10000386:	7829      	ldrb	r1, [r5, #0]
10000388:	446a      	add	r2, sp
1000038a:	2301      	movs	r3, #1
1000038c:	6820      	ldr	r0, [r4, #0]
1000038e:	9600      	str	r6, [sp, #0]
10000390:	f004 fd80 	bl	10004e94 <i2c_write_blocking>
10000394:	2001      	movs	r0, #1
10000396:	2100      	movs	r1, #0
10000398:	f001 f9ee 	bl	10001778 <sleep_us>
1000039c:	466a      	mov	r2, sp
1000039e:	73d7      	strb	r7, [r2, #15]
100003a0:	220f      	movs	r2, #15
100003a2:	2301      	movs	r3, #1
100003a4:	446a      	add	r2, sp
100003a6:	7829      	ldrb	r1, [r5, #0]
100003a8:	6820      	ldr	r0, [r4, #0]
100003aa:	9600      	str	r6, [sp, #0]
100003ac:	f004 fd72 	bl	10004e94 <i2c_write_blocking>
100003b0:	2032      	movs	r0, #50	@ 0x32
100003b2:	2100      	movs	r1, #0
100003b4:	f001 f9e0 	bl	10001778 <sleep_us>
100003b8:	2096      	movs	r0, #150	@ 0x96
100003ba:	2100      	movs	r1, #0
100003bc:	f001 f9dc 	bl	10001778 <sleep_us>
100003c0:	466a      	mov	r2, sp
100003c2:	73d7      	strb	r7, [r2, #15]
100003c4:	220f      	movs	r2, #15
100003c6:	7829      	ldrb	r1, [r5, #0]
100003c8:	6820      	ldr	r0, [r4, #0]
100003ca:	446a      	add	r2, sp
100003cc:	2301      	movs	r3, #1
100003ce:	9600      	str	r6, [sp, #0]
100003d0:	f004 fd60 	bl	10004e94 <i2c_write_blocking>
100003d4:	466a      	mov	r2, sp
100003d6:	233c      	movs	r3, #60	@ 0x3c
100003d8:	73d3      	strb	r3, [r2, #15]
100003da:	220f      	movs	r2, #15
100003dc:	7829      	ldrb	r1, [r5, #0]
100003de:	446a      	add	r2, sp
100003e0:	6820      	ldr	r0, [r4, #0]
100003e2:	3b3b      	subs	r3, #59	@ 0x3b
100003e4:	9600      	str	r6, [sp, #0]
100003e6:	f004 fd55 	bl	10004e94 <i2c_write_blocking>
100003ea:	2001      	movs	r0, #1
100003ec:	2100      	movs	r1, #0
100003ee:	f001 f9c3 	bl	10001778 <sleep_us>
100003f2:	466b      	mov	r3, sp
100003f4:	220f      	movs	r2, #15
100003f6:	7829      	ldrb	r1, [r5, #0]
100003f8:	73df      	strb	r7, [r3, #15]
100003fa:	446a      	add	r2, sp
100003fc:	2301      	movs	r3, #1
100003fe:	6820      	ldr	r0, [r4, #0]
10000400:	9600      	str	r6, [sp, #0]
10000402:	f004 fd47 	bl	10004e94 <i2c_write_blocking>
10000406:	2032      	movs	r0, #50	@ 0x32
10000408:	2100      	movs	r1, #0
1000040a:	f001 f9b5 	bl	10001778 <sleep_us>
1000040e:	466b      	mov	r3, sp
10000410:	220f      	movs	r2, #15
10000412:	3f10      	subs	r7, #16
10000414:	7829      	ldrb	r1, [r5, #0]
10000416:	73df      	strb	r7, [r3, #15]
10000418:	6820      	ldr	r0, [r4, #0]
1000041a:	446a      	add	r2, sp
1000041c:	2301      	movs	r3, #1
1000041e:	9600      	str	r6, [sp, #0]
10000420:	f004 fd38 	bl	10004e94 <i2c_write_blocking>
10000424:	466a      	mov	r2, sp
10000426:	212c      	movs	r1, #44	@ 0x2c
10000428:	73d1      	strb	r1, [r2, #15]
1000042a:	220f      	movs	r2, #15
1000042c:	7829      	ldrb	r1, [r5, #0]
1000042e:	446a      	add	r2, sp
10000430:	2301      	movs	r3, #1
10000432:	6820      	ldr	r0, [r4, #0]
10000434:	9600      	str	r6, [sp, #0]
10000436:	f004 fd2d 	bl	10004e94 <i2c_write_blocking>
1000043a:	2001      	movs	r0, #1
1000043c:	2100      	movs	r1, #0
1000043e:	f001 f99b 	bl	10001778 <sleep_us>
10000442:	466a      	mov	r2, sp
10000444:	73d7      	strb	r7, [r2, #15]
10000446:	220f      	movs	r2, #15
10000448:	7829      	ldrb	r1, [r5, #0]
1000044a:	446a      	add	r2, sp
1000044c:	2301      	movs	r3, #1
1000044e:	6820      	ldr	r0, [r4, #0]
10000450:	9600      	str	r6, [sp, #0]
10000452:	f004 fd1f 	bl	10004e94 <i2c_write_blocking>
10000456:	2032      	movs	r0, #50	@ 0x32
10000458:	2100      	movs	r1, #0
1000045a:	f001 f98d 	bl	10001778 <sleep_us>
1000045e:	466a      	mov	r2, sp
10000460:	73d7      	strb	r7, [r2, #15]
10000462:	220f      	movs	r2, #15
10000464:	7829      	ldrb	r1, [r5, #0]
10000466:	6820      	ldr	r0, [r4, #0]
10000468:	446a      	add	r2, sp
1000046a:	2301      	movs	r3, #1
1000046c:	9600      	str	r6, [sp, #0]
1000046e:	f004 fd11 	bl	10004e94 <i2c_write_blocking>
10000472:	466a      	mov	r2, sp
10000474:	232c      	movs	r3, #44	@ 0x2c
10000476:	73d3      	strb	r3, [r2, #15]
10000478:	220f      	movs	r2, #15
1000047a:	7829      	ldrb	r1, [r5, #0]
1000047c:	446a      	add	r2, sp
1000047e:	6820      	ldr	r0, [r4, #0]
10000480:	3b2b      	subs	r3, #43	@ 0x2b
10000482:	9600      	str	r6, [sp, #0]
10000484:	f004 fd06 	bl	10004e94 <i2c_write_blocking>
10000488:	2001      	movs	r0, #1
1000048a:	2100      	movs	r1, #0
1000048c:	f001 f974 	bl	10001778 <sleep_us>
10000490:	466b      	mov	r3, sp
10000492:	220f      	movs	r2, #15
10000494:	7829      	ldrb	r1, [r5, #0]
10000496:	73df      	strb	r7, [r3, #15]
10000498:	446a      	add	r2, sp
1000049a:	2301      	movs	r3, #1
1000049c:	6820      	ldr	r0, [r4, #0]
1000049e:	9600      	str	r6, [sp, #0]
100004a0:	f004 fcf8 	bl	10004e94 <i2c_write_blocking>
100004a4:	2032      	movs	r0, #50	@ 0x32
100004a6:	2100      	movs	r1, #0
100004a8:	f001 f966 	bl	10001778 <sleep_us>
100004ac:	466b      	mov	r3, sp
100004ae:	220f      	movs	r2, #15
100004b0:	3760      	adds	r7, #96	@ 0x60
100004b2:	7829      	ldrb	r1, [r5, #0]
100004b4:	73df      	strb	r7, [r3, #15]
100004b6:	6820      	ldr	r0, [r4, #0]
100004b8:	446a      	add	r2, sp
100004ba:	2301      	movs	r3, #1
100004bc:	9600      	str	r6, [sp, #0]
100004be:	f004 fce9 	bl	10004e94 <i2c_write_blocking>
100004c2:	466a      	mov	r2, sp
100004c4:	238c      	movs	r3, #140	@ 0x8c
100004c6:	73d3      	strb	r3, [r2, #15]
100004c8:	220f      	movs	r2, #15
100004ca:	7829      	ldrb	r1, [r5, #0]
100004cc:	446a      	add	r2, sp
100004ce:	6820      	ldr	r0, [r4, #0]
100004d0:	3b8b      	subs	r3, #139	@ 0x8b
100004d2:	9600      	str	r6, [sp, #0]
100004d4:	f004 fcde 	bl	10004e94 <i2c_write_blocking>
100004d8:	2001      	movs	r0, #1
100004da:	2100      	movs	r1, #0
100004dc:	f001 f94c 	bl	10001778 <sleep_us>
100004e0:	466b      	mov	r3, sp
100004e2:	220f      	movs	r2, #15
100004e4:	7829      	ldrb	r1, [r5, #0]
100004e6:	73df      	strb	r7, [r3, #15]
100004e8:	446a      	add	r2, sp
100004ea:	2301      	movs	r3, #1
100004ec:	6820      	ldr	r0, [r4, #0]
100004ee:	9600      	str	r6, [sp, #0]
100004f0:	f004 fcd0 	bl	10004e94 <i2c_write_blocking>
100004f4:	2032      	movs	r0, #50	@ 0x32
100004f6:	2100      	movs	r1, #0
100004f8:	f001 f93e 	bl	10001778 <sleep_us>
100004fc:	466b      	mov	r3, sp
100004fe:	220f      	movs	r2, #15
10000500:	3f80      	subs	r7, #128	@ 0x80
10000502:	7829      	ldrb	r1, [r5, #0]
10000504:	73df      	strb	r7, [r3, #15]
10000506:	6820      	ldr	r0, [r4, #0]
10000508:	446a      	add	r2, sp
1000050a:	2301      	movs	r3, #1
1000050c:	9600      	str	r6, [sp, #0]
1000050e:	f004 fcc1 	bl	10004e94 <i2c_write_blocking>
10000512:	466a      	mov	r2, sp
10000514:	210c      	movs	r1, #12
10000516:	73d1      	strb	r1, [r2, #15]
10000518:	220f      	movs	r2, #15
1000051a:	7829      	ldrb	r1, [r5, #0]
1000051c:	446a      	add	r2, sp
1000051e:	2301      	movs	r3, #1
10000520:	6820      	ldr	r0, [r4, #0]
10000522:	9600      	str	r6, [sp, #0]
10000524:	f004 fcb6 	bl	10004e94 <i2c_write_blocking>
10000528:	2001      	movs	r0, #1
1000052a:	2100      	movs	r1, #0
1000052c:	f001 f924 	bl	10001778 <sleep_us>
10000530:	466a      	mov	r2, sp
10000532:	73d7      	strb	r7, [r2, #15]
10000534:	220f      	movs	r2, #15
10000536:	7829      	ldrb	r1, [r5, #0]
10000538:	446a      	add	r2, sp
1000053a:	2301      	movs	r3, #1
1000053c:	6820      	ldr	r0, [r4, #0]
1000053e:	9600      	str	r6, [sp, #0]
10000540:	f004 fca8 	bl	10004e94 <i2c_write_blocking>
10000544:	2032      	movs	r0, #50	@ 0x32
10000546:	2100      	movs	r1, #0
10000548:	f001 f916 	bl	10001778 <sleep_us>
1000054c:	4669      	mov	r1, sp
1000054e:	22c8      	movs	r2, #200	@ 0xc8
10000550:	73ca      	strb	r2, [r1, #15]
10000552:	3ab9      	subs	r2, #185	@ 0xb9
10000554:	7829      	ldrb	r1, [r5, #0]
10000556:	6820      	ldr	r0, [r4, #0]
10000558:	446a      	add	r2, sp
1000055a:	2301      	movs	r3, #1
1000055c:	9600      	str	r6, [sp, #0]
1000055e:	f004 fc99 	bl	10004e94 <i2c_write_blocking>
10000562:	4669      	mov	r1, sp
10000564:	23cc      	movs	r3, #204	@ 0xcc
10000566:	220f      	movs	r2, #15
10000568:	73cb      	strb	r3, [r1, #15]
1000056a:	446a      	add	r2, sp
1000056c:	7829      	ldrb	r1, [r5, #0]
1000056e:	6820      	ldr	r0, [r4, #0]
10000570:	3bcb      	subs	r3, #203	@ 0xcb
10000572:	9600      	str	r6, [sp, #0]
10000574:	f004 fc8e 	bl	10004e94 <i2c_write_blocking>
10000578:	2001      	movs	r0, #1
1000057a:	2100      	movs	r1, #0
1000057c:	f001 f8fc 	bl	10001778 <sleep_us>
10000580:	4669      	mov	r1, sp
10000582:	22c8      	movs	r2, #200	@ 0xc8
10000584:	73ca      	strb	r2, [r1, #15]
10000586:	3ab9      	subs	r2, #185	@ 0xb9
10000588:	7829      	ldrb	r1, [r5, #0]
1000058a:	446a      	add	r2, sp
1000058c:	2301      	movs	r3, #1
1000058e:	6820      	ldr	r0, [r4, #0]
10000590:	9600      	str	r6, [sp, #0]
10000592:	f004 fc7f 	bl	10004e94 <i2c_write_blocking>
10000596:	2032      	movs	r0, #50	@ 0x32
10000598:	2100      	movs	r1, #0
1000059a:	f001 f8ed 	bl	10001778 <sleep_us>
1000059e:	466a      	mov	r2, sp
100005a0:	73d7      	strb	r7, [r2, #15]
100005a2:	220f      	movs	r2, #15
100005a4:	7829      	ldrb	r1, [r5, #0]
100005a6:	6820      	ldr	r0, [r4, #0]
100005a8:	446a      	add	r2, sp
100005aa:	2301      	movs	r3, #1
100005ac:	9600      	str	r6, [sp, #0]
100005ae:	f004 fc71 	bl	10004e94 <i2c_write_blocking>
100005b2:	466a      	mov	r2, sp
100005b4:	210c      	movs	r1, #12
100005b6:	73d1      	strb	r1, [r2, #15]
100005b8:	220f      	movs	r2, #15
100005ba:	7829      	ldrb	r1, [r5, #0]
100005bc:	446a      	add	r2, sp
100005be:	2301      	movs	r3, #1
100005c0:	6820      	ldr	r0, [r4, #0]
100005c2:	9600      	str	r6, [sp, #0]
100005c4:	f004 fc66 	bl	10004e94 <i2c_write_blocking>
100005c8:	2001      	movs	r0, #1
100005ca:	2100      	movs	r1, #0
100005cc:	f001 f8d4 	bl	10001778 <sleep_us>
100005d0:	466a      	mov	r2, sp
100005d2:	73d7      	strb	r7, [r2, #15]
100005d4:	220f      	movs	r2, #15
100005d6:	7829      	ldrb	r1, [r5, #0]
100005d8:	446a      	add	r2, sp
100005da:	2301      	movs	r3, #1
100005dc:	6820      	ldr	r0, [r4, #0]
100005de:	9600      	str	r6, [sp, #0]
100005e0:	f004 fc58 	bl	10004e94 <i2c_write_blocking>
100005e4:	2032      	movs	r0, #50	@ 0x32
100005e6:	2100      	movs	r1, #0
100005e8:	f001 f8c6 	bl	10001778 <sleep_us>
100005ec:	4669      	mov	r1, sp
100005ee:	2068      	movs	r0, #104	@ 0x68
100005f0:	220f      	movs	r2, #15
100005f2:	73c8      	strb	r0, [r1, #15]
100005f4:	446a      	add	r2, sp
100005f6:	7829      	ldrb	r1, [r5, #0]
100005f8:	6820      	ldr	r0, [r4, #0]
100005fa:	2301      	movs	r3, #1
100005fc:	9600      	str	r6, [sp, #0]
100005fe:	f004 fc49 	bl	10004e94 <i2c_write_blocking>
10000602:	4669      	mov	r1, sp
10000604:	236c      	movs	r3, #108	@ 0x6c
10000606:	220f      	movs	r2, #15
10000608:	73cb      	strb	r3, [r1, #15]
1000060a:	446a      	add	r2, sp
1000060c:	7829      	ldrb	r1, [r5, #0]
1000060e:	6820      	ldr	r0, [r4, #0]
10000610:	3b6b      	subs	r3, #107	@ 0x6b
10000612:	9600      	str	r6, [sp, #0]
10000614:	f004 fc3e 	bl	10004e94 <i2c_write_blocking>
10000618:	2001      	movs	r0, #1
1000061a:	2100      	movs	r1, #0
1000061c:	f001 f8ac 	bl	10001778 <sleep_us>
10000620:	4669      	mov	r1, sp
10000622:	2268      	movs	r2, #104	@ 0x68
10000624:	73ca      	strb	r2, [r1, #15]
10000626:	3a59      	subs	r2, #89	@ 0x59
10000628:	7829      	ldrb	r1, [r5, #0]
1000062a:	446a      	add	r2, sp
1000062c:	2301      	movs	r3, #1
1000062e:	6820      	ldr	r0, [r4, #0]
10000630:	9600      	str	r6, [sp, #0]
10000632:	f004 fc2f 	bl	10004e94 <i2c_write_blocking>
10000636:	2032      	movs	r0, #50	@ 0x32
10000638:	2100      	movs	r1, #0
1000063a:	f001 f89d 	bl	10001778 <sleep_us>
1000063e:	466a      	mov	r2, sp
10000640:	73d7      	strb	r7, [r2, #15]
10000642:	220f      	movs	r2, #15
10000644:	7829      	ldrb	r1, [r5, #0]
10000646:	6820      	ldr	r0, [r4, #0]
10000648:	446a      	add	r2, sp
1000064a:	2301      	movs	r3, #1
1000064c:	9600      	str	r6, [sp, #0]
1000064e:	f004 fc21 	bl	10004e94 <i2c_write_blocking>
10000652:	466a      	mov	r2, sp
10000654:	230c      	movs	r3, #12
10000656:	73d3      	strb	r3, [r2, #15]
10000658:	220f      	movs	r2, #15
1000065a:	7829      	ldrb	r1, [r5, #0]
1000065c:	446a      	add	r2, sp
1000065e:	6820      	ldr	r0, [r4, #0]
10000660:	3b0b      	subs	r3, #11
10000662:	9600      	str	r6, [sp, #0]
10000664:	f004 fc16 	bl	10004e94 <i2c_write_blocking>
10000668:	2001      	movs	r0, #1
1000066a:	2100      	movs	r1, #0
1000066c:	f001 f884 	bl	10001778 <sleep_us>
10000670:	466b      	mov	r3, sp
10000672:	220f      	movs	r2, #15
10000674:	7829      	ldrb	r1, [r5, #0]
10000676:	73df      	strb	r7, [r3, #15]
10000678:	446a      	add	r2, sp
1000067a:	2301      	movs	r3, #1
1000067c:	6820      	ldr	r0, [r4, #0]
1000067e:	9600      	str	r6, [sp, #0]
10000680:	f004 fc08 	bl	10004e94 <i2c_write_blocking>
10000684:	2032      	movs	r0, #50	@ 0x32
10000686:	2100      	movs	r1, #0
10000688:	f001 f876 	bl	10001778 <sleep_us>
1000068c:	466b      	mov	r3, sp
1000068e:	220f      	movs	r2, #15
10000690:	3710      	adds	r7, #16
10000692:	7829      	ldrb	r1, [r5, #0]
10000694:	73df      	strb	r7, [r3, #15]
10000696:	6820      	ldr	r0, [r4, #0]
10000698:	446a      	add	r2, sp
1000069a:	2301      	movs	r3, #1
1000069c:	9600      	str	r6, [sp, #0]
1000069e:	f004 fbf9 	bl	10004e94 <i2c_write_blocking>
100006a2:	466a      	mov	r2, sp
100006a4:	231c      	movs	r3, #28
100006a6:	73d3      	strb	r3, [r2, #15]
100006a8:	220f      	movs	r2, #15
100006aa:	7829      	ldrb	r1, [r5, #0]
100006ac:	446a      	add	r2, sp
100006ae:	6820      	ldr	r0, [r4, #0]
100006b0:	3b1b      	subs	r3, #27
100006b2:	9600      	str	r6, [sp, #0]
100006b4:	f004 fbee 	bl	10004e94 <i2c_write_blocking>
100006b8:	2001      	movs	r0, #1
100006ba:	2100      	movs	r1, #0
100006bc:	f001 f85c 	bl	10001778 <sleep_us>
100006c0:	466b      	mov	r3, sp
100006c2:	220f      	movs	r2, #15
100006c4:	7829      	ldrb	r1, [r5, #0]
100006c6:	73df      	strb	r7, [r3, #15]
100006c8:	446a      	add	r2, sp
100006ca:	2301      	movs	r3, #1
100006cc:	6820      	ldr	r0, [r4, #0]
100006ce:	9600      	str	r6, [sp, #0]
100006d0:	f004 fbe0 	bl	10004e94 <i2c_write_blocking>
100006d4:	2100      	movs	r1, #0
100006d6:	2032      	movs	r0, #50	@ 0x32
100006d8:	f001 f84e 	bl	10001778 <sleep_us>
100006dc:	2002      	movs	r0, #2
100006de:	f001 f8c1 	bl	10001864 <sleep_ms>
100006e2:	b005      	add	sp, #20
100006e4:	e004      	b.n	100006f0 <lcd_init+0x3f0>
100006e6:	46c0      	nop			@ (mov r8, r8)
100006e8:	20001c24 	.word	0x20001c24
100006ec:	20001c7f 	.word	0x20001c7f
100006f0:	bdf0      	pop	{r4, r5, r6, r7, pc}
100006f2:	46c0      	nop			@ (mov r8, r8)

100006f4 <lcd_clear>:
100006f4:	b5f0      	push	{r4, r5, r6, r7, lr}
100006f6:	b085      	sub	sp, #20
100006f8:	2400      	movs	r4, #0
100006fa:	2708      	movs	r7, #8
100006fc:	466b      	mov	r3, sp
100006fe:	220f      	movs	r2, #15
10000700:	4e29      	ldr	r6, [pc, #164]	@ (100007a8 <lcd_clear+0xb4>)
10000702:	4d2a      	ldr	r5, [pc, #168]	@ (100007ac <lcd_clear+0xb8>)
10000704:	7831      	ldrb	r1, [r6, #0]
10000706:	73df      	strb	r7, [r3, #15]
10000708:	6828      	ldr	r0, [r5, #0]
1000070a:	446a      	add	r2, sp
1000070c:	2301      	movs	r3, #1
1000070e:	9400      	str	r4, [sp, #0]
10000710:	f004 fbc0 	bl	10004e94 <i2c_write_blocking>
10000714:	466a      	mov	r2, sp
10000716:	230c      	movs	r3, #12
10000718:	73d3      	strb	r3, [r2, #15]
1000071a:	220f      	movs	r2, #15
1000071c:	7831      	ldrb	r1, [r6, #0]
1000071e:	446a      	add	r2, sp
10000720:	6828      	ldr	r0, [r5, #0]
10000722:	3b0b      	subs	r3, #11
10000724:	9400      	str	r4, [sp, #0]
10000726:	f004 fbb5 	bl	10004e94 <i2c_write_blocking>
1000072a:	2001      	movs	r0, #1
1000072c:	2100      	movs	r1, #0
1000072e:	f001 f823 	bl	10001778 <sleep_us>
10000732:	466b      	mov	r3, sp
10000734:	220f      	movs	r2, #15
10000736:	7831      	ldrb	r1, [r6, #0]
10000738:	73df      	strb	r7, [r3, #15]
1000073a:	446a      	add	r2, sp
1000073c:	2301      	movs	r3, #1
1000073e:	6828      	ldr	r0, [r5, #0]
10000740:	9400      	str	r4, [sp, #0]
10000742:	f004 fba7 	bl	10004e94 <i2c_write_blocking>
10000746:	2032      	movs	r0, #50	@ 0x32
10000748:	2100      	movs	r1, #0
1000074a:	f001 f815 	bl	10001778 <sleep_us>
1000074e:	466b      	mov	r3, sp
10000750:	220f      	movs	r2, #15
10000752:	3710      	adds	r7, #16
10000754:	7831      	ldrb	r1, [r6, #0]
10000756:	73df      	strb	r7, [r3, #15]
10000758:	6828      	ldr	r0, [r5, #0]
1000075a:	446a      	add	r2, sp
1000075c:	2301      	movs	r3, #1
1000075e:	9400      	str	r4, [sp, #0]
10000760:	f004 fb98 	bl	10004e94 <i2c_write_blocking>
10000764:	466a      	mov	r2, sp
10000766:	231c      	movs	r3, #28
10000768:	73d3      	strb	r3, [r2, #15]
1000076a:	220f      	movs	r2, #15
1000076c:	7831      	ldrb	r1, [r6, #0]
1000076e:	446a      	add	r2, sp
10000770:	6828      	ldr	r0, [r5, #0]
10000772:	3b1b      	subs	r3, #27
10000774:	9400      	str	r4, [sp, #0]
10000776:	f004 fb8d 	bl	10004e94 <i2c_write_blocking>
1000077a:	2001      	movs	r0, #1
1000077c:	2100      	movs	r1, #0
1000077e:	f000 fffb 	bl	10001778 <sleep_us>
10000782:	466b      	mov	r3, sp
10000784:	220f      	movs	r2, #15
10000786:	7831      	ldrb	r1, [r6, #0]
10000788:	73df      	strb	r7, [r3, #15]
1000078a:	446a      	add	r2, sp
1000078c:	2301      	movs	r3, #1
1000078e:	6828      	ldr	r0, [r5, #0]
10000790:	9400      	str	r4, [sp, #0]
10000792:	f004 fb7f 	bl	10004e94 <i2c_write_blocking>
10000796:	2100      	movs	r1, #0
10000798:	2032      	movs	r0, #50	@ 0x32
1000079a:	f000 ffed 	bl	10001778 <sleep_us>
1000079e:	2002      	movs	r0, #2
100007a0:	f001 f860 	bl	10001864 <sleep_ms>
100007a4:	b005      	add	sp, #20
100007a6:	bdf0      	pop	{r4, r5, r6, r7, pc}
100007a8:	20001c7f 	.word	0x20001c7f
100007ac:	20001c24 	.word	0x20001c24

100007b0 <lcd_set_cursor>:
100007b0:	b5f0      	push	{r4, r5, r6, r7, lr}
100007b2:	46c6      	mov	lr, r8
100007b4:	b500      	push	{lr}
100007b6:	4a37      	ldr	r2, [pc, #220]	@ (10000894 <lcd_set_cursor+0xe4>)
100007b8:	b086      	sub	sp, #24
100007ba:	1c0b      	adds	r3, r1, #0
100007bc:	2900      	cmp	r1, #0
100007be:	d000      	beq.n	100007c2 <lcd_set_cursor+0x12>
100007c0:	2301      	movs	r3, #1
100007c2:	b2db      	uxtb	r3, r3
100007c4:	5cd6      	ldrb	r6, [r2, r3]
100007c6:	230f      	movs	r3, #15
100007c8:	1986      	adds	r6, r0, r6
100007ca:	b2f6      	uxtb	r6, r6
100007cc:	0032      	movs	r2, r6
100007ce:	2578      	movs	r5, #120	@ 0x78
100007d0:	240f      	movs	r4, #15
100007d2:	2700      	movs	r7, #0
100007d4:	439a      	bics	r2, r3
100007d6:	ab02      	add	r3, sp, #8
100007d8:	18e4      	adds	r4, r4, r3
100007da:	482f      	ldr	r0, [pc, #188]	@ (10000898 <lcd_set_cursor+0xe8>)
100007dc:	4b2f      	ldr	r3, [pc, #188]	@ (1000089c <lcd_set_cursor+0xec>)
100007de:	426d      	negs	r5, r5
100007e0:	4315      	orrs	r5, r2
100007e2:	4680      	mov	r8, r0
100007e4:	7819      	ldrb	r1, [r3, #0]
100007e6:	7025      	strb	r5, [r4, #0]
100007e8:	9203      	str	r2, [sp, #12]
100007ea:	9302      	str	r3, [sp, #8]
100007ec:	0022      	movs	r2, r4
100007ee:	2301      	movs	r3, #1
100007f0:	6800      	ldr	r0, [r0, #0]
100007f2:	9700      	str	r7, [sp, #0]
100007f4:	f004 fb4e 	bl	10004e94 <i2c_write_blocking>
100007f8:	2374      	movs	r3, #116	@ 0x74
100007fa:	9a03      	ldr	r2, [sp, #12]
100007fc:	425b      	negs	r3, r3
100007fe:	4313      	orrs	r3, r2
10000800:	4642      	mov	r2, r8
10000802:	7023      	strb	r3, [r4, #0]
10000804:	9b02      	ldr	r3, [sp, #8]
10000806:	6810      	ldr	r0, [r2, #0]
10000808:	7819      	ldrb	r1, [r3, #0]
1000080a:	0022      	movs	r2, r4
1000080c:	2301      	movs	r3, #1
1000080e:	9700      	str	r7, [sp, #0]
10000810:	f004 fb40 	bl	10004e94 <i2c_write_blocking>
10000814:	2001      	movs	r0, #1
10000816:	2100      	movs	r1, #0
10000818:	f000 ffae 	bl	10001778 <sleep_us>
1000081c:	4642      	mov	r2, r8
1000081e:	9b02      	ldr	r3, [sp, #8]
10000820:	7025      	strb	r5, [r4, #0]
10000822:	7819      	ldrb	r1, [r3, #0]
10000824:	6810      	ldr	r0, [r2, #0]
10000826:	2301      	movs	r3, #1
10000828:	0022      	movs	r2, r4
1000082a:	9700      	str	r7, [sp, #0]
1000082c:	f004 fb32 	bl	10004e94 <i2c_write_blocking>
10000830:	2508      	movs	r5, #8
10000832:	2032      	movs	r0, #50	@ 0x32
10000834:	2100      	movs	r1, #0
10000836:	f000 ff9f 	bl	10001778 <sleep_us>
1000083a:	4642      	mov	r2, r8
1000083c:	9b02      	ldr	r3, [sp, #8]
1000083e:	0136      	lsls	r6, r6, #4
10000840:	4335      	orrs	r5, r6
10000842:	7819      	ldrb	r1, [r3, #0]
10000844:	6810      	ldr	r0, [r2, #0]
10000846:	7025      	strb	r5, [r4, #0]
10000848:	0022      	movs	r2, r4
1000084a:	2301      	movs	r3, #1
1000084c:	9700      	str	r7, [sp, #0]
1000084e:	f004 fb21 	bl	10004e94 <i2c_write_blocking>
10000852:	230c      	movs	r3, #12
10000854:	431e      	orrs	r6, r3
10000856:	4643      	mov	r3, r8
10000858:	7026      	strb	r6, [r4, #0]
1000085a:	9e02      	ldr	r6, [sp, #8]
1000085c:	0022      	movs	r2, r4
1000085e:	7831      	ldrb	r1, [r6, #0]
10000860:	6818      	ldr	r0, [r3, #0]
10000862:	2301      	movs	r3, #1
10000864:	9700      	str	r7, [sp, #0]
10000866:	f004 fb15 	bl	10004e94 <i2c_write_blocking>
1000086a:	2001      	movs	r0, #1
1000086c:	2100      	movs	r1, #0
1000086e:	f000 ff83 	bl	10001778 <sleep_us>
10000872:	4643      	mov	r3, r8
10000874:	7831      	ldrb	r1, [r6, #0]
10000876:	0022      	movs	r2, r4
10000878:	6818      	ldr	r0, [r3, #0]
1000087a:	7025      	strb	r5, [r4, #0]
1000087c:	2301      	movs	r3, #1
1000087e:	9700      	str	r7, [sp, #0]
10000880:	f004 fb08 	bl	10004e94 <i2c_write_blocking>
10000884:	2032      	movs	r0, #50	@ 0x32
10000886:	2100      	movs	r1, #0
10000888:	f000 ff76 	bl	10001778 <sleep_us>
1000088c:	b006      	add	sp, #24
1000088e:	bc80      	pop	{r7}
10000890:	46b8      	mov	r8, r7
10000892:	bdf0      	pop	{r4, r5, r6, r7, pc}
10000894:	100051a0 	.word	0x100051a0
10000898:	20001c24 	.word	0x20001c24
1000089c:	20001c7f 	.word	0x20001c7f

100008a0 <lcd_print>:
100008a0:	b5f0      	push	{r4, r5, r6, r7, lr}
100008a2:	4657      	mov	r7, sl
100008a4:	4645      	mov	r5, r8
100008a6:	46de      	mov	lr, fp
100008a8:	464e      	mov	r6, r9
100008aa:	b5e0      	push	{r5, r6, r7, lr}
100008ac:	7805      	ldrb	r5, [r0, #0]
100008ae:	4682      	mov	sl, r0
100008b0:	b085      	sub	sp, #20
100008b2:	2d00      	cmp	r5, #0
100008b4:	d067      	beq.n	10000986 <lcd_print+0xe6>
100008b6:	4b37      	ldr	r3, [pc, #220]	@ (10000994 <lcd_print+0xf4>)
100008b8:	4f37      	ldr	r7, [pc, #220]	@ (10000998 <lcd_print+0xf8>)
100008ba:	4698      	mov	r8, r3
100008bc:	003b      	movs	r3, r7
100008be:	240f      	movs	r4, #15
100008c0:	4647      	mov	r7, r8
100008c2:	2600      	movs	r6, #0
100008c4:	4698      	mov	r8, r3
100008c6:	446c      	add	r4, sp
100008c8:	2301      	movs	r3, #1
100008ca:	220f      	movs	r2, #15
100008cc:	449a      	add	sl, r3
100008ce:	002b      	movs	r3, r5
100008d0:	4393      	bics	r3, r2
100008d2:	4699      	mov	r9, r3
100008d4:	2309      	movs	r3, #9
100008d6:	464a      	mov	r2, r9
100008d8:	4313      	orrs	r3, r2
100008da:	7023      	strb	r3, [r4, #0]
100008dc:	469b      	mov	fp, r3
100008de:	4643      	mov	r3, r8
100008e0:	7839      	ldrb	r1, [r7, #0]
100008e2:	6818      	ldr	r0, [r3, #0]
100008e4:	0022      	movs	r2, r4
100008e6:	2301      	movs	r3, #1
100008e8:	9600      	str	r6, [sp, #0]
100008ea:	f004 fad3 	bl	10004e94 <i2c_write_blocking>
100008ee:	464b      	mov	r3, r9
100008f0:	220d      	movs	r2, #13
100008f2:	4313      	orrs	r3, r2
100008f4:	7023      	strb	r3, [r4, #0]
100008f6:	4643      	mov	r3, r8
100008f8:	0022      	movs	r2, r4
100008fa:	7839      	ldrb	r1, [r7, #0]
100008fc:	6818      	ldr	r0, [r3, #0]
100008fe:	2301      	movs	r3, #1
10000900:	9600      	str	r6, [sp, #0]
10000902:	f004 fac7 	bl	10004e94 <i2c_write_blocking>
10000906:	2001      	movs	r0, #1
10000908:	2100      	movs	r1, #0
1000090a:	f000 ff35 	bl	10001778 <sleep_us>
1000090e:	465b      	mov	r3, fp
10000910:	7023      	strb	r3, [r4, #0]
10000912:	4643      	mov	r3, r8
10000914:	0022      	movs	r2, r4
10000916:	7839      	ldrb	r1, [r7, #0]
10000918:	6818      	ldr	r0, [r3, #0]
1000091a:	2301      	movs	r3, #1
1000091c:	9600      	str	r6, [sp, #0]
1000091e:	f004 fab9 	bl	10004e94 <i2c_write_blocking>
10000922:	2032      	movs	r0, #50	@ 0x32
10000924:	2100      	movs	r1, #0
10000926:	f000 ff27 	bl	10001778 <sleep_us>
1000092a:	2309      	movs	r3, #9
1000092c:	012d      	lsls	r5, r5, #4
1000092e:	432b      	orrs	r3, r5
10000930:	7023      	strb	r3, [r4, #0]
10000932:	4699      	mov	r9, r3
10000934:	4643      	mov	r3, r8
10000936:	7839      	ldrb	r1, [r7, #0]
10000938:	6818      	ldr	r0, [r3, #0]
1000093a:	0022      	movs	r2, r4
1000093c:	2301      	movs	r3, #1
1000093e:	9600      	str	r6, [sp, #0]
10000940:	f004 faa8 	bl	10004e94 <i2c_write_blocking>
10000944:	220d      	movs	r2, #13
10000946:	4643      	mov	r3, r8
10000948:	4315      	orrs	r5, r2
1000094a:	7839      	ldrb	r1, [r7, #0]
1000094c:	0022      	movs	r2, r4
1000094e:	6818      	ldr	r0, [r3, #0]
10000950:	7025      	strb	r5, [r4, #0]
10000952:	2301      	movs	r3, #1
10000954:	9600      	str	r6, [sp, #0]
10000956:	f004 fa9d 	bl	10004e94 <i2c_write_blocking>
1000095a:	2001      	movs	r0, #1
1000095c:	2100      	movs	r1, #0
1000095e:	f000 ff0b 	bl	10001778 <sleep_us>
10000962:	464b      	mov	r3, r9
10000964:	7023      	strb	r3, [r4, #0]
10000966:	4643      	mov	r3, r8
10000968:	7839      	ldrb	r1, [r7, #0]
1000096a:	6818      	ldr	r0, [r3, #0]
1000096c:	0022      	movs	r2, r4
1000096e:	2301      	movs	r3, #1
10000970:	9600      	str	r6, [sp, #0]
10000972:	f004 fa8f 	bl	10004e94 <i2c_write_blocking>
10000976:	2032      	movs	r0, #50	@ 0x32
10000978:	2100      	movs	r1, #0
1000097a:	f000 fefd 	bl	10001778 <sleep_us>
1000097e:	4653      	mov	r3, sl
10000980:	781d      	ldrb	r5, [r3, #0]
10000982:	2d00      	cmp	r5, #0
10000984:	d1a0      	bne.n	100008c8 <lcd_print+0x28>
10000986:	b005      	add	sp, #20
10000988:	bcf0      	pop	{r4, r5, r6, r7}
1000098a:	46bb      	mov	fp, r7
1000098c:	46b2      	mov	sl, r6
1000098e:	46a9      	mov	r9, r5
10000990:	46a0      	mov	r8, r4
10000992:	bdf0      	pop	{r4, r5, r6, r7, pc}
10000994:	20001c7f 	.word	0x20001c7f
10000998:	20001c24 	.word	0x20001c24

1000099c <gpio_set_function>:
1000099c:	b510      	push	{r4, lr}
1000099e:	2440      	movs	r4, #64	@ 0x40
100009a0:	4a07      	ldr	r2, [pc, #28]	@ (100009c0 <gpio_set_function+0x24>)
100009a2:	0083      	lsls	r3, r0, #2
100009a4:	189a      	adds	r2, r3, r2
100009a6:	6812      	ldr	r2, [r2, #0]
100009a8:	00c0      	lsls	r0, r0, #3
100009aa:	4054      	eors	r4, r2
100009ac:	22c0      	movs	r2, #192	@ 0xc0
100009ae:	4022      	ands	r2, r4
100009b0:	4c04      	ldr	r4, [pc, #16]	@ (100009c4 <gpio_set_function+0x28>)
100009b2:	191b      	adds	r3, r3, r4
100009b4:	601a      	str	r2, [r3, #0]
100009b6:	4b04      	ldr	r3, [pc, #16]	@ (100009c8 <gpio_set_function+0x2c>)
100009b8:	18c0      	adds	r0, r0, r3
100009ba:	6041      	str	r1, [r0, #4]
100009bc:	bd10      	pop	{r4, pc}
100009be:	46c0      	nop			@ (mov r8, r8)
100009c0:	4001c004 	.word	0x4001c004
100009c4:	4001d004 	.word	0x4001d004
100009c8:	40014000 	.word	0x40014000

100009cc <gpio_set_pulls>:
100009cc:	4b06      	ldr	r3, [pc, #24]	@ (100009e8 <gpio_set_pulls+0x1c>)
100009ce:	0080      	lsls	r0, r0, #2
100009d0:	18c3      	adds	r3, r0, r3
100009d2:	681b      	ldr	r3, [r3, #0]
100009d4:	00c9      	lsls	r1, r1, #3
100009d6:	0092      	lsls	r2, r2, #2
100009d8:	430a      	orrs	r2, r1
100009da:	405a      	eors	r2, r3
100009dc:	230c      	movs	r3, #12
100009de:	4013      	ands	r3, r2
100009e0:	4a02      	ldr	r2, [pc, #8]	@ (100009ec <gpio_set_pulls+0x20>)
100009e2:	1880      	adds	r0, r0, r2
100009e4:	6003      	str	r3, [r0, #0]
100009e6:	4770      	bx	lr
100009e8:	4001c004 	.word	0x4001c004
100009ec:	4001d004 	.word	0x4001d004

100009f0 <rp2040_chip_version>:
100009f0:	2380      	movs	r3, #128	@ 0x80
100009f2:	05db      	lsls	r3, r3, #23
100009f4:	6818      	ldr	r0, [r3, #0]
100009f6:	0f00      	lsrs	r0, r0, #28
100009f8:	4770      	bx	lr
100009fa:	46c0      	nop			@ (mov r8, r8)

100009fc <panic>:
100009fc:	b40f      	push	{r0, r1, r2, r3}
100009fe:	b500      	push	{lr}
10000a00:	4808      	ldr	r0, [pc, #32]	@ (10000a24 <panic+0x28>)
10000a02:	b083      	sub	sp, #12
10000a04:	f001 fec8 	bl	10002798 <__wrap_puts>
10000a08:	9b04      	ldr	r3, [sp, #16]
10000a0a:	2b00      	cmp	r3, #0
10000a0c:	d007      	beq.n	10000a1e <panic+0x22>
10000a0e:	a905      	add	r1, sp, #20
10000a10:	0018      	movs	r0, r3
10000a12:	9101      	str	r1, [sp, #4]
10000a14:	f001 fd56 	bl	100024c4 <weak_raw_vprintf>
10000a18:	4803      	ldr	r0, [pc, #12]	@ (10000a28 <panic+0x2c>)
10000a1a:	f001 febd 	bl	10002798 <__wrap_puts>
10000a1e:	2001      	movs	r0, #1
10000a20:	f001 fd68 	bl	100024f4 <_exit>
10000a24:	10005018 	.word	0x10005018
10000a28:	10005014 	.word	0x10005014

10000a2c <hw_claim_or_assert>:
10000a2c:	b570      	push	{r4, r5, r6, lr}
10000a2e:	468c      	mov	ip, r1
10000a30:	0016      	movs	r6, r2
10000a32:	f3ef 8410 	mrs	r4, PRIMASK
10000a36:	b672      	cpsid	i
10000a38:	490f      	ldr	r1, [pc, #60]	@ (10000a78 <hw_claim_or_assert+0x4c>)
10000a3a:	680b      	ldr	r3, [r1, #0]
10000a3c:	2b00      	cmp	r3, #0
10000a3e:	d0fc      	beq.n	10000a3a <hw_claim_or_assert+0xe>
10000a40:	f3bf 8f5f 	dmb	sy
10000a44:	4663      	mov	r3, ip
10000a46:	08db      	lsrs	r3, r3, #3
10000a48:	18c5      	adds	r5, r0, r3
10000a4a:	2207      	movs	r2, #7
10000a4c:	5cc0      	ldrb	r0, [r0, r3]
10000a4e:	4663      	mov	r3, ip
10000a50:	401a      	ands	r2, r3
10000a52:	2301      	movs	r3, #1
10000a54:	4093      	lsls	r3, r2
10000a56:	001a      	movs	r2, r3
10000a58:	4002      	ands	r2, r0
10000a5a:	4203      	tst	r3, r0
10000a5c:	d107      	bne.n	10000a6e <hw_claim_or_assert+0x42>
10000a5e:	4318      	orrs	r0, r3
10000a60:	7028      	strb	r0, [r5, #0]
10000a62:	f3bf 8f5f 	dmb	sy
10000a66:	600a      	str	r2, [r1, #0]
10000a68:	f384 8810 	msr	PRIMASK, r4
10000a6c:	bd70      	pop	{r4, r5, r6, pc}
10000a6e:	4661      	mov	r1, ip
10000a70:	0030      	movs	r0, r6
10000a72:	f7ff ffc3 	bl	100009fc <panic>
10000a76:	46c0      	nop			@ (mov r8, r8)
10000a78:	d000012c 	.word	0xd000012c

10000a7c <hw_claim_unused_from_range>:
10000a7c:	b5f8      	push	{r3, r4, r5, r6, r7, lr}
10000a7e:	46ce      	mov	lr, r9
10000a80:	4647      	mov	r7, r8
10000a82:	468c      	mov	ip, r1
10000a84:	b580      	push	{r7, lr}
10000a86:	001c      	movs	r4, r3
10000a88:	f3ef 8810 	mrs	r8, PRIMASK
10000a8c:	b672      	cpsid	i
10000a8e:	491c      	ldr	r1, [pc, #112]	@ (10000b00 <hw_claim_unused_from_range+0x84>)
10000a90:	680b      	ldr	r3, [r1, #0]
10000a92:	2b00      	cmp	r3, #0
10000a94:	d0fc      	beq.n	10000a90 <hw_claim_unused_from_range+0x14>
10000a96:	f3bf 8f5f 	dmb	sy
10000a9a:	42a2      	cmp	r2, r4
10000a9c:	d821      	bhi.n	10000ae2 <hw_claim_unused_from_range+0x66>
10000a9e:	2307      	movs	r3, #7
10000aa0:	4699      	mov	r9, r3
10000aa2:	e002      	b.n	10000aaa <hw_claim_unused_from_range+0x2e>
10000aa4:	3201      	adds	r2, #1
10000aa6:	4294      	cmp	r4, r2
10000aa8:	d318      	bcc.n	10000adc <hw_claim_unused_from_range+0x60>
10000aaa:	4649      	mov	r1, r9
10000aac:	2601      	movs	r6, #1
10000aae:	4011      	ands	r1, r2
10000ab0:	408e      	lsls	r6, r1
10000ab2:	08d3      	lsrs	r3, r2, #3
10000ab4:	18c7      	adds	r7, r0, r3
10000ab6:	5cc3      	ldrb	r3, [r0, r3]
10000ab8:	421e      	tst	r6, r3
10000aba:	d1f3      	bne.n	10000aa4 <hw_claim_unused_from_range+0x28>
10000abc:	0010      	movs	r0, r2
10000abe:	4333      	orrs	r3, r6
10000ac0:	703b      	strb	r3, [r7, #0]
10000ac2:	f3bf 8f5f 	dmb	sy
10000ac6:	2200      	movs	r2, #0
10000ac8:	4b0d      	ldr	r3, [pc, #52]	@ (10000b00 <hw_claim_unused_from_range+0x84>)
10000aca:	601a      	str	r2, [r3, #0]
10000acc:	f388 8810 	msr	PRIMASK, r8
10000ad0:	2800      	cmp	r0, #0
10000ad2:	db0e      	blt.n	10000af2 <hw_claim_unused_from_range+0x76>
10000ad4:	bcc0      	pop	{r6, r7}
10000ad6:	46b9      	mov	r9, r7
10000ad8:	46b0      	mov	r8, r6
10000ada:	bdf8      	pop	{r3, r4, r5, r6, r7, pc}
10000adc:	2001      	movs	r0, #1
10000ade:	4240      	negs	r0, r0
10000ae0:	e7ef      	b.n	10000ac2 <hw_claim_unused_from_range+0x46>
10000ae2:	f3bf 8f5f 	dmb	sy
10000ae6:	2300      	movs	r3, #0
10000ae8:	600b      	str	r3, [r1, #0]
10000aea:	f388 8810 	msr	PRIMASK, r8
10000aee:	2001      	movs	r0, #1
10000af0:	4240      	negs	r0, r0
10000af2:	4663      	mov	r3, ip
10000af4:	2b00      	cmp	r3, #0
10000af6:	d0ed      	beq.n	10000ad4 <hw_claim_unused_from_range+0x58>
10000af8:	9808      	ldr	r0, [sp, #32]
10000afa:	f7ff ff7f 	bl	100009fc <panic>
10000afe:	46c0      	nop			@ (mov r8, r8)
10000b00:	d000012c 	.word	0xd000012c

10000b04 <next_striped_spin_lock_num>:
10000b04:	4a04      	ldr	r2, [pc, #16]	@ (10000b18 <next_striped_spin_lock_num+0x14>)
10000b06:	7810      	ldrb	r0, [r2, #0]
10000b08:	1c43      	adds	r3, r0, #1
10000b0a:	b2db      	uxtb	r3, r3
10000b0c:	2b17      	cmp	r3, #23
10000b0e:	d900      	bls.n	10000b12 <next_striped_spin_lock_num+0xe>
10000b10:	2310      	movs	r3, #16
10000b12:	7013      	strb	r3, [r2, #0]
10000b14:	4770      	bx	lr
10000b16:	46c0      	nop			@ (mov r8, r8)
10000b18:	20000f40 	.word	0x20000f40

10000b1c <spin_lock_claim_unused>:
10000b1c:	b500      	push	{lr}
10000b1e:	4b05      	ldr	r3, [pc, #20]	@ (10000b34 <spin_lock_claim_unused+0x18>)
10000b20:	b083      	sub	sp, #12
10000b22:	0001      	movs	r1, r0
10000b24:	9300      	str	r3, [sp, #0]
10000b26:	2218      	movs	r2, #24
10000b28:	231f      	movs	r3, #31
10000b2a:	4803      	ldr	r0, [pc, #12]	@ (10000b38 <spin_lock_claim_unused+0x1c>)
10000b2c:	f7ff ffa6 	bl	10000a7c <hw_claim_unused_from_range>
10000b30:	b003      	add	sp, #12
10000b32:	bd00      	pop	{pc}
10000b34:	10005028 	.word	0x10005028
10000b38:	200017bc 	.word	0x200017bc

10000b3c <spin_locks_reset>:
10000b3c:	2100      	movs	r1, #0
10000b3e:	4b04      	ldr	r3, [pc, #16]	@ (10000b50 <spin_locks_reset+0x14>)
10000b40:	4a04      	ldr	r2, [pc, #16]	@ (10000b54 <spin_locks_reset+0x18>)
10000b42:	f3bf 8f5f 	dmb	sy
10000b46:	c302      	stmia	r3!, {r1}
10000b48:	4293      	cmp	r3, r2
10000b4a:	d1fa      	bne.n	10000b42 <spin_locks_reset+0x6>
10000b4c:	4770      	bx	lr
10000b4e:	46c0      	nop			@ (mov r8, r8)
10000b50:	d0000100 	.word	0xd0000100
10000b54:	d0000180 	.word	0xd0000180

10000b58 <runtime_init_per_core_irq_priorities>:
10000b58:	4b08      	ldr	r3, [pc, #32]	@ (10000b7c <runtime_init_per_core_irq_priorities+0x24>)
10000b5a:	4a09      	ldr	r2, [pc, #36]	@ (10000b80 <runtime_init_per_core_irq_priorities+0x28>)
10000b5c:	6013      	str	r3, [r2, #0]
10000b5e:	4a09      	ldr	r2, [pc, #36]	@ (10000b84 <runtime_init_per_core_irq_priorities+0x2c>)
10000b60:	6013      	str	r3, [r2, #0]
10000b62:	4a09      	ldr	r2, [pc, #36]	@ (10000b88 <runtime_init_per_core_irq_priorities+0x30>)
10000b64:	6013      	str	r3, [r2, #0]
10000b66:	4a09      	ldr	r2, [pc, #36]	@ (10000b8c <runtime_init_per_core_irq_priorities+0x34>)
10000b68:	6013      	str	r3, [r2, #0]
10000b6a:	4a09      	ldr	r2, [pc, #36]	@ (10000b90 <runtime_init_per_core_irq_priorities+0x38>)
10000b6c:	6013      	str	r3, [r2, #0]
10000b6e:	4a09      	ldr	r2, [pc, #36]	@ (10000b94 <runtime_init_per_core_irq_priorities+0x3c>)
10000b70:	6013      	str	r3, [r2, #0]
10000b72:	4a09      	ldr	r2, [pc, #36]	@ (10000b98 <runtime_init_per_core_irq_priorities+0x40>)
10000b74:	6013      	str	r3, [r2, #0]
10000b76:	4a09      	ldr	r2, [pc, #36]	@ (10000b9c <runtime_init_per_core_irq_priorities+0x44>)
10000b78:	6013      	str	r3, [r2, #0]
10000b7a:	4770      	bx	lr
10000b7c:	80808080 	.word	0x80808080
10000b80:	e000e400 	.word	0xe000e400
10000b84:	e000e404 	.word	0xe000e404
10000b88:	e000e408 	.word	0xe000e408
10000b8c:	e000e40c 	.word	0xe000e40c
10000b90:	e000e410 	.word	0xe000e410
10000b94:	e000e414 	.word	0xe000e414
10000b98:	e000e418 	.word	0xe000e418
10000b9c:	e000e41c 	.word	0xe000e41c

10000ba0 <irq_set_enabled>:
10000ba0:	231f      	movs	r3, #31
10000ba2:	4018      	ands	r0, r3
10000ba4:	3b1e      	subs	r3, #30
10000ba6:	4083      	lsls	r3, r0
10000ba8:	2900      	cmp	r1, #0
10000baa:	d005      	beq.n	10000bb8 <irq_set_enabled+0x18>
10000bac:	21c0      	movs	r1, #192	@ 0xc0
10000bae:	4a04      	ldr	r2, [pc, #16]	@ (10000bc0 <irq_set_enabled+0x20>)
10000bb0:	0049      	lsls	r1, r1, #1
10000bb2:	5053      	str	r3, [r2, r1]
10000bb4:	6013      	str	r3, [r2, #0]
10000bb6:	4770      	bx	lr
10000bb8:	2280      	movs	r2, #128	@ 0x80
10000bba:	4901      	ldr	r1, [pc, #4]	@ (10000bc0 <irq_set_enabled+0x20>)
10000bbc:	508b      	str	r3, [r1, r2]
10000bbe:	e7fa      	b.n	10000bb6 <irq_set_enabled+0x16>
10000bc0:	e000e100 	.word	0xe000e100

10000bc4 <irq_is_enabled>:
10000bc4:	2201      	movs	r2, #1
10000bc6:	4082      	lsls	r2, r0
10000bc8:	4b03      	ldr	r3, [pc, #12]	@ (10000bd8 <irq_is_enabled+0x14>)
10000bca:	681b      	ldr	r3, [r3, #0]
10000bcc:	4013      	ands	r3, r2
10000bce:	1e5a      	subs	r2, r3, #1
10000bd0:	4193      	sbcs	r3, r2
10000bd2:	b2d8      	uxtb	r0, r3
10000bd4:	4770      	bx	lr
10000bd6:	46c0      	nop			@ (mov r8, r8)
10000bd8:	e000e100 	.word	0xe000e100

10000bdc <irq_set_pending>:
10000bdc:	2301      	movs	r3, #1
10000bde:	4083      	lsls	r3, r0
10000be0:	4a01      	ldr	r2, [pc, #4]	@ (10000be8 <irq_set_pending+0xc>)
10000be2:	6013      	str	r3, [r2, #0]
10000be4:	4770      	bx	lr
10000be6:	46c0      	nop			@ (mov r8, r8)
10000be8:	e000e200 	.word	0xe000e200

10000bec <irq_has_shared_handler>:
10000bec:	4b05      	ldr	r3, [pc, #20]	@ (10000c04 <irq_has_shared_handler+0x18>)
10000bee:	3010      	adds	r0, #16
10000bf0:	689b      	ldr	r3, [r3, #8]
10000bf2:	0080      	lsls	r0, r0, #2
10000bf4:	58c3      	ldr	r3, [r0, r3]
10000bf6:	4a04      	ldr	r2, [pc, #16]	@ (10000c08 <irq_has_shared_handler+0x1c>)
10000bf8:	2000      	movs	r0, #0
10000bfa:	1a9b      	subs	r3, r3, r2
10000bfc:	2247      	movs	r2, #71	@ 0x47
10000bfe:	429a      	cmp	r2, r3
10000c00:	4140      	adcs	r0, r0
10000c02:	4770      	bx	lr
10000c04:	e000ed00 	.word	0xe000ed00
10000c08:	20000f44 	.word	0x20000f44

10000c0c <irq_set_exclusive_handler>:
10000c0c:	b510      	push	{r4, lr}
10000c0e:	f3ef 8c10 	mrs	ip, PRIMASK
10000c12:	b672      	cpsid	i
10000c14:	4a0f      	ldr	r2, [pc, #60]	@ (10000c54 <irq_set_exclusive_handler+0x48>)
10000c16:	6813      	ldr	r3, [r2, #0]
10000c18:	2b00      	cmp	r3, #0
10000c1a:	d0fc      	beq.n	10000c16 <irq_set_exclusive_handler+0xa>
10000c1c:	f3bf 8f5f 	dmb	sy
10000c20:	4b0d      	ldr	r3, [pc, #52]	@ (10000c58 <irq_set_exclusive_handler+0x4c>)
10000c22:	3010      	adds	r0, #16
10000c24:	689b      	ldr	r3, [r3, #8]
10000c26:	0080      	lsls	r0, r0, #2
10000c28:	581b      	ldr	r3, [r3, r0]
10000c2a:	4a0c      	ldr	r2, [pc, #48]	@ (10000c5c <irq_set_exclusive_handler+0x50>)
10000c2c:	4293      	cmp	r3, r2
10000c2e:	d001      	beq.n	10000c34 <irq_set_exclusive_handler+0x28>
10000c30:	4299      	cmp	r1, r3
10000c32:	d10c      	bne.n	10000c4e <irq_set_exclusive_handler+0x42>
10000c34:	4b08      	ldr	r3, [pc, #32]	@ (10000c58 <irq_set_exclusive_handler+0x4c>)
10000c36:	689b      	ldr	r3, [r3, #8]
10000c38:	5019      	str	r1, [r3, r0]
10000c3a:	f3bf 8f5f 	dmb	sy
10000c3e:	f3bf 8f5f 	dmb	sy
10000c42:	2200      	movs	r2, #0
10000c44:	4b03      	ldr	r3, [pc, #12]	@ (10000c54 <irq_set_exclusive_handler+0x48>)
10000c46:	601a      	str	r2, [r3, #0]
10000c48:	f38c 8810 	msr	PRIMASK, ip
10000c4c:	bd10      	pop	{r4, pc}
10000c4e:	f001 fa01 	bl	10002054 <hard_assertion_failure>
10000c52:	46c0      	nop			@ (mov r8, r8)
10000c54:	d0000124 	.word	0xd0000124
10000c58:	e000ed00 	.word	0xe000ed00
10000c5c:	100001c1 	.word	0x100001c1

10000c60 <irq_add_shared_handler>:
10000c60:	b5f0      	push	{r4, r5, r6, r7, lr}
10000c62:	46de      	mov	lr, fp
10000c64:	4657      	mov	r7, sl
10000c66:	464e      	mov	r6, r9
10000c68:	4645      	mov	r5, r8
10000c6a:	b5e0      	push	{r5, r6, r7, lr}
10000c6c:	468b      	mov	fp, r1
10000c6e:	b085      	sub	sp, #20
10000c70:	f3ef 8810 	mrs	r8, PRIMASK
10000c74:	b672      	cpsid	i
10000c76:	0016      	movs	r6, r2
10000c78:	4a5b      	ldr	r2, [pc, #364]	@ (10000de8 <irq_add_shared_handler+0x188>)
10000c7a:	6813      	ldr	r3, [r2, #0]
10000c7c:	2b00      	cmp	r3, #0
10000c7e:	d0fc      	beq.n	10000c7a <irq_add_shared_handler+0x1a>
10000c80:	46b2      	mov	sl, r6
10000c82:	f3bf 8f5f 	dmb	sy
10000c86:	2500      	movs	r5, #0
10000c88:	4958      	ldr	r1, [pc, #352]	@ (10000dec <irq_add_shared_handler+0x18c>)
10000c8a:	574d      	ldrsb	r5, [r1, r5]
10000c8c:	2d00      	cmp	r5, #0
10000c8e:	da00      	bge.n	10000c92 <irq_add_shared_handler+0x32>
10000c90:	e0a8      	b.n	10000de4 <irq_add_shared_handler+0x184>
10000c92:	006b      	lsls	r3, r5, #1
10000c94:	4a56      	ldr	r2, [pc, #344]	@ (10000df0 <irq_add_shared_handler+0x190>)
10000c96:	9301      	str	r3, [sp, #4]
10000c98:	195b      	adds	r3, r3, r5
10000c9a:	009b      	lsls	r3, r3, #2
10000c9c:	18d4      	adds	r4, r2, r3
10000c9e:	79a7      	ldrb	r7, [r4, #6]
10000ca0:	3010      	adds	r0, #16
10000ca2:	700f      	strb	r7, [r1, #0]
10000ca4:	4953      	ldr	r1, [pc, #332]	@ (10000df4 <irq_add_shared_handler+0x194>)
10000ca6:	0080      	lsls	r0, r0, #2
10000ca8:	6889      	ldr	r1, [r1, #8]
10000caa:	4684      	mov	ip, r0
10000cac:	580f      	ldr	r7, [r1, r0]
10000cae:	1ab9      	subs	r1, r7, r2
10000cb0:	2947      	cmp	r1, #71	@ 0x47
10000cb2:	d833      	bhi.n	10000d1c <irq_add_shared_handler+0xbc>
10000cb4:	2001      	movs	r0, #1
10000cb6:	0039      	movs	r1, r7
10000cb8:	4381      	bics	r1, r0
10000cba:	79ce      	ldrb	r6, [r1, #7]
10000cbc:	4556      	cmp	r6, sl
10000cbe:	d800      	bhi.n	10000cc2 <irq_add_shared_handler+0x62>
10000cc0:	e06a      	b.n	10000d98 <irq_add_shared_handler+0x138>
10000cc2:	46a1      	mov	r9, r4
10000cc4:	4656      	mov	r6, sl
10000cc6:	9303      	str	r3, [sp, #12]
10000cc8:	e007      	b.n	10000cda <irq_add_shared_handler+0x7a>
10000cca:	0058      	lsls	r0, r3, #1
10000ccc:	18c0      	adds	r0, r0, r3
10000cce:	0080      	lsls	r0, r0, #2
10000cd0:	1810      	adds	r0, r2, r0
10000cd2:	79c4      	ldrb	r4, [r0, #7]
10000cd4:	42b4      	cmp	r4, r6
10000cd6:	d94d      	bls.n	10000d74 <irq_add_shared_handler+0x114>
10000cd8:	0001      	movs	r1, r0
10000cda:	2306      	movs	r3, #6
10000cdc:	56cb      	ldrsb	r3, [r1, r3]
10000cde:	2b00      	cmp	r3, #0
10000ce0:	daf3      	bge.n	10000cca <irq_add_shared_handler+0x6a>
10000ce2:	1d08      	adds	r0, r1, #4
10000ce4:	464c      	mov	r4, r9
10000ce6:	46b2      	mov	sl, r6
10000ce8:	4681      	mov	r9, r0
10000cea:	9302      	str	r3, [sp, #8]
10000cec:	4b42      	ldr	r3, [pc, #264]	@ (10000df8 <irq_add_shared_handler+0x198>)
10000cee:	464e      	mov	r6, r9
10000cf0:	3c04      	subs	r4, #4
10000cf2:	1ba4      	subs	r4, r4, r6
10000cf4:	0524      	lsls	r4, r4, #20
10000cf6:	4e41      	ldr	r6, [pc, #260]	@ (10000dfc <irq_add_shared_handler+0x19c>)
10000cf8:	0d64      	lsrs	r4, r4, #21
10000cfa:	4334      	orrs	r4, r6
10000cfc:	808c      	strh	r4, [r1, #4]
10000cfe:	718d      	strb	r5, [r1, #6]
10000d00:	9901      	ldr	r1, [sp, #4]
10000d02:	1949      	adds	r1, r1, r5
10000d04:	0089      	lsls	r1, r1, #2
10000d06:	1852      	adds	r2, r2, r1
10000d08:	8093      	strh	r3, [r2, #4]
10000d0a:	9b02      	ldr	r3, [sp, #8]
10000d0c:	493c      	ldr	r1, [pc, #240]	@ (10000e00 <irq_add_shared_handler+0x1a0>)
10000d0e:	7193      	strb	r3, [r2, #6]
10000d10:	4653      	mov	r3, sl
10000d12:	71d3      	strb	r3, [r2, #7]
10000d14:	465b      	mov	r3, fp
10000d16:	6011      	str	r1, [r2, #0]
10000d18:	6093      	str	r3, [r2, #8]
10000d1a:	e017      	b.n	10000d4c <irq_add_shared_handler+0xec>
10000d1c:	4939      	ldr	r1, [pc, #228]	@ (10000e04 <irq_add_shared_handler+0x1a4>)
10000d1e:	428f      	cmp	r7, r1
10000d20:	d160      	bne.n	10000de4 <irq_add_shared_handler+0x184>
10000d22:	4939      	ldr	r1, [pc, #228]	@ (10000e08 <irq_add_shared_handler+0x1a8>)
10000d24:	2701      	movs	r7, #1
10000d26:	52d1      	strh	r1, [r2, r3]
10000d28:	4938      	ldr	r1, [pc, #224]	@ (10000e0c <irq_add_shared_handler+0x1ac>)
10000d2a:	3302      	adds	r3, #2
10000d2c:	18d3      	adds	r3, r2, r3
10000d2e:	3904      	subs	r1, #4
10000d30:	1acb      	subs	r3, r1, r3
10000d32:	4a32      	ldr	r2, [pc, #200]	@ (10000dfc <irq_add_shared_handler+0x19c>)
10000d34:	051b      	lsls	r3, r3, #20
10000d36:	0d5b      	lsrs	r3, r3, #21
10000d38:	4313      	orrs	r3, r2
10000d3a:	8063      	strh	r3, [r4, #2]
10000d3c:	4b34      	ldr	r3, [pc, #208]	@ (10000e10 <irq_add_shared_handler+0x1b0>)
10000d3e:	71e6      	strb	r6, [r4, #7]
10000d40:	80a3      	strh	r3, [r4, #4]
10000d42:	23ff      	movs	r3, #255	@ 0xff
10000d44:	71a3      	strb	r3, [r4, #6]
10000d46:	465b      	mov	r3, fp
10000d48:	4327      	orrs	r7, r4
10000d4a:	60a3      	str	r3, [r4, #8]
10000d4c:	4662      	mov	r2, ip
10000d4e:	4b29      	ldr	r3, [pc, #164]	@ (10000df4 <irq_add_shared_handler+0x194>)
10000d50:	689b      	ldr	r3, [r3, #8]
10000d52:	509f      	str	r7, [r3, r2]
10000d54:	f3bf 8f5f 	dmb	sy
10000d58:	f3bf 8f5f 	dmb	sy
10000d5c:	2200      	movs	r2, #0
10000d5e:	4b22      	ldr	r3, [pc, #136]	@ (10000de8 <irq_add_shared_handler+0x188>)
10000d60:	601a      	str	r2, [r3, #0]
10000d62:	f388 8810 	msr	PRIMASK, r8
10000d66:	b005      	add	sp, #20
10000d68:	bcf0      	pop	{r4, r5, r6, r7}
10000d6a:	46bb      	mov	fp, r7
10000d6c:	46b2      	mov	sl, r6
10000d6e:	46a9      	mov	r9, r5
10000d70:	46a0      	mov	r8, r4
10000d72:	bdf0      	pop	{r4, r5, r6, r7, pc}
10000d74:	46b2      	mov	sl, r6
10000d76:	1d0e      	adds	r6, r1, #4
10000d78:	464c      	mov	r4, r9
10000d7a:	46b1      	mov	r9, r6
10000d7c:	8888      	ldrh	r0, [r1, #4]
10000d7e:	9302      	str	r3, [sp, #8]
10000d80:	9b03      	ldr	r3, [sp, #12]
10000d82:	0540      	lsls	r0, r0, #21
10000d84:	1500      	asrs	r0, r0, #20
10000d86:	3304      	adds	r3, #4
10000d88:	4448      	add	r0, r9
10000d8a:	18d3      	adds	r3, r2, r3
10000d8c:	1ac3      	subs	r3, r0, r3
10000d8e:	051b      	lsls	r3, r3, #20
10000d90:	481a      	ldr	r0, [pc, #104]	@ (10000dfc <irq_add_shared_handler+0x19c>)
10000d92:	0d5b      	lsrs	r3, r3, #21
10000d94:	4303      	orrs	r3, r0
10000d96:	e7aa      	b.n	10000cee <irq_add_shared_handler+0x8e>
10000d98:	1c9e      	adds	r6, r3, #2
10000d9a:	46b1      	mov	r9, r6
10000d9c:	4491      	add	r9, r2
10000d9e:	464e      	mov	r6, r9
10000da0:	000f      	movs	r7, r1
10000da2:	4d1c      	ldr	r5, [pc, #112]	@ (10000e14 <irq_add_shared_handler+0x1b4>)
10000da4:	1abf      	subs	r7, r7, r2
10000da6:	417f      	adcs	r7, r7
10000da8:	437d      	muls	r5, r7
10000daa:	0d2d      	lsrs	r5, r5, #20
10000dac:	4f16      	ldr	r7, [pc, #88]	@ (10000e08 <irq_add_shared_handler+0x1a8>)
10000dae:	71a5      	strb	r5, [r4, #6]
10000db0:	52d7      	strh	r7, [r2, r3]
10000db2:	4f16      	ldr	r7, [pc, #88]	@ (10000e0c <irq_add_shared_handler+0x1ac>)
10000db4:	3304      	adds	r3, #4
10000db6:	3f04      	subs	r7, #4
10000db8:	18d3      	adds	r3, r2, r3
10000dba:	1bbf      	subs	r7, r7, r6
10000dbc:	1acb      	subs	r3, r1, r3
10000dbe:	053f      	lsls	r7, r7, #20
10000dc0:	3b04      	subs	r3, #4
10000dc2:	0d7e      	lsrs	r6, r7, #21
10000dc4:	051b      	lsls	r3, r3, #20
10000dc6:	4f0d      	ldr	r7, [pc, #52]	@ (10000dfc <irq_add_shared_handler+0x19c>)
10000dc8:	0d5b      	lsrs	r3, r3, #21
10000dca:	433e      	orrs	r6, r7
10000dcc:	431f      	orrs	r7, r3
10000dce:	4653      	mov	r3, sl
10000dd0:	71e3      	strb	r3, [r4, #7]
10000dd2:	465b      	mov	r3, fp
10000dd4:	60a3      	str	r3, [r4, #8]
10000dd6:	4b0a      	ldr	r3, [pc, #40]	@ (10000e00 <irq_add_shared_handler+0x1a0>)
10000dd8:	80a7      	strh	r7, [r4, #4]
10000dda:	8066      	strh	r6, [r4, #2]
10000ddc:	4304      	orrs	r4, r0
10000dde:	0027      	movs	r7, r4
10000de0:	600b      	str	r3, [r1, #0]
10000de2:	e7b3      	b.n	10000d4c <irq_add_shared_handler+0xec>
10000de4:	f001 f936 	bl	10002054 <hard_assertion_failure>
10000de8:	d0000124 	.word	0xd0000124
10000dec:	20001c7d 	.word	0x20001c7d
10000df0:	20000f44 	.word	0x20000f44
10000df4:	e000ed00 	.word	0xe000ed00
10000df8:	0000bd01 	.word	0x0000bd01
10000dfc:	ffffe000 	.word	0xffffe000
10000e00:	47804801 	.word	0x47804801
10000e04:	100001c1 	.word	0x100001c1
10000e08:	ffffa100 	.word	0xffffa100
10000e0c:	20000f8c 	.word	0x20000f8c
10000e10:	ffffbd01 	.word	0xffffbd01
10000e14:	0000aaaa 	.word	0x0000aaaa

10000e18 <irq_remove_handler>:
10000e18:	b5f0      	push	{r4, r5, r6, r7, lr}
10000e1a:	46de      	mov	lr, fp
10000e1c:	4657      	mov	r7, sl
10000e1e:	464e      	mov	r6, r9
10000e20:	4645      	mov	r5, r8
10000e22:	b5e0      	push	{r5, r6, r7, lr}
10000e24:	b083      	sub	sp, #12
10000e26:	f3ef 8910 	mrs	r9, PRIMASK
10000e2a:	b672      	cpsid	i
10000e2c:	4a5d      	ldr	r2, [pc, #372]	@ (10000fa4 <irq_remove_handler+0x18c>)
10000e2e:	6813      	ldr	r3, [r2, #0]
10000e30:	2b00      	cmp	r3, #0
10000e32:	d0fc      	beq.n	10000e2e <irq_remove_handler+0x16>
10000e34:	f3bf 8f5f 	dmb	sy
10000e38:	4b5b      	ldr	r3, [pc, #364]	@ (10000fa8 <irq_remove_handler+0x190>)
10000e3a:	4e5c      	ldr	r6, [pc, #368]	@ (10000fac <irq_remove_handler+0x194>)
10000e3c:	689a      	ldr	r2, [r3, #8]
10000e3e:	0003      	movs	r3, r0
10000e40:	3310      	adds	r3, #16
10000e42:	009c      	lsls	r4, r3, #2
10000e44:	5912      	ldr	r2, [r2, r4]
10000e46:	4698      	mov	r8, r3
10000e48:	42b2      	cmp	r2, r6
10000e4a:	d03b      	beq.n	10000ec4 <irq_remove_handler+0xac>
10000e4c:	428a      	cmp	r2, r1
10000e4e:	d04c      	beq.n	10000eea <irq_remove_handler+0xd2>
10000e50:	4f57      	ldr	r7, [pc, #348]	@ (10000fb0 <irq_remove_handler+0x198>)
10000e52:	46bc      	mov	ip, r7
10000e54:	1bd7      	subs	r7, r2, r7
10000e56:	2f47      	cmp	r7, #71	@ 0x47
10000e58:	d834      	bhi.n	10000ec4 <irq_remove_handler+0xac>
10000e5a:	4b56      	ldr	r3, [pc, #344]	@ (10000fb4 <irq_remove_handler+0x19c>)
10000e5c:	271f      	movs	r7, #31
10000e5e:	681d      	ldr	r5, [r3, #0]
10000e60:	4007      	ands	r7, r0
10000e62:	46aa      	mov	sl, r5
10000e64:	2501      	movs	r5, #1
10000e66:	40bd      	lsls	r5, r7
10000e68:	2780      	movs	r7, #128	@ 0x80
10000e6a:	9501      	str	r5, [sp, #4]
10000e6c:	51dd      	str	r5, [r3, r7]
10000e6e:	f3bf 8f5f 	dmb	sy
10000e72:	f3ef 8505 	mrs	r5, IPSR
10000e76:	46ab      	mov	fp, r5
10000e78:	2d00      	cmp	r5, #0
10000e7a:	d138      	bne.n	10000eee <irq_remove_handler+0xd6>
10000e7c:	2301      	movs	r3, #1
10000e7e:	001d      	movs	r5, r3
10000e80:	4085      	lsls	r5, r0
10000e82:	0028      	movs	r0, r5
10000e84:	4655      	mov	r5, sl
10000e86:	4005      	ands	r5, r0
10000e88:	0010      	movs	r0, r2
10000e8a:	4398      	bics	r0, r3
10000e8c:	6887      	ldr	r7, [r0, #8]
10000e8e:	46aa      	mov	sl, r5
10000e90:	42b9      	cmp	r1, r7
10000e92:	d108      	bne.n	10000ea6 <irq_remove_handler+0x8e>
10000e94:	e07c      	b.n	10000f90 <irq_remove_handler+0x178>
10000e96:	0073      	lsls	r3, r6, #1
10000e98:	199b      	adds	r3, r3, r6
10000e9a:	009b      	lsls	r3, r3, #2
10000e9c:	4463      	add	r3, ip
10000e9e:	689f      	ldr	r7, [r3, #8]
10000ea0:	42b9      	cmp	r1, r7
10000ea2:	d02d      	beq.n	10000f00 <irq_remove_handler+0xe8>
10000ea4:	0018      	movs	r0, r3
10000ea6:	2606      	movs	r6, #6
10000ea8:	5786      	ldrsb	r6, [r0, r6]
10000eaa:	2e00      	cmp	r6, #0
10000eac:	daf3      	bge.n	10000e96 <irq_remove_handler+0x7e>
10000eae:	42b9      	cmp	r1, r7
10000eb0:	d04c      	beq.n	10000f4c <irq_remove_handler+0x134>
10000eb2:	4653      	mov	r3, sl
10000eb4:	2b00      	cmp	r3, #0
10000eb6:	d01e      	beq.n	10000ef6 <irq_remove_handler+0xde>
10000eb8:	21c0      	movs	r1, #192	@ 0xc0
10000eba:	4b3e      	ldr	r3, [pc, #248]	@ (10000fb4 <irq_remove_handler+0x19c>)
10000ebc:	9801      	ldr	r0, [sp, #4]
10000ebe:	0049      	lsls	r1, r1, #1
10000ec0:	5058      	str	r0, [r3, r1]
10000ec2:	6018      	str	r0, [r3, #0]
10000ec4:	4b38      	ldr	r3, [pc, #224]	@ (10000fa8 <irq_remove_handler+0x190>)
10000ec6:	689b      	ldr	r3, [r3, #8]
10000ec8:	511a      	str	r2, [r3, r4]
10000eca:	f3bf 8f5f 	dmb	sy
10000ece:	f3bf 8f5f 	dmb	sy
10000ed2:	2200      	movs	r2, #0
10000ed4:	4b33      	ldr	r3, [pc, #204]	@ (10000fa4 <irq_remove_handler+0x18c>)
10000ed6:	601a      	str	r2, [r3, #0]
10000ed8:	f389 8810 	msr	PRIMASK, r9
10000edc:	b003      	add	sp, #12
10000ede:	bcf0      	pop	{r4, r5, r6, r7}
10000ee0:	46bb      	mov	fp, r7
10000ee2:	46b2      	mov	sl, r6
10000ee4:	46a9      	mov	r9, r5
10000ee6:	46a0      	mov	r8, r4
10000ee8:	bdf0      	pop	{r4, r5, r6, r7, pc}
10000eea:	0032      	movs	r2, r6
10000eec:	e7ea      	b.n	10000ec4 <irq_remove_handler+0xac>
10000eee:	45a8      	cmp	r8, r5
10000ef0:	d0c4      	beq.n	10000e7c <irq_remove_handler+0x64>
10000ef2:	f001 f8af 	bl	10002054 <hard_assertion_failure>
10000ef6:	2380      	movs	r3, #128	@ 0x80
10000ef8:	492e      	ldr	r1, [pc, #184]	@ (10000fb4 <irq_remove_handler+0x19c>)
10000efa:	9801      	ldr	r0, [sp, #4]
10000efc:	50c8      	str	r0, [r1, r3]
10000efe:	e7e1      	b.n	10000ec4 <irq_remove_handler+0xac>
10000f00:	2706      	movs	r7, #6
10000f02:	57df      	ldrsb	r7, [r3, r7]
10000f04:	2f00      	cmp	r7, #0
10000f06:	db22      	blt.n	10000f4e <irq_remove_handler+0x136>
10000f08:	0079      	lsls	r1, r7, #1
10000f0a:	19c8      	adds	r0, r1, r7
10000f0c:	0085      	lsls	r5, r0, #2
10000f0e:	002e      	movs	r6, r5
10000f10:	4466      	add	r6, ip
10000f12:	68b0      	ldr	r0, [r6, #8]
10000f14:	6098      	str	r0, [r3, #8]
10000f16:	79f0      	ldrb	r0, [r6, #7]
10000f18:	71d8      	strb	r0, [r3, #7]
10000f1a:	2006      	movs	r0, #6
10000f1c:	5630      	ldrsb	r0, [r6, r0]
10000f1e:	7198      	strb	r0, [r3, #6]
10000f20:	2800      	cmp	r0, #0
10000f22:	db26      	blt.n	10000f72 <irq_remove_handler+0x15a>
10000f24:	4660      	mov	r0, ip
10000f26:	88b6      	ldrh	r6, [r6, #4]
10000f28:	1ac0      	subs	r0, r0, r3
10000f2a:	0576      	lsls	r6, r6, #21
10000f2c:	1536      	asrs	r6, r6, #20
10000f2e:	1976      	adds	r6, r6, r5
10000f30:	1980      	adds	r0, r0, r6
10000f32:	0500      	lsls	r0, r0, #20
10000f34:	4e20      	ldr	r6, [pc, #128]	@ (10000fb8 <irq_remove_handler+0x1a0>)
10000f36:	0d40      	lsrs	r0, r0, #21
10000f38:	4330      	orrs	r0, r6
10000f3a:	8098      	strh	r0, [r3, #4]
10000f3c:	19cb      	adds	r3, r1, r7
10000f3e:	491f      	ldr	r1, [pc, #124]	@ (10000fbc <irq_remove_handler+0x1a4>)
10000f40:	009b      	lsls	r3, r3, #2
10000f42:	7808      	ldrb	r0, [r1, #0]
10000f44:	4463      	add	r3, ip
10000f46:	7198      	strb	r0, [r3, #6]
10000f48:	700f      	strb	r7, [r1, #0]
10000f4a:	e7b2      	b.n	10000eb2 <irq_remove_handler+0x9a>
10000f4c:	0003      	movs	r3, r0
10000f4e:	4659      	mov	r1, fp
10000f50:	2900      	cmp	r1, #0
10000f52:	d110      	bne.n	10000f76 <irq_remove_handler+0x15e>
10000f54:	31ff      	adds	r1, #255	@ 0xff
10000f56:	7181      	strb	r1, [r0, #6]
10000f58:	4919      	ldr	r1, [pc, #100]	@ (10000fc0 <irq_remove_handler+0x1a8>)
10000f5a:	8081      	strh	r1, [r0, #4]
10000f5c:	4817      	ldr	r0, [pc, #92]	@ (10000fbc <irq_remove_handler+0x1a4>)
10000f5e:	4665      	mov	r5, ip
10000f60:	7801      	ldrb	r1, [r0, #0]
10000f62:	7199      	strb	r1, [r3, #6]
10000f64:	4917      	ldr	r1, [pc, #92]	@ (10000fc4 <irq_remove_handler+0x1ac>)
10000f66:	1b5b      	subs	r3, r3, r5
10000f68:	415b      	adcs	r3, r3
10000f6a:	4359      	muls	r1, r3
10000f6c:	0d09      	lsrs	r1, r1, #20
10000f6e:	7001      	strb	r1, [r0, #0]
10000f70:	e79f      	b.n	10000eb2 <irq_remove_handler+0x9a>
10000f72:	4813      	ldr	r0, [pc, #76]	@ (10000fc0 <irq_remove_handler+0x1a8>)
10000f74:	e7e1      	b.n	10000f3a <irq_remove_handler+0x122>
10000f76:	4914      	ldr	r1, [pc, #80]	@ (10000fc8 <irq_remove_handler+0x1b0>)
10000f78:	4814      	ldr	r0, [pc, #80]	@ (10000fcc <irq_remove_handler+0x1b4>)
10000f7a:	1ac9      	subs	r1, r1, r3
10000f7c:	3908      	subs	r1, #8
10000f7e:	024e      	lsls	r6, r1, #9
10000f80:	0d76      	lsrs	r6, r6, #21
10000f82:	4330      	orrs	r0, r6
10000f84:	8098      	strh	r0, [r3, #4]
10000f86:	4812      	ldr	r0, [pc, #72]	@ (10000fd0 <irq_remove_handler+0x1b8>)
10000f88:	0849      	lsrs	r1, r1, #1
10000f8a:	4301      	orrs	r1, r0
10000f8c:	80d9      	strh	r1, [r3, #6]
10000f8e:	e790      	b.n	10000eb2 <irq_remove_handler+0x9a>
10000f90:	2706      	movs	r7, #6
10000f92:	57c7      	ldrsb	r7, [r0, r7]
10000f94:	0003      	movs	r3, r0
10000f96:	2f00      	cmp	r7, #0
10000f98:	dab6      	bge.n	10000f08 <irq_remove_handler+0xf0>
10000f9a:	4659      	mov	r1, fp
10000f9c:	2900      	cmp	r1, #0
10000f9e:	d1ea      	bne.n	10000f76 <irq_remove_handler+0x15e>
10000fa0:	0032      	movs	r2, r6
10000fa2:	e7db      	b.n	10000f5c <irq_remove_handler+0x144>
10000fa4:	d0000124 	.word	0xd0000124
10000fa8:	e000ed00 	.word	0xe000ed00
10000fac:	100001c1 	.word	0x100001c1
10000fb0:	20000f44 	.word	0x20000f44
10000fb4:	e000e100 	.word	0xe000e100
10000fb8:	ffffe000 	.word	0xffffe000
10000fbc:	20001c7d 	.word	0x20001c7d
10000fc0:	ffffbd01 	.word	0xffffbd01
10000fc4:	0000aaaa 	.word	0x0000aaaa
10000fc8:	20000f96 	.word	0x20000f96
10000fcc:	fffff000 	.word	0xfffff000
10000fd0:	fffff800 	.word	0xfffff800

10000fd4 <irq_add_tail_to_free_list>:
10000fd4:	2301      	movs	r3, #1
10000fd6:	4303      	orrs	r3, r0
10000fd8:	b570      	push	{r4, r5, r6, lr}
10000fda:	469c      	mov	ip, r3
10000fdc:	f3ef 8105 	mrs	r1, IPSR
10000fe0:	f3ef 8510 	mrs	r5, PRIMASK
10000fe4:	b672      	cpsid	i
10000fe6:	4a27      	ldr	r2, [pc, #156]	@ (10001084 <irq_add_tail_to_free_list+0xb0>)
10000fe8:	6813      	ldr	r3, [r2, #0]
10000fea:	2b00      	cmp	r3, #0
10000fec:	d0fc      	beq.n	10000fe8 <irq_add_tail_to_free_list+0x14>
10000fee:	f3bf 8f5f 	dmb	sy
10000ff2:	4a25      	ldr	r2, [pc, #148]	@ (10001088 <irq_add_tail_to_free_list+0xb4>)
10000ff4:	0004      	movs	r4, r0
10000ff6:	4b25      	ldr	r3, [pc, #148]	@ (1000108c <irq_add_tail_to_free_list+0xb8>)
10000ff8:	1aa4      	subs	r4, r4, r2
10000ffa:	4164      	adcs	r4, r4
10000ffc:	4363      	muls	r3, r4
10000ffe:	0d1b      	lsrs	r3, r3, #20
10001000:	4c23      	ldr	r4, [pc, #140]	@ (10001090 <irq_add_tail_to_free_list+0xbc>)
10001002:	0089      	lsls	r1, r1, #2
10001004:	68a6      	ldr	r6, [r4, #8]
10001006:	b25b      	sxtb	r3, r3
10001008:	5876      	ldr	r6, [r6, r1]
1000100a:	4566      	cmp	r6, ip
1000100c:	d024      	beq.n	10001058 <irq_add_tail_to_free_list+0x84>
1000100e:	2106      	movs	r1, #6
10001010:	5651      	ldrsb	r1, [r2, r1]
10001012:	4299      	cmp	r1, r3
10001014:	d024      	beq.n	10001060 <irq_add_tail_to_free_list+0x8c>
10001016:	2112      	movs	r1, #18
10001018:	5651      	ldrsb	r1, [r2, r1]
1000101a:	4299      	cmp	r1, r3
1000101c:	d02a      	beq.n	10001074 <irq_add_tail_to_free_list+0xa0>
1000101e:	211e      	movs	r1, #30
10001020:	5651      	ldrsb	r1, [r2, r1]
10001022:	4299      	cmp	r1, r3
10001024:	d028      	beq.n	10001078 <irq_add_tail_to_free_list+0xa4>
10001026:	212a      	movs	r1, #42	@ 0x2a
10001028:	5651      	ldrsb	r1, [r2, r1]
1000102a:	4299      	cmp	r1, r3
1000102c:	d026      	beq.n	1000107c <irq_add_tail_to_free_list+0xa8>
1000102e:	2136      	movs	r1, #54	@ 0x36
10001030:	5651      	ldrsb	r1, [r2, r1]
10001032:	4299      	cmp	r1, r3
10001034:	d024      	beq.n	10001080 <irq_add_tail_to_free_list+0xac>
10001036:	2142      	movs	r1, #66	@ 0x42
10001038:	5651      	ldrsb	r1, [r2, r1]
1000103a:	2405      	movs	r4, #5
1000103c:	4299      	cmp	r1, r3
1000103e:	d010      	beq.n	10001062 <irq_add_tail_to_free_list+0x8e>
10001040:	4a14      	ldr	r2, [pc, #80]	@ (10001094 <irq_add_tail_to_free_list+0xc0>)
10001042:	7811      	ldrb	r1, [r2, #0]
10001044:	7013      	strb	r3, [r2, #0]
10001046:	7181      	strb	r1, [r0, #6]
10001048:	f3bf 8f5f 	dmb	sy
1000104c:	2200      	movs	r2, #0
1000104e:	4b0d      	ldr	r3, [pc, #52]	@ (10001084 <irq_add_tail_to_free_list+0xb0>)
10001050:	601a      	str	r2, [r3, #0]
10001052:	f385 8810 	msr	PRIMASK, r5
10001056:	bd70      	pop	{r4, r5, r6, pc}
10001058:	68a2      	ldr	r2, [r4, #8]
1000105a:	4c0f      	ldr	r4, [pc, #60]	@ (10001098 <irq_add_tail_to_free_list+0xc4>)
1000105c:	5054      	str	r4, [r2, r1]
1000105e:	e7ef      	b.n	10001040 <irq_add_tail_to_free_list+0x6c>
10001060:	2400      	movs	r4, #0
10001062:	0061      	lsls	r1, r4, #1
10001064:	1909      	adds	r1, r1, r4
10001066:	0089      	lsls	r1, r1, #2
10001068:	1852      	adds	r2, r2, r1
1000106a:	21ff      	movs	r1, #255	@ 0xff
1000106c:	7191      	strb	r1, [r2, #6]
1000106e:	490b      	ldr	r1, [pc, #44]	@ (1000109c <irq_add_tail_to_free_list+0xc8>)
10001070:	8091      	strh	r1, [r2, #4]
10001072:	e7e5      	b.n	10001040 <irq_add_tail_to_free_list+0x6c>
10001074:	2401      	movs	r4, #1
10001076:	e7f4      	b.n	10001062 <irq_add_tail_to_free_list+0x8e>
10001078:	2402      	movs	r4, #2
1000107a:	e7f2      	b.n	10001062 <irq_add_tail_to_free_list+0x8e>
1000107c:	2403      	movs	r4, #3
1000107e:	e7f0      	b.n	10001062 <irq_add_tail_to_free_list+0x8e>
10001080:	2404      	movs	r4, #4
10001082:	e7ee      	b.n	10001062 <irq_add_tail_to_free_list+0x8e>
10001084:	d0000124 	.word	0xd0000124
10001088:	20000f44 	.word	0x20000f44
1000108c:	0000aaaa 	.word	0x0000aaaa
10001090:	e000ed00 	.word	0xe000ed00
10001094:	20001c7d 	.word	0x20001c7d
10001098:	100001c1 	.word	0x100001c1
1000109c:	ffffbd01 	.word	0xffffbd01

100010a0 <user_irq_claim_unused>:
100010a0:	b500      	push	{lr}
100010a2:	4b07      	ldr	r3, [pc, #28]	@ (100010c0 <user_irq_claim_unused+0x20>)
100010a4:	b083      	sub	sp, #12
100010a6:	0001      	movs	r1, r0
100010a8:	9300      	str	r3, [sp, #0]
100010aa:	2200      	movs	r2, #0
100010ac:	2305      	movs	r3, #5
100010ae:	4805      	ldr	r0, [pc, #20]	@ (100010c4 <user_irq_claim_unused+0x24>)
100010b0:	f7ff fce4 	bl	10000a7c <hw_claim_unused_from_range>
100010b4:	2800      	cmp	r0, #0
100010b6:	db01      	blt.n	100010bc <user_irq_claim_unused+0x1c>
100010b8:	231f      	movs	r3, #31
100010ba:	1a18      	subs	r0, r3, r0
100010bc:	b003      	add	sp, #12
100010be:	bd00      	pop	{pc}
100010c0:	10005044 	.word	0x10005044
100010c4:	20001c82 	.word	0x20001c82

100010c8 <lock_init>:
100010c8:	4b02      	ldr	r3, [pc, #8]	@ (100010d4 <lock_init+0xc>)
100010ca:	18c9      	adds	r1, r1, r3
100010cc:	0089      	lsls	r1, r1, #2
100010ce:	6001      	str	r1, [r0, #0]
100010d0:	4770      	bx	lr
100010d2:	46c0      	nop			@ (mov r8, r8)
100010d4:	34000040 	.word	0x34000040

100010d8 <runtime_init_mutex>:
100010d8:	b570      	push	{r4, r5, r6, lr}
100010da:	4c11      	ldr	r4, [pc, #68]	@ (10001120 <runtime_init_mutex+0x48>)
100010dc:	4d11      	ldr	r5, [pc, #68]	@ (10001124 <runtime_init_mutex+0x4c>)
100010de:	42ac      	cmp	r4, r5
100010e0:	d20f      	bcs.n	10001102 <runtime_init_mutex+0x2a>
100010e2:	26ff      	movs	r6, #255	@ 0xff
100010e4:	6823      	ldr	r3, [r4, #0]
100010e6:	2b00      	cmp	r3, #0
100010e8:	d00c      	beq.n	10001104 <runtime_init_mutex+0x2c>
100010ea:	f7ff fd0b 	bl	10000b04 <next_striped_spin_lock_num>
100010ee:	0001      	movs	r1, r0
100010f0:	0020      	movs	r0, r4
100010f2:	f7ff ffe9 	bl	100010c8 <lock_init>
100010f6:	80a6      	strh	r6, [r4, #4]
100010f8:	f3bf 8f5f 	dmb	sy
100010fc:	3408      	adds	r4, #8
100010fe:	42ac      	cmp	r4, r5
10001100:	d3f0      	bcc.n	100010e4 <runtime_init_mutex+0xc>
10001102:	bd70      	pop	{r4, r5, r6, pc}
10001104:	f7ff fcfe 	bl	10000b04 <next_striped_spin_lock_num>
10001108:	0001      	movs	r1, r0
1000110a:	0020      	movs	r0, r4
1000110c:	f7ff ffdc 	bl	100010c8 <lock_init>
10001110:	7126      	strb	r6, [r4, #4]
10001112:	f3bf 8f5f 	dmb	sy
10001116:	3408      	adds	r4, #8
10001118:	42ac      	cmp	r4, r5
1000111a:	d3e3      	bcc.n	100010e4 <runtime_init_mutex+0xc>
1000111c:	e7f1      	b.n	10001102 <runtime_init_mutex+0x2a>
1000111e:	46c0      	nop			@ (mov r8, r8)
10001120:	20001050 	.word	0x20001050
10001124:	20001058 	.word	0x20001058

10001128 <mutex_init>:
10001128:	b510      	push	{r4, lr}
1000112a:	0004      	movs	r4, r0
1000112c:	f7ff fcea 	bl	10000b04 <next_striped_spin_lock_num>
10001130:	0001      	movs	r1, r0
10001132:	0020      	movs	r0, r4
10001134:	f7ff ffc8 	bl	100010c8 <lock_init>
10001138:	23ff      	movs	r3, #255	@ 0xff
1000113a:	7123      	strb	r3, [r4, #4]
1000113c:	f3bf 8f5f 	dmb	sy
10001140:	bd10      	pop	{r4, pc}
10001142:	46c0      	nop			@ (mov r8, r8)

10001144 <critical_section_init>:
10001144:	b510      	push	{r4, lr}
10001146:	0004      	movs	r4, r0
10001148:	2001      	movs	r0, #1
1000114a:	f7ff fce7 	bl	10000b1c <spin_lock_claim_unused>
1000114e:	4b03      	ldr	r3, [pc, #12]	@ (1000115c <critical_section_init+0x18>)
10001150:	18c0      	adds	r0, r0, r3
10001152:	0080      	lsls	r0, r0, #2
10001154:	6020      	str	r0, [r4, #0]
10001156:	f3bf 8f5f 	dmb	sy
1000115a:	bd10      	pop	{r4, pc}
1000115c:	34000040 	.word	0x34000040

10001160 <critical_section_init_with_lock_num>:
10001160:	4b03      	ldr	r3, [pc, #12]	@ (10001170 <critical_section_init_with_lock_num+0x10>)
10001162:	18c9      	adds	r1, r1, r3
10001164:	0089      	lsls	r1, r1, #2
10001166:	6001      	str	r1, [r0, #0]
10001168:	f3bf 8f5f 	dmb	sy
1000116c:	4770      	bx	lr
1000116e:	46c0      	nop			@ (mov r8, r8)
10001170:	34000040 	.word	0x34000040

10001174 <sleep_until_callback>:
10001174:	4b0a      	ldr	r3, [pc, #40]	@ (100011a0 <sleep_until_callback+0x2c>)
10001176:	6819      	ldr	r1, [r3, #0]
10001178:	f3ef 8010 	mrs	r0, PRIMASK
1000117c:	b672      	cpsid	i
1000117e:	680a      	ldr	r2, [r1, #0]
10001180:	2a00      	cmp	r2, #0
10001182:	d0fc      	beq.n	1000117e <sleep_until_callback+0xa>
10001184:	f3bf 8f5f 	dmb	sy
10001188:	681b      	ldr	r3, [r3, #0]
1000118a:	f3bf 8f5f 	dmb	sy
1000118e:	2200      	movs	r2, #0
10001190:	601a      	str	r2, [r3, #0]
10001192:	f380 8810 	msr	PRIMASK, r0
10001196:	bf40      	sev
10001198:	2000      	movs	r0, #0
1000119a:	2100      	movs	r1, #0
1000119c:	4770      	bx	lr
1000119e:	46c0      	nop			@ (mov r8, r8)
100011a0:	20001c54 	.word	0x20001c54

100011a4 <alarm_pool_irq_handler>:
100011a4:	b5f0      	push	{r4, r5, r6, r7, lr}
100011a6:	46de      	mov	lr, fp
100011a8:	4657      	mov	r7, sl
100011aa:	464e      	mov	r6, r9
100011ac:	4645      	mov	r5, r8
100011ae:	b5e0      	push	{r5, r6, r7, lr}
100011b0:	b085      	sub	sp, #20
100011b2:	f3ef 8305 	mrs	r3, IPSR
100011b6:	2203      	movs	r2, #3
100011b8:	401a      	ands	r2, r3
100011ba:	4bb3      	ldr	r3, [pc, #716]	@ (10001488 <alarm_pool_irq_handler+0x2e4>)
100011bc:	0091      	lsls	r1, r2, #2
100011be:	585f      	ldr	r7, [r3, r1]
100011c0:	2301      	movs	r3, #1
100011c2:	4093      	lsls	r3, r2
100011c4:	469b      	mov	fp, r3
100011c6:	9202      	str	r2, [sp, #8]
100011c8:	465a      	mov	r2, fp
100011ca:	4688      	mov	r8, r1
100011cc:	4baf      	ldr	r3, [pc, #700]	@ (1000148c <alarm_pool_irq_handler+0x2e8>)
100011ce:	601a      	str	r2, [r3, #0]
100011d0:	4baf      	ldr	r3, [pc, #700]	@ (10001490 <alarm_pool_irq_handler+0x2ec>)
100011d2:	9303      	str	r3, [sp, #12]
100011d4:	465b      	mov	r3, fp
100011d6:	48af      	ldr	r0, [pc, #700]	@ (10001494 <alarm_pool_irq_handler+0x2f0>)
100011d8:	6343      	str	r3, [r0, #52]	@ 0x34
100011da:	2308      	movs	r3, #8
100011dc:	5efe      	ldrsh	r6, [r7, r3]
100011de:	2e00      	cmp	r6, #0
100011e0:	da37      	bge.n	10001252 <alarm_pool_irq_handler+0xae>
100011e2:	88bb      	ldrh	r3, [r7, #4]
100011e4:	b21b      	sxth	r3, r3
100011e6:	2b00      	cmp	r3, #0
100011e8:	db00      	blt.n	100011ec <alarm_pool_irq_handler+0x48>
100011ea:	e0a4      	b.n	10001336 <alarm_pool_irq_handler+0x192>
100011ec:	79bb      	ldrb	r3, [r7, #6]
100011ee:	2b00      	cmp	r3, #0
100011f0:	d000      	beq.n	100011f4 <alarm_pool_irq_handler+0x50>
100011f2:	e0e5      	b.n	100013c0 <alarm_pool_irq_handler+0x21c>
100011f4:	2308      	movs	r3, #8
100011f6:	5ef9      	ldrsh	r1, [r7, r3]
100011f8:	2900      	cmp	r1, #0
100011fa:	db20      	blt.n	1000123e <alarm_pool_irq_handler+0x9a>
100011fc:	004b      	lsls	r3, r1, #1
100011fe:	697a      	ldr	r2, [r7, #20]
10001200:	185b      	adds	r3, r3, r1
10001202:	00db      	lsls	r3, r3, #3
10001204:	18d3      	adds	r3, r2, r3
10001206:	689d      	ldr	r5, [r3, #8]
10001208:	68dc      	ldr	r4, [r3, #12]
1000120a:	1c6b      	adds	r3, r5, #1
1000120c:	d100      	bne.n	10001210 <alarm_pool_irq_handler+0x6c>
1000120e:	e104      	b.n	1000141a <alarm_pool_irq_handler+0x276>
10001210:	48a0      	ldr	r0, [pc, #640]	@ (10001494 <alarm_pool_irq_handler+0x2f0>)
10001212:	0001      	movs	r1, r0
10001214:	4441      	add	r1, r8
10001216:	6a82      	ldr	r2, [r0, #40]	@ 0x28
10001218:	690b      	ldr	r3, [r1, #16]
1000121a:	1aae      	subs	r6, r5, r2
1000121c:	1a9b      	subs	r3, r3, r2
1000121e:	429e      	cmp	r6, r3
10001220:	d315      	bcc.n	1000124e <alarm_pool_irq_handler+0xaa>
10001222:	2301      	movs	r3, #1
10001224:	6a02      	ldr	r2, [r0, #32]
10001226:	9802      	ldr	r0, [sp, #8]
10001228:	4083      	lsls	r3, r0
1000122a:	421a      	tst	r2, r3
1000122c:	d00f      	beq.n	1000124e <alarm_pool_irq_handler+0xaa>
1000122e:	4899      	ldr	r0, [pc, #612]	@ (10001494 <alarm_pool_irq_handler+0x2f0>)
10001230:	f000 fc36 	bl	10001aa0 <timer_time_us_64>
10001234:	428c      	cmp	r4, r1
10001236:	dc02      	bgt.n	1000123e <alarm_pool_irq_handler+0x9a>
10001238:	d1cc      	bne.n	100011d4 <alarm_pool_irq_handler+0x30>
1000123a:	4285      	cmp	r5, r0
1000123c:	d9ca      	bls.n	100011d4 <alarm_pool_irq_handler+0x30>
1000123e:	bf40      	sev
10001240:	b005      	add	sp, #20
10001242:	bcf0      	pop	{r4, r5, r6, r7}
10001244:	46bb      	mov	fp, r7
10001246:	46b2      	mov	sl, r6
10001248:	46a9      	mov	r9, r5
1000124a:	46a0      	mov	r8, r4
1000124c:	bdf0      	pop	{r4, r5, r6, r7, pc}
1000124e:	610d      	str	r5, [r1, #16]
10001250:	e7ed      	b.n	1000122e <alarm_pool_irq_handler+0x8a>
10001252:	697a      	ldr	r2, [r7, #20]
10001254:	0073      	lsls	r3, r6, #1
10001256:	4691      	mov	r9, r2
10001258:	199b      	adds	r3, r3, r6
1000125a:	00db      	lsls	r3, r3, #3
1000125c:	4499      	add	r9, r3
1000125e:	464b      	mov	r3, r9
10001260:	689c      	ldr	r4, [r3, #8]
10001262:	68dd      	ldr	r5, [r3, #12]
10001264:	f000 fc1c 	bl	10001aa0 <timer_time_us_64>
10001268:	428d      	cmp	r5, r1
1000126a:	dcba      	bgt.n	100011e2 <alarm_pool_irq_handler+0x3e>
1000126c:	d100      	bne.n	10001270 <alarm_pool_irq_handler+0xcc>
1000126e:	e0f6      	b.n	1000145e <alarm_pool_irq_handler+0x2ba>
10001270:	2d00      	cmp	r5, #0
10001272:	da00      	bge.n	10001276 <alarm_pool_irq_handler+0xd2>
10001274:	e0db      	b.n	1000142e <alarm_pool_irq_handler+0x28a>
10001276:	464a      	mov	r2, r9
10001278:	464b      	mov	r3, r9
1000127a:	6952      	ldr	r2, [r2, #20]
1000127c:	691b      	ldr	r3, [r3, #16]
1000127e:	4692      	mov	sl, r2
10001280:	9a03      	ldr	r2, [sp, #12]
10001282:	4293      	cmp	r3, r2
10001284:	d100      	bne.n	10001288 <alarm_pool_irq_handler+0xe4>
10001286:	e0cc      	b.n	10001422 <alarm_pool_irq_handler+0x27e>
10001288:	464a      	mov	r2, r9
1000128a:	2108      	movs	r1, #8
1000128c:	5e78      	ldrsh	r0, [r7, r1]
1000128e:	8852      	ldrh	r2, [r2, #2]
10001290:	0400      	lsls	r0, r0, #16
10001292:	4651      	mov	r1, sl
10001294:	4310      	orrs	r0, r2
10001296:	4798      	blx	r3
10001298:	9000      	str	r0, [sp, #0]
1000129a:	9101      	str	r1, [sp, #4]
1000129c:	9900      	ldr	r1, [sp, #0]
1000129e:	9a01      	ldr	r2, [sp, #4]
100012a0:	000b      	movs	r3, r1
100012a2:	4313      	orrs	r3, r2
100012a4:	d100      	bne.n	100012a8 <alarm_pool_irq_handler+0x104>
100012a6:	e0c2      	b.n	1000142e <alarm_pool_irq_handler+0x28a>
100012a8:	0013      	movs	r3, r2
100012aa:	000a      	movs	r2, r1
100012ac:	2b00      	cmp	r3, #0
100012ae:	db00      	blt.n	100012b2 <alarm_pool_irq_handler+0x10e>
100012b0:	e0d9      	b.n	10001466 <alarm_pool_irq_handler+0x2c2>
100012b2:	0020      	movs	r0, r4
100012b4:	0029      	movs	r1, r5
100012b6:	1a80      	subs	r0, r0, r2
100012b8:	4199      	sbcs	r1, r3
100012ba:	464b      	mov	r3, r9
100012bc:	6098      	str	r0, [r3, #8]
100012be:	60d9      	str	r1, [r3, #12]
100012c0:	2200      	movs	r2, #0
100012c2:	5e9b      	ldrsh	r3, [r3, r2]
100012c4:	2b00      	cmp	r3, #0
100012c6:	da00      	bge.n	100012ca <alarm_pool_irq_handler+0x126>
100012c8:	e78b      	b.n	100011e2 <alarm_pool_irq_handler+0x3e>
100012ca:	005d      	lsls	r5, r3, #1
100012cc:	697c      	ldr	r4, [r7, #20]
100012ce:	18ea      	adds	r2, r5, r3
100012d0:	00d2      	lsls	r2, r2, #3
100012d2:	18a2      	adds	r2, r4, r2
100012d4:	9400      	str	r4, [sp, #0]
100012d6:	6894      	ldr	r4, [r2, #8]
100012d8:	68d2      	ldr	r2, [r2, #12]
100012da:	46a2      	mov	sl, r4
100012dc:	428a      	cmp	r2, r1
100012de:	dd00      	ble.n	100012e2 <alarm_pool_irq_handler+0x13e>
100012e0:	e77f      	b.n	100011e2 <alarm_pool_irq_handler+0x3e>
100012e2:	d102      	bne.n	100012ea <alarm_pool_irq_handler+0x146>
100012e4:	4284      	cmp	r4, r0
100012e6:	d900      	bls.n	100012ea <alarm_pool_irq_handler+0x146>
100012e8:	e77b      	b.n	100011e2 <alarm_pool_irq_handler+0x3e>
100012ea:	2408      	movs	r4, #8
100012ec:	46a4      	mov	ip, r4
100012ee:	813b      	strh	r3, [r7, #8]
100012f0:	44bc      	add	ip, r7
100012f2:	9c00      	ldr	r4, [sp, #0]
100012f4:	9700      	str	r7, [sp, #0]
100012f6:	002f      	movs	r7, r5
100012f8:	4665      	mov	r5, ip
100012fa:	46b4      	mov	ip, r6
100012fc:	003e      	movs	r6, r7
100012fe:	e006      	b.n	1000130e <alarm_pool_irq_handler+0x16a>
10001300:	005e      	lsls	r6, r3, #1
10001302:	18f2      	adds	r2, r6, r3
10001304:	00d2      	lsls	r2, r2, #3
10001306:	18a2      	adds	r2, r4, r2
10001308:	6897      	ldr	r7, [r2, #8]
1000130a:	68d2      	ldr	r2, [r2, #12]
1000130c:	46ba      	mov	sl, r7
1000130e:	428a      	cmp	r2, r1
10001310:	dc07      	bgt.n	10001322 <alarm_pool_irq_handler+0x17e>
10001312:	d100      	bne.n	10001316 <alarm_pool_irq_handler+0x172>
10001314:	e0b4      	b.n	10001480 <alarm_pool_irq_handler+0x2dc>
10001316:	18f3      	adds	r3, r6, r3
10001318:	00db      	lsls	r3, r3, #3
1000131a:	18e5      	adds	r5, r4, r3
1000131c:	5ee3      	ldrsh	r3, [r4, r3]
1000131e:	2b00      	cmp	r3, #0
10001320:	daee      	bge.n	10001300 <alarm_pool_irq_handler+0x15c>
10001322:	4666      	mov	r6, ip
10001324:	464a      	mov	r2, r9
10001326:	9f00      	ldr	r7, [sp, #0]
10001328:	8013      	strh	r3, [r2, #0]
1000132a:	802e      	strh	r6, [r5, #0]
1000132c:	88bb      	ldrh	r3, [r7, #4]
1000132e:	b21b      	sxth	r3, r3
10001330:	2b00      	cmp	r3, #0
10001332:	da00      	bge.n	10001336 <alarm_pool_irq_handler+0x192>
10001334:	e75a      	b.n	100011ec <alarm_pool_irq_handler+0x48>
10001336:	693a      	ldr	r2, [r7, #16]
10001338:	f3ef 8110 	mrs	r1, PRIMASK
1000133c:	b672      	cpsid	i
1000133e:	6813      	ldr	r3, [r2, #0]
10001340:	2b00      	cmp	r3, #0
10001342:	d0fc      	beq.n	1000133e <alarm_pool_irq_handler+0x19a>
10001344:	f3bf 8f5f 	dmb	sy
10001348:	2301      	movs	r3, #1
1000134a:	88be      	ldrh	r6, [r7, #4]
1000134c:	425b      	negs	r3, r3
1000134e:	80bb      	strh	r3, [r7, #4]
10001350:	b236      	sxth	r6, r6
10001352:	693b      	ldr	r3, [r7, #16]
10001354:	f3bf 8f5f 	dmb	sy
10001358:	2200      	movs	r2, #0
1000135a:	601a      	str	r2, [r3, #0]
1000135c:	f381 8810 	msr	PRIMASK, r1
10001360:	2e00      	cmp	r6, #0
10001362:	da00      	bge.n	10001366 <alarm_pool_irq_handler+0x1c2>
10001364:	e742      	b.n	100011ec <alarm_pool_irq_handler+0x48>
10001366:	003b      	movs	r3, r7
10001368:	3308      	adds	r3, #8
1000136a:	003a      	movs	r2, r7
1000136c:	4699      	mov	r9, r3
1000136e:	697d      	ldr	r5, [r7, #20]
10001370:	0073      	lsls	r3, r6, #1
10001372:	199b      	adds	r3, r3, r6
10001374:	2408      	movs	r4, #8
10001376:	5f11      	ldrsh	r1, [r2, r4]
10001378:	00db      	lsls	r3, r3, #3
1000137a:	4648      	mov	r0, r9
1000137c:	18eb      	adds	r3, r5, r3
1000137e:	2900      	cmp	r1, #0
10001380:	db13      	blt.n	100013aa <alarm_pool_irq_handler+0x206>
10001382:	689c      	ldr	r4, [r3, #8]
10001384:	9300      	str	r3, [sp, #0]
10001386:	46a4      	mov	ip, r4
10001388:	68dc      	ldr	r4, [r3, #12]
1000138a:	e006      	b.n	1000139a <alarm_pool_irq_handler+0x1f6>
1000138c:	42a3      	cmp	r3, r4
1000138e:	d040      	beq.n	10001412 <alarm_pool_irq_handler+0x26e>
10001390:	2300      	movs	r3, #0
10001392:	5ef9      	ldrsh	r1, [r7, r3]
10001394:	0038      	movs	r0, r7
10001396:	2900      	cmp	r1, #0
10001398:	db06      	blt.n	100013a8 <alarm_pool_irq_handler+0x204>
1000139a:	004f      	lsls	r7, r1, #1
1000139c:	187f      	adds	r7, r7, r1
1000139e:	00ff      	lsls	r7, r7, #3
100013a0:	19ef      	adds	r7, r5, r7
100013a2:	68fb      	ldr	r3, [r7, #12]
100013a4:	42a3      	cmp	r3, r4
100013a6:	ddf1      	ble.n	1000138c <alarm_pool_irq_handler+0x1e8>
100013a8:	9b00      	ldr	r3, [sp, #0]
100013aa:	8006      	strh	r6, [r0, #0]
100013ac:	2000      	movs	r0, #0
100013ae:	5e1e      	ldrsh	r6, [r3, r0]
100013b0:	8019      	strh	r1, [r3, #0]
100013b2:	2e00      	cmp	r6, #0
100013b4:	dadc      	bge.n	10001370 <alarm_pool_irq_handler+0x1cc>
100013b6:	0017      	movs	r7, r2
100013b8:	79bb      	ldrb	r3, [r7, #6]
100013ba:	2b00      	cmp	r3, #0
100013bc:	d100      	bne.n	100013c0 <alarm_pool_irq_handler+0x21c>
100013be:	e719      	b.n	100011f4 <alarm_pool_irq_handler+0x50>
100013c0:	2300      	movs	r3, #0
100013c2:	71bb      	strb	r3, [r7, #6]
100013c4:	2308      	movs	r3, #8
100013c6:	5ef9      	ldrsh	r1, [r7, r3]
100013c8:	1c4b      	adds	r3, r1, #1
100013ca:	d100      	bne.n	100013ce <alarm_pool_irq_handler+0x22a>
100013cc:	e737      	b.n	1000123e <alarm_pool_irq_handler+0x9a>
100013ce:	003d      	movs	r5, r7
100013d0:	3508      	adds	r5, #8
100013d2:	46ac      	mov	ip, r5
100013d4:	697c      	ldr	r4, [r7, #20]
100013d6:	e003      	b.n	100013e0 <alarm_pool_irq_handler+0x23c>
100013d8:	4684      	mov	ip, r0
100013da:	1c4b      	adds	r3, r1, #1
100013dc:	d100      	bne.n	100013e0 <alarm_pool_irq_handler+0x23c>
100013de:	e709      	b.n	100011f4 <alarm_pool_irq_handler+0x50>
100013e0:	004b      	lsls	r3, r1, #1
100013e2:	185b      	adds	r3, r3, r1
100013e4:	00db      	lsls	r3, r3, #3
100013e6:	18e0      	adds	r0, r4, r3
100013e8:	000a      	movs	r2, r1
100013ea:	5ee1      	ldrsh	r1, [r4, r3]
100013ec:	8843      	ldrh	r3, [r0, #2]
100013ee:	b21b      	sxth	r3, r3
100013f0:	2b00      	cmp	r3, #0
100013f2:	daf1      	bge.n	100013d8 <alarm_pool_irq_handler+0x234>
100013f4:	2501      	movs	r5, #1
100013f6:	426d      	negs	r5, r5
100013f8:	17ee      	asrs	r6, r5, #31
100013fa:	6085      	str	r5, [r0, #8]
100013fc:	60c6      	str	r6, [r0, #12]
100013fe:	2508      	movs	r5, #8
10001400:	5f7b      	ldrsh	r3, [r7, r5]
10001402:	4293      	cmp	r3, r2
10001404:	d0e9      	beq.n	100013da <alarm_pool_irq_handler+0x236>
10001406:	4663      	mov	r3, ip
10001408:	8019      	strh	r1, [r3, #0]
1000140a:	893b      	ldrh	r3, [r7, #8]
1000140c:	8003      	strh	r3, [r0, #0]
1000140e:	813a      	strh	r2, [r7, #8]
10001410:	e7e3      	b.n	100013da <alarm_pool_irq_handler+0x236>
10001412:	68bb      	ldr	r3, [r7, #8]
10001414:	4563      	cmp	r3, ip
10001416:	d9bb      	bls.n	10001390 <alarm_pool_irq_handler+0x1ec>
10001418:	e7c6      	b.n	100013a8 <alarm_pool_irq_handler+0x204>
1000141a:	1c63      	adds	r3, r4, #1
1000141c:	d000      	beq.n	10001420 <alarm_pool_irq_handler+0x27c>
1000141e:	e6f7      	b.n	10001210 <alarm_pool_irq_handler+0x6c>
10001420:	e705      	b.n	1000122e <alarm_pool_irq_handler+0x8a>
10001422:	4653      	mov	r3, sl
10001424:	4650      	mov	r0, sl
10001426:	691b      	ldr	r3, [r3, #16]
10001428:	4798      	blx	r3
1000142a:	2800      	cmp	r0, #0
1000142c:	d123      	bne.n	10001476 <alarm_pool_irq_handler+0x2d2>
1000142e:	464b      	mov	r3, r9
10001430:	881b      	ldrh	r3, [r3, #0]
10001432:	693a      	ldr	r2, [r7, #16]
10001434:	813b      	strh	r3, [r7, #8]
10001436:	f3ef 8310 	mrs	r3, PRIMASK
1000143a:	b672      	cpsid	i
1000143c:	6811      	ldr	r1, [r2, #0]
1000143e:	2900      	cmp	r1, #0
10001440:	d0fc      	beq.n	1000143c <alarm_pool_irq_handler+0x298>
10001442:	f3bf 8f5f 	dmb	sy
10001446:	4649      	mov	r1, r9
10001448:	887a      	ldrh	r2, [r7, #2]
1000144a:	800a      	strh	r2, [r1, #0]
1000144c:	693a      	ldr	r2, [r7, #16]
1000144e:	807e      	strh	r6, [r7, #2]
10001450:	f3bf 8f5f 	dmb	sy
10001454:	2100      	movs	r1, #0
10001456:	6011      	str	r1, [r2, #0]
10001458:	f383 8810 	msr	PRIMASK, r3
1000145c:	e6c1      	b.n	100011e2 <alarm_pool_irq_handler+0x3e>
1000145e:	4284      	cmp	r4, r0
10001460:	d800      	bhi.n	10001464 <alarm_pool_irq_handler+0x2c0>
10001462:	e705      	b.n	10001270 <alarm_pool_irq_handler+0xcc>
10001464:	e6bd      	b.n	100011e2 <alarm_pool_irq_handler+0x3e>
10001466:	480b      	ldr	r0, [pc, #44]	@ (10001494 <alarm_pool_irq_handler+0x2f0>)
10001468:	f000 fb1a 	bl	10001aa0 <timer_time_us_64>
1000146c:	9b00      	ldr	r3, [sp, #0]
1000146e:	9c01      	ldr	r4, [sp, #4]
10001470:	18c0      	adds	r0, r0, r3
10001472:	4161      	adcs	r1, r4
10001474:	e721      	b.n	100012ba <alarm_pool_irq_handler+0x116>
10001476:	4653      	mov	r3, sl
10001478:	cb0c      	ldmia	r3, {r2, r3}
1000147a:	9200      	str	r2, [sp, #0]
1000147c:	9301      	str	r3, [sp, #4]
1000147e:	e70d      	b.n	1000129c <alarm_pool_irq_handler+0xf8>
10001480:	4582      	cmp	sl, r0
10001482:	d800      	bhi.n	10001486 <alarm_pool_irq_handler+0x2e2>
10001484:	e747      	b.n	10001316 <alarm_pool_irq_handler+0x172>
10001486:	e74c      	b.n	10001322 <alarm_pool_irq_handler+0x17e>
10001488:	20001c38 	.word	0x20001c38
1000148c:	4005703c 	.word	0x4005703c
10001490:	100011a5 	.word	0x100011a5
10001494:	40054000 	.word	0x40054000

10001498 <runtime_init_default_alarm_pool>:
10001498:	b570      	push	{r4, r5, r6, lr}
1000149a:	4c2d      	ldr	r4, [pc, #180]	@ (10001550 <runtime_init_default_alarm_pool+0xb8>)
1000149c:	6925      	ldr	r5, [r4, #16]
1000149e:	2d00      	cmp	r5, #0
100014a0:	d004      	beq.n	100014ac <runtime_init_default_alarm_pool+0x14>
100014a2:	210a      	movs	r1, #10
100014a4:	482b      	ldr	r0, [pc, #172]	@ (10001554 <runtime_init_default_alarm_pool+0xbc>)
100014a6:	f7ff fe0f 	bl	100010c8 <lock_init>
100014aa:	bd70      	pop	{r4, r5, r6, pc}
100014ac:	4e2a      	ldr	r6, [pc, #168]	@ (10001558 <runtime_init_default_alarm_pool+0xc0>)
100014ae:	2103      	movs	r1, #3
100014b0:	4829      	ldr	r0, [pc, #164]	@ (10001558 <runtime_init_default_alarm_pool+0xc0>)
100014b2:	f000 faeb 	bl	10001a8c <timer_hardware_alarm_claim>
100014b6:	60e6      	str	r6, [r4, #12]
100014b8:	f7ff fb24 	bl	10000b04 <next_striped_spin_lock_num>
100014bc:	4b27      	ldr	r3, [pc, #156]	@ (1000155c <runtime_init_default_alarm_pool+0xc4>)
100014be:	2203      	movs	r2, #3
100014c0:	18c0      	adds	r0, r0, r3
100014c2:	23d0      	movs	r3, #208	@ 0xd0
100014c4:	7022      	strb	r2, [r4, #0]
100014c6:	061b      	lsls	r3, r3, #24
100014c8:	681b      	ldr	r3, [r3, #0]
100014ca:	2101      	movs	r1, #1
100014cc:	7063      	strb	r3, [r4, #1]
100014ce:	4b24      	ldr	r3, [pc, #144]	@ (10001560 <runtime_init_default_alarm_pool+0xc8>)
100014d0:	0080      	lsls	r0, r0, #2
100014d2:	60a3      	str	r3, [r4, #8]
100014d4:	230f      	movs	r3, #15
100014d6:	6120      	str	r0, [r4, #16]
100014d8:	2002      	movs	r0, #2
100014da:	8063      	strh	r3, [r4, #2]
100014dc:	6963      	ldr	r3, [r4, #20]
100014de:	4249      	negs	r1, r1
100014e0:	80a1      	strh	r1, [r4, #4]
100014e2:	8019      	strh	r1, [r3, #0]
100014e4:	3102      	adds	r1, #2
100014e6:	8619      	strh	r1, [r3, #48]	@ 0x30
100014e8:	3147      	adds	r1, #71	@ 0x47
100014ea:	831d      	strh	r5, [r3, #24]
100014ec:	5258      	strh	r0, [r3, r1]
100014ee:	3118      	adds	r1, #24
100014f0:	525a      	strh	r2, [r3, r1]
100014f2:	3275      	adds	r2, #117	@ 0x75
100014f4:	395c      	subs	r1, #92	@ 0x5c
100014f6:	5299      	strh	r1, [r3, r2]
100014f8:	3218      	adds	r2, #24
100014fa:	3101      	adds	r1, #1
100014fc:	5299      	strh	r1, [r3, r2]
100014fe:	3218      	adds	r2, #24
10001500:	3101      	adds	r1, #1
10001502:	5299      	strh	r1, [r3, r2]
10001504:	3218      	adds	r2, #24
10001506:	3101      	adds	r1, #1
10001508:	5299      	strh	r1, [r3, r2]
1000150a:	3508      	adds	r5, #8
1000150c:	3218      	adds	r2, #24
1000150e:	529d      	strh	r5, [r3, r2]
10001510:	3102      	adds	r1, #2
10001512:	3218      	adds	r2, #24
10001514:	5299      	strh	r1, [r3, r2]
10001516:	3218      	adds	r2, #24
10001518:	3101      	adds	r1, #1
1000151a:	5299      	strh	r1, [r3, r2]
1000151c:	3218      	adds	r2, #24
1000151e:	3101      	adds	r1, #1
10001520:	5299      	strh	r1, [r3, r2]
10001522:	3218      	adds	r2, #24
10001524:	3101      	adds	r1, #1
10001526:	5299      	strh	r1, [r3, r2]
10001528:	3218      	adds	r2, #24
1000152a:	3101      	adds	r1, #1
1000152c:	5299      	strh	r1, [r3, r2]
1000152e:	3218      	adds	r2, #24
10001530:	3101      	adds	r1, #1
10001532:	5299      	strh	r1, [r3, r2]
10001534:	4b0b      	ldr	r3, [pc, #44]	@ (10001564 <runtime_init_default_alarm_pool+0xcc>)
10001536:	490c      	ldr	r1, [pc, #48]	@ (10001568 <runtime_init_default_alarm_pool+0xd0>)
10001538:	60dc      	str	r4, [r3, #12]
1000153a:	3001      	adds	r0, #1
1000153c:	6235      	str	r5, [r6, #32]
1000153e:	f7ff fb65 	bl	10000c0c <irq_set_exclusive_handler>
10001542:	2101      	movs	r1, #1
10001544:	2003      	movs	r0, #3
10001546:	f7ff fb2b 	bl	10000ba0 <irq_set_enabled>
1000154a:	4b08      	ldr	r3, [pc, #32]	@ (1000156c <runtime_init_default_alarm_pool+0xd4>)
1000154c:	601d      	str	r5, [r3, #0]
1000154e:	e7a8      	b.n	100014a2 <runtime_init_default_alarm_pool+0xa>
10001550:	20000fb0 	.word	0x20000fb0
10001554:	20001c54 	.word	0x20001c54
10001558:	40054000 	.word	0x40054000
1000155c:	34000040 	.word	0x34000040
10001560:	0010ffff 	.word	0x0010ffff
10001564:	20001c38 	.word	0x20001c38
10001568:	100011a5 	.word	0x100011a5
1000156c:	40056038 	.word	0x40056038

10001570 <alarm_pool_get_default>:
10001570:	4800      	ldr	r0, [pc, #0]	@ (10001574 <alarm_pool_get_default+0x4>)
10001572:	4770      	bx	lr
10001574:	20000fb0 	.word	0x20000fb0

10001578 <alarm_pool_add_alarm_at>:
10001578:	b5f8      	push	{r3, r4, r5, r6, r7, lr}
1000157a:	001f      	movs	r7, r3
1000157c:	ab08      	add	r3, sp, #32
1000157e:	781b      	ldrb	r3, [r3, #0]
10001580:	0004      	movs	r4, r0
10001582:	0016      	movs	r6, r2
10001584:	2b00      	cmp	r3, #0
10001586:	d107      	bne.n	10001598 <alarm_pool_add_alarm_at+0x20>
10001588:	f000 fa92 	bl	10001ab0 <time_us_64>
1000158c:	0032      	movs	r2, r6
1000158e:	003b      	movs	r3, r7
10001590:	1a12      	subs	r2, r2, r0
10001592:	418b      	sbcs	r3, r1
10001594:	2b00      	cmp	r3, #0
10001596:	db51      	blt.n	1000163c <alarm_pool_add_alarm_at+0xc4>
10001598:	6922      	ldr	r2, [r4, #16]
1000159a:	f3ef 8c10 	mrs	ip, PRIMASK
1000159e:	b672      	cpsid	i
100015a0:	6813      	ldr	r3, [r2, #0]
100015a2:	2b00      	cmp	r3, #0
100015a4:	d0fc      	beq.n	100015a0 <alarm_pool_add_alarm_at+0x28>
100015a6:	f3bf 8f5f 	dmb	sy
100015aa:	2302      	movs	r3, #2
100015ac:	5ee1      	ldrsh	r1, [r4, r3]
100015ae:	6925      	ldr	r5, [r4, #16]
100015b0:	2900      	cmp	r1, #0
100015b2:	db3a      	blt.n	1000162a <alarm_pool_add_alarm_at+0xb2>
100015b4:	004b      	lsls	r3, r1, #1
100015b6:	6960      	ldr	r0, [r4, #20]
100015b8:	185b      	adds	r3, r3, r1
100015ba:	00db      	lsls	r3, r3, #3
100015bc:	18c2      	adds	r2, r0, r3
100015be:	5ac3      	ldrh	r3, [r0, r3]
100015c0:	8063      	strh	r3, [r4, #2]
100015c2:	f3bf 8f5f 	dmb	sy
100015c6:	2300      	movs	r3, #0
100015c8:	602b      	str	r3, [r5, #0]
100015ca:	f38c 8810 	msr	PRIMASK, ip
100015ce:	9b06      	ldr	r3, [sp, #24]
100015d0:	6096      	str	r6, [r2, #8]
100015d2:	60d7      	str	r7, [r2, #12]
100015d4:	6113      	str	r3, [r2, #16]
100015d6:	9b07      	ldr	r3, [sp, #28]
100015d8:	6153      	str	r3, [r2, #20]
100015da:	8853      	ldrh	r3, [r2, #2]
100015dc:	3301      	adds	r3, #1
100015de:	045b      	lsls	r3, r3, #17
100015e0:	0c5b      	lsrs	r3, r3, #17
100015e2:	1c18      	adds	r0, r3, #0
100015e4:	2b00      	cmp	r3, #0
100015e6:	d01e      	beq.n	10001626 <alarm_pool_add_alarm_at+0xae>
100015e8:	b283      	uxth	r3, r0
100015ea:	8050      	strh	r0, [r2, #2]
100015ec:	0408      	lsls	r0, r1, #16
100015ee:	4318      	orrs	r0, r3
100015f0:	6925      	ldr	r5, [r4, #16]
100015f2:	f3ef 8610 	mrs	r6, PRIMASK
100015f6:	b672      	cpsid	i
100015f8:	682b      	ldr	r3, [r5, #0]
100015fa:	2b00      	cmp	r3, #0
100015fc:	d0fc      	beq.n	100015f8 <alarm_pool_add_alarm_at+0x80>
100015fe:	f3bf 8f5f 	dmb	sy
10001602:	88a3      	ldrh	r3, [r4, #4]
10001604:	8013      	strh	r3, [r2, #0]
10001606:	80a1      	strh	r1, [r4, #4]
10001608:	6923      	ldr	r3, [r4, #16]
1000160a:	f3bf 8f5f 	dmb	sy
1000160e:	2200      	movs	r2, #0
10001610:	601a      	str	r2, [r3, #0]
10001612:	f386 8810 	msr	PRIMASK, r6
10001616:	7823      	ldrb	r3, [r4, #0]
10001618:	3201      	adds	r2, #1
1000161a:	409a      	lsls	r2, r3
1000161c:	4908      	ldr	r1, [pc, #32]	@ (10001640 <alarm_pool_add_alarm_at+0xc8>)
1000161e:	68e3      	ldr	r3, [r4, #12]
10001620:	185b      	adds	r3, r3, r1
10001622:	601a      	str	r2, [r3, #0]
10001624:	bdf8      	pop	{r3, r4, r5, r6, r7, pc}
10001626:	2001      	movs	r0, #1
10001628:	e7de      	b.n	100015e8 <alarm_pool_add_alarm_at+0x70>
1000162a:	f3bf 8f5f 	dmb	sy
1000162e:	2300      	movs	r3, #0
10001630:	602b      	str	r3, [r5, #0]
10001632:	f38c 8810 	msr	PRIMASK, ip
10001636:	2001      	movs	r0, #1
10001638:	4240      	negs	r0, r0
1000163a:	e7f3      	b.n	10001624 <alarm_pool_add_alarm_at+0xac>
1000163c:	2000      	movs	r0, #0
1000163e:	e7f1      	b.n	10001624 <alarm_pool_add_alarm_at+0xac>
10001640:	0000203c 	.word	0x0000203c

10001644 <alarm_pool_add_alarm_at_force_in_context>:
10001644:	b570      	push	{r4, r5, r6, lr}
10001646:	b082      	sub	sp, #8
10001648:	9200      	str	r2, [sp, #0]
1000164a:	9301      	str	r3, [sp, #4]
1000164c:	0001      	movs	r1, r0
1000164e:	6902      	ldr	r2, [r0, #16]
10001650:	f3ef 8410 	mrs	r4, PRIMASK
10001654:	b672      	cpsid	i
10001656:	6813      	ldr	r3, [r2, #0]
10001658:	2b00      	cmp	r3, #0
1000165a:	d0fc      	beq.n	10001656 <alarm_pool_add_alarm_at_force_in_context+0x12>
1000165c:	f3bf 8f5f 	dmb	sy
10001660:	2302      	movs	r3, #2
10001662:	5ec8      	ldrsh	r0, [r1, r3]
10001664:	690d      	ldr	r5, [r1, #16]
10001666:	2800      	cmp	r0, #0
10001668:	db3f      	blt.n	100016ea <alarm_pool_add_alarm_at_force_in_context+0xa6>
1000166a:	694a      	ldr	r2, [r1, #20]
1000166c:	0043      	lsls	r3, r0, #1
1000166e:	0016      	movs	r6, r2
10001670:	181b      	adds	r3, r3, r0
10001672:	00db      	lsls	r3, r3, #3
10001674:	18d2      	adds	r2, r2, r3
10001676:	5af3      	ldrh	r3, [r6, r3]
10001678:	804b      	strh	r3, [r1, #2]
1000167a:	f3bf 8f5f 	dmb	sy
1000167e:	2300      	movs	r3, #0
10001680:	602b      	str	r3, [r5, #0]
10001682:	f384 8810 	msr	PRIMASK, r4
10001686:	9b06      	ldr	r3, [sp, #24]
10001688:	6113      	str	r3, [r2, #16]
1000168a:	9b07      	ldr	r3, [sp, #28]
1000168c:	6153      	str	r3, [r2, #20]
1000168e:	9b00      	ldr	r3, [sp, #0]
10001690:	9c01      	ldr	r4, [sp, #4]
10001692:	6093      	str	r3, [r2, #8]
10001694:	60d4      	str	r4, [r2, #12]
10001696:	8853      	ldrh	r3, [r2, #2]
10001698:	3301      	adds	r3, #1
1000169a:	045b      	lsls	r3, r3, #17
1000169c:	0c5b      	lsrs	r3, r3, #17
1000169e:	1c1d      	adds	r5, r3, #0
100016a0:	2b00      	cmp	r3, #0
100016a2:	d020      	beq.n	100016e6 <alarm_pool_add_alarm_at_force_in_context+0xa2>
100016a4:	b2ac      	uxth	r4, r5
100016a6:	0403      	lsls	r3, r0, #16
100016a8:	8055      	strh	r5, [r2, #2]
100016aa:	4323      	orrs	r3, r4
100016ac:	690d      	ldr	r5, [r1, #16]
100016ae:	f3ef 8c10 	mrs	ip, PRIMASK
100016b2:	b672      	cpsid	i
100016b4:	682c      	ldr	r4, [r5, #0]
100016b6:	2c00      	cmp	r4, #0
100016b8:	d0fc      	beq.n	100016b4 <alarm_pool_add_alarm_at_force_in_context+0x70>
100016ba:	f3bf 8f5f 	dmb	sy
100016be:	888c      	ldrh	r4, [r1, #4]
100016c0:	8014      	strh	r4, [r2, #0]
100016c2:	8088      	strh	r0, [r1, #4]
100016c4:	690a      	ldr	r2, [r1, #16]
100016c6:	f3bf 8f5f 	dmb	sy
100016ca:	2000      	movs	r0, #0
100016cc:	6010      	str	r0, [r2, #0]
100016ce:	f38c 8810 	msr	PRIMASK, ip
100016d2:	780a      	ldrb	r2, [r1, #0]
100016d4:	3001      	adds	r0, #1
100016d6:	4090      	lsls	r0, r2
100016d8:	68ca      	ldr	r2, [r1, #12]
100016da:	4908      	ldr	r1, [pc, #32]	@ (100016fc <alarm_pool_add_alarm_at_force_in_context+0xb8>)
100016dc:	1852      	adds	r2, r2, r1
100016de:	6010      	str	r0, [r2, #0]
100016e0:	0018      	movs	r0, r3
100016e2:	b002      	add	sp, #8
100016e4:	bd70      	pop	{r4, r5, r6, pc}
100016e6:	2501      	movs	r5, #1
100016e8:	e7dc      	b.n	100016a4 <alarm_pool_add_alarm_at_force_in_context+0x60>
100016ea:	f3bf 8f5f 	dmb	sy
100016ee:	2300      	movs	r3, #0
100016f0:	602b      	str	r3, [r5, #0]
100016f2:	f384 8810 	msr	PRIMASK, r4
100016f6:	3b01      	subs	r3, #1
100016f8:	e7f2      	b.n	100016e0 <alarm_pool_add_alarm_at_force_in_context+0x9c>
100016fa:	46c0      	nop			@ (mov r8, r8)
100016fc:	0000203c 	.word	0x0000203c

10001700 <alarm_pool_cancel_alarm>:
10001700:	b510      	push	{r4, lr}
10001702:	8943      	ldrh	r3, [r0, #10]
10001704:	140a      	asrs	r2, r1, #16
10001706:	4293      	cmp	r3, r2
10001708:	dd1a      	ble.n	10001740 <alarm_pool_cancel_alarm+0x40>
1000170a:	0053      	lsls	r3, r2, #1
1000170c:	189b      	adds	r3, r3, r2
1000170e:	6942      	ldr	r2, [r0, #20]
10001710:	00db      	lsls	r3, r3, #3
10001712:	18d3      	adds	r3, r2, r3
10001714:	6904      	ldr	r4, [r0, #16]
10001716:	f3ef 8c10 	mrs	ip, PRIMASK
1000171a:	b672      	cpsid	i
1000171c:	6822      	ldr	r2, [r4, #0]
1000171e:	2a00      	cmp	r2, #0
10001720:	d0fc      	beq.n	1000171c <alarm_pool_cancel_alarm+0x1c>
10001722:	f3bf 8f5f 	dmb	sy
10001726:	885a      	ldrh	r2, [r3, #2]
10001728:	0409      	lsls	r1, r1, #16
1000172a:	b294      	uxth	r4, r2
1000172c:	0c09      	lsrs	r1, r1, #16
1000172e:	428a      	cmp	r2, r1
10001730:	d008      	beq.n	10001744 <alarm_pool_cancel_alarm+0x44>
10001732:	6903      	ldr	r3, [r0, #16]
10001734:	f3bf 8f5f 	dmb	sy
10001738:	2200      	movs	r2, #0
1000173a:	601a      	str	r2, [r3, #0]
1000173c:	f38c 8810 	msr	PRIMASK, ip
10001740:	2000      	movs	r0, #0
10001742:	bd10      	pop	{r4, pc}
10001744:	4a09      	ldr	r2, [pc, #36]	@ (1000176c <alarm_pool_cancel_alarm+0x6c>)
10001746:	4322      	orrs	r2, r4
10001748:	805a      	strh	r2, [r3, #2]
1000174a:	2301      	movs	r3, #1
1000174c:	6902      	ldr	r2, [r0, #16]
1000174e:	7183      	strb	r3, [r0, #6]
10001750:	f3bf 8f5f 	dmb	sy
10001754:	2100      	movs	r1, #0
10001756:	6011      	str	r1, [r2, #0]
10001758:	f38c 8810 	msr	PRIMASK, ip
1000175c:	7802      	ldrb	r2, [r0, #0]
1000175e:	4904      	ldr	r1, [pc, #16]	@ (10001770 <alarm_pool_cancel_alarm+0x70>)
10001760:	4093      	lsls	r3, r2
10001762:	68c2      	ldr	r2, [r0, #12]
10001764:	2001      	movs	r0, #1
10001766:	1852      	adds	r2, r2, r1
10001768:	6013      	str	r3, [r2, #0]
1000176a:	e7ea      	b.n	10001742 <alarm_pool_cancel_alarm+0x42>
1000176c:	ffff8000 	.word	0xffff8000
10001770:	0000203c 	.word	0x0000203c

10001774 <alarm_pool_core_num>:
10001774:	7840      	ldrb	r0, [r0, #1]
10001776:	4770      	bx	lr

10001778 <sleep_us>:
10001778:	b5f0      	push	{r4, r5, r6, r7, lr}
1000177a:	46c6      	mov	lr, r8
1000177c:	b500      	push	{lr}
1000177e:	b082      	sub	sp, #8
10001780:	0004      	movs	r4, r0
10001782:	000d      	movs	r5, r1
10001784:	f000 f994 	bl	10001ab0 <time_us_64>
10001788:	1824      	adds	r4, r4, r0
1000178a:	414d      	adcs	r5, r1
1000178c:	2d00      	cmp	r5, #0
1000178e:	da02      	bge.n	10001796 <sleep_us+0x1e>
10001790:	2401      	movs	r4, #1
10001792:	4d2f      	ldr	r5, [pc, #188]	@ (10001850 <sleep_us+0xd8>)
10001794:	4264      	negs	r4, r4
10001796:	2606      	movs	r6, #6
10001798:	4276      	negs	r6, r6
1000179a:	17f7      	asrs	r7, r6, #31
1000179c:	1936      	adds	r6, r6, r4
1000179e:	416f      	adcs	r7, r5
100017a0:	42af      	cmp	r7, r5
100017a2:	d814      	bhi.n	100017ce <sleep_us+0x56>
100017a4:	d011      	beq.n	100017ca <sleep_us+0x52>
100017a6:	f000 f983 	bl	10001ab0 <time_us_64>
100017aa:	0032      	movs	r2, r6
100017ac:	003b      	movs	r3, r7
100017ae:	1a12      	subs	r2, r2, r0
100017b0:	418b      	sbcs	r3, r1
100017b2:	2b00      	cmp	r3, #0
100017b4:	dc15      	bgt.n	100017e2 <sleep_us+0x6a>
100017b6:	2b00      	cmp	r3, #0
100017b8:	d046      	beq.n	10001848 <sleep_us+0xd0>
100017ba:	0020      	movs	r0, r4
100017bc:	0029      	movs	r1, r5
100017be:	f000 f9b7 	bl	10001b30 <busy_wait_until>
100017c2:	b002      	add	sp, #8
100017c4:	bc80      	pop	{r7}
100017c6:	46b8      	mov	r8, r7
100017c8:	bdf0      	pop	{r4, r5, r6, r7, pc}
100017ca:	42a6      	cmp	r6, r4
100017cc:	d9eb      	bls.n	100017a6 <sleep_us+0x2e>
100017ce:	2600      	movs	r6, #0
100017d0:	2700      	movs	r7, #0
100017d2:	f000 f96d 	bl	10001ab0 <time_us_64>
100017d6:	0032      	movs	r2, r6
100017d8:	003b      	movs	r3, r7
100017da:	1a12      	subs	r2, r2, r0
100017dc:	418b      	sbcs	r3, r1
100017de:	2b00      	cmp	r3, #0
100017e0:	dde9      	ble.n	100017b6 <sleep_us+0x3e>
100017e2:	f000 f965 	bl	10001ab0 <time_us_64>
100017e6:	0032      	movs	r2, r6
100017e8:	003b      	movs	r3, r7
100017ea:	1a12      	subs	r2, r2, r0
100017ec:	418b      	sbcs	r3, r1
100017ee:	2b00      	cmp	r3, #0
100017f0:	db0a      	blt.n	10001808 <sleep_us+0x90>
100017f2:	2300      	movs	r3, #0
100017f4:	9301      	str	r3, [sp, #4]
100017f6:	4b17      	ldr	r3, [pc, #92]	@ (10001854 <sleep_us+0xdc>)
100017f8:	0032      	movs	r2, r6
100017fa:	9300      	str	r3, [sp, #0]
100017fc:	4816      	ldr	r0, [pc, #88]	@ (10001858 <sleep_us+0xe0>)
100017fe:	003b      	movs	r3, r7
10001800:	f7ff ff20 	bl	10001644 <alarm_pool_add_alarm_at_force_in_context>
10001804:	3001      	adds	r0, #1
10001806:	d0d8      	beq.n	100017ba <sleep_us+0x42>
10001808:	2300      	movs	r3, #0
1000180a:	0039      	movs	r1, r7
1000180c:	46b0      	mov	r8, r6
1000180e:	469c      	mov	ip, r3
10001810:	4a12      	ldr	r2, [pc, #72]	@ (1000185c <sleep_us+0xe4>)
10001812:	4813      	ldr	r0, [pc, #76]	@ (10001860 <sleep_us+0xe8>)
10001814:	6a53      	ldr	r3, [r2, #36]	@ 0x24
10001816:	4299      	cmp	r1, r3
10001818:	d804      	bhi.n	10001824 <sleep_us+0xac>
1000181a:	6a96      	ldr	r6, [r2, #40]	@ 0x28
1000181c:	4546      	cmp	r6, r8
1000181e:	d2cc      	bcs.n	100017ba <sleep_us+0x42>
10001820:	4299      	cmp	r1, r3
10001822:	d1ca      	bne.n	100017ba <sleep_us+0x42>
10001824:	6806      	ldr	r6, [r0, #0]
10001826:	f3ef 8710 	mrs	r7, PRIMASK
1000182a:	b672      	cpsid	i
1000182c:	6833      	ldr	r3, [r6, #0]
1000182e:	2b00      	cmp	r3, #0
10001830:	d0fc      	beq.n	1000182c <sleep_us+0xb4>
10001832:	f3bf 8f5f 	dmb	sy
10001836:	6803      	ldr	r3, [r0, #0]
10001838:	f3bf 8f5f 	dmb	sy
1000183c:	4666      	mov	r6, ip
1000183e:	601e      	str	r6, [r3, #0]
10001840:	f387 8810 	msr	PRIMASK, r7
10001844:	bf20      	wfe
10001846:	e7e5      	b.n	10001814 <sleep_us+0x9c>
10001848:	2a00      	cmp	r2, #0
1000184a:	d0b6      	beq.n	100017ba <sleep_us+0x42>
1000184c:	e7c9      	b.n	100017e2 <sleep_us+0x6a>
1000184e:	46c0      	nop			@ (mov r8, r8)
10001850:	7fffffff 	.word	0x7fffffff
10001854:	10001175 	.word	0x10001175
10001858:	20000fb0 	.word	0x20000fb0
1000185c:	40054000 	.word	0x40054000
10001860:	20001c54 	.word	0x20001c54

10001864 <sleep_ms>:
10001864:	b5f0      	push	{r4, r5, r6, r7, lr}
10001866:	46c6      	mov	lr, r8
10001868:	b500      	push	{lr}
1000186a:	b082      	sub	sp, #8
1000186c:	0004      	movs	r4, r0
1000186e:	f000 f91f 	bl	10001ab0 <time_us_64>
10001872:	22fa      	movs	r2, #250	@ 0xfa
10001874:	0006      	movs	r6, r0
10001876:	000f      	movs	r7, r1
10001878:	0020      	movs	r0, r4
1000187a:	2300      	movs	r3, #0
1000187c:	2100      	movs	r1, #0
1000187e:	0092      	lsls	r2, r2, #2
10001880:	f000 fda0 	bl	100023c4 <__wrap___aeabi_lmul>
10001884:	1980      	adds	r0, r0, r6
10001886:	4179      	adcs	r1, r7
10001888:	0004      	movs	r4, r0
1000188a:	1e0d      	subs	r5, r1, #0
1000188c:	da02      	bge.n	10001894 <sleep_ms+0x30>
1000188e:	2401      	movs	r4, #1
10001890:	4d2e      	ldr	r5, [pc, #184]	@ (1000194c <sleep_ms+0xe8>)
10001892:	4264      	negs	r4, r4
10001894:	2606      	movs	r6, #6
10001896:	4276      	negs	r6, r6
10001898:	17f7      	asrs	r7, r6, #31
1000189a:	1936      	adds	r6, r6, r4
1000189c:	416f      	adcs	r7, r5
1000189e:	42af      	cmp	r7, r5
100018a0:	d814      	bhi.n	100018cc <sleep_ms+0x68>
100018a2:	d011      	beq.n	100018c8 <sleep_ms+0x64>
100018a4:	f000 f904 	bl	10001ab0 <time_us_64>
100018a8:	0032      	movs	r2, r6
100018aa:	003b      	movs	r3, r7
100018ac:	1a12      	subs	r2, r2, r0
100018ae:	418b      	sbcs	r3, r1
100018b0:	2b00      	cmp	r3, #0
100018b2:	dc15      	bgt.n	100018e0 <sleep_ms+0x7c>
100018b4:	2b00      	cmp	r3, #0
100018b6:	d046      	beq.n	10001946 <sleep_ms+0xe2>
100018b8:	0020      	movs	r0, r4
100018ba:	0029      	movs	r1, r5
100018bc:	f000 f938 	bl	10001b30 <busy_wait_until>
100018c0:	b002      	add	sp, #8
100018c2:	bc80      	pop	{r7}
100018c4:	46b8      	mov	r8, r7
100018c6:	bdf0      	pop	{r4, r5, r6, r7, pc}
100018c8:	42a6      	cmp	r6, r4
100018ca:	d9eb      	bls.n	100018a4 <sleep_ms+0x40>
100018cc:	2600      	movs	r6, #0
100018ce:	2700      	movs	r7, #0
100018d0:	f000 f8ee 	bl	10001ab0 <time_us_64>
100018d4:	0032      	movs	r2, r6
100018d6:	003b      	movs	r3, r7
100018d8:	1a12      	subs	r2, r2, r0
100018da:	418b      	sbcs	r3, r1
100018dc:	2b00      	cmp	r3, #0
100018de:	dde9      	ble.n	100018b4 <sleep_ms+0x50>
100018e0:	f000 f8e6 	bl	10001ab0 <time_us_64>
100018e4:	0032      	movs	r2, r6
100018e6:	003b      	movs	r3, r7
100018e8:	1a12      	subs	r2, r2, r0
100018ea:	418b      	sbcs	r3, r1
100018ec:	2b00      	cmp	r3, #0
100018ee:	db0a      	blt.n	10001906 <sleep_ms+0xa2>
100018f0:	2300      	movs	r3, #0
100018f2:	9301      	str	r3, [sp, #4]
100018f4:	4b16      	ldr	r3, [pc, #88]	@ (10001950 <sleep_ms+0xec>)
100018f6:	0032      	movs	r2, r6
100018f8:	9300      	str	r3, [sp, #0]
100018fa:	4816      	ldr	r0, [pc, #88]	@ (10001954 <sleep_ms+0xf0>)
100018fc:	003b      	movs	r3, r7
100018fe:	f7ff fea1 	bl	10001644 <alarm_pool_add_alarm_at_force_in_context>
10001902:	3001      	adds	r0, #1
10001904:	d0d8      	beq.n	100018b8 <sleep_ms+0x54>
10001906:	2300      	movs	r3, #0
10001908:	0039      	movs	r1, r7
1000190a:	46b0      	mov	r8, r6
1000190c:	469c      	mov	ip, r3
1000190e:	4a12      	ldr	r2, [pc, #72]	@ (10001958 <sleep_ms+0xf4>)
10001910:	4812      	ldr	r0, [pc, #72]	@ (1000195c <sleep_ms+0xf8>)
10001912:	6a53      	ldr	r3, [r2, #36]	@ 0x24
10001914:	4299      	cmp	r1, r3
10001916:	d804      	bhi.n	10001922 <sleep_ms+0xbe>
10001918:	6a96      	ldr	r6, [r2, #40]	@ 0x28
1000191a:	4546      	cmp	r6, r8
1000191c:	d2cc      	bcs.n	100018b8 <sleep_ms+0x54>
1000191e:	4299      	cmp	r1, r3
10001920:	d1ca      	bne.n	100018b8 <sleep_ms+0x54>
10001922:	6806      	ldr	r6, [r0, #0]
10001924:	f3ef 8710 	mrs	r7, PRIMASK
10001928:	b672      	cpsid	i
1000192a:	6833      	ldr	r3, [r6, #0]
1000192c:	2b00      	cmp	r3, #0
1000192e:	d0fc      	beq.n	1000192a <sleep_ms+0xc6>
10001930:	f3bf 8f5f 	dmb	sy
10001934:	6803      	ldr	r3, [r0, #0]
10001936:	f3bf 8f5f 	dmb	sy
1000193a:	4666      	mov	r6, ip
1000193c:	601e      	str	r6, [r3, #0]
1000193e:	f387 8810 	msr	PRIMASK, r7
10001942:	bf20      	wfe
10001944:	e7e5      	b.n	10001912 <sleep_ms+0xae>
10001946:	2a00      	cmp	r2, #0
10001948:	d0b6      	beq.n	100018b8 <sleep_ms+0x54>
1000194a:	e7c9      	b.n	100018e0 <sleep_ms+0x7c>
1000194c:	7fffffff 	.word	0x7fffffff
10001950:	10001175 	.word	0x10001175
10001954:	20000fb0 	.word	0x20000fb0
10001958:	40054000 	.word	0x40054000
1000195c:	20001c54 	.word	0x20001c54

10001960 <best_effort_wfe_or_timeout>:
10001960:	b5f0      	push	{r4, r5, r6, r7, lr}
10001962:	46ce      	mov	lr, r9
10001964:	4647      	mov	r7, r8
10001966:	b580      	push	{r7, lr}
10001968:	0004      	movs	r4, r0
1000196a:	000d      	movs	r5, r1
1000196c:	b085      	sub	sp, #20
1000196e:	f3ef 8305 	mrs	r3, IPSR
10001972:	4689      	mov	r9, r1
10001974:	2b00      	cmp	r3, #0
10001976:	d132      	bne.n	100019de <best_effort_wfe_or_timeout+0x7e>
10001978:	4e40      	ldr	r6, [pc, #256]	@ (10001a7c <best_effort_wfe_or_timeout+0x11c>)
1000197a:	6833      	ldr	r3, [r6, #0]
1000197c:	4283      	cmp	r3, r0
1000197e:	d02a      	beq.n	100019d6 <best_effort_wfe_or_timeout+0x76>
10001980:	4f3f      	ldr	r7, [pc, #252]	@ (10001a80 <best_effort_wfe_or_timeout+0x120>)
10001982:	68fb      	ldr	r3, [r7, #12]
10001984:	783a      	ldrb	r2, [r7, #0]
10001986:	4698      	mov	r8, r3
10001988:	0018      	movs	r0, r3
1000198a:	9203      	str	r2, [sp, #12]
1000198c:	f000 f888 	bl	10001aa0 <timer_time_us_64>
10001990:	9a03      	ldr	r2, [sp, #12]
10001992:	1d13      	adds	r3, r2, #4
10001994:	4642      	mov	r2, r8
10001996:	009b      	lsls	r3, r3, #2
10001998:	589b      	ldr	r3, [r3, r2]
1000199a:	0022      	movs	r2, r4
1000199c:	1a1b      	subs	r3, r3, r0
1000199e:	469c      	mov	ip, r3
100019a0:	002b      	movs	r3, r5
100019a2:	1a12      	subs	r2, r2, r0
100019a4:	418b      	sbcs	r3, r1
100019a6:	0019      	movs	r1, r3
100019a8:	2300      	movs	r3, #0
100019aa:	0010      	movs	r0, r2
100019ac:	428b      	cmp	r3, r1
100019ae:	dc25      	bgt.n	100019fc <best_effort_wfe_or_timeout+0x9c>
100019b0:	d022      	beq.n	100019f8 <best_effort_wfe_or_timeout+0x98>
100019b2:	bf20      	wfe
100019b4:	4b33      	ldr	r3, [pc, #204]	@ (10001a84 <best_effort_wfe_or_timeout+0x124>)
100019b6:	6a58      	ldr	r0, [r3, #36]	@ 0x24
100019b8:	4548      	cmp	r0, r9
100019ba:	d32b      	bcc.n	10001a14 <best_effort_wfe_or_timeout+0xb4>
100019bc:	1b40      	subs	r0, r0, r5
100019be:	6a9a      	ldr	r2, [r3, #40]	@ 0x28
100019c0:	1e43      	subs	r3, r0, #1
100019c2:	4198      	sbcs	r0, r3
100019c4:	2300      	movs	r3, #0
100019c6:	42a2      	cmp	r2, r4
100019c8:	415b      	adcs	r3, r3
100019ca:	4318      	orrs	r0, r3
100019cc:	b005      	add	sp, #20
100019ce:	bcc0      	pop	{r6, r7}
100019d0:	46b9      	mov	r9, r7
100019d2:	46b0      	mov	r8, r6
100019d4:	bdf0      	pop	{r4, r5, r6, r7, pc}
100019d6:	6873      	ldr	r3, [r6, #4]
100019d8:	428b      	cmp	r3, r1
100019da:	d1d1      	bne.n	10001980 <best_effort_wfe_or_timeout+0x20>
100019dc:	e7e9      	b.n	100019b2 <best_effort_wfe_or_timeout+0x52>
100019de:	4929      	ldr	r1, [pc, #164]	@ (10001a84 <best_effort_wfe_or_timeout+0x124>)
100019e0:	2000      	movs	r0, #0
100019e2:	6a4b      	ldr	r3, [r1, #36]	@ 0x24
100019e4:	42ab      	cmp	r3, r5
100019e6:	d3f1      	bcc.n	100019cc <best_effort_wfe_or_timeout+0x6c>
100019e8:	6a8a      	ldr	r2, [r1, #40]	@ 0x28
100019ea:	1b5b      	subs	r3, r3, r5
100019ec:	1e59      	subs	r1, r3, #1
100019ee:	418b      	sbcs	r3, r1
100019f0:	42a2      	cmp	r2, r4
100019f2:	4140      	adcs	r0, r0
100019f4:	4318      	orrs	r0, r3
100019f6:	e7e9      	b.n	100019cc <best_effort_wfe_or_timeout+0x6c>
100019f8:	4584      	cmp	ip, r0
100019fa:	d9da      	bls.n	100019b2 <best_effort_wfe_or_timeout+0x52>
100019fc:	f000 f858 	bl	10001ab0 <time_us_64>
10001a00:	0022      	movs	r2, r4
10001a02:	002b      	movs	r3, r5
10001a04:	1a12      	subs	r2, r2, r0
10001a06:	418b      	sbcs	r3, r1
10001a08:	2b00      	cmp	r3, #0
10001a0a:	da05      	bge.n	10001a18 <best_effort_wfe_or_timeout+0xb8>
10001a0c:	4a1d      	ldr	r2, [pc, #116]	@ (10001a84 <best_effort_wfe_or_timeout+0x124>)
10001a0e:	6a53      	ldr	r3, [r2, #36]	@ 0x24
10001a10:	454b      	cmp	r3, r9
10001a12:	d229      	bcs.n	10001a68 <best_effort_wfe_or_timeout+0x108>
10001a14:	2000      	movs	r0, #0
10001a16:	e7d9      	b.n	100019cc <best_effort_wfe_or_timeout+0x6c>
10001a18:	2300      	movs	r3, #0
10001a1a:	9301      	str	r3, [sp, #4]
10001a1c:	4b1a      	ldr	r3, [pc, #104]	@ (10001a88 <best_effort_wfe_or_timeout+0x128>)
10001a1e:	0022      	movs	r2, r4
10001a20:	9300      	str	r3, [sp, #0]
10001a22:	0038      	movs	r0, r7
10001a24:	002b      	movs	r3, r5
10001a26:	f7ff fe0d 	bl	10001644 <alarm_pool_add_alarm_at_force_in_context>
10001a2a:	2800      	cmp	r0, #0
10001a2c:	ddee      	ble.n	10001a0c <best_effort_wfe_or_timeout+0xac>
10001a2e:	4b15      	ldr	r3, [pc, #84]	@ (10001a84 <best_effort_wfe_or_timeout+0x124>)
10001a30:	c630      	stmia	r6!, {r4, r5}
10001a32:	6a5a      	ldr	r2, [r3, #36]	@ 0x24
10001a34:	454a      	cmp	r2, r9
10001a36:	d315      	bcc.n	10001a64 <best_effort_wfe_or_timeout+0x104>
10001a38:	6a9b      	ldr	r3, [r3, #40]	@ 0x28
10001a3a:	42a3      	cmp	r3, r4
10001a3c:	d310      	bcc.n	10001a60 <best_effort_wfe_or_timeout+0x100>
10001a3e:	0001      	movs	r1, r0
10001a40:	0038      	movs	r0, r7
10001a42:	f7ff fe5d 	bl	10001700 <alarm_pool_cancel_alarm>
10001a46:	4a0f      	ldr	r2, [pc, #60]	@ (10001a84 <best_effort_wfe_or_timeout+0x124>)
10001a48:	2000      	movs	r0, #0
10001a4a:	6a53      	ldr	r3, [r2, #36]	@ 0x24
10001a4c:	454b      	cmp	r3, r9
10001a4e:	d3bd      	bcc.n	100019cc <best_effort_wfe_or_timeout+0x6c>
10001a50:	6a92      	ldr	r2, [r2, #40]	@ 0x28
10001a52:	1b5b      	subs	r3, r3, r5
10001a54:	1e59      	subs	r1, r3, #1
10001a56:	418b      	sbcs	r3, r1
10001a58:	42a2      	cmp	r2, r4
10001a5a:	4140      	adcs	r0, r0
10001a5c:	4318      	orrs	r0, r3
10001a5e:	e7b5      	b.n	100019cc <best_effort_wfe_or_timeout+0x6c>
10001a60:	454a      	cmp	r2, r9
10001a62:	d1ec      	bne.n	10001a3e <best_effort_wfe_or_timeout+0xde>
10001a64:	bf20      	wfe
10001a66:	e7ea      	b.n	10001a3e <best_effort_wfe_or_timeout+0xde>
10001a68:	2000      	movs	r0, #0
10001a6a:	6a92      	ldr	r2, [r2, #40]	@ 0x28
10001a6c:	1b5b      	subs	r3, r3, r5
10001a6e:	42a2      	cmp	r2, r4
10001a70:	4140      	adcs	r0, r0
10001a72:	1e5a      	subs	r2, r3, #1
10001a74:	4193      	sbcs	r3, r2
10001a76:	4318      	orrs	r0, r3
10001a78:	e7a8      	b.n	100019cc <best_effort_wfe_or_timeout+0x6c>
10001a7a:	46c0      	nop			@ (mov r8, r8)
10001a7c:	20000fa8 	.word	0x20000fa8
10001a80:	20000fb0 	.word	0x20000fb0
10001a84:	40054000 	.word	0x40054000
10001a88:	10001175 	.word	0x10001175

10001a8c <timer_hardware_alarm_claim>:
10001a8c:	b510      	push	{r4, lr}
10001a8e:	4a02      	ldr	r2, [pc, #8]	@ (10001a98 <timer_hardware_alarm_claim+0xc>)
10001a90:	4802      	ldr	r0, [pc, #8]	@ (10001a9c <timer_hardware_alarm_claim+0x10>)
10001a92:	f7fe ffcb 	bl	10000a2c <hw_claim_or_assert>
10001a96:	bd10      	pop	{r4, pc}
10001a98:	10005060 	.word	0x10005060
10001a9c:	200017c0 	.word	0x200017c0

10001aa0 <timer_time_us_64>:
10001aa0:	0003      	movs	r3, r0
10001aa2:	6a41      	ldr	r1, [r0, #36]	@ 0x24
10001aa4:	000a      	movs	r2, r1
10001aa6:	6a98      	ldr	r0, [r3, #40]	@ 0x28
10001aa8:	6a59      	ldr	r1, [r3, #36]	@ 0x24
10001aaa:	428a      	cmp	r2, r1
10001aac:	d1fa      	bne.n	10001aa4 <timer_time_us_64+0x4>
10001aae:	4770      	bx	lr

10001ab0 <time_us_64>:
10001ab0:	4b03      	ldr	r3, [pc, #12]	@ (10001ac0 <time_us_64+0x10>)
10001ab2:	6a59      	ldr	r1, [r3, #36]	@ 0x24
10001ab4:	000a      	movs	r2, r1
10001ab6:	6a98      	ldr	r0, [r3, #40]	@ 0x28
10001ab8:	6a59      	ldr	r1, [r3, #36]	@ 0x24
10001aba:	4291      	cmp	r1, r2
10001abc:	d1fa      	bne.n	10001ab4 <time_us_64+0x4>
10001abe:	4770      	bx	lr
10001ac0:	40054000 	.word	0x40054000

10001ac4 <busy_wait_us>:
10001ac4:	b570      	push	{r4, r5, r6, lr}
10001ac6:	0005      	movs	r5, r0
10001ac8:	000e      	movs	r6, r1
10001aca:	4a18      	ldr	r2, [pc, #96]	@ (10001b2c <busy_wait_us+0x68>)
10001acc:	6a53      	ldr	r3, [r2, #36]	@ 0x24
10001ace:	0019      	movs	r1, r3
10001ad0:	6a94      	ldr	r4, [r2, #40]	@ 0x28
10001ad2:	6a53      	ldr	r3, [r2, #36]	@ 0x24
10001ad4:	428b      	cmp	r3, r1
10001ad6:	d1fa      	bne.n	10001ace <busy_wait_us+0xa>
10001ad8:	0020      	movs	r0, r4
10001ada:	0019      	movs	r1, r3
10001adc:	002c      	movs	r4, r5
10001ade:	0035      	movs	r5, r6
10001ae0:	1824      	adds	r4, r4, r0
10001ae2:	414d      	adcs	r5, r1
10001ae4:	42ab      	cmp	r3, r5
10001ae6:	d816      	bhi.n	10001b16 <busy_wait_us+0x52>
10001ae8:	d013      	beq.n	10001b12 <busy_wait_us+0x4e>
10001aea:	4b10      	ldr	r3, [pc, #64]	@ (10001b2c <busy_wait_us+0x68>)
10001aec:	002a      	movs	r2, r5
10001aee:	6a5b      	ldr	r3, [r3, #36]	@ 0x24
10001af0:	429d      	cmp	r5, r3
10001af2:	d903      	bls.n	10001afc <busy_wait_us+0x38>
10001af4:	490d      	ldr	r1, [pc, #52]	@ (10001b2c <busy_wait_us+0x68>)
10001af6:	6a4b      	ldr	r3, [r1, #36]	@ 0x24
10001af8:	4293      	cmp	r3, r2
10001afa:	d3fc      	bcc.n	10001af6 <busy_wait_us+0x32>
10001afc:	4293      	cmp	r3, r2
10001afe:	d107      	bne.n	10001b10 <busy_wait_us+0x4c>
10001b00:	4a0a      	ldr	r2, [pc, #40]	@ (10001b2c <busy_wait_us+0x68>)
10001b02:	e002      	b.n	10001b0a <busy_wait_us+0x46>
10001b04:	6a51      	ldr	r1, [r2, #36]	@ 0x24
10001b06:	4299      	cmp	r1, r3
10001b08:	d102      	bne.n	10001b10 <busy_wait_us+0x4c>
10001b0a:	6a91      	ldr	r1, [r2, #40]	@ 0x28
10001b0c:	42a1      	cmp	r1, r4
10001b0e:	d3f9      	bcc.n	10001b04 <busy_wait_us+0x40>
10001b10:	bd70      	pop	{r4, r5, r6, pc}
10001b12:	42a0      	cmp	r0, r4
10001b14:	d9e9      	bls.n	10001aea <busy_wait_us+0x26>
10001b16:	4b05      	ldr	r3, [pc, #20]	@ (10001b2c <busy_wait_us+0x68>)
10001b18:	6a5b      	ldr	r3, [r3, #36]	@ 0x24
10001b1a:	001c      	movs	r4, r3
10001b1c:	1c5a      	adds	r2, r3, #1
10001b1e:	d0ef      	beq.n	10001b00 <busy_wait_us+0x3c>
10001b20:	2201      	movs	r2, #1
10001b22:	2401      	movs	r4, #1
10001b24:	4264      	negs	r4, r4
10001b26:	17e5      	asrs	r5, r4, #31
10001b28:	4252      	negs	r2, r2
10001b2a:	e7e3      	b.n	10001af4 <busy_wait_us+0x30>
10001b2c:	40054000 	.word	0x40054000

10001b30 <busy_wait_until>:
10001b30:	4a06      	ldr	r2, [pc, #24]	@ (10001b4c <busy_wait_until+0x1c>)
10001b32:	6a53      	ldr	r3, [r2, #36]	@ 0x24
10001b34:	4299      	cmp	r1, r3
10001b36:	d8fc      	bhi.n	10001b32 <busy_wait_until+0x2>
10001b38:	d107      	bne.n	10001b4a <busy_wait_until+0x1a>
10001b3a:	4b04      	ldr	r3, [pc, #16]	@ (10001b4c <busy_wait_until+0x1c>)
10001b3c:	e002      	b.n	10001b44 <busy_wait_until+0x14>
10001b3e:	6a5a      	ldr	r2, [r3, #36]	@ 0x24
10001b40:	4291      	cmp	r1, r2
10001b42:	d102      	bne.n	10001b4a <busy_wait_until+0x1a>
10001b44:	6a9a      	ldr	r2, [r3, #40]	@ 0x28
10001b46:	4290      	cmp	r0, r2
10001b48:	d8f9      	bhi.n	10001b3e <busy_wait_until+0xe>
10001b4a:	4770      	bx	lr
10001b4c:	40054000 	.word	0x40054000

10001b50 <uart_init>:
10001b50:	b5f8      	push	{r3, r4, r5, r6, r7, lr}
10001b52:	0004      	movs	r4, r0
10001b54:	2006      	movs	r0, #6
10001b56:	000d      	movs	r5, r1
10001b58:	f000 f96e 	bl	10001e38 <clock_get_hz>
10001b5c:	2800      	cmp	r0, #0
10001b5e:	d043      	beq.n	10001be8 <uart_init+0x98>
10001b60:	4b36      	ldr	r3, [pc, #216]	@ (10001c3c <uart_init+0xec>)
10001b62:	4937      	ldr	r1, [pc, #220]	@ (10001c40 <uart_init+0xf0>)
10001b64:	18e3      	adds	r3, r4, r3
10001b66:	1e5a      	subs	r2, r3, #1
10001b68:	4193      	sbcs	r3, r2
10001b6a:	2280      	movs	r2, #128	@ 0x80
10001b6c:	425b      	negs	r3, r3
10001b6e:	0d9b      	lsrs	r3, r3, #22
10001b70:	0412      	lsls	r2, r2, #16
10001b72:	059b      	lsls	r3, r3, #22
10001b74:	189b      	adds	r3, r3, r2
10001b76:	4a33      	ldr	r2, [pc, #204]	@ (10001c44 <uart_init+0xf4>)
10001b78:	6013      	str	r3, [r2, #0]
10001b7a:	4a33      	ldr	r2, [pc, #204]	@ (10001c48 <uart_init+0xf8>)
10001b7c:	6013      	str	r3, [r2, #0]
10001b7e:	0018      	movs	r0, r3
10001b80:	680a      	ldr	r2, [r1, #0]
10001b82:	4390      	bics	r0, r2
10001b84:	d1fb      	bne.n	10001b7e <uart_init+0x2e>
10001b86:	4b2d      	ldr	r3, [pc, #180]	@ (10001c3c <uart_init+0xec>)
10001b88:	4a30      	ldr	r2, [pc, #192]	@ (10001c4c <uart_init+0xfc>)
10001b8a:	18e3      	adds	r3, r4, r3
10001b8c:	4259      	negs	r1, r3
10001b8e:	414b      	adcs	r3, r1
10001b90:	2180      	movs	r1, #128	@ 0x80
10001b92:	005b      	lsls	r3, r3, #1
10001b94:	0049      	lsls	r1, r1, #1
10001b96:	2006      	movs	r0, #6
10001b98:	5299      	strh	r1, [r3, r2]
10001b9a:	f000 f94d 	bl	10001e38 <clock_get_hz>
10001b9e:	0029      	movs	r1, r5
10001ba0:	00c0      	lsls	r0, r0, #3
10001ba2:	f000 fb81 	bl	100022a8 <__wrap___aeabi_uidiv>
10001ba6:	3001      	adds	r0, #1
10001ba8:	09c3      	lsrs	r3, r0, #7
10001baa:	d11e      	bne.n	10001bea <uart_init+0x9a>
10001bac:	2740      	movs	r7, #64	@ 0x40
10001bae:	2201      	movs	r2, #1
10001bb0:	6262      	str	r2, [r4, #36]	@ 0x24
10001bb2:	62a3      	str	r3, [r4, #40]	@ 0x28
10001bb4:	6b26      	ldr	r6, [r4, #48]	@ 0x30
10001bb6:	07f3      	lsls	r3, r6, #31
10001bb8:	d422      	bmi.n	10001c00 <uart_init+0xb0>
10001bba:	6ae3      	ldr	r3, [r4, #44]	@ 0x2c
10001bbc:	4b24      	ldr	r3, [pc, #144]	@ (10001c50 <uart_init+0x100>)
10001bbe:	2006      	movs	r0, #6
10001bc0:	18e5      	adds	r5, r4, r3
10001bc2:	2300      	movs	r3, #0
10001bc4:	602b      	str	r3, [r5, #0]
10001bc6:	6326      	str	r6, [r4, #48]	@ 0x30
10001bc8:	f000 f936 	bl	10001e38 <clock_get_hz>
10001bcc:	0039      	movs	r1, r7
10001bce:	0080      	lsls	r0, r0, #2
10001bd0:	f000 fb6a 	bl	100022a8 <__wrap___aeabi_uidiv>
10001bd4:	2370      	movs	r3, #112	@ 0x70
10001bd6:	6ae2      	ldr	r2, [r4, #44]	@ 0x2c
10001bd8:	405a      	eors	r2, r3
10001bda:	330e      	adds	r3, #14
10001bdc:	4013      	ands	r3, r2
10001bde:	602b      	str	r3, [r5, #0]
10001be0:	4b1c      	ldr	r3, [pc, #112]	@ (10001c54 <uart_init+0x104>)
10001be2:	6323      	str	r3, [r4, #48]	@ 0x30
10001be4:	2303      	movs	r3, #3
10001be6:	64a3      	str	r3, [r4, #72]	@ 0x48
10001be8:	bdf8      	pop	{r3, r4, r5, r6, r7, pc}
10001bea:	4a1b      	ldr	r2, [pc, #108]	@ (10001c58 <uart_init+0x108>)
10001bec:	4293      	cmp	r3, r2
10001bee:	d91d      	bls.n	10001c2c <uart_init+0xdc>
10001bf0:	2300      	movs	r3, #0
10001bf2:	4a1a      	ldr	r2, [pc, #104]	@ (10001c5c <uart_init+0x10c>)
10001bf4:	4f1a      	ldr	r7, [pc, #104]	@ (10001c60 <uart_init+0x110>)
10001bf6:	6262      	str	r2, [r4, #36]	@ 0x24
10001bf8:	62a3      	str	r3, [r4, #40]	@ 0x28
10001bfa:	6b26      	ldr	r6, [r4, #48]	@ 0x30
10001bfc:	07f3      	lsls	r3, r6, #31
10001bfe:	d5dc      	bpl.n	10001bba <uart_init+0x6a>
10001c00:	4b18      	ldr	r3, [pc, #96]	@ (10001c64 <uart_init+0x114>)
10001c02:	4a14      	ldr	r2, [pc, #80]	@ (10001c54 <uart_init+0x104>)
10001c04:	18e3      	adds	r3, r4, r3
10001c06:	601a      	str	r2, [r3, #0]
10001c08:	6a65      	ldr	r5, [r4, #36]	@ 0x24
10001c0a:	6aa3      	ldr	r3, [r4, #40]	@ 0x28
10001c0c:	2006      	movs	r0, #6
10001c0e:	01ad      	lsls	r5, r5, #6
10001c10:	18ed      	adds	r5, r5, r3
10001c12:	f000 f911 	bl	10001e38 <clock_get_hz>
10001c16:	4914      	ldr	r1, [pc, #80]	@ (10001c68 <uart_init+0x118>)
10001c18:	f000 fb46 	bl	100022a8 <__wrap___aeabi_uidiv>
10001c1c:	0001      	movs	r1, r0
10001c1e:	02a8      	lsls	r0, r5, #10
10001c20:	f000 fb42 	bl	100022a8 <__wrap___aeabi_uidiv>
10001c24:	2100      	movs	r1, #0
10001c26:	f7ff ff4d 	bl	10001ac4 <busy_wait_us>
10001c2a:	e7c6      	b.n	10001bba <uart_init+0x6a>
10001c2c:	0640      	lsls	r0, r0, #25
10001c2e:	019a      	lsls	r2, r3, #6
10001c30:	0e80      	lsrs	r0, r0, #26
10001c32:	1817      	adds	r7, r2, r0
10001c34:	001a      	movs	r2, r3
10001c36:	0003      	movs	r3, r0
10001c38:	e7ba      	b.n	10001bb0 <uart_init+0x60>
10001c3a:	46c0      	nop			@ (mov r8, r8)
10001c3c:	bffc8000 	.word	0xbffc8000
10001c40:	4000c008 	.word	0x4000c008
10001c44:	4000e000 	.word	0x4000e000
10001c48:	4000f000 	.word	0x4000f000
10001c4c:	20001c60 	.word	0x20001c60
10001c50:	0000102c 	.word	0x0000102c
10001c54:	00000301 	.word	0x00000301
10001c58:	0000fffe 	.word	0x0000fffe
10001c5c:	0000ffff 	.word	0x0000ffff
10001c60:	003fffc0 	.word	0x003fffc0
10001c64:	00003030 	.word	0x00003030
10001c68:	00000e4e 	.word	0x00000e4e

10001c6c <clock_configure_int_divider>:
10001c6c:	b5f8      	push	{r3, r4, r5, r6, r7, lr}
10001c6e:	46de      	mov	lr, fp
10001c70:	464e      	mov	r6, r9
10001c72:	4645      	mov	r5, r8
10001c74:	4657      	mov	r7, sl
10001c76:	b5e0      	push	{r5, r6, r7, lr}
10001c78:	0005      	movs	r5, r0
10001c7a:	468b      	mov	fp, r1
10001c7c:	0018      	movs	r0, r3
10001c7e:	990a      	ldr	r1, [sp, #40]	@ 0x28
10001c80:	4691      	mov	r9, r2
10001c82:	f000 fb11 	bl	100022a8 <__wrap___aeabi_uidiv>
10001c86:	9b0a      	ldr	r3, [sp, #40]	@ 0x28
10001c88:	006c      	lsls	r4, r5, #1
10001c8a:	021e      	lsls	r6, r3, #8
10001c8c:	1964      	adds	r4, r4, r5
10001c8e:	4b30      	ldr	r3, [pc, #192]	@ (10001d50 <clock_configure_int_divider+0xe4>)
10001c90:	00a4      	lsls	r4, r4, #2
10001c92:	18e4      	adds	r4, r4, r3
10001c94:	6863      	ldr	r3, [r4, #4]
10001c96:	4680      	mov	r8, r0
10001c98:	429e      	cmp	r6, r3
10001c9a:	d900      	bls.n	10001c9e <clock_configure_int_divider+0x32>
10001c9c:	6066      	str	r6, [r4, #4]
10001c9e:	1f2f      	subs	r7, r5, #4
10001ca0:	b2fb      	uxtb	r3, r7
10001ca2:	469a      	mov	sl, r3
10001ca4:	2b01      	cmp	r3, #1
10001ca6:	d92f      	bls.n	10001d08 <clock_configure_int_divider+0x9c>
10001ca8:	23c0      	movs	r3, #192	@ 0xc0
10001caa:	2280      	movs	r2, #128	@ 0x80
10001cac:	4f29      	ldr	r7, [pc, #164]	@ (10001d54 <clock_configure_int_divider+0xe8>)
10001cae:	00ad      	lsls	r5, r5, #2
10001cb0:	019b      	lsls	r3, r3, #6
10001cb2:	5979      	ldr	r1, [r7, r5]
10001cb4:	0112      	lsls	r2, r2, #4
10001cb6:	18e3      	adds	r3, r4, r3
10001cb8:	601a      	str	r2, [r3, #0]
10001cba:	2900      	cmp	r1, #0
10001cbc:	d11b      	bne.n	10001cf6 <clock_configure_int_divider+0x8a>
10001cbe:	464b      	mov	r3, r9
10001cc0:	6822      	ldr	r2, [r4, #0]
10001cc2:	015b      	lsls	r3, r3, #5
10001cc4:	4053      	eors	r3, r2
10001cc6:	22e0      	movs	r2, #224	@ 0xe0
10001cc8:	4013      	ands	r3, r2
10001cca:	2280      	movs	r2, #128	@ 0x80
10001ccc:	0152      	lsls	r2, r2, #5
10001cce:	18a2      	adds	r2, r4, r2
10001cd0:	6013      	str	r3, [r2, #0]
10001cd2:	4653      	mov	r3, sl
10001cd4:	2b01      	cmp	r3, #1
10001cd6:	d92f      	bls.n	10001d38 <clock_configure_int_divider+0xcc>
10001cd8:	2380      	movs	r3, #128	@ 0x80
10001cda:	2280      	movs	r2, #128	@ 0x80
10001cdc:	019b      	lsls	r3, r3, #6
10001cde:	18e3      	adds	r3, r4, r3
10001ce0:	0112      	lsls	r2, r2, #4
10001ce2:	601a      	str	r2, [r3, #0]
10001ce4:	4643      	mov	r3, r8
10001ce6:	6066      	str	r6, [r4, #4]
10001ce8:	517b      	str	r3, [r7, r5]
10001cea:	bcf0      	pop	{r4, r5, r6, r7}
10001cec:	46bb      	mov	fp, r7
10001cee:	46b2      	mov	sl, r6
10001cf0:	46a9      	mov	r9, r5
10001cf2:	46a0      	mov	r8, r4
10001cf4:	bdf8      	pop	{r3, r4, r5, r6, r7, pc}
10001cf6:	6978      	ldr	r0, [r7, #20]
10001cf8:	f000 fad6 	bl	100022a8 <__wrap___aeabi_uidiv>
10001cfc:	3001      	adds	r0, #1
10001cfe:	0043      	lsls	r3, r0, #1
10001d00:	181b      	adds	r3, r3, r0
10001d02:	3b03      	subs	r3, #3
10001d04:	d2fd      	bcs.n	10001d02 <clock_configure_int_divider+0x96>
10001d06:	e7da      	b.n	10001cbe <clock_configure_int_divider+0x52>
10001d08:	465b      	mov	r3, fp
10001d0a:	2b01      	cmp	r3, #1
10001d0c:	d1cc      	bne.n	10001ca8 <clock_configure_int_divider+0x3c>
10001d0e:	23c0      	movs	r3, #192	@ 0xc0
10001d10:	2203      	movs	r2, #3
10001d12:	019b      	lsls	r3, r3, #6
10001d14:	18e3      	adds	r3, r4, r3
10001d16:	601a      	str	r2, [r3, #0]
10001d18:	3a02      	subs	r2, #2
10001d1a:	68a3      	ldr	r3, [r4, #8]
10001d1c:	421a      	tst	r2, r3
10001d1e:	d0fc      	beq.n	10001d1a <clock_configure_int_divider+0xae>
10001d20:	464a      	mov	r2, r9
10001d22:	6823      	ldr	r3, [r4, #0]
10001d24:	0152      	lsls	r2, r2, #5
10001d26:	405a      	eors	r2, r3
10001d28:	23e0      	movs	r3, #224	@ 0xe0
10001d2a:	4013      	ands	r3, r2
10001d2c:	2280      	movs	r2, #128	@ 0x80
10001d2e:	0152      	lsls	r2, r2, #5
10001d30:	18a2      	adds	r2, r4, r2
10001d32:	4f08      	ldr	r7, [pc, #32]	@ (10001d54 <clock_configure_int_divider+0xe8>)
10001d34:	6013      	str	r3, [r2, #0]
10001d36:	00ad      	lsls	r5, r5, #2
10001d38:	4658      	mov	r0, fp
10001d3a:	2303      	movs	r3, #3
10001d3c:	6821      	ldr	r1, [r4, #0]
10001d3e:	4041      	eors	r1, r0
10001d40:	400b      	ands	r3, r1
10001d42:	6013      	str	r3, [r2, #0]
10001d44:	2201      	movs	r2, #1
10001d46:	4082      	lsls	r2, r0
10001d48:	68a3      	ldr	r3, [r4, #8]
10001d4a:	421a      	tst	r2, r3
10001d4c:	d0fc      	beq.n	10001d48 <clock_configure_int_divider+0xdc>
10001d4e:	e7c3      	b.n	10001cd8 <clock_configure_int_divider+0x6c>
10001d50:	40008000 	.word	0x40008000
10001d54:	200017c4 	.word	0x200017c4

10001d58 <clock_configure_undivided>:
10001d58:	b5f0      	push	{r4, r5, r6, r7, lr}
10001d5a:	46d6      	mov	lr, sl
10001d5c:	464f      	mov	r7, r9
10001d5e:	4646      	mov	r6, r8
10001d60:	0044      	lsls	r4, r0, #1
10001d62:	4698      	mov	r8, r3
10001d64:	1824      	adds	r4, r4, r0
10001d66:	4b32      	ldr	r3, [pc, #200]	@ (10001e30 <clock_configure_undivided+0xd8>)
10001d68:	00a4      	lsls	r4, r4, #2
10001d6a:	18e4      	adds	r4, r4, r3
10001d6c:	6863      	ldr	r3, [r4, #4]
10001d6e:	468a      	mov	sl, r1
10001d70:	4691      	mov	r9, r2
10001d72:	b5c0      	push	{r6, r7, lr}
10001d74:	2bff      	cmp	r3, #255	@ 0xff
10001d76:	d802      	bhi.n	10001d7e <clock_configure_undivided+0x26>
10001d78:	2380      	movs	r3, #128	@ 0x80
10001d7a:	005b      	lsls	r3, r3, #1
10001d7c:	6063      	str	r3, [r4, #4]
10001d7e:	1f06      	subs	r6, r0, #4
10001d80:	b2f6      	uxtb	r6, r6
10001d82:	2e01      	cmp	r6, #1
10001d84:	d92f      	bls.n	10001de6 <clock_configure_undivided+0x8e>
10001d86:	23c0      	movs	r3, #192	@ 0xc0
10001d88:	2280      	movs	r2, #128	@ 0x80
10001d8a:	4f2a      	ldr	r7, [pc, #168]	@ (10001e34 <clock_configure_undivided+0xdc>)
10001d8c:	0085      	lsls	r5, r0, #2
10001d8e:	019b      	lsls	r3, r3, #6
10001d90:	5979      	ldr	r1, [r7, r5]
10001d92:	0112      	lsls	r2, r2, #4
10001d94:	18e3      	adds	r3, r4, r3
10001d96:	601a      	str	r2, [r3, #0]
10001d98:	2900      	cmp	r1, #0
10001d9a:	d11b      	bne.n	10001dd4 <clock_configure_undivided+0x7c>
10001d9c:	464b      	mov	r3, r9
10001d9e:	6822      	ldr	r2, [r4, #0]
10001da0:	015b      	lsls	r3, r3, #5
10001da2:	4053      	eors	r3, r2
10001da4:	22e0      	movs	r2, #224	@ 0xe0
10001da6:	4013      	ands	r3, r2
10001da8:	2280      	movs	r2, #128	@ 0x80
10001daa:	0152      	lsls	r2, r2, #5
10001dac:	18a2      	adds	r2, r4, r2
10001dae:	6013      	str	r3, [r2, #0]
10001db0:	2e01      	cmp	r6, #1
10001db2:	d930      	bls.n	10001e16 <clock_configure_undivided+0xbe>
10001db4:	2380      	movs	r3, #128	@ 0x80
10001db6:	2280      	movs	r2, #128	@ 0x80
10001db8:	019b      	lsls	r3, r3, #6
10001dba:	18e3      	adds	r3, r4, r3
10001dbc:	0112      	lsls	r2, r2, #4
10001dbe:	601a      	str	r2, [r3, #0]
10001dc0:	2380      	movs	r3, #128	@ 0x80
10001dc2:	005b      	lsls	r3, r3, #1
10001dc4:	6063      	str	r3, [r4, #4]
10001dc6:	4643      	mov	r3, r8
10001dc8:	517b      	str	r3, [r7, r5]
10001dca:	bce0      	pop	{r5, r6, r7}
10001dcc:	46ba      	mov	sl, r7
10001dce:	46b1      	mov	r9, r6
10001dd0:	46a8      	mov	r8, r5
10001dd2:	bdf0      	pop	{r4, r5, r6, r7, pc}
10001dd4:	6978      	ldr	r0, [r7, #20]
10001dd6:	f000 fa67 	bl	100022a8 <__wrap___aeabi_uidiv>
10001dda:	3001      	adds	r0, #1
10001ddc:	0043      	lsls	r3, r0, #1
10001dde:	181b      	adds	r3, r3, r0
10001de0:	3b03      	subs	r3, #3
10001de2:	d2fd      	bcs.n	10001de0 <clock_configure_undivided+0x88>
10001de4:	e7da      	b.n	10001d9c <clock_configure_undivided+0x44>
10001de6:	4653      	mov	r3, sl
10001de8:	2b01      	cmp	r3, #1
10001dea:	d1cc      	bne.n	10001d86 <clock_configure_undivided+0x2e>
10001dec:	23c0      	movs	r3, #192	@ 0xc0
10001dee:	2203      	movs	r2, #3
10001df0:	019b      	lsls	r3, r3, #6
10001df2:	18e3      	adds	r3, r4, r3
10001df4:	601a      	str	r2, [r3, #0]
10001df6:	3a02      	subs	r2, #2
10001df8:	68a3      	ldr	r3, [r4, #8]
10001dfa:	421a      	tst	r2, r3
10001dfc:	d0fc      	beq.n	10001df8 <clock_configure_undivided+0xa0>
10001dfe:	464a      	mov	r2, r9
10001e00:	6823      	ldr	r3, [r4, #0]
10001e02:	0152      	lsls	r2, r2, #5
10001e04:	405a      	eors	r2, r3
10001e06:	23e0      	movs	r3, #224	@ 0xe0
10001e08:	4013      	ands	r3, r2
10001e0a:	2280      	movs	r2, #128	@ 0x80
10001e0c:	0152      	lsls	r2, r2, #5
10001e0e:	18a2      	adds	r2, r4, r2
10001e10:	4f08      	ldr	r7, [pc, #32]	@ (10001e34 <clock_configure_undivided+0xdc>)
10001e12:	6013      	str	r3, [r2, #0]
10001e14:	0085      	lsls	r5, r0, #2
10001e16:	4650      	mov	r0, sl
10001e18:	2303      	movs	r3, #3
10001e1a:	6821      	ldr	r1, [r4, #0]
10001e1c:	4041      	eors	r1, r0
10001e1e:	400b      	ands	r3, r1
10001e20:	6013      	str	r3, [r2, #0]
10001e22:	2201      	movs	r2, #1
10001e24:	4082      	lsls	r2, r0
10001e26:	68a3      	ldr	r3, [r4, #8]
10001e28:	421a      	tst	r2, r3
10001e2a:	d0fc      	beq.n	10001e26 <clock_configure_undivided+0xce>
10001e2c:	e7c2      	b.n	10001db4 <clock_configure_undivided+0x5c>
10001e2e:	46c0      	nop			@ (mov r8, r8)
10001e30:	40008000 	.word	0x40008000
10001e34:	200017c4 	.word	0x200017c4

10001e38 <clock_get_hz>:
10001e38:	4b01      	ldr	r3, [pc, #4]	@ (10001e40 <clock_get_hz+0x8>)
10001e3a:	0080      	lsls	r0, r0, #2
10001e3c:	58c0      	ldr	r0, [r0, r3]
10001e3e:	4770      	bx	lr
10001e40:	200017c4 	.word	0x200017c4

10001e44 <pll_init>:
10001e44:	b5f0      	push	{r4, r5, r6, r7, lr}
10001e46:	46c6      	mov	lr, r8
10001e48:	0004      	movs	r4, r0
10001e4a:	b500      	push	{lr}
10001e4c:	4823      	ldr	r0, [pc, #140]	@ (10001edc <pll_init+0x98>)
10001e4e:	0016      	movs	r6, r2
10001e50:	4698      	mov	r8, r3
10001e52:	000d      	movs	r5, r1
10001e54:	f000 fa28 	bl	100022a8 <__wrap___aeabi_uidiv>
10001e58:	0001      	movs	r1, r0
10001e5a:	0030      	movs	r0, r6
10001e5c:	f000 fa24 	bl	100022a8 <__wrap___aeabi_uidiv>
10001e60:	4643      	mov	r3, r8
10001e62:	9a06      	ldr	r2, [sp, #24]
10001e64:	041b      	lsls	r3, r3, #16
10001e66:	0312      	lsls	r2, r2, #12
10001e68:	4313      	orrs	r3, r2
10001e6a:	469c      	mov	ip, r3
10001e6c:	6823      	ldr	r3, [r4, #0]
10001e6e:	0006      	movs	r6, r0
10001e70:	2b00      	cmp	r3, #0
10001e72:	db22      	blt.n	10001eba <pll_init+0x76>
10001e74:	4b1a      	ldr	r3, [pc, #104]	@ (10001ee0 <pll_init+0x9c>)
10001e76:	481b      	ldr	r0, [pc, #108]	@ (10001ee4 <pll_init+0xa0>)
10001e78:	18e2      	adds	r2, r4, r3
10001e7a:	1e53      	subs	r3, r2, #1
10001e7c:	419a      	sbcs	r2, r3
10001e7e:	2380      	movs	r3, #128	@ 0x80
10001e80:	4252      	negs	r2, r2
10001e82:	0b12      	lsrs	r2, r2, #12
10001e84:	019b      	lsls	r3, r3, #6
10001e86:	0312      	lsls	r2, r2, #12
10001e88:	18d2      	adds	r2, r2, r3
10001e8a:	4b17      	ldr	r3, [pc, #92]	@ (10001ee8 <pll_init+0xa4>)
10001e8c:	601a      	str	r2, [r3, #0]
10001e8e:	4b17      	ldr	r3, [pc, #92]	@ (10001eec <pll_init+0xa8>)
10001e90:	601a      	str	r2, [r3, #0]
10001e92:	0013      	movs	r3, r2
10001e94:	6801      	ldr	r1, [r0, #0]
10001e96:	438b      	bics	r3, r1
10001e98:	d1fb      	bne.n	10001e92 <pll_init+0x4e>
10001e9a:	2221      	movs	r2, #33	@ 0x21
10001e9c:	4b14      	ldr	r3, [pc, #80]	@ (10001ef0 <pll_init+0xac>)
10001e9e:	6025      	str	r5, [r4, #0]
10001ea0:	18e3      	adds	r3, r4, r3
10001ea2:	60a6      	str	r6, [r4, #8]
10001ea4:	601a      	str	r2, [r3, #0]
10001ea6:	6822      	ldr	r2, [r4, #0]
10001ea8:	2a00      	cmp	r2, #0
10001eaa:	dafc      	bge.n	10001ea6 <pll_init+0x62>
10001eac:	4662      	mov	r2, ip
10001eae:	60e2      	str	r2, [r4, #12]
10001eb0:	2208      	movs	r2, #8
10001eb2:	601a      	str	r2, [r3, #0]
10001eb4:	bc80      	pop	{r7}
10001eb6:	46b8      	mov	r8, r7
10001eb8:	bdf0      	pop	{r4, r5, r6, r7, pc}
10001eba:	233f      	movs	r3, #63	@ 0x3f
10001ebc:	6822      	ldr	r2, [r4, #0]
10001ebe:	4013      	ands	r3, r2
10001ec0:	42ab      	cmp	r3, r5
10001ec2:	d1d7      	bne.n	10001e74 <pll_init+0x30>
10001ec4:	68a3      	ldr	r3, [r4, #8]
10001ec6:	051b      	lsls	r3, r3, #20
10001ec8:	0d1b      	lsrs	r3, r3, #20
10001eca:	4283      	cmp	r3, r0
10001ecc:	d1d2      	bne.n	10001e74 <pll_init+0x30>
10001ece:	22ee      	movs	r2, #238	@ 0xee
10001ed0:	68e3      	ldr	r3, [r4, #12]
10001ed2:	02d2      	lsls	r2, r2, #11
10001ed4:	4013      	ands	r3, r2
10001ed6:	4563      	cmp	r3, ip
10001ed8:	d1cc      	bne.n	10001e74 <pll_init+0x30>
10001eda:	e7eb      	b.n	10001eb4 <pll_init+0x70>
10001edc:	00b71b00 	.word	0x00b71b00
10001ee0:	bffd4000 	.word	0xbffd4000
10001ee4:	4000c008 	.word	0x4000c008
10001ee8:	4000e000 	.word	0x4000e000
10001eec:	4000f000 	.word	0x4000f000
10001ef0:	00003004 	.word	0x00003004

10001ef4 <watchdog_reboot>:
10001ef4:	b510      	push	{r4, lr}
10001ef6:	2480      	movs	r4, #128	@ 0x80
10001ef8:	4b1c      	ldr	r3, [pc, #112]	@ (10001f6c <watchdog_reboot+0x78>)
10001efa:	05e4      	lsls	r4, r4, #23
10001efc:	601c      	str	r4, [r3, #0]
10001efe:	2800      	cmp	r0, #0
10001f00:	d01a      	beq.n	10001f38 <watchdog_reboot+0x44>
10001f02:	2301      	movs	r3, #1
10001f04:	4c1a      	ldr	r4, [pc, #104]	@ (10001f70 <watchdog_reboot+0x7c>)
10001f06:	4318      	orrs	r0, r3
10001f08:	4b1a      	ldr	r3, [pc, #104]	@ (10001f74 <watchdog_reboot+0x80>)
10001f0a:	61dc      	str	r4, [r3, #28]
10001f0c:	4c1a      	ldr	r4, [pc, #104]	@ (10001f78 <watchdog_reboot+0x84>)
10001f0e:	4044      	eors	r4, r0
10001f10:	621c      	str	r4, [r3, #32]
10001f12:	6259      	str	r1, [r3, #36]	@ 0x24
10001f14:	6298      	str	r0, [r3, #40]	@ 0x28
10001f16:	2180      	movs	r1, #128	@ 0x80
10001f18:	4b14      	ldr	r3, [pc, #80]	@ (10001f6c <watchdog_reboot+0x78>)
10001f1a:	05c9      	lsls	r1, r1, #23
10001f1c:	6019      	str	r1, [r3, #0]
10001f1e:	4817      	ldr	r0, [pc, #92]	@ (10001f7c <watchdog_reboot+0x88>)
10001f20:	4917      	ldr	r1, [pc, #92]	@ (10001f80 <watchdog_reboot+0x8c>)
10001f22:	6008      	str	r0, [r1, #0]
10001f24:	21e0      	movs	r1, #224	@ 0xe0
10001f26:	04c9      	lsls	r1, r1, #19
10001f28:	6019      	str	r1, [r3, #0]
10001f2a:	2a00      	cmp	r2, #0
10001f2c:	d107      	bne.n	10001f3e <watchdog_reboot+0x4a>
10001f2e:	2280      	movs	r2, #128	@ 0x80
10001f30:	4b14      	ldr	r3, [pc, #80]	@ (10001f84 <watchdog_reboot+0x90>)
10001f32:	0612      	lsls	r2, r2, #24
10001f34:	601a      	str	r2, [r3, #0]
10001f36:	bd10      	pop	{r4, pc}
10001f38:	4b0e      	ldr	r3, [pc, #56]	@ (10001f74 <watchdog_reboot+0x80>)
10001f3a:	61d8      	str	r0, [r3, #28]
10001f3c:	e7eb      	b.n	10001f16 <watchdog_reboot+0x22>
10001f3e:	0153      	lsls	r3, r2, #5
10001f40:	1a9b      	subs	r3, r3, r2
10001f42:	009b      	lsls	r3, r3, #2
10001f44:	189a      	adds	r2, r3, r2
10001f46:	2380      	movs	r3, #128	@ 0x80
10001f48:	0112      	lsls	r2, r2, #4
10001f4a:	045b      	lsls	r3, r3, #17
10001f4c:	429a      	cmp	r2, r3
10001f4e:	d209      	bcs.n	10001f64 <watchdog_reboot+0x70>
10001f50:	0013      	movs	r3, r2
10001f52:	490d      	ldr	r1, [pc, #52]	@ (10001f88 <watchdog_reboot+0x94>)
10001f54:	600b      	str	r3, [r1, #0]
10001f56:	4b07      	ldr	r3, [pc, #28]	@ (10001f74 <watchdog_reboot+0x80>)
10001f58:	605a      	str	r2, [r3, #4]
10001f5a:	2280      	movs	r2, #128	@ 0x80
10001f5c:	4b09      	ldr	r3, [pc, #36]	@ (10001f84 <watchdog_reboot+0x90>)
10001f5e:	05d2      	lsls	r2, r2, #23
10001f60:	601a      	str	r2, [r3, #0]
10001f62:	e7e8      	b.n	10001f36 <watchdog_reboot+0x42>
10001f64:	4b09      	ldr	r3, [pc, #36]	@ (10001f8c <watchdog_reboot+0x98>)
10001f66:	001a      	movs	r2, r3
10001f68:	e7f3      	b.n	10001f52 <watchdog_reboot+0x5e>
10001f6a:	46c0      	nop			@ (mov r8, r8)
10001f6c:	4005b000 	.word	0x4005b000
10001f70:	b007c0d3 	.word	0xb007c0d3
10001f74:	40058000 	.word	0x40058000
10001f78:	4ff83f2d 	.word	0x4ff83f2d
10001f7c:	0001fffc 	.word	0x0001fffc
10001f80:	40012008 	.word	0x40012008
10001f84:	4005a000 	.word	0x4005a000
10001f88:	20001c28 	.word	0x20001c28
10001f8c:	00ffffff 	.word	0x00ffffff

10001f90 <tick_start>:
10001f90:	2380      	movs	r3, #128	@ 0x80
10001f92:	4a02      	ldr	r2, [pc, #8]	@ (10001f9c <tick_start+0xc>)
10001f94:	009b      	lsls	r3, r3, #2
10001f96:	430b      	orrs	r3, r1
10001f98:	62d3      	str	r3, [r2, #44]	@ 0x2c
10001f9a:	4770      	bx	lr
10001f9c:	40058000 	.word	0x40058000

10001fa0 <rom_func_lookup>:
10001fa0:	2300      	movs	r3, #0
10001fa2:	b510      	push	{r4, lr}
10001fa4:	0001      	movs	r1, r0
10001fa6:	8a98      	ldrh	r0, [r3, #20]
10001fa8:	8b1b      	ldrh	r3, [r3, #24]
10001faa:	4798      	blx	r3
10001fac:	bd10      	pop	{r4, pc}
10001fae:	46c0      	nop			@ (mov r8, r8)

10001fb0 <rom_data_lookup>:
10001fb0:	2316      	movs	r3, #22
10001fb2:	b510      	push	{r4, lr}
10001fb4:	0001      	movs	r1, r0
10001fb6:	8818      	ldrh	r0, [r3, #0]
10001fb8:	885b      	ldrh	r3, [r3, #2]
10001fba:	4798      	blx	r3
10001fbc:	bd10      	pop	{r4, pc}
10001fbe:	46c0      	nop			@ (mov r8, r8)

10001fc0 <rom_funcs_lookup>:
10001fc0:	b5f8      	push	{r3, r4, r5, r6, r7, lr}
10001fc2:	4647      	mov	r7, r8
10001fc4:	46ce      	mov	lr, r9
10001fc6:	b580      	push	{r7, lr}
10001fc8:	1e0f      	subs	r7, r1, #0
10001fca:	d018      	beq.n	10001ffe <rom_funcs_lookup+0x3e>
10001fcc:	2314      	movs	r3, #20
10001fce:	4699      	mov	r9, r3
10001fd0:	3304      	adds	r3, #4
10001fd2:	0004      	movs	r4, r0
10001fd4:	2500      	movs	r5, #0
10001fd6:	2601      	movs	r6, #1
10001fd8:	4698      	mov	r8, r3
10001fda:	464b      	mov	r3, r9
10001fdc:	8818      	ldrh	r0, [r3, #0]
10001fde:	4643      	mov	r3, r8
10001fe0:	6821      	ldr	r1, [r4, #0]
10001fe2:	881b      	ldrh	r3, [r3, #0]
10001fe4:	4798      	blx	r3
10001fe6:	c401      	stmia	r4!, {r0}
10001fe8:	1e43      	subs	r3, r0, #1
10001fea:	4198      	sbcs	r0, r3
10001fec:	3501      	adds	r5, #1
10001fee:	4006      	ands	r6, r0
10001ff0:	42af      	cmp	r7, r5
10001ff2:	d1f2      	bne.n	10001fda <rom_funcs_lookup+0x1a>
10001ff4:	0030      	movs	r0, r6
10001ff6:	bcc0      	pop	{r6, r7}
10001ff8:	46b9      	mov	r9, r7
10001ffa:	46b0      	mov	r8, r6
10001ffc:	bdf8      	pop	{r3, r4, r5, r6, r7, pc}
10001ffe:	2601      	movs	r6, #1
10002000:	e7f8      	b.n	10001ff4 <rom_funcs_lookup+0x34>
10002002:	46c0      	nop			@ (mov r8, r8)

10002004 <rom_reset_usb_boot_extra>:
10002004:	2300      	movs	r3, #0
10002006:	b570      	push	{r4, r5, r6, lr}
10002008:	0004      	movs	r4, r0
1000200a:	000d      	movs	r5, r1
1000200c:	8a98      	ldrh	r0, [r3, #20]
1000200e:	4905      	ldr	r1, [pc, #20]	@ (10002024 <rom_reset_usb_boot_extra+0x20>)
10002010:	8b1b      	ldrh	r3, [r3, #24]
10002012:	4798      	blx	r3
10002014:	0003      	movs	r3, r0
10002016:	2000      	movs	r0, #0
10002018:	2c00      	cmp	r4, #0
1000201a:	db01      	blt.n	10002020 <rom_reset_usb_boot_extra+0x1c>
1000201c:	3001      	adds	r0, #1
1000201e:	40a0      	lsls	r0, r4
10002020:	0029      	movs	r1, r5
10002022:	4798      	blx	r3
10002024:	00004255 	.word	0x00004255

10002028 <xosc_init>:
10002028:	23aa      	movs	r3, #170	@ 0xaa
1000202a:	4a06      	ldr	r2, [pc, #24]	@ (10002044 <xosc_init+0x1c>)
1000202c:	011b      	lsls	r3, r3, #4
1000202e:	6013      	str	r3, [r2, #0]
10002030:	238d      	movs	r3, #141	@ 0x8d
10002032:	005b      	lsls	r3, r3, #1
10002034:	60d3      	str	r3, [r2, #12]
10002036:	4904      	ldr	r1, [pc, #16]	@ (10002048 <xosc_init+0x20>)
10002038:	4b04      	ldr	r3, [pc, #16]	@ (1000204c <xosc_init+0x24>)
1000203a:	6019      	str	r1, [r3, #0]
1000203c:	6853      	ldr	r3, [r2, #4]
1000203e:	2b00      	cmp	r3, #0
10002040:	dafc      	bge.n	1000203c <xosc_init+0x14>
10002042:	4770      	bx	lr
10002044:	40024000 	.word	0x40024000
10002048:	00fab000 	.word	0x00fab000
1000204c:	40026000 	.word	0x40026000

10002050 <first_per_core_initializer>:
10002050:	4770      	bx	lr
10002052:	46c0      	nop			@ (mov r8, r8)

10002054 <hard_assertion_failure>:
10002054:	b510      	push	{r4, lr}
10002056:	4801      	ldr	r0, [pc, #4]	@ (1000205c <hard_assertion_failure+0x8>)
10002058:	f7fe fcd0 	bl	100009fc <panic>
1000205c:	10005084 	.word	0x10005084

10002060 <runtime_run_initializers>:
10002060:	b570      	push	{r4, r5, r6, lr}
10002062:	4d07      	ldr	r5, [pc, #28]	@ (10002080 <runtime_run_initializers+0x20>)
10002064:	4e07      	ldr	r6, [pc, #28]	@ (10002084 <runtime_run_initializers+0x24>)
10002066:	42b5      	cmp	r5, r6
10002068:	d209      	bcs.n	1000207e <runtime_run_initializers+0x1e>
1000206a:	2400      	movs	r4, #0
1000206c:	3e01      	subs	r6, #1
1000206e:	1b76      	subs	r6, r6, r5
10002070:	08b6      	lsrs	r6, r6, #2
10002072:	3601      	adds	r6, #1
10002074:	cd08      	ldmia	r5!, {r3}
10002076:	3401      	adds	r4, #1
10002078:	4798      	blx	r3
1000207a:	42b4      	cmp	r4, r6
1000207c:	d1fa      	bne.n	10002074 <runtime_run_initializers+0x14>
1000207e:	bd70      	pop	{r4, r5, r6, pc}
10002080:	10004fb8 	.word	0x10004fb8
10002084:	10004ff4 	.word	0x10004ff4

10002088 <runtime_init_early_resets>:
10002088:	4b05      	ldr	r3, [pc, #20]	@ (100020a0 <runtime_init_early_resets+0x18>)
1000208a:	4a06      	ldr	r2, [pc, #24]	@ (100020a4 <runtime_init_early_resets+0x1c>)
1000208c:	4906      	ldr	r1, [pc, #24]	@ (100020a8 <runtime_init_early_resets+0x20>)
1000208e:	601a      	str	r2, [r3, #0]
10002090:	4a06      	ldr	r2, [pc, #24]	@ (100020ac <runtime_init_early_resets+0x24>)
10002092:	4b07      	ldr	r3, [pc, #28]	@ (100020b0 <runtime_init_early_resets+0x28>)
10002094:	601a      	str	r2, [r3, #0]
10002096:	0010      	movs	r0, r2
10002098:	680b      	ldr	r3, [r1, #0]
1000209a:	4398      	bics	r0, r3
1000209c:	d1fb      	bne.n	10002096 <runtime_init_early_resets+0xe>
1000209e:	4770      	bx	lr
100020a0:	4000e000 	.word	0x4000e000
100020a4:	fefbcdbf 	.word	0xfefbcdbf
100020a8:	4000c008 	.word	0x4000c008
100020ac:	003c7ffe 	.word	0x003c7ffe
100020b0:	4000f000 	.word	0x4000f000

100020b4 <runtime_init_usb_power_down>:
100020b4:	4b04      	ldr	r3, [pc, #16]	@ (100020c8 <runtime_init_usb_power_down+0x14>)
100020b6:	6cdb      	ldr	r3, [r3, #76]	@ 0x4c
100020b8:	2b00      	cmp	r3, #0
100020ba:	d103      	bne.n	100020c4 <runtime_init_usb_power_down+0x10>
100020bc:	2280      	movs	r2, #128	@ 0x80
100020be:	4b03      	ldr	r3, [pc, #12]	@ (100020cc <runtime_init_usb_power_down+0x18>)
100020c0:	02d2      	lsls	r2, r2, #11
100020c2:	601a      	str	r2, [r3, #0]
100020c4:	4770      	bx	lr
100020c6:	46c0      	nop			@ (mov r8, r8)
100020c8:	50110000 	.word	0x50110000
100020cc:	5011204c 	.word	0x5011204c

100020d0 <runtime_init_post_clock_resets>:
100020d0:	4a04      	ldr	r2, [pc, #16]	@ (100020e4 <runtime_init_post_clock_resets+0x14>)
100020d2:	4b05      	ldr	r3, [pc, #20]	@ (100020e8 <runtime_init_post_clock_resets+0x18>)
100020d4:	601a      	str	r2, [r3, #0]
100020d6:	4a05      	ldr	r2, [pc, #20]	@ (100020ec <runtime_init_post_clock_resets+0x1c>)
100020d8:	6813      	ldr	r3, [r2, #0]
100020da:	01db      	lsls	r3, r3, #7
100020dc:	3380      	adds	r3, #128	@ 0x80
100020de:	d1fb      	bne.n	100020d8 <runtime_init_post_clock_resets+0x8>
100020e0:	4770      	bx	lr
100020e2:	46c0      	nop			@ (mov r8, r8)
100020e4:	01ffffff 	.word	0x01ffffff
100020e8:	4000f000 	.word	0x4000f000
100020ec:	4000c008 	.word	0x4000c008

100020f0 <runtime_init_rp2040_gpio_ie_disable>:
100020f0:	2240      	movs	r2, #64	@ 0x40
100020f2:	4b03      	ldr	r3, [pc, #12]	@ (10002100 <runtime_init_rp2040_gpio_ie_disable+0x10>)
100020f4:	679a      	str	r2, [r3, #120]	@ 0x78
100020f6:	675a      	str	r2, [r3, #116]	@ 0x74
100020f8:	671a      	str	r2, [r3, #112]	@ 0x70
100020fa:	66da      	str	r2, [r3, #108]	@ 0x6c
100020fc:	4770      	bx	lr
100020fe:	46c0      	nop			@ (mov r8, r8)
10002100:	4001f000 	.word	0x4001f000

10002104 <runtime_init_spin_locks_reset>:
10002104:	b510      	push	{r4, lr}
10002106:	f7fe fd19 	bl	10000b3c <spin_locks_reset>
1000210a:	bd10      	pop	{r4, pc}

1000210c <runtime_init_install_ram_vector_table>:
1000210c:	b570      	push	{r4, r5, r6, lr}
1000210e:	4927      	ldr	r1, [pc, #156]	@ (100021ac <runtime_init_install_ram_vector_table+0xa0>)
10002110:	4e27      	ldr	r6, [pc, #156]	@ (100021b0 <runtime_init_install_ram_vector_table+0xa4>)
10002112:	4d28      	ldr	r5, [pc, #160]	@ (100021b4 <runtime_init_install_ram_vector_table+0xa8>)
10002114:	1a76      	subs	r6, r6, r1
10002116:	08b4      	lsrs	r4, r6, #2
10002118:	0022      	movs	r2, r4
1000211a:	2c30      	cmp	r4, #48	@ 0x30
1000211c:	d900      	bls.n	10002120 <runtime_init_install_ram_vector_table+0x14>
1000211e:	2230      	movs	r2, #48	@ 0x30
10002120:	0028      	movs	r0, r5
10002122:	0092      	lsls	r2, r2, #2
10002124:	f000 f9c0 	bl	100024a8 <__wrap___aeabi_memcpy>
10002128:	2c2f      	cmp	r4, #47	@ 0x2f
1000212a:	d83b      	bhi.n	100021a4 <runtime_init_install_ram_vector_table+0x98>
1000212c:	0023      	movs	r3, r4
1000212e:	3b2a      	subs	r3, #42	@ 0x2a
10002130:	4a21      	ldr	r2, [pc, #132]	@ (100021b8 <runtime_init_install_ram_vector_table+0xac>)
10002132:	2b05      	cmp	r3, #5
10002134:	d91b      	bls.n	1000216e <runtime_init_install_ram_vector_table+0x62>
10002136:	2030      	movs	r0, #48	@ 0x30
10002138:	19ae      	adds	r6, r5, r6
1000213a:	0771      	lsls	r1, r6, #29
1000213c:	1b00      	subs	r0, r0, r4
1000213e:	0026      	movs	r6, r4
10002140:	0fcb      	lsrs	r3, r1, #31
10002142:	2900      	cmp	r1, #0
10002144:	da02      	bge.n	1000214c <runtime_init_install_ram_vector_table+0x40>
10002146:	00a1      	lsls	r1, r4, #2
10002148:	506a      	str	r2, [r5, r1]
1000214a:	1c66      	adds	r6, r4, #1
1000214c:	1ac0      	subs	r0, r0, r3
1000214e:	18e3      	adds	r3, r4, r3
10002150:	009b      	lsls	r3, r3, #2
10002152:	0841      	lsrs	r1, r0, #1
10002154:	18eb      	adds	r3, r5, r3
10002156:	00c9      	lsls	r1, r1, #3
10002158:	18c9      	adds	r1, r1, r3
1000215a:	601a      	str	r2, [r3, #0]
1000215c:	605a      	str	r2, [r3, #4]
1000215e:	3308      	adds	r3, #8
10002160:	428b      	cmp	r3, r1
10002162:	d1fa      	bne.n	1000215a <runtime_init_install_ram_vector_table+0x4e>
10002164:	2301      	movs	r3, #1
10002166:	4203      	tst	r3, r0
10002168:	d01c      	beq.n	100021a4 <runtime_init_install_ram_vector_table+0x98>
1000216a:	4398      	bics	r0, r3
1000216c:	1984      	adds	r4, r0, r6
1000216e:	00a3      	lsls	r3, r4, #2
10002170:	50ea      	str	r2, [r5, r3]
10002172:	1c63      	adds	r3, r4, #1
10002174:	2c2f      	cmp	r4, #47	@ 0x2f
10002176:	d015      	beq.n	100021a4 <runtime_init_install_ram_vector_table+0x98>
10002178:	009b      	lsls	r3, r3, #2
1000217a:	50ea      	str	r2, [r5, r3]
1000217c:	1ca3      	adds	r3, r4, #2
1000217e:	2c2e      	cmp	r4, #46	@ 0x2e
10002180:	d010      	beq.n	100021a4 <runtime_init_install_ram_vector_table+0x98>
10002182:	009b      	lsls	r3, r3, #2
10002184:	50ea      	str	r2, [r5, r3]
10002186:	1ce3      	adds	r3, r4, #3
10002188:	2c2d      	cmp	r4, #45	@ 0x2d
1000218a:	d00b      	beq.n	100021a4 <runtime_init_install_ram_vector_table+0x98>
1000218c:	009b      	lsls	r3, r3, #2
1000218e:	50ea      	str	r2, [r5, r3]
10002190:	1d23      	adds	r3, r4, #4
10002192:	2c2c      	cmp	r4, #44	@ 0x2c
10002194:	d006      	beq.n	100021a4 <runtime_init_install_ram_vector_table+0x98>
10002196:	009b      	lsls	r3, r3, #2
10002198:	50ea      	str	r2, [r5, r3]
1000219a:	1d63      	adds	r3, r4, #5
1000219c:	2c2b      	cmp	r4, #43	@ 0x2b
1000219e:	d001      	beq.n	100021a4 <runtime_init_install_ram_vector_table+0x98>
100021a0:	009b      	lsls	r3, r3, #2
100021a2:	50ea      	str	r2, [r5, r3]
100021a4:	4b05      	ldr	r3, [pc, #20]	@ (100021bc <runtime_init_install_ram_vector_table+0xb0>)
100021a6:	609d      	str	r5, [r3, #8]
100021a8:	bd70      	pop	{r4, r5, r6, pc}
100021aa:	46c0      	nop			@ (mov r8, r8)
100021ac:	10000100 	.word	0x10000100
100021b0:	100001c0 	.word	0x100001c0
100021b4:	20000000 	.word	0x20000000
100021b8:	100001c1 	.word	0x100001c1
100021bc:	e000ed00 	.word	0xe000ed00

100021c0 <runtime_init_clocks>:
100021c0:	2300      	movs	r3, #0
100021c2:	b510      	push	{r4, lr}
100021c4:	4c29      	ldr	r4, [pc, #164]	@ (1000226c <runtime_init_clocks+0xac>)
100021c6:	b082      	sub	sp, #8
100021c8:	67a3      	str	r3, [r4, #120]	@ 0x78
100021ca:	f7ff ff2d 	bl	10002028 <xosc_init>
100021ce:	2201      	movs	r2, #1
100021d0:	4b27      	ldr	r3, [pc, #156]	@ (10002270 <runtime_init_clocks+0xb0>)
100021d2:	601a      	str	r2, [r3, #0]
100021d4:	6c63      	ldr	r3, [r4, #68]	@ 0x44
100021d6:	2b01      	cmp	r3, #1
100021d8:	d1fc      	bne.n	100021d4 <runtime_init_clocks+0x14>
100021da:	2203      	movs	r2, #3
100021dc:	4b25      	ldr	r3, [pc, #148]	@ (10002274 <runtime_init_clocks+0xb4>)
100021de:	601a      	str	r2, [r3, #0]
100021e0:	4a22      	ldr	r2, [pc, #136]	@ (1000226c <runtime_init_clocks+0xac>)
100021e2:	6b93      	ldr	r3, [r2, #56]	@ 0x38
100021e4:	2b01      	cmp	r3, #1
100021e6:	d1fc      	bne.n	100021e2 <runtime_init_clocks+0x22>
100021e8:	3301      	adds	r3, #1
100021ea:	9300      	str	r3, [sp, #0]
100021ec:	2101      	movs	r1, #1
100021ee:	4a22      	ldr	r2, [pc, #136]	@ (10002278 <runtime_init_clocks+0xb8>)
100021f0:	4822      	ldr	r0, [pc, #136]	@ (1000227c <runtime_init_clocks+0xbc>)
100021f2:	3304      	adds	r3, #4
100021f4:	f7ff fe26 	bl	10001e44 <pll_init>
100021f8:	2305      	movs	r3, #5
100021fa:	2101      	movs	r1, #1
100021fc:	9300      	str	r3, [sp, #0]
100021fe:	4a20      	ldr	r2, [pc, #128]	@ (10002280 <runtime_init_clocks+0xc0>)
10002200:	4820      	ldr	r0, [pc, #128]	@ (10002284 <runtime_init_clocks+0xc4>)
10002202:	f7ff fe1f 	bl	10001e44 <pll_init>
10002206:	2200      	movs	r2, #0
10002208:	2102      	movs	r1, #2
1000220a:	2004      	movs	r0, #4
1000220c:	4b1e      	ldr	r3, [pc, #120]	@ (10002288 <runtime_init_clocks+0xc8>)
1000220e:	f7ff fda3 	bl	10001d58 <clock_configure_undivided>
10002212:	2200      	movs	r2, #0
10002214:	2101      	movs	r1, #1
10002216:	2005      	movs	r0, #5
10002218:	4b1c      	ldr	r3, [pc, #112]	@ (1000228c <runtime_init_clocks+0xcc>)
1000221a:	f7ff fd9d 	bl	10001d58 <clock_configure_undivided>
1000221e:	2200      	movs	r2, #0
10002220:	2100      	movs	r1, #0
10002222:	2007      	movs	r0, #7
10002224:	4b1a      	ldr	r3, [pc, #104]	@ (10002290 <runtime_init_clocks+0xd0>)
10002226:	f7ff fd97 	bl	10001d58 <clock_configure_undivided>
1000222a:	2200      	movs	r2, #0
1000222c:	2100      	movs	r1, #0
1000222e:	2008      	movs	r0, #8
10002230:	4b17      	ldr	r3, [pc, #92]	@ (10002290 <runtime_init_clocks+0xd0>)
10002232:	f7ff fd91 	bl	10001d58 <clock_configure_undivided>
10002236:	2380      	movs	r3, #128	@ 0x80
10002238:	00db      	lsls	r3, r3, #3
1000223a:	9300      	str	r3, [sp, #0]
1000223c:	2200      	movs	r2, #0
1000223e:	2100      	movs	r1, #0
10002240:	2009      	movs	r0, #9
10002242:	4b13      	ldr	r3, [pc, #76]	@ (10002290 <runtime_init_clocks+0xd0>)
10002244:	f7ff fd12 	bl	10001c6c <clock_configure_int_divider>
10002248:	2200      	movs	r2, #0
1000224a:	4b10      	ldr	r3, [pc, #64]	@ (1000228c <runtime_init_clocks+0xcc>)
1000224c:	2100      	movs	r1, #0
1000224e:	2006      	movs	r0, #6
10002250:	f7ff fd82 	bl	10001d58 <clock_configure_undivided>
10002254:	2004      	movs	r0, #4
10002256:	f7ff fdef 	bl	10001e38 <clock_get_hz>
1000225a:	490e      	ldr	r1, [pc, #56]	@ (10002294 <runtime_init_clocks+0xd4>)
1000225c:	f000 f824 	bl	100022a8 <__wrap___aeabi_uidiv>
10002260:	0001      	movs	r1, r0
10002262:	2000      	movs	r0, #0
10002264:	f7ff fe94 	bl	10001f90 <tick_start>
10002268:	b002      	add	sp, #8
1000226a:	bd10      	pop	{r4, pc}
1000226c:	40008000 	.word	0x40008000
10002270:	4000b03c 	.word	0x4000b03c
10002274:	4000b030 	.word	0x4000b030
10002278:	59682f00 	.word	0x59682f00
1000227c:	40028000 	.word	0x40028000
10002280:	47868c00 	.word	0x47868c00
10002284:	4002c000 	.word	0x4002c000
10002288:	00b71b00 	.word	0x00b71b00
1000228c:	07735940 	.word	0x07735940
10002290:	02dc6c00 	.word	0x02dc6c00
10002294:	000f4240 	.word	0x000f4240

10002298 <__aeabi_bits_init>:
10002298:	4801      	ldr	r0, [pc, #4]	@ (100022a0 <__aeabi_bits_init+0x8>)
1000229a:	2104      	movs	r1, #4
1000229c:	4b01      	ldr	r3, [pc, #4]	@ (100022a4 <__aeabi_bits_init+0xc>)
1000229e:	4718      	bx	r3
100022a0:	20000fd0 	.word	0x20000fd0
100022a4:	10001fc1 	.word	0x10001fc1

100022a8 <__wrap___aeabi_uidiv>:
100022a8:	4a11      	ldr	r2, [pc, #68]	@ (100022f0 <divmod_u32u32_savestate+0x18>)
100022aa:	6f93      	ldr	r3, [r2, #120]	@ 0x78
100022ac:	089b      	lsrs	r3, r3, #2
100022ae:	d213      	bcs.n	100022d8 <divmod_u32u32_savestate>

100022b0 <divmod_u32u32_core>:
100022b0:	6610      	str	r0, [r2, #96]	@ 0x60
100022b2:	6651      	str	r1, [r2, #100]	@ 0x64
100022b4:	2900      	cmp	r1, #0
100022b6:	d005      	beq.n	100022c4 <divmod_u32u32_core+0x14>
100022b8:	e7ff      	b.n	100022ba <divmod_u32u32_core+0xa>
100022ba:	e7ff      	b.n	100022bc <divmod_u32u32_core+0xc>
100022bc:	e7ff      	b.n	100022be <divmod_u32u32_core+0xe>
100022be:	6f51      	ldr	r1, [r2, #116]	@ 0x74
100022c0:	6f10      	ldr	r0, [r2, #112]	@ 0x70
100022c2:	4770      	bx	lr
100022c4:	b504      	push	{r2, lr}
100022c6:	2800      	cmp	r0, #0
100022c8:	d001      	beq.n	100022ce <divmod_u32u32_core+0x1e>
100022ca:	2000      	movs	r0, #0
100022cc:	43c0      	mvns	r0, r0
100022ce:	f002 fe63 	bl	10004f98 <____aeabi_idiv0_veneer>
100022d2:	2100      	movs	r1, #0
100022d4:	bd04      	pop	{r2, pc}
100022d6:	46c0      	nop			@ (mov r8, r8)

100022d8 <divmod_u32u32_savestate>:
100022d8:	b5f0      	push	{r4, r5, r6, r7, lr}
100022da:	6e14      	ldr	r4, [r2, #96]	@ 0x60
100022dc:	6e55      	ldr	r5, [r2, #100]	@ 0x64
100022de:	6f57      	ldr	r7, [r2, #116]	@ 0x74
100022e0:	6f16      	ldr	r6, [r2, #112]	@ 0x70
100022e2:	f7ff ffe5 	bl	100022b0 <divmod_u32u32_core>
100022e6:	6614      	str	r4, [r2, #96]	@ 0x60
100022e8:	6655      	str	r5, [r2, #100]	@ 0x64
100022ea:	6757      	str	r7, [r2, #116]	@ 0x74
100022ec:	6716      	str	r6, [r2, #112]	@ 0x70
100022ee:	bdf0      	pop	{r4, r5, r6, r7, pc}
100022f0:	d0000000 	.word	0xd0000000

100022f4 <__aeabi_double_init>:
100022f4:	2313      	movs	r3, #19
100022f6:	b570      	push	{r4, r5, r6, lr}
100022f8:	781d      	ldrb	r5, [r3, #0]
100022fa:	2d01      	cmp	r5, #1
100022fc:	d019      	beq.n	10002332 <__aeabi_double_init+0x3e>
100022fe:	dd14      	ble.n	1000232a <__aeabi_double_init+0x36>
10002300:	481f      	ldr	r0, [pc, #124]	@ (10002380 <__aeabi_double_init+0x8c>)
10002302:	f7ff fe55 	bl	10001fb0 <rom_data_lookup>
10002306:	0006      	movs	r6, r0
10002308:	481e      	ldr	r0, [pc, #120]	@ (10002384 <__aeabi_double_init+0x90>)
1000230a:	f7ff fe51 	bl	10001fb0 <rom_data_lookup>
1000230e:	4c1e      	ldr	r4, [pc, #120]	@ (10002388 <__aeabi_double_init+0x94>)
10002310:	2280      	movs	r2, #128	@ 0x80
10002312:	0031      	movs	r1, r6
10002314:	0020      	movs	r0, r4
10002316:	f000 f8c7 	bl	100024a8 <__wrap___aeabi_memcpy>
1000231a:	2d02      	cmp	r5, #2
1000231c:	d02d      	beq.n	1000237a <__aeabi_double_init+0x86>
1000231e:	481b      	ldr	r0, [pc, #108]	@ (1000238c <__aeabi_double_init+0x98>)
10002320:	f7ff fe3e 	bl	10001fa0 <rom_func_lookup>
10002324:	4b1a      	ldr	r3, [pc, #104]	@ (10002390 <__aeabi_double_init+0x9c>)
10002326:	6018      	str	r0, [r3, #0]
10002328:	bd70      	pop	{r4, r5, r6, pc}
1000232a:	4b1a      	ldr	r3, [pc, #104]	@ (10002394 <__aeabi_double_init+0xa0>)
1000232c:	4c16      	ldr	r4, [pc, #88]	@ (10002388 <__aeabi_double_init+0x94>)
1000232e:	64a3      	str	r3, [r4, #72]	@ 0x48
10002330:	e7f5      	b.n	1000231e <__aeabi_double_init+0x2a>
10002332:	4b18      	ldr	r3, [pc, #96]	@ (10002394 <__aeabi_double_init+0xa0>)
10002334:	4c14      	ldr	r4, [pc, #80]	@ (10002388 <__aeabi_double_init+0x94>)
10002336:	6023      	str	r3, [r4, #0]
10002338:	6063      	str	r3, [r4, #4]
1000233a:	60a3      	str	r3, [r4, #8]
1000233c:	60e3      	str	r3, [r4, #12]
1000233e:	6123      	str	r3, [r4, #16]
10002340:	6163      	str	r3, [r4, #20]
10002342:	61a3      	str	r3, [r4, #24]
10002344:	61e3      	str	r3, [r4, #28]
10002346:	6223      	str	r3, [r4, #32]
10002348:	6263      	str	r3, [r4, #36]	@ 0x24
1000234a:	62a3      	str	r3, [r4, #40]	@ 0x28
1000234c:	62e3      	str	r3, [r4, #44]	@ 0x2c
1000234e:	6323      	str	r3, [r4, #48]	@ 0x30
10002350:	6363      	str	r3, [r4, #52]	@ 0x34
10002352:	63a3      	str	r3, [r4, #56]	@ 0x38
10002354:	63e3      	str	r3, [r4, #60]	@ 0x3c
10002356:	6423      	str	r3, [r4, #64]	@ 0x40
10002358:	6463      	str	r3, [r4, #68]	@ 0x44
1000235a:	64a3      	str	r3, [r4, #72]	@ 0x48
1000235c:	64e3      	str	r3, [r4, #76]	@ 0x4c
1000235e:	6523      	str	r3, [r4, #80]	@ 0x50
10002360:	6563      	str	r3, [r4, #84]	@ 0x54
10002362:	65a3      	str	r3, [r4, #88]	@ 0x58
10002364:	65e3      	str	r3, [r4, #92]	@ 0x5c
10002366:	6623      	str	r3, [r4, #96]	@ 0x60
10002368:	6663      	str	r3, [r4, #100]	@ 0x64
1000236a:	66a3      	str	r3, [r4, #104]	@ 0x68
1000236c:	66e3      	str	r3, [r4, #108]	@ 0x6c
1000236e:	6723      	str	r3, [r4, #112]	@ 0x70
10002370:	6763      	str	r3, [r4, #116]	@ 0x74
10002372:	67a3      	str	r3, [r4, #120]	@ 0x78
10002374:	67e3      	str	r3, [r4, #124]	@ 0x7c
10002376:	64a3      	str	r3, [r4, #72]	@ 0x48
10002378:	e7d1      	b.n	1000231e <__aeabi_double_init+0x2a>
1000237a:	4b06      	ldr	r3, [pc, #24]	@ (10002394 <__aeabi_double_init+0xa0>)
1000237c:	64a3      	str	r3, [r4, #72]	@ 0x48
1000237e:	e7ce      	b.n	1000231e <__aeabi_double_init+0x2a>
10002380:	00004453 	.word	0x00004453
10002384:	00004653 	.word	0x00004653
10002388:	200012a8 	.word	0x200012a8
1000238c:	0000334c 	.word	0x0000334c
10002390:	20001c50 	.word	0x20001c50
10002394:	10002399 	.word	0x10002399

10002398 <double_table_shim_on_use_helper>:
10002398:	b507      	push	{r0, r1, r2, lr}
1000239a:	4660      	mov	r0, ip
1000239c:	8801      	ldrh	r1, [r0, #0]
1000239e:	0a0a      	lsrs	r2, r1, #8
100023a0:	3002      	adds	r0, #2
100023a2:	2adf      	cmp	r2, #223	@ 0xdf
100023a4:	d1fa      	bne.n	1000239c <double_table_shim_on_use_helper+0x4>
100023a6:	b2c9      	uxtb	r1, r1
100023a8:	0882      	lsrs	r2, r0, #2
100023aa:	d304      	bcc.n	100023b6 <double_table_shim_on_use_helper+0x1e>
100023ac:	8802      	ldrh	r2, [r0, #0]
100023ae:	8840      	ldrh	r0, [r0, #2]
100023b0:	0400      	lsls	r0, r0, #16
100023b2:	4310      	orrs	r0, r2
100023b4:	e000      	b.n	100023b8 <double_table_shim_on_use_helper+0x20>
100023b6:	6800      	ldr	r0, [r0, #0]
100023b8:	4a01      	ldr	r2, [pc, #4]	@ (100023c0 <double_table_shim_on_use_helper+0x28>)
100023ba:	5050      	str	r0, [r2, r1]
100023bc:	9003      	str	r0, [sp, #12]
100023be:	bd07      	pop	{r0, r1, r2, pc}
100023c0:	200012a8 	.word	0x200012a8

100023c4 <__wrap___aeabi_lmul>:
100023c4:	4351      	muls	r1, r2
100023c6:	4343      	muls	r3, r0
100023c8:	18c9      	adds	r1, r1, r3
100023ca:	468c      	mov	ip, r1
100023cc:	0c11      	lsrs	r1, r2, #16
100023ce:	b283      	uxth	r3, r0
100023d0:	434b      	muls	r3, r1
100023d2:	b410      	push	{r4}
100023d4:	0c04      	lsrs	r4, r0, #16
100023d6:	4361      	muls	r1, r4
100023d8:	b292      	uxth	r2, r2
100023da:	b280      	uxth	r0, r0
100023dc:	4350      	muls	r0, r2
100023de:	4362      	muls	r2, r4
100023e0:	041c      	lsls	r4, r3, #16
100023e2:	0c1b      	lsrs	r3, r3, #16
100023e4:	1900      	adds	r0, r0, r4
100023e6:	bc10      	pop	{r4}
100023e8:	4159      	adcs	r1, r3
100023ea:	0413      	lsls	r3, r2, #16
100023ec:	0c12      	lsrs	r2, r2, #16
100023ee:	18c0      	adds	r0, r0, r3
100023f0:	4151      	adcs	r1, r2
100023f2:	4461      	add	r1, ip
100023f4:	4770      	bx	lr
	...

100023f8 <__aeabi_float_init>:
100023f8:	2313      	movs	r3, #19
100023fa:	b510      	push	{r4, lr}
100023fc:	781c      	ldrb	r4, [r3, #0]
100023fe:	4813      	ldr	r0, [pc, #76]	@ (1000244c <__aeabi_float_init+0x54>)
10002400:	f7ff fdd6 	bl	10001fb0 <rom_data_lookup>
10002404:	2c01      	cmp	r4, #1
10002406:	d00b      	beq.n	10002420 <__aeabi_float_init+0x28>
10002408:	dd04      	ble.n	10002414 <__aeabi_float_init+0x1c>
1000240a:	0001      	movs	r1, r0
1000240c:	2280      	movs	r2, #128	@ 0x80
1000240e:	4810      	ldr	r0, [pc, #64]	@ (10002450 <__aeabi_float_init+0x58>)
10002410:	f000 f84a 	bl	100024a8 <__wrap___aeabi_memcpy>
10002414:	480f      	ldr	r0, [pc, #60]	@ (10002454 <__aeabi_float_init+0x5c>)
10002416:	f7ff fdc3 	bl	10001fa0 <rom_func_lookup>
1000241a:	4b0f      	ldr	r3, [pc, #60]	@ (10002458 <__aeabi_float_init+0x60>)
1000241c:	6018      	str	r0, [r3, #0]
1000241e:	bd10      	pop	{r4, pc}
10002420:	4c0b      	ldr	r4, [pc, #44]	@ (10002450 <__aeabi_float_init+0x58>)
10002422:	0001      	movs	r1, r0
10002424:	2254      	movs	r2, #84	@ 0x54
10002426:	0020      	movs	r0, r4
10002428:	f000 f83e 	bl	100024a8 <__wrap___aeabi_memcpy>
1000242c:	4b0b      	ldr	r3, [pc, #44]	@ (1000245c <__aeabi_float_init+0x64>)
1000242e:	6563      	str	r3, [r4, #84]	@ 0x54
10002430:	65a3      	str	r3, [r4, #88]	@ 0x58
10002432:	65e3      	str	r3, [r4, #92]	@ 0x5c
10002434:	6623      	str	r3, [r4, #96]	@ 0x60
10002436:	6663      	str	r3, [r4, #100]	@ 0x64
10002438:	66a3      	str	r3, [r4, #104]	@ 0x68
1000243a:	66e3      	str	r3, [r4, #108]	@ 0x6c
1000243c:	6723      	str	r3, [r4, #112]	@ 0x70
1000243e:	6763      	str	r3, [r4, #116]	@ 0x74
10002440:	67a3      	str	r3, [r4, #120]	@ 0x78
10002442:	67e3      	str	r3, [r4, #124]	@ 0x7c
10002444:	6223      	str	r3, [r4, #32]
10002446:	61e3      	str	r3, [r4, #28]
10002448:	e7e4      	b.n	10002414 <__aeabi_float_init+0x1c>
1000244a:	46c0      	nop			@ (mov r8, r8)
1000244c:	00004653 	.word	0x00004653
10002450:	200013a8 	.word	0x200013a8
10002454:	0000334c 	.word	0x0000334c
10002458:	20001c50 	.word	0x20001c50
1000245c:	10002461 	.word	0x10002461

10002460 <float_table_shim_on_use_helper>:
10002460:	b507      	push	{r0, r1, r2, lr}
10002462:	4660      	mov	r0, ip
10002464:	8801      	ldrh	r1, [r0, #0]
10002466:	0a0a      	lsrs	r2, r1, #8
10002468:	3002      	adds	r0, #2
1000246a:	2adf      	cmp	r2, #223	@ 0xdf
1000246c:	d1fa      	bne.n	10002464 <float_table_shim_on_use_helper+0x4>
1000246e:	b2c9      	uxtb	r1, r1
10002470:	0882      	lsrs	r2, r0, #2
10002472:	d304      	bcc.n	1000247e <float_table_shim_on_use_helper+0x1e>
10002474:	8802      	ldrh	r2, [r0, #0]
10002476:	8840      	ldrh	r0, [r0, #2]
10002478:	0400      	lsls	r0, r0, #16
1000247a:	4310      	orrs	r0, r2
1000247c:	e000      	b.n	10002480 <float_table_shim_on_use_helper+0x20>
1000247e:	6800      	ldr	r0, [r0, #0]
10002480:	4a01      	ldr	r2, [pc, #4]	@ (10002488 <float_table_shim_on_use_helper+0x28>)
10002482:	5050      	str	r0, [r2, r1]
10002484:	9003      	str	r0, [sp, #12]
10002486:	bd07      	pop	{r0, r1, r2, pc}
10002488:	200013a8 	.word	0x200013a8

1000248c <__aeabi_mem_init>:
1000248c:	4801      	ldr	r0, [pc, #4]	@ (10002494 <__aeabi_mem_init+0x8>)
1000248e:	2104      	movs	r1, #4
10002490:	4b01      	ldr	r3, [pc, #4]	@ (10002498 <__aeabi_mem_init+0xc>)
10002492:	4718      	bx	r3
10002494:	20000fe0 	.word	0x20000fe0
10002498:	10001fc1 	.word	0x10001fc1

1000249c <__wrap_memset>:
1000249c:	4b01      	ldr	r3, [pc, #4]	@ (100024a4 <__wrap_memset+0x8>)
1000249e:	681b      	ldr	r3, [r3, #0]
100024a0:	4718      	bx	r3
100024a2:	0000      	.short	0x0000
100024a4:	20000fe0 	.word	0x20000fe0

100024a8 <__wrap___aeabi_memcpy>:
100024a8:	4b01      	ldr	r3, [pc, #4]	@ (100024b0 <__wrap___aeabi_memcpy+0x8>)
100024aa:	685b      	ldr	r3, [r3, #4]
100024ac:	4718      	bx	r3
100024ae:	0000      	.short	0x0000
100024b0:	20000fe0 	.word	0x20000fe0

100024b4 <_out_char>:
100024b4:	b510      	push	{r4, lr}
100024b6:	2800      	cmp	r0, #0
100024b8:	d100      	bne.n	100024bc <_out_char+0x8>
100024ba:	bd10      	pop	{r4, pc}
100024bc:	f000 f922 	bl	10002704 <__wrap_putchar>
100024c0:	e7fb      	b.n	100024ba <_out_char+0x6>
100024c2:	46c0      	nop			@ (mov r8, r8)

100024c4 <weak_raw_vprintf>:
100024c4:	b510      	push	{r4, lr}
100024c6:	4a09      	ldr	r2, [pc, #36]	@ (100024ec <weak_raw_vprintf+0x28>)
100024c8:	0003      	movs	r3, r0
100024ca:	6814      	ldr	r4, [r2, #0]
100024cc:	b084      	sub	sp, #16
100024ce:	2c00      	cmp	r4, #0
100024d0:	d008      	beq.n	100024e4 <weak_raw_vprintf+0x20>
100024d2:	2201      	movs	r2, #1
100024d4:	9100      	str	r1, [sp, #0]
100024d6:	4806      	ldr	r0, [pc, #24]	@ (100024f0 <weak_raw_vprintf+0x2c>)
100024d8:	4252      	negs	r2, r2
100024da:	a903      	add	r1, sp, #12
100024dc:	47a0      	blx	r4
100024de:	2001      	movs	r0, #1
100024e0:	b004      	add	sp, #16
100024e2:	bd10      	pop	{r4, pc}
100024e4:	f000 f958 	bl	10002798 <__wrap_puts>
100024e8:	2000      	movs	r0, #0
100024ea:	e7f9      	b.n	100024e0 <weak_raw_vprintf+0x1c>
100024ec:	20001c20 	.word	0x20001c20
100024f0:	100024b5 	.word	0x100024b5

100024f4 <_exit>:
100024f4:	be00      	bkpt	0x0000
100024f6:	e7fd      	b.n	100024f4 <_exit>

100024f8 <_fini>:
100024f8:	4770      	bx	lr
100024fa:	46c0      	nop			@ (mov r8, r8)

100024fc <exit>:
100024fc:	b510      	push	{r4, lr}
100024fe:	f7ff fff9 	bl	100024f4 <_exit>
10002502:	46c0      	nop			@ (mov r8, r8)

10002504 <runtime_init>:
10002504:	b570      	push	{r4, r5, r6, lr}
10002506:	f7ff fdab 	bl	10002060 <runtime_run_initializers>
1000250a:	4d07      	ldr	r5, [pc, #28]	@ (10002528 <runtime_init+0x24>)
1000250c:	4e07      	ldr	r6, [pc, #28]	@ (1000252c <runtime_init+0x28>)
1000250e:	42b5      	cmp	r5, r6
10002510:	d209      	bcs.n	10002526 <runtime_init+0x22>
10002512:	2400      	movs	r4, #0
10002514:	3e01      	subs	r6, #1
10002516:	1b76      	subs	r6, r6, r5
10002518:	08b6      	lsrs	r6, r6, #2
1000251a:	3601      	adds	r6, #1
1000251c:	cd08      	ldmia	r5!, {r3}
1000251e:	3401      	adds	r4, #1
10002520:	4798      	blx	r3
10002522:	42b4      	cmp	r4, r6
10002524:	d1fa      	bne.n	1000251c <runtime_init+0x18>
10002526:	bd70      	pop	{r4, r5, r6, pc}
10002528:	10004ff4 	.word	0x10004ff4
1000252c:	10004ff8 	.word	0x10004ff8

10002530 <stdio_out_chars_no_crlf>:
10002530:	0003      	movs	r3, r0
10002532:	b510      	push	{r4, lr}
10002534:	0008      	movs	r0, r1
10002536:	0011      	movs	r1, r2
10002538:	681b      	ldr	r3, [r3, #0]
1000253a:	4798      	blx	r3
1000253c:	bd10      	pop	{r4, pc}
1000253e:	46c0      	nop			@ (mov r8, r8)

10002540 <stdio_out_chars_crlf>:
10002540:	b5f8      	push	{r3, r4, r5, r6, r7, lr}
10002542:	7d43      	ldrb	r3, [r0, #21]
10002544:	0007      	movs	r7, r0
10002546:	000d      	movs	r5, r1
10002548:	0016      	movs	r6, r2
1000254a:	2b00      	cmp	r3, #0
1000254c:	d038      	beq.n	100025c0 <stdio_out_chars_crlf+0x80>
1000254e:	2a00      	cmp	r2, #0
10002550:	dd1a      	ble.n	10002588 <stdio_out_chars_crlf+0x48>
10002552:	780b      	ldrb	r3, [r1, #0]
10002554:	2b0a      	cmp	r3, #10
10002556:	d018      	beq.n	1000258a <stdio_out_chars_crlf+0x4a>
10002558:	2000      	movs	r0, #0
1000255a:	2e01      	cmp	r6, #1
1000255c:	d009      	beq.n	10002572 <stdio_out_chars_crlf+0x32>
1000255e:	2401      	movs	r4, #1
10002560:	0021      	movs	r1, r4
10002562:	5c6b      	ldrb	r3, [r5, r1]
10002564:	3401      	adds	r4, #1
10002566:	2b0a      	cmp	r3, #10
10002568:	d01a      	beq.n	100025a0 <stdio_out_chars_crlf+0x60>
1000256a:	42b4      	cmp	r4, r6
1000256c:	d1f8      	bne.n	10002560 <stdio_out_chars_crlf+0x20>
1000256e:	4286      	cmp	r6, r0
10002570:	dd03      	ble.n	1000257a <stdio_out_chars_crlf+0x3a>
10002572:	1a31      	subs	r1, r6, r0
10002574:	683b      	ldr	r3, [r7, #0]
10002576:	1828      	adds	r0, r5, r0
10002578:	4798      	blx	r3
1000257a:	19ad      	adds	r5, r5, r6
1000257c:	3d01      	subs	r5, #1
1000257e:	782b      	ldrb	r3, [r5, #0]
10002580:	3b0d      	subs	r3, #13
10002582:	425a      	negs	r2, r3
10002584:	4153      	adcs	r3, r2
10002586:	753b      	strb	r3, [r7, #20]
10002588:	bdf8      	pop	{r3, r4, r5, r6, r7, pc}
1000258a:	7d03      	ldrb	r3, [r0, #20]
1000258c:	2b00      	cmp	r3, #0
1000258e:	d1e3      	bne.n	10002558 <stdio_out_chars_crlf+0x18>
10002590:	2102      	movs	r1, #2
10002592:	480e      	ldr	r0, [pc, #56]	@ (100025cc <stdio_out_chars_crlf+0x8c>)
10002594:	683b      	ldr	r3, [r7, #0]
10002596:	4798      	blx	r3
10002598:	2e01      	cmp	r6, #1
1000259a:	d0ee      	beq.n	1000257a <stdio_out_chars_crlf+0x3a>
1000259c:	2001      	movs	r0, #1
1000259e:	e7de      	b.n	1000255e <stdio_out_chars_crlf+0x1e>
100025a0:	1e6b      	subs	r3, r5, #1
100025a2:	5c5b      	ldrb	r3, [r3, r1]
100025a4:	2b0d      	cmp	r3, #13
100025a6:	d0e0      	beq.n	1000256a <stdio_out_chars_crlf+0x2a>
100025a8:	4288      	cmp	r0, r1
100025aa:	da03      	bge.n	100025b4 <stdio_out_chars_crlf+0x74>
100025ac:	1a09      	subs	r1, r1, r0
100025ae:	683b      	ldr	r3, [r7, #0]
100025b0:	1828      	adds	r0, r5, r0
100025b2:	4798      	blx	r3
100025b4:	4805      	ldr	r0, [pc, #20]	@ (100025cc <stdio_out_chars_crlf+0x8c>)
100025b6:	2102      	movs	r1, #2
100025b8:	683b      	ldr	r3, [r7, #0]
100025ba:	4798      	blx	r3
100025bc:	0020      	movs	r0, r4
100025be:	e7d4      	b.n	1000256a <stdio_out_chars_crlf+0x2a>
100025c0:	6803      	ldr	r3, [r0, #0]
100025c2:	0011      	movs	r1, r2
100025c4:	0028      	movs	r0, r5
100025c6:	4798      	blx	r3
100025c8:	e7de      	b.n	10002588 <stdio_out_chars_crlf+0x48>
100025ca:	46c0      	nop			@ (mov r8, r8)
100025cc:	100051f8 	.word	0x100051f8

100025d0 <stdio_put_string>:
100025d0:	b5f0      	push	{r4, r5, r6, r7, lr}
100025d2:	4646      	mov	r6, r8
100025d4:	46d6      	mov	lr, sl
100025d6:	464f      	mov	r7, r9
100025d8:	b5c0      	push	{r6, r7, lr}
100025da:	b082      	sub	sp, #8
100025dc:	4690      	mov	r8, r2
100025de:	001c      	movs	r4, r3
100025e0:	0006      	movs	r6, r0
100025e2:	000d      	movs	r5, r1
100025e4:	f7ff fa64 	bl	10001ab0 <time_us_64>
100025e8:	2300      	movs	r3, #0
100025ea:	4a2f      	ldr	r2, [pc, #188]	@ (100026a8 <stdio_put_string+0xd8>)
100025ec:	1812      	adds	r2, r2, r0
100025ee:	414b      	adcs	r3, r1
100025f0:	2b00      	cmp	r3, #0
100025f2:	da02      	bge.n	100025fa <stdio_put_string+0x2a>
100025f4:	2201      	movs	r2, #1
100025f6:	4b2d      	ldr	r3, [pc, #180]	@ (100026ac <stdio_put_string+0xdc>)
100025f8:	4252      	negs	r2, r2
100025fa:	492d      	ldr	r1, [pc, #180]	@ (100026b0 <stdio_put_string+0xe0>)
100025fc:	0008      	movs	r0, r1
100025fe:	468a      	mov	sl, r1
10002600:	f002 fc82 	bl	10004f08 <__mutex_try_enter_block_until_veneer>
10002604:	4681      	mov	r9, r0
10002606:	1c6b      	adds	r3, r5, #1
10002608:	d103      	bne.n	10002612 <stdio_put_string+0x42>
1000260a:	0030      	movs	r0, r6
1000260c:	f002 fc4c 	bl	10004ea8 <strlen>
10002610:	0005      	movs	r5, r0
10002612:	2c00      	cmp	r4, #0
10002614:	d027      	beq.n	10002666 <stdio_put_string+0x96>
10002616:	4f27      	ldr	r7, [pc, #156]	@ (100026b4 <stdio_put_string+0xe4>)
10002618:	4b27      	ldr	r3, [pc, #156]	@ (100026b8 <stdio_put_string+0xe8>)
1000261a:	681c      	ldr	r4, [r3, #0]
1000261c:	2c00      	cmp	r4, #0
1000261e:	d018      	beq.n	10002652 <stdio_put_string+0x82>
10002620:	4643      	mov	r3, r8
10002622:	2b00      	cmp	r3, #0
10002624:	d121      	bne.n	1000266a <stdio_put_string+0x9a>
10002626:	4b25      	ldr	r3, [pc, #148]	@ (100026bc <stdio_put_string+0xec>)
10002628:	4698      	mov	r8, r3
1000262a:	e002      	b.n	10002632 <stdio_put_string+0x62>
1000262c:	6924      	ldr	r4, [r4, #16]
1000262e:	2c00      	cmp	r4, #0
10002630:	d00f      	beq.n	10002652 <stdio_put_string+0x82>
10002632:	6823      	ldr	r3, [r4, #0]
10002634:	2b00      	cmp	r3, #0
10002636:	d0f9      	beq.n	1000262c <stdio_put_string+0x5c>
10002638:	4643      	mov	r3, r8
1000263a:	681b      	ldr	r3, [r3, #0]
1000263c:	2b00      	cmp	r3, #0
1000263e:	d001      	beq.n	10002644 <stdio_put_string+0x74>
10002640:	429c      	cmp	r4, r3
10002642:	d1f3      	bne.n	1000262c <stdio_put_string+0x5c>
10002644:	0020      	movs	r0, r4
10002646:	002a      	movs	r2, r5
10002648:	0031      	movs	r1, r6
1000264a:	47b8      	blx	r7
1000264c:	6924      	ldr	r4, [r4, #16]
1000264e:	2c00      	cmp	r4, #0
10002650:	d1ef      	bne.n	10002632 <stdio_put_string+0x62>
10002652:	464b      	mov	r3, r9
10002654:	2b00      	cmp	r3, #0
10002656:	d123      	bne.n	100026a0 <stdio_put_string+0xd0>
10002658:	0028      	movs	r0, r5
1000265a:	b002      	add	sp, #8
1000265c:	bce0      	pop	{r5, r6, r7}
1000265e:	46ba      	mov	sl, r7
10002660:	46b1      	mov	r9, r6
10002662:	46a8      	mov	r8, r5
10002664:	bdf0      	pop	{r4, r5, r6, r7, pc}
10002666:	4f16      	ldr	r7, [pc, #88]	@ (100026c0 <stdio_put_string+0xf0>)
10002668:	e7d6      	b.n	10002618 <stdio_put_string+0x48>
1000266a:	4b14      	ldr	r3, [pc, #80]	@ (100026bc <stdio_put_string+0xec>)
1000266c:	4698      	mov	r8, r3
1000266e:	e002      	b.n	10002676 <stdio_put_string+0xa6>
10002670:	6924      	ldr	r4, [r4, #16]
10002672:	2c00      	cmp	r4, #0
10002674:	d0ed      	beq.n	10002652 <stdio_put_string+0x82>
10002676:	6823      	ldr	r3, [r4, #0]
10002678:	2b00      	cmp	r3, #0
1000267a:	d0f9      	beq.n	10002670 <stdio_put_string+0xa0>
1000267c:	4643      	mov	r3, r8
1000267e:	681b      	ldr	r3, [r3, #0]
10002680:	2b00      	cmp	r3, #0
10002682:	d001      	beq.n	10002688 <stdio_put_string+0xb8>
10002684:	42a3      	cmp	r3, r4
10002686:	d1f3      	bne.n	10002670 <stdio_put_string+0xa0>
10002688:	002a      	movs	r2, r5
1000268a:	0031      	movs	r1, r6
1000268c:	0020      	movs	r0, r4
1000268e:	47b8      	blx	r7
10002690:	466b      	mov	r3, sp
10002692:	220a      	movs	r2, #10
10002694:	0020      	movs	r0, r4
10002696:	71da      	strb	r2, [r3, #7]
10002698:	1dd9      	adds	r1, r3, #7
1000269a:	3a09      	subs	r2, #9
1000269c:	47b8      	blx	r7
1000269e:	e7e7      	b.n	10002670 <stdio_put_string+0xa0>
100026a0:	4650      	mov	r0, sl
100026a2:	f002 fc59 	bl	10004f58 <__mutex_exit_veneer>
100026a6:	e7d7      	b.n	10002658 <stdio_put_string+0x88>
100026a8:	000f4240 	.word	0x000f4240
100026ac:	7fffffff 	.word	0x7fffffff
100026b0:	20001050 	.word	0x20001050
100026b4:	10002541 	.word	0x10002541
100026b8:	20001814 	.word	0x20001814
100026bc:	2000181c 	.word	0x2000181c
100026c0:	10002531 	.word	0x10002531

100026c4 <stdio_set_driver_enabled>:
100026c4:	4a0a      	ldr	r2, [pc, #40]	@ (100026f0 <stdio_set_driver_enabled+0x2c>)
100026c6:	6813      	ldr	r3, [r2, #0]
100026c8:	2b00      	cmp	r3, #0
100026ca:	d105      	bne.n	100026d8 <stdio_set_driver_enabled+0x14>
100026cc:	e00c      	b.n	100026e8 <stdio_set_driver_enabled+0x24>
100026ce:	001a      	movs	r2, r3
100026d0:	691b      	ldr	r3, [r3, #16]
100026d2:	3210      	adds	r2, #16
100026d4:	2b00      	cmp	r3, #0
100026d6:	d007      	beq.n	100026e8 <stdio_set_driver_enabled+0x24>
100026d8:	4283      	cmp	r3, r0
100026da:	d1f8      	bne.n	100026ce <stdio_set_driver_enabled+0xa>
100026dc:	2900      	cmp	r1, #0
100026de:	d102      	bne.n	100026e6 <stdio_set_driver_enabled+0x22>
100026e0:	6918      	ldr	r0, [r3, #16]
100026e2:	6010      	str	r0, [r2, #0]
100026e4:	6119      	str	r1, [r3, #16]
100026e6:	4770      	bx	lr
100026e8:	2900      	cmp	r1, #0
100026ea:	d0fc      	beq.n	100026e6 <stdio_set_driver_enabled+0x22>
100026ec:	6010      	str	r0, [r2, #0]
100026ee:	e7fa      	b.n	100026e6 <stdio_set_driver_enabled+0x22>
100026f0:	20001814 	.word	0x20001814

100026f4 <stdio_init_all>:
100026f4:	b510      	push	{r4, lr}
100026f6:	f000 f939 	bl	1000296c <stdio_uart_init>
100026fa:	f000 faed 	bl	10002cd8 <stdio_usb_init>
100026fe:	2001      	movs	r0, #1
10002700:	bd10      	pop	{r4, pc}
10002702:	46c0      	nop			@ (mov r8, r8)

10002704 <__wrap_putchar>:
10002704:	b5f0      	push	{r4, r5, r6, r7, lr}
10002706:	46ce      	mov	lr, r9
10002708:	4647      	mov	r7, r8
1000270a:	b580      	push	{r7, lr}
1000270c:	b083      	sub	sp, #12
1000270e:	466b      	mov	r3, sp
10002710:	0006      	movs	r6, r0
10002712:	1ddd      	adds	r5, r3, #7
10002714:	7028      	strb	r0, [r5, #0]
10002716:	f7ff f9cb 	bl	10001ab0 <time_us_64>
1000271a:	2300      	movs	r3, #0
1000271c:	4a19      	ldr	r2, [pc, #100]	@ (10002784 <__wrap_putchar+0x80>)
1000271e:	1812      	adds	r2, r2, r0
10002720:	414b      	adcs	r3, r1
10002722:	2b00      	cmp	r3, #0
10002724:	da02      	bge.n	1000272c <__wrap_putchar+0x28>
10002726:	2201      	movs	r2, #1
10002728:	4b17      	ldr	r3, [pc, #92]	@ (10002788 <__wrap_putchar+0x84>)
1000272a:	4252      	negs	r2, r2
1000272c:	4917      	ldr	r1, [pc, #92]	@ (1000278c <__wrap_putchar+0x88>)
1000272e:	0008      	movs	r0, r1
10002730:	4689      	mov	r9, r1
10002732:	f002 fbe9 	bl	10004f08 <__mutex_try_enter_block_until_veneer>
10002736:	4b16      	ldr	r3, [pc, #88]	@ (10002790 <__wrap_putchar+0x8c>)
10002738:	4680      	mov	r8, r0
1000273a:	681c      	ldr	r4, [r3, #0]
1000273c:	2c00      	cmp	r4, #0
1000273e:	d014      	beq.n	1000276a <__wrap_putchar+0x66>
10002740:	4f14      	ldr	r7, [pc, #80]	@ (10002794 <__wrap_putchar+0x90>)
10002742:	e002      	b.n	1000274a <__wrap_putchar+0x46>
10002744:	6924      	ldr	r4, [r4, #16]
10002746:	2c00      	cmp	r4, #0
10002748:	d00f      	beq.n	1000276a <__wrap_putchar+0x66>
1000274a:	6823      	ldr	r3, [r4, #0]
1000274c:	2b00      	cmp	r3, #0
1000274e:	d0f9      	beq.n	10002744 <__wrap_putchar+0x40>
10002750:	683b      	ldr	r3, [r7, #0]
10002752:	2b00      	cmp	r3, #0
10002754:	d001      	beq.n	1000275a <__wrap_putchar+0x56>
10002756:	429c      	cmp	r4, r3
10002758:	d1f4      	bne.n	10002744 <__wrap_putchar+0x40>
1000275a:	0020      	movs	r0, r4
1000275c:	2201      	movs	r2, #1
1000275e:	0029      	movs	r1, r5
10002760:	f7ff feee 	bl	10002540 <stdio_out_chars_crlf>
10002764:	6924      	ldr	r4, [r4, #16]
10002766:	2c00      	cmp	r4, #0
10002768:	d1ef      	bne.n	1000274a <__wrap_putchar+0x46>
1000276a:	4643      	mov	r3, r8
1000276c:	2b00      	cmp	r3, #0
1000276e:	d105      	bne.n	1000277c <__wrap_putchar+0x78>
10002770:	0030      	movs	r0, r6
10002772:	b003      	add	sp, #12
10002774:	bcc0      	pop	{r6, r7}
10002776:	46b9      	mov	r9, r7
10002778:	46b0      	mov	r8, r6
1000277a:	bdf0      	pop	{r4, r5, r6, r7, pc}
1000277c:	4648      	mov	r0, r9
1000277e:	f002 fbeb 	bl	10004f58 <__mutex_exit_veneer>
10002782:	e7f5      	b.n	10002770 <__wrap_putchar+0x6c>
10002784:	000f4240 	.word	0x000f4240
10002788:	7fffffff 	.word	0x7fffffff
1000278c:	20001050 	.word	0x20001050
10002790:	20001814 	.word	0x20001814
10002794:	2000181c 	.word	0x2000181c

10002798 <__wrap_puts>:
10002798:	b570      	push	{r4, r5, r6, lr}
1000279a:	0004      	movs	r4, r0
1000279c:	f002 fb84 	bl	10004ea8 <strlen>
100027a0:	2301      	movs	r3, #1
100027a2:	0001      	movs	r1, r0
100027a4:	0005      	movs	r5, r0
100027a6:	2201      	movs	r2, #1
100027a8:	0020      	movs	r0, r4
100027aa:	f7ff ff11 	bl	100025d0 <stdio_put_string>
100027ae:	4b08      	ldr	r3, [pc, #32]	@ (100027d0 <__wrap_puts+0x38>)
100027b0:	681c      	ldr	r4, [r3, #0]
100027b2:	2c00      	cmp	r4, #0
100027b4:	d006      	beq.n	100027c4 <__wrap_puts+0x2c>
100027b6:	6863      	ldr	r3, [r4, #4]
100027b8:	2b00      	cmp	r3, #0
100027ba:	d005      	beq.n	100027c8 <__wrap_puts+0x30>
100027bc:	4798      	blx	r3
100027be:	6924      	ldr	r4, [r4, #16]
100027c0:	2c00      	cmp	r4, #0
100027c2:	d1f8      	bne.n	100027b6 <__wrap_puts+0x1e>
100027c4:	0028      	movs	r0, r5
100027c6:	bd70      	pop	{r4, r5, r6, pc}
100027c8:	6924      	ldr	r4, [r4, #16]
100027ca:	2c00      	cmp	r4, #0
100027cc:	d1f3      	bne.n	100027b6 <__wrap_puts+0x1e>
100027ce:	e7f9      	b.n	100027c4 <__wrap_puts+0x2c>
100027d0:	20001814 	.word	0x20001814

100027d4 <stdio_uart_out_chars>:
100027d4:	b5f0      	push	{r4, r5, r6, r7, lr}
100027d6:	2900      	cmp	r1, #0
100027d8:	dd15      	ble.n	10002806 <stdio_uart_out_chars+0x32>
100027da:	4b0e      	ldr	r3, [pc, #56]	@ (10002814 <stdio_uart_out_chars+0x40>)
100027dc:	270d      	movs	r7, #13
100027de:	681a      	ldr	r2, [r3, #0]
100027e0:	4b0d      	ldr	r3, [pc, #52]	@ (10002818 <stdio_uart_out_chars+0x44>)
100027e2:	4c0e      	ldr	r4, [pc, #56]	@ (1000281c <stdio_uart_out_chars+0x48>)
100027e4:	18d3      	adds	r3, r2, r3
100027e6:	425d      	negs	r5, r3
100027e8:	416b      	adcs	r3, r5
100027ea:	1845      	adds	r5, r0, r1
100027ec:	2120      	movs	r1, #32
100027ee:	005b      	lsls	r3, r3, #1
100027f0:	5f1e      	ldrsh	r6, [r3, r4]
100027f2:	7804      	ldrb	r4, [r0, #0]
100027f4:	42a6      	cmp	r6, r4
100027f6:	d007      	beq.n	10002808 <stdio_uart_out_chars+0x34>
100027f8:	6993      	ldr	r3, [r2, #24]
100027fa:	4219      	tst	r1, r3
100027fc:	d1fc      	bne.n	100027f8 <stdio_uart_out_chars+0x24>
100027fe:	3001      	adds	r0, #1
10002800:	6014      	str	r4, [r2, #0]
10002802:	42a8      	cmp	r0, r5
10002804:	d1f5      	bne.n	100027f2 <stdio_uart_out_chars+0x1e>
10002806:	bdf0      	pop	{r4, r5, r6, r7, pc}
10002808:	6993      	ldr	r3, [r2, #24]
1000280a:	4219      	tst	r1, r3
1000280c:	d1fc      	bne.n	10002808 <stdio_uart_out_chars+0x34>
1000280e:	6017      	str	r7, [r2, #0]
10002810:	e7f2      	b.n	100027f8 <stdio_uart_out_chars+0x24>
10002812:	46c0      	nop			@ (mov r8, r8)
10002814:	20001c64 	.word	0x20001c64
10002818:	bffc8000 	.word	0xbffc8000
1000281c:	20001c60 	.word	0x20001c60

10002820 <stdio_uart_in_chars>:
10002820:	4b1f      	ldr	r3, [pc, #124]	@ (100028a0 <stdio_uart_in_chars+0x80>)
10002822:	b530      	push	{r4, r5, lr}
10002824:	681b      	ldr	r3, [r3, #0]
10002826:	1e0d      	subs	r5, r1, #0
10002828:	469c      	mov	ip, r3
1000282a:	dd2a      	ble.n	10002882 <stdio_uart_in_chars+0x62>
1000282c:	1e44      	subs	r4, r0, #1
1000282e:	2110      	movs	r1, #16
10002830:	2000      	movs	r0, #0
10002832:	4b1c      	ldr	r3, [pc, #112]	@ (100028a4 <stdio_uart_in_chars+0x84>)
10002834:	681a      	ldr	r2, [r3, #0]
10002836:	6993      	ldr	r3, [r2, #24]
10002838:	4219      	tst	r1, r3
1000283a:	d114      	bne.n	10002866 <stdio_uart_in_chars+0x46>
1000283c:	3001      	adds	r0, #1
1000283e:	6993      	ldr	r3, [r2, #24]
10002840:	4219      	tst	r1, r3
10002842:	d1fc      	bne.n	1000283e <stdio_uart_in_chars+0x1e>
10002844:	6813      	ldr	r3, [r2, #0]
10002846:	5423      	strb	r3, [r4, r0]
10002848:	4285      	cmp	r5, r0
1000284a:	d1f4      	bne.n	10002836 <stdio_uart_in_chars+0x16>
1000284c:	4663      	mov	r3, ip
1000284e:	2b00      	cmp	r3, #0
10002850:	d007      	beq.n	10002862 <stdio_uart_in_chars+0x42>
10002852:	2350      	movs	r3, #80	@ 0x50
10002854:	6393      	str	r3, [r2, #56]	@ 0x38
10002856:	6b51      	ldr	r1, [r2, #52]	@ 0x34
10002858:	3b18      	subs	r3, #24
1000285a:	400b      	ands	r3, r1
1000285c:	4912      	ldr	r1, [pc, #72]	@ (100028a8 <stdio_uart_in_chars+0x88>)
1000285e:	1852      	adds	r2, r2, r1
10002860:	6013      	str	r3, [r2, #0]
10002862:	0028      	movs	r0, r5
10002864:	bd30      	pop	{r4, r5, pc}
10002866:	4663      	mov	r3, ip
10002868:	2b00      	cmp	r3, #0
1000286a:	d007      	beq.n	1000287c <stdio_uart_in_chars+0x5c>
1000286c:	2350      	movs	r3, #80	@ 0x50
1000286e:	6393      	str	r3, [r2, #56]	@ 0x38
10002870:	6b51      	ldr	r1, [r2, #52]	@ 0x34
10002872:	3b18      	subs	r3, #24
10002874:	400b      	ands	r3, r1
10002876:	490c      	ldr	r1, [pc, #48]	@ (100028a8 <stdio_uart_in_chars+0x88>)
10002878:	1852      	adds	r2, r2, r1
1000287a:	6013      	str	r3, [r2, #0]
1000287c:	2800      	cmp	r0, #0
1000287e:	d1f1      	bne.n	10002864 <stdio_uart_in_chars+0x44>
10002880:	e00b      	b.n	1000289a <stdio_uart_in_chars+0x7a>
10002882:	2b00      	cmp	r3, #0
10002884:	d009      	beq.n	1000289a <stdio_uart_in_chars+0x7a>
10002886:	2250      	movs	r2, #80	@ 0x50
10002888:	4b06      	ldr	r3, [pc, #24]	@ (100028a4 <stdio_uart_in_chars+0x84>)
1000288a:	681b      	ldr	r3, [r3, #0]
1000288c:	639a      	str	r2, [r3, #56]	@ 0x38
1000288e:	6b59      	ldr	r1, [r3, #52]	@ 0x34
10002890:	3a18      	subs	r2, #24
10002892:	400a      	ands	r2, r1
10002894:	4904      	ldr	r1, [pc, #16]	@ (100028a8 <stdio_uart_in_chars+0x88>)
10002896:	185b      	adds	r3, r3, r1
10002898:	601a      	str	r2, [r3, #0]
1000289a:	2003      	movs	r0, #3
1000289c:	4240      	negs	r0, r0
1000289e:	e7e1      	b.n	10002864 <stdio_uart_in_chars+0x44>
100028a0:	200017ac 	.word	0x200017ac
100028a4:	20001c64 	.word	0x20001c64
100028a8:	00001034 	.word	0x00001034

100028ac <on_uart_rx>:
100028ac:	4b06      	ldr	r3, [pc, #24]	@ (100028c8 <on_uart_rx+0x1c>)
100028ae:	b510      	push	{r4, lr}
100028b0:	681b      	ldr	r3, [r3, #0]
100028b2:	2b00      	cmp	r3, #0
100028b4:	d006      	beq.n	100028c4 <on_uart_rx+0x18>
100028b6:	2100      	movs	r1, #0
100028b8:	4a04      	ldr	r2, [pc, #16]	@ (100028cc <on_uart_rx+0x20>)
100028ba:	6812      	ldr	r2, [r2, #0]
100028bc:	6391      	str	r1, [r2, #56]	@ 0x38
100028be:	4a04      	ldr	r2, [pc, #16]	@ (100028d0 <on_uart_rx+0x24>)
100028c0:	6810      	ldr	r0, [r2, #0]
100028c2:	4798      	blx	r3
100028c4:	bd10      	pop	{r4, pc}
100028c6:	46c0      	nop			@ (mov r8, r8)
100028c8:	200017ac 	.word	0x200017ac
100028cc:	20001c64 	.word	0x20001c64
100028d0:	200017b4 	.word	0x200017b4

100028d4 <stdio_uart_out_flush>:
100028d4:	2208      	movs	r2, #8
100028d6:	4b03      	ldr	r3, [pc, #12]	@ (100028e4 <stdio_uart_out_flush+0x10>)
100028d8:	6819      	ldr	r1, [r3, #0]
100028da:	698b      	ldr	r3, [r1, #24]
100028dc:	421a      	tst	r2, r3
100028de:	d1fc      	bne.n	100028da <stdio_uart_out_flush+0x6>
100028e0:	4770      	bx	lr
100028e2:	46c0      	nop			@ (mov r8, r8)
100028e4:	20001c64 	.word	0x20001c64

100028e8 <stdio_uart_set_chars_available_callback>:
100028e8:	b570      	push	{r4, r5, r6, lr}
100028ea:	4e1a      	ldr	r6, [pc, #104]	@ (10002954 <stdio_uart_set_chars_available_callback+0x6c>)
100028ec:	4b1a      	ldr	r3, [pc, #104]	@ (10002958 <stdio_uart_set_chars_available_callback+0x70>)
100028ee:	6832      	ldr	r2, [r6, #0]
100028f0:	0004      	movs	r4, r0
100028f2:	18d3      	adds	r3, r2, r3
100028f4:	4258      	negs	r0, r3
100028f6:	4143      	adcs	r3, r0
100028f8:	4d18      	ldr	r5, [pc, #96]	@ (1000295c <stdio_uart_set_chars_available_callback+0x74>)
100028fa:	3314      	adds	r3, #20
100028fc:	0018      	movs	r0, r3
100028fe:	682b      	ldr	r3, [r5, #0]
10002900:	2c00      	cmp	r4, #0
10002902:	d002      	beq.n	1000290a <stdio_uart_set_chars_available_callback+0x22>
10002904:	2b00      	cmp	r3, #0
10002906:	d00f      	beq.n	10002928 <stdio_uart_set_chars_available_callback+0x40>
10002908:	bd70      	pop	{r4, r5, r6, pc}
1000290a:	2b00      	cmp	r3, #0
1000290c:	d0fc      	beq.n	10002908 <stdio_uart_set_chars_available_callback+0x20>
1000290e:	0006      	movs	r6, r0
10002910:	2100      	movs	r1, #0
10002912:	6394      	str	r4, [r2, #56]	@ 0x38
10002914:	f7fe f944 	bl	10000ba0 <irq_set_enabled>
10002918:	0030      	movs	r0, r6
1000291a:	4911      	ldr	r1, [pc, #68]	@ (10002960 <stdio_uart_set_chars_available_callback+0x78>)
1000291c:	f7fe fa7c 	bl	10000e18 <irq_remove_handler>
10002920:	4b10      	ldr	r3, [pc, #64]	@ (10002964 <stdio_uart_set_chars_available_callback+0x7c>)
10002922:	602c      	str	r4, [r5, #0]
10002924:	601c      	str	r4, [r3, #0]
10002926:	e7ef      	b.n	10002908 <stdio_uart_set_chars_available_callback+0x20>
10002928:	602c      	str	r4, [r5, #0]
1000292a:	0004      	movs	r4, r0
1000292c:	4b0d      	ldr	r3, [pc, #52]	@ (10002964 <stdio_uart_set_chars_available_callback+0x7c>)
1000292e:	6019      	str	r1, [r3, #0]
10002930:	490b      	ldr	r1, [pc, #44]	@ (10002960 <stdio_uart_set_chars_available_callback+0x78>)
10002932:	f7fe f96b 	bl	10000c0c <irq_set_exclusive_handler>
10002936:	2101      	movs	r1, #1
10002938:	0020      	movs	r0, r4
1000293a:	f7fe f931 	bl	10000ba0 <irq_set_enabled>
1000293e:	2250      	movs	r2, #80	@ 0x50
10002940:	6833      	ldr	r3, [r6, #0]
10002942:	639a      	str	r2, [r3, #56]	@ 0x38
10002944:	6b59      	ldr	r1, [r3, #52]	@ 0x34
10002946:	3a18      	subs	r2, #24
10002948:	400a      	ands	r2, r1
1000294a:	4907      	ldr	r1, [pc, #28]	@ (10002968 <stdio_uart_set_chars_available_callback+0x80>)
1000294c:	185b      	adds	r3, r3, r1
1000294e:	601a      	str	r2, [r3, #0]
10002950:	e7da      	b.n	10002908 <stdio_uart_set_chars_available_callback+0x20>
10002952:	46c0      	nop			@ (mov r8, r8)
10002954:	20001c64 	.word	0x20001c64
10002958:	bffc8000 	.word	0xbffc8000
1000295c:	200017ac 	.word	0x200017ac
10002960:	100028ad 	.word	0x100028ad
10002964:	200017b4 	.word	0x200017b4
10002968:	00001034 	.word	0x00001034

1000296c <stdio_uart_init>:
1000296c:	4b0d      	ldr	r3, [pc, #52]	@ (100029a4 <stdio_uart_init+0x38>)
1000296e:	b510      	push	{r4, lr}
10002970:	781b      	ldrb	r3, [r3, #0]
10002972:	4b0d      	ldr	r3, [pc, #52]	@ (100029a8 <stdio_uart_init+0x3c>)
10002974:	4c0d      	ldr	r4, [pc, #52]	@ (100029ac <stdio_uart_init+0x40>)
10002976:	781b      	ldrb	r3, [r3, #0]
10002978:	4b0d      	ldr	r3, [pc, #52]	@ (100029b0 <stdio_uart_init+0x44>)
1000297a:	2102      	movs	r1, #2
1000297c:	781b      	ldrb	r3, [r3, #0]
1000297e:	4b0d      	ldr	r3, [pc, #52]	@ (100029b4 <stdio_uart_init+0x48>)
10002980:	2000      	movs	r0, #0
10002982:	6023      	str	r3, [r4, #0]
10002984:	f7fe f80a 	bl	1000099c <gpio_set_function>
10002988:	2102      	movs	r1, #2
1000298a:	2001      	movs	r0, #1
1000298c:	f7fe f806 	bl	1000099c <gpio_set_function>
10002990:	21e1      	movs	r1, #225	@ 0xe1
10002992:	6820      	ldr	r0, [r4, #0]
10002994:	0249      	lsls	r1, r1, #9
10002996:	f7ff f8db 	bl	10001b50 <uart_init>
1000299a:	2101      	movs	r1, #1
1000299c:	4806      	ldr	r0, [pc, #24]	@ (100029b8 <stdio_uart_init+0x4c>)
1000299e:	f7ff fe91 	bl	100026c4 <stdio_set_driver_enabled>
100029a2:	bd10      	pop	{r4, pc}
100029a4:	1000547c 	.word	0x1000547c
100029a8:	10005478 	.word	0x10005478
100029ac:	20001c64 	.word	0x20001c64
100029b0:	10005474 	.word	0x10005474
100029b4:	40034000 	.word	0x40034000
100029b8:	20000ff0 	.word	0x20000ff0

100029bc <stdio_usb_set_chars_available_callback>:
100029bc:	4b02      	ldr	r3, [pc, #8]	@ (100029c8 <stdio_usb_set_chars_available_callback+0xc>)
100029be:	6018      	str	r0, [r3, #0]
100029c0:	4b02      	ldr	r3, [pc, #8]	@ (100029cc <stdio_usb_set_chars_available_callback+0x10>)
100029c2:	6019      	str	r1, [r3, #0]
100029c4:	4770      	bx	lr
100029c6:	46c0      	nop			@ (mov r8, r8)
100029c8:	200017b0 	.word	0x200017b0
100029cc:	200017b8 	.word	0x200017b8

100029d0 <usb_irq>:
100029d0:	b510      	push	{r4, lr}
100029d2:	4b02      	ldr	r3, [pc, #8]	@ (100029dc <usb_irq+0xc>)
100029d4:	7818      	ldrb	r0, [r3, #0]
100029d6:	f7fe f901 	bl	10000bdc <irq_set_pending>
100029da:	bd10      	pop	{r4, pc}
100029dc:	20001c80 	.word	0x20001c80

100029e0 <timer_task>:
100029e0:	4b15      	ldr	r3, [pc, #84]	@ (10002a38 <timer_task+0x58>)
100029e2:	b570      	push	{r4, r5, r6, lr}
100029e4:	681a      	ldr	r2, [r3, #0]
100029e6:	2a00      	cmp	r2, #0
100029e8:	d022      	beq.n	10002a30 <timer_task+0x50>
100029ea:	f3ef 8110 	mrs	r1, PRIMASK
100029ee:	b672      	cpsid	i
100029f0:	6810      	ldr	r0, [r2, #0]
100029f2:	2800      	cmp	r0, #0
100029f4:	d0fc      	beq.n	100029f0 <timer_task+0x10>
100029f6:	f3bf 8f5f 	dmb	sy
100029fa:	2000      	movs	r0, #0
100029fc:	4a0f      	ldr	r2, [pc, #60]	@ (10002a3c <timer_task+0x5c>)
100029fe:	6059      	str	r1, [r3, #4]
10002a00:	7010      	strb	r0, [r2, #0]
10002a02:	681b      	ldr	r3, [r3, #0]
10002a04:	f3bf 8f5f 	dmb	sy
10002a08:	6018      	str	r0, [r3, #0]
10002a0a:	f381 8810 	msr	PRIMASK, r1
10002a0e:	2400      	movs	r4, #0
10002a10:	2500      	movs	r5, #0
10002a12:	4e0b      	ldr	r6, [pc, #44]	@ (10002a40 <timer_task+0x60>)
10002a14:	7830      	ldrb	r0, [r6, #0]
10002a16:	f7fe f8d5 	bl	10000bc4 <irq_is_enabled>
10002a1a:	2800      	cmp	r0, #0
10002a1c:	d104      	bne.n	10002a28 <timer_task+0x48>
10002a1e:	2400      	movs	r4, #0
10002a20:	2500      	movs	r5, #0
10002a22:	0029      	movs	r1, r5
10002a24:	0020      	movs	r0, r4
10002a26:	bd70      	pop	{r4, r5, r6, pc}
10002a28:	7830      	ldrb	r0, [r6, #0]
10002a2a:	f7fe f8d7 	bl	10000bdc <irq_set_pending>
10002a2e:	e7f8      	b.n	10002a22 <timer_task+0x42>
10002a30:	24fa      	movs	r4, #250	@ 0xfa
10002a32:	2500      	movs	r5, #0
10002a34:	00a4      	lsls	r4, r4, #2
10002a36:	e7ec      	b.n	10002a12 <timer_task+0x32>
10002a38:	20001c30 	.word	0x20001c30
10002a3c:	20001c81 	.word	0x20001c81
10002a40:	20001c80 	.word	0x20001c80

10002a44 <stdio_usb_in_chars>:
10002a44:	b570      	push	{r4, r5, r6, lr}
10002a46:	0005      	movs	r5, r0
10002a48:	2000      	movs	r0, #0
10002a4a:	000e      	movs	r6, r1
10002a4c:	f001 fb78 	bl	10004140 <tud_cdc_n_connected>
10002a50:	2800      	cmp	r0, #0
10002a52:	d034      	beq.n	10002abe <stdio_usb_in_chars+0x7a>
10002a54:	2000      	movs	r0, #0
10002a56:	f001 fb89 	bl	1000416c <tud_cdc_n_available>
10002a5a:	2800      	cmp	r0, #0
10002a5c:	d02f      	beq.n	10002abe <stdio_usb_in_chars+0x7a>
10002a5e:	f7ff f827 	bl	10001ab0 <time_us_64>
10002a62:	2300      	movs	r3, #0
10002a64:	4a17      	ldr	r2, [pc, #92]	@ (10002ac4 <stdio_usb_in_chars+0x80>)
10002a66:	1812      	adds	r2, r2, r0
10002a68:	414b      	adcs	r3, r1
10002a6a:	2b00      	cmp	r3, #0
10002a6c:	db16      	blt.n	10002a9c <stdio_usb_in_chars+0x58>
10002a6e:	4c16      	ldr	r4, [pc, #88]	@ (10002ac8 <stdio_usb_in_chars+0x84>)
10002a70:	0020      	movs	r0, r4
10002a72:	f002 fa49 	bl	10004f08 <__mutex_try_enter_block_until_veneer>
10002a76:	2800      	cmp	r0, #0
10002a78:	d021      	beq.n	10002abe <stdio_usb_in_chars+0x7a>
10002a7a:	2000      	movs	r0, #0
10002a7c:	f001 fb60 	bl	10004140 <tud_cdc_n_connected>
10002a80:	2800      	cmp	r0, #0
10002a82:	d10f      	bne.n	10002aa4 <stdio_usb_in_chars+0x60>
10002a84:	2001      	movs	r0, #1
10002a86:	2100      	movs	r1, #0
10002a88:	4240      	negs	r0, r0
10002a8a:	f000 fd89 	bl	100035a0 <tud_task_ext>
10002a8e:	2503      	movs	r5, #3
10002a90:	426d      	negs	r5, r5
10002a92:	0020      	movs	r0, r4
10002a94:	f002 fa60 	bl	10004f58 <__mutex_exit_veneer>
10002a98:	0028      	movs	r0, r5
10002a9a:	bd70      	pop	{r4, r5, r6, pc}
10002a9c:	2201      	movs	r2, #1
10002a9e:	4b0b      	ldr	r3, [pc, #44]	@ (10002acc <stdio_usb_in_chars+0x88>)
10002aa0:	4252      	negs	r2, r2
10002aa2:	e7e4      	b.n	10002a6e <stdio_usb_in_chars+0x2a>
10002aa4:	2000      	movs	r0, #0
10002aa6:	f001 fb61 	bl	1000416c <tud_cdc_n_available>
10002aaa:	2800      	cmp	r0, #0
10002aac:	d0ea      	beq.n	10002a84 <stdio_usb_in_chars+0x40>
10002aae:	0029      	movs	r1, r5
10002ab0:	0032      	movs	r2, r6
10002ab2:	2000      	movs	r0, #0
10002ab4:	f001 fb64 	bl	10004180 <tud_cdc_n_read>
10002ab8:	1e05      	subs	r5, r0, #0
10002aba:	d1ea      	bne.n	10002a92 <stdio_usb_in_chars+0x4e>
10002abc:	e7e7      	b.n	10002a8e <stdio_usb_in_chars+0x4a>
10002abe:	2503      	movs	r5, #3
10002ac0:	426d      	negs	r5, r5
10002ac2:	e7e9      	b.n	10002a98 <stdio_usb_in_chars+0x54>
10002ac4:	000f4240 	.word	0x000f4240
10002ac8:	20001c58 	.word	0x20001c58
10002acc:	7fffffff 	.word	0x7fffffff

10002ad0 <stdio_usb_out_flush>:
10002ad0:	b510      	push	{r4, lr}
10002ad2:	f7fe ffed 	bl	10001ab0 <time_us_64>
10002ad6:	2300      	movs	r3, #0
10002ad8:	4a0d      	ldr	r2, [pc, #52]	@ (10002b10 <stdio_usb_out_flush+0x40>)
10002ada:	1812      	adds	r2, r2, r0
10002adc:	414b      	adcs	r3, r1
10002ade:	2b00      	cmp	r3, #0
10002ae0:	da02      	bge.n	10002ae8 <stdio_usb_out_flush+0x18>
10002ae2:	2201      	movs	r2, #1
10002ae4:	4b0b      	ldr	r3, [pc, #44]	@ (10002b14 <stdio_usb_out_flush+0x44>)
10002ae6:	4252      	negs	r2, r2
10002ae8:	480b      	ldr	r0, [pc, #44]	@ (10002b18 <stdio_usb_out_flush+0x48>)
10002aea:	f002 fa0d 	bl	10004f08 <__mutex_try_enter_block_until_veneer>
10002aee:	2800      	cmp	r0, #0
10002af0:	d00c      	beq.n	10002b0c <stdio_usb_out_flush+0x3c>
10002af2:	2001      	movs	r0, #1
10002af4:	2100      	movs	r1, #0
10002af6:	4240      	negs	r0, r0
10002af8:	f000 fd52 	bl	100035a0 <tud_task_ext>
10002afc:	2000      	movs	r0, #0
10002afe:	f001 fb83 	bl	10004208 <tud_cdc_n_write_flush>
10002b02:	2800      	cmp	r0, #0
10002b04:	d1f5      	bne.n	10002af2 <stdio_usb_out_flush+0x22>
10002b06:	4804      	ldr	r0, [pc, #16]	@ (10002b18 <stdio_usb_out_flush+0x48>)
10002b08:	f002 fa26 	bl	10004f58 <__mutex_exit_veneer>
10002b0c:	bd10      	pop	{r4, pc}
10002b0e:	46c0      	nop			@ (mov r8, r8)
10002b10:	000f4240 	.word	0x000f4240
10002b14:	7fffffff 	.word	0x7fffffff
10002b18:	20001c58 	.word	0x20001c58

10002b1c <stdio_usb_out_chars>:
10002b1c:	b5f8      	push	{r3, r4, r5, r6, r7, lr}
10002b1e:	46ce      	mov	lr, r9
10002b20:	4647      	mov	r7, r8
10002b22:	b580      	push	{r7, lr}
10002b24:	0005      	movs	r5, r0
10002b26:	000c      	movs	r4, r1
10002b28:	f7fe ffc2 	bl	10001ab0 <time_us_64>
10002b2c:	2300      	movs	r3, #0
10002b2e:	4a34      	ldr	r2, [pc, #208]	@ (10002c00 <stdio_usb_out_chars+0xe4>)
10002b30:	1812      	adds	r2, r2, r0
10002b32:	414b      	adcs	r3, r1
10002b34:	2b00      	cmp	r3, #0
10002b36:	da02      	bge.n	10002b3e <stdio_usb_out_chars+0x22>
10002b38:	2201      	movs	r2, #1
10002b3a:	4b32      	ldr	r3, [pc, #200]	@ (10002c04 <stdio_usb_out_chars+0xe8>)
10002b3c:	4252      	negs	r2, r2
10002b3e:	4932      	ldr	r1, [pc, #200]	@ (10002c08 <stdio_usb_out_chars+0xec>)
10002b40:	0008      	movs	r0, r1
10002b42:	4688      	mov	r8, r1
10002b44:	f002 f9e0 	bl	10004f08 <__mutex_try_enter_block_until_veneer>
10002b48:	2800      	cmp	r0, #0
10002b4a:	d103      	bne.n	10002b54 <stdio_usb_out_chars+0x38>
10002b4c:	bcc0      	pop	{r6, r7}
10002b4e:	46b9      	mov	r9, r7
10002b50:	46b0      	mov	r8, r6
10002b52:	bdf8      	pop	{r3, r4, r5, r6, r7, pc}
10002b54:	2000      	movs	r0, #0
10002b56:	f001 faf3 	bl	10004140 <tud_cdc_n_connected>
10002b5a:	2800      	cmp	r0, #0
10002b5c:	d048      	beq.n	10002bf0 <stdio_usb_out_chars+0xd4>
10002b5e:	2600      	movs	r6, #0
10002b60:	2c00      	cmp	r4, #0
10002b62:	dd41      	ble.n	10002be8 <stdio_usb_out_chars+0xcc>
10002b64:	4b29      	ldr	r3, [pc, #164]	@ (10002c0c <stdio_usb_out_chars+0xf0>)
10002b66:	4699      	mov	r9, r3
10002b68:	e013      	b.n	10002b92 <stdio_usb_out_chars+0x76>
10002b6a:	19a9      	adds	r1, r5, r6
10002b6c:	2000      	movs	r0, #0
10002b6e:	f001 fb87 	bl	10004280 <tud_cdc_n_write>
10002b72:	0007      	movs	r7, r0
10002b74:	2001      	movs	r0, #1
10002b76:	2100      	movs	r1, #0
10002b78:	4240      	negs	r0, r0
10002b7a:	f000 fd11 	bl	100035a0 <tud_task_ext>
10002b7e:	2000      	movs	r0, #0
10002b80:	f001 fb42 	bl	10004208 <tud_cdc_n_write_flush>
10002b84:	f7fe ff94 	bl	10001ab0 <time_us_64>
10002b88:	4b20      	ldr	r3, [pc, #128]	@ (10002c0c <stdio_usb_out_chars+0xf0>)
10002b8a:	19f6      	adds	r6, r6, r7
10002b8c:	c303      	stmia	r3!, {r0, r1}
10002b8e:	42b4      	cmp	r4, r6
10002b90:	dd2a      	ble.n	10002be8 <stdio_usb_out_chars+0xcc>
10002b92:	2000      	movs	r0, #0
10002b94:	f001 fb94 	bl	100042c0 <tud_cdc_n_write_available>
10002b98:	1ba7      	subs	r7, r4, r6
10002b9a:	0002      	movs	r2, r0
10002b9c:	42b8      	cmp	r0, r7
10002b9e:	dd00      	ble.n	10002ba2 <stdio_usb_out_chars+0x86>
10002ba0:	003a      	movs	r2, r7
10002ba2:	2a00      	cmp	r2, #0
10002ba4:	d1e1      	bne.n	10002b6a <stdio_usb_out_chars+0x4e>
10002ba6:	2001      	movs	r0, #1
10002ba8:	2100      	movs	r1, #0
10002baa:	4240      	negs	r0, r0
10002bac:	f000 fcf8 	bl	100035a0 <tud_task_ext>
10002bb0:	2000      	movs	r0, #0
10002bb2:	f001 fb29 	bl	10004208 <tud_cdc_n_write_flush>
10002bb6:	2000      	movs	r0, #0
10002bb8:	f001 fac2 	bl	10004140 <tud_cdc_n_connected>
10002bbc:	2800      	cmp	r0, #0
10002bbe:	d013      	beq.n	10002be8 <stdio_usb_out_chars+0xcc>
10002bc0:	2000      	movs	r0, #0
10002bc2:	f001 fb7d 	bl	100042c0 <tud_cdc_n_write_available>
10002bc6:	2800      	cmp	r0, #0
10002bc8:	d1e1      	bne.n	10002b8e <stdio_usb_out_chars+0x72>
10002bca:	f7fe ff71 	bl	10001ab0 <time_us_64>
10002bce:	464b      	mov	r3, r9
10002bd0:	000f      	movs	r7, r1
10002bd2:	cb0c      	ldmia	r3, {r2, r3}
10002bd4:	2100      	movs	r1, #0
10002bd6:	4684      	mov	ip, r0
10002bd8:	480d      	ldr	r0, [pc, #52]	@ (10002c10 <stdio_usb_out_chars+0xf4>)
10002bda:	1812      	adds	r2, r2, r0
10002bdc:	414b      	adcs	r3, r1
10002bde:	429f      	cmp	r7, r3
10002be0:	d802      	bhi.n	10002be8 <stdio_usb_out_chars+0xcc>
10002be2:	d1d4      	bne.n	10002b8e <stdio_usb_out_chars+0x72>
10002be4:	4594      	cmp	ip, r2
10002be6:	d9d2      	bls.n	10002b8e <stdio_usb_out_chars+0x72>
10002be8:	4640      	mov	r0, r8
10002bea:	f002 f9b5 	bl	10004f58 <__mutex_exit_veneer>
10002bee:	e7ad      	b.n	10002b4c <stdio_usb_out_chars+0x30>
10002bf0:	2000      	movs	r0, #0
10002bf2:	2100      	movs	r1, #0
10002bf4:	4b05      	ldr	r3, [pc, #20]	@ (10002c0c <stdio_usb_out_chars+0xf0>)
10002bf6:	c303      	stmia	r3!, {r0, r1}
10002bf8:	4640      	mov	r0, r8
10002bfa:	f002 f9ad 	bl	10004f58 <__mutex_exit_veneer>
10002bfe:	e7a5      	b.n	10002b4c <stdio_usb_out_chars+0x30>
10002c00:	000f4240 	.word	0x000f4240
10002c04:	7fffffff 	.word	0x7fffffff
10002c08:	20001c58 	.word	0x20001c58
10002c0c:	200012a0 	.word	0x200012a0
10002c10:	0007a120 	.word	0x0007a120

10002c14 <low_priority_worker_irq>:
10002c14:	b530      	push	{r4, r5, lr}
10002c16:	2100      	movs	r1, #0
10002c18:	b085      	sub	sp, #20
10002c1a:	4828      	ldr	r0, [pc, #160]	@ (10002cbc <low_priority_worker_irq+0xa8>)
10002c1c:	f002 f97c 	bl	10004f18 <__mutex_try_enter_veneer>
10002c20:	2800      	cmp	r0, #0
10002c22:	d11c      	bne.n	10002c5e <low_priority_worker_irq+0x4a>
10002c24:	4b26      	ldr	r3, [pc, #152]	@ (10002cc0 <low_priority_worker_irq+0xac>)
10002c26:	681a      	ldr	r2, [r3, #0]
10002c28:	2a00      	cmp	r2, #0
10002c2a:	d016      	beq.n	10002c5a <low_priority_worker_irq+0x46>
10002c2c:	f3ef 8110 	mrs	r1, PRIMASK
10002c30:	b672      	cpsid	i
10002c32:	6810      	ldr	r0, [r2, #0]
10002c34:	2800      	cmp	r0, #0
10002c36:	d0fc      	beq.n	10002c32 <low_priority_worker_irq+0x1e>
10002c38:	f3bf 8f5f 	dmb	sy
10002c3c:	2401      	movs	r4, #1
10002c3e:	4821      	ldr	r0, [pc, #132]	@ (10002cc4 <low_priority_worker_irq+0xb0>)
10002c40:	6059      	str	r1, [r3, #4]
10002c42:	7802      	ldrb	r2, [r0, #0]
10002c44:	681b      	ldr	r3, [r3, #0]
10002c46:	b2d2      	uxtb	r2, r2
10002c48:	7004      	strb	r4, [r0, #0]
10002c4a:	f3bf 8f5f 	dmb	sy
10002c4e:	2000      	movs	r0, #0
10002c50:	6018      	str	r0, [r3, #0]
10002c52:	f381 8810 	msr	PRIMASK, r1
10002c56:	2a00      	cmp	r2, #0
10002c58:	d017      	beq.n	10002c8a <low_priority_worker_irq+0x76>
10002c5a:	b005      	add	sp, #20
10002c5c:	bd30      	pop	{r4, r5, pc}
10002c5e:	2001      	movs	r0, #1
10002c60:	2100      	movs	r1, #0
10002c62:	4240      	negs	r0, r0
10002c64:	f000 fc9c 	bl	100035a0 <tud_task_ext>
10002c68:	2000      	movs	r0, #0
10002c6a:	f001 fa7f 	bl	1000416c <tud_cdc_n_available>
10002c6e:	0005      	movs	r5, r0
10002c70:	4812      	ldr	r0, [pc, #72]	@ (10002cbc <low_priority_worker_irq+0xa8>)
10002c72:	f002 f971 	bl	10004f58 <__mutex_exit_veneer>
10002c76:	2d00      	cmp	r5, #0
10002c78:	d0ef      	beq.n	10002c5a <low_priority_worker_irq+0x46>
10002c7a:	4b13      	ldr	r3, [pc, #76]	@ (10002cc8 <low_priority_worker_irq+0xb4>)
10002c7c:	681b      	ldr	r3, [r3, #0]
10002c7e:	2b00      	cmp	r3, #0
10002c80:	d0eb      	beq.n	10002c5a <low_priority_worker_irq+0x46>
10002c82:	4a12      	ldr	r2, [pc, #72]	@ (10002ccc <low_priority_worker_irq+0xb8>)
10002c84:	6810      	ldr	r0, [r2, #0]
10002c86:	4798      	blx	r3
10002c88:	e7e7      	b.n	10002c5a <low_priority_worker_irq+0x46>
10002c8a:	f7fe fc71 	bl	10001570 <alarm_pool_get_default>
10002c8e:	0004      	movs	r4, r0
10002c90:	f7fe ff0e 	bl	10001ab0 <time_us_64>
10002c94:	22fa      	movs	r2, #250	@ 0xfa
10002c96:	2300      	movs	r3, #0
10002c98:	0092      	lsls	r2, r2, #2
10002c9a:	1812      	adds	r2, r2, r0
10002c9c:	414b      	adcs	r3, r1
10002c9e:	2b00      	cmp	r3, #0
10002ca0:	da02      	bge.n	10002ca8 <low_priority_worker_irq+0x94>
10002ca2:	2201      	movs	r2, #1
10002ca4:	4b0a      	ldr	r3, [pc, #40]	@ (10002cd0 <low_priority_worker_irq+0xbc>)
10002ca6:	4252      	negs	r2, r2
10002ca8:	2101      	movs	r1, #1
10002caa:	9102      	str	r1, [sp, #8]
10002cac:	2100      	movs	r1, #0
10002cae:	9101      	str	r1, [sp, #4]
10002cb0:	4908      	ldr	r1, [pc, #32]	@ (10002cd4 <low_priority_worker_irq+0xc0>)
10002cb2:	0020      	movs	r0, r4
10002cb4:	9100      	str	r1, [sp, #0]
10002cb6:	f7fe fc5f 	bl	10001578 <alarm_pool_add_alarm_at>
10002cba:	e7ce      	b.n	10002c5a <low_priority_worker_irq+0x46>
10002cbc:	20001c58 	.word	0x20001c58
10002cc0:	20001c30 	.word	0x20001c30
10002cc4:	20001c81 	.word	0x20001c81
10002cc8:	200017b0 	.word	0x200017b0
10002ccc:	200017b8 	.word	0x200017b8
10002cd0:	7fffffff 	.word	0x7fffffff
10002cd4:	100029e1 	.word	0x100029e1

10002cd8 <stdio_usb_init>:
10002cd8:	23d0      	movs	r3, #208	@ 0xd0
10002cda:	b510      	push	{r4, lr}
10002cdc:	061b      	lsls	r3, r3, #24
10002cde:	b084      	sub	sp, #16
10002ce0:	681c      	ldr	r4, [r3, #0]
10002ce2:	f7fe fc45 	bl	10001570 <alarm_pool_get_default>
10002ce6:	f7fe fd45 	bl	10001774 <alarm_pool_core_num>
10002cea:	42a0      	cmp	r0, r4
10002cec:	d002      	beq.n	10002cf4 <stdio_usb_init+0x1c>
10002cee:	2000      	movs	r0, #0
10002cf0:	b004      	add	sp, #16
10002cf2:	bd10      	pop	{r4, pc}
10002cf4:	4b28      	ldr	r3, [pc, #160]	@ (10002d98 <stdio_usb_init+0xc0>)
10002cf6:	2100      	movs	r1, #0
10002cf8:	2000      	movs	r0, #0
10002cfa:	781b      	ldrb	r3, [r3, #0]
10002cfc:	f001 fca6 	bl	1000464c <tusb_rhport_init>
10002d00:	4826      	ldr	r0, [pc, #152]	@ (10002d9c <stdio_usb_init+0xc4>)
10002d02:	6803      	ldr	r3, [r0, #0]
10002d04:	2b00      	cmp	r3, #0
10002d06:	d044      	beq.n	10002d92 <stdio_usb_init+0xba>
10002d08:	2001      	movs	r0, #1
10002d0a:	f7fe f9c9 	bl	100010a0 <user_irq_claim_unused>
10002d0e:	23ff      	movs	r3, #255	@ 0xff
10002d10:	4c23      	ldr	r4, [pc, #140]	@ (10002da0 <stdio_usb_init+0xc8>)
10002d12:	4924      	ldr	r1, [pc, #144]	@ (10002da4 <stdio_usb_init+0xcc>)
10002d14:	7020      	strb	r0, [r4, #0]
10002d16:	4018      	ands	r0, r3
10002d18:	f7fd ff78 	bl	10000c0c <irq_set_exclusive_handler>
10002d1c:	7820      	ldrb	r0, [r4, #0]
10002d1e:	2101      	movs	r1, #1
10002d20:	f7fd ff3e 	bl	10000ba0 <irq_set_enabled>
10002d24:	2005      	movs	r0, #5
10002d26:	f7fd ff61 	bl	10000bec <irq_has_shared_handler>
10002d2a:	2800      	cmp	r0, #0
10002d2c:	d124      	bne.n	10002d78 <stdio_usb_init+0xa0>
10002d2e:	2208      	movs	r2, #8
10002d30:	2100      	movs	r1, #0
10002d32:	481d      	ldr	r0, [pc, #116]	@ (10002da8 <stdio_usb_init+0xd0>)
10002d34:	f7ff fbb2 	bl	1000249c <__wrap_memset>
10002d38:	f7fe fc1a 	bl	10001570 <alarm_pool_get_default>
10002d3c:	0004      	movs	r4, r0
10002d3e:	f7fe feb7 	bl	10001ab0 <time_us_64>
10002d42:	22fa      	movs	r2, #250	@ 0xfa
10002d44:	2300      	movs	r3, #0
10002d46:	0092      	lsls	r2, r2, #2
10002d48:	1812      	adds	r2, r2, r0
10002d4a:	414b      	adcs	r3, r1
10002d4c:	2b00      	cmp	r3, #0
10002d4e:	da02      	bge.n	10002d56 <stdio_usb_init+0x7e>
10002d50:	2201      	movs	r2, #1
10002d52:	4b16      	ldr	r3, [pc, #88]	@ (10002dac <stdio_usb_init+0xd4>)
10002d54:	4252      	negs	r2, r2
10002d56:	2101      	movs	r1, #1
10002d58:	9102      	str	r1, [sp, #8]
10002d5a:	2100      	movs	r1, #0
10002d5c:	9101      	str	r1, [sp, #4]
10002d5e:	4914      	ldr	r1, [pc, #80]	@ (10002db0 <stdio_usb_init+0xd8>)
10002d60:	0020      	movs	r0, r4
10002d62:	9100      	str	r1, [sp, #0]
10002d64:	f7fe fc08 	bl	10001578 <alarm_pool_add_alarm_at>
10002d68:	2800      	cmp	r0, #0
10002d6a:	dbc0      	blt.n	10002cee <stdio_usb_init+0x16>
10002d6c:	4811      	ldr	r0, [pc, #68]	@ (10002db4 <stdio_usb_init+0xdc>)
10002d6e:	2101      	movs	r1, #1
10002d70:	f7ff fca8 	bl	100026c4 <stdio_set_driver_enabled>
10002d74:	2001      	movs	r0, #1
10002d76:	e7bb      	b.n	10002cf0 <stdio_usb_init+0x18>
10002d78:	2001      	movs	r0, #1
10002d7a:	f7fd fecf 	bl	10000b1c <spin_lock_claim_unused>
10002d7e:	0001      	movs	r1, r0
10002d80:	4809      	ldr	r0, [pc, #36]	@ (10002da8 <stdio_usb_init+0xd0>)
10002d82:	f7fe f9ed 	bl	10001160 <critical_section_init_with_lock_num>
10002d86:	2200      	movs	r2, #0
10002d88:	2005      	movs	r0, #5
10002d8a:	490b      	ldr	r1, [pc, #44]	@ (10002db8 <stdio_usb_init+0xe0>)
10002d8c:	f7fd ff68 	bl	10000c60 <irq_add_shared_handler>
10002d90:	e7ec      	b.n	10002d6c <stdio_usb_init+0x94>
10002d92:	f7fe f9c9 	bl	10001128 <mutex_init>
10002d96:	e7b7      	b.n	10002d08 <stdio_usb_init+0x30>
10002d98:	10005480 	.word	0x10005480
10002d9c:	20001c58 	.word	0x20001c58
10002da0:	20001c80 	.word	0x20001c80
10002da4:	10002c15 	.word	0x10002c15
10002da8:	20001c30 	.word	0x20001c30
10002dac:	7fffffff 	.word	0x7fffffff
10002db0:	100029e1 	.word	0x100029e1
10002db4:	20001008 	.word	0x20001008
10002db8:	100029d1 	.word	0x100029d1

10002dbc <tud_descriptor_device_cb>:
10002dbc:	4800      	ldr	r0, [pc, #0]	@ (10002dc0 <tud_descriptor_device_cb+0x4>)
10002dbe:	4770      	bx	lr
10002dc0:	10005290 	.word	0x10005290

10002dc4 <tud_descriptor_configuration_cb>:
10002dc4:	4800      	ldr	r0, [pc, #0]	@ (10002dc8 <tud_descriptor_configuration_cb+0x4>)
10002dc6:	4770      	bx	lr
10002dc8:	1000523c 	.word	0x1000523c

10002dcc <tud_descriptor_string_cb>:
10002dcc:	b510      	push	{r4, lr}
10002dce:	0004      	movs	r4, r0
10002dd0:	4816      	ldr	r0, [pc, #88]	@ (10002e2c <tud_descriptor_string_cb+0x60>)
10002dd2:	7803      	ldrb	r3, [r0, #0]
10002dd4:	2b00      	cmp	r3, #0
10002dd6:	d020      	beq.n	10002e1a <tud_descriptor_string_cb+0x4e>
10002dd8:	2c00      	cmp	r4, #0
10002dda:	d106      	bne.n	10002dea <tud_descriptor_string_cb+0x1e>
10002ddc:	4b14      	ldr	r3, [pc, #80]	@ (10002e30 <tud_descriptor_string_cb+0x64>)
10002dde:	4815      	ldr	r0, [pc, #84]	@ (10002e34 <tud_descriptor_string_cb+0x68>)
10002de0:	8043      	strh	r3, [r0, #2]
10002de2:	3b06      	subs	r3, #6
10002de4:	3bff      	subs	r3, #255	@ 0xff
10002de6:	8003      	strh	r3, [r0, #0]
10002de8:	bd10      	pop	{r4, pc}
10002dea:	2c05      	cmp	r4, #5
10002dec:	d81c      	bhi.n	10002e28 <tud_descriptor_string_cb+0x5c>
10002dee:	4b12      	ldr	r3, [pc, #72]	@ (10002e38 <tud_descriptor_string_cb+0x6c>)
10002df0:	00a4      	lsls	r4, r4, #2
10002df2:	58e4      	ldr	r4, [r4, r3]
10002df4:	480f      	ldr	r0, [pc, #60]	@ (10002e34 <tud_descriptor_string_cb+0x68>)
10002df6:	2301      	movs	r3, #1
10002df8:	1c81      	adds	r1, r0, #2
10002dfa:	3c01      	subs	r4, #1
10002dfc:	e004      	b.n	10002e08 <tud_descriptor_string_cb+0x3c>
10002dfe:	3301      	adds	r3, #1
10002e00:	800a      	strh	r2, [r1, #0]
10002e02:	3102      	adds	r1, #2
10002e04:	2b14      	cmp	r3, #20
10002e06:	d00c      	beq.n	10002e22 <tud_descriptor_string_cb+0x56>
10002e08:	5ce2      	ldrb	r2, [r4, r3]
10002e0a:	2a00      	cmp	r2, #0
10002e0c:	d1f7      	bne.n	10002dfe <tud_descriptor_string_cb+0x32>
10002e0e:	22c0      	movs	r2, #192	@ 0xc0
10002e10:	b2db      	uxtb	r3, r3
10002e12:	005b      	lsls	r3, r3, #1
10002e14:	0092      	lsls	r2, r2, #2
10002e16:	4313      	orrs	r3, r2
10002e18:	e7e5      	b.n	10002de6 <tud_descriptor_string_cb+0x1a>
10002e1a:	2111      	movs	r1, #17
10002e1c:	f000 f816 	bl	10002e4c <pico_get_unique_board_id_string>
10002e20:	e7da      	b.n	10002dd8 <tud_descriptor_string_cb+0xc>
10002e22:	23ca      	movs	r3, #202	@ 0xca
10002e24:	009b      	lsls	r3, r3, #2
10002e26:	e7de      	b.n	10002de6 <tud_descriptor_string_cb+0x1a>
10002e28:	2000      	movs	r0, #0
10002e2a:	e7dd      	b.n	10002de8 <tud_descriptor_string_cb+0x1c>
10002e2c:	20001c68 	.word	0x20001c68
10002e30:	00000409 	.word	0x00000409
10002e34:	200017ec 	.word	0x200017ec
10002e38:	10005224 	.word	0x10005224

10002e3c <_retrieve_unique_id_on_boot>:
10002e3c:	b510      	push	{r4, lr}
10002e3e:	4802      	ldr	r0, [pc, #8]	@ (10002e48 <_retrieve_unique_id_on_boot+0xc>)
10002e40:	f000 f8f4 	bl	1000302c <flash_get_unique_id>
10002e44:	bd10      	pop	{r4, pc}
10002e46:	46c0      	nop			@ (mov r8, r8)
10002e48:	20001c48 	.word	0x20001c48

10002e4c <pico_get_unique_board_id_string>:
10002e4c:	b530      	push	{r4, r5, lr}
10002e4e:	2901      	cmp	r1, #1
10002e50:	d100      	bne.n	10002e54 <pico_get_unique_board_id_string+0x8>
10002e52:	e0bb      	b.n	10002fcc <pico_get_unique_board_id_string+0x180>
10002e54:	4b74      	ldr	r3, [pc, #464]	@ (10003028 <pico_get_unique_board_id_string+0x1dc>)
10002e56:	3901      	subs	r1, #1
10002e58:	781a      	ldrb	r2, [r3, #0]
10002e5a:	1112      	asrs	r2, r2, #4
10002e5c:	0014      	movs	r4, r2
10002e5e:	3430      	adds	r4, #48	@ 0x30
10002e60:	2a09      	cmp	r2, #9
10002e62:	dd00      	ble.n	10002e66 <pico_get_unique_board_id_string+0x1a>
10002e64:	e0b5      	b.n	10002fd2 <pico_get_unique_board_id_string+0x186>
10002e66:	7004      	strb	r4, [r0, #0]
10002e68:	2901      	cmp	r1, #1
10002e6a:	d100      	bne.n	10002e6e <pico_get_unique_board_id_string+0x22>
10002e6c:	e0da      	b.n	10003024 <pico_get_unique_board_id_string+0x1d8>
10002e6e:	220f      	movs	r2, #15
10002e70:	781c      	ldrb	r4, [r3, #0]
10002e72:	4022      	ands	r2, r4
10002e74:	0014      	movs	r4, r2
10002e76:	3430      	adds	r4, #48	@ 0x30
10002e78:	2a09      	cmp	r2, #9
10002e7a:	d900      	bls.n	10002e7e <pico_get_unique_board_id_string+0x32>
10002e7c:	e0ac      	b.n	10002fd8 <pico_get_unique_board_id_string+0x18c>
10002e7e:	7044      	strb	r4, [r0, #1]
10002e80:	2902      	cmp	r1, #2
10002e82:	d100      	bne.n	10002e86 <pico_get_unique_board_id_string+0x3a>
10002e84:	e0ce      	b.n	10003024 <pico_get_unique_board_id_string+0x1d8>
10002e86:	785a      	ldrb	r2, [r3, #1]
10002e88:	4694      	mov	ip, r2
10002e8a:	1112      	asrs	r2, r2, #4
10002e8c:	0014      	movs	r4, r2
10002e8e:	3430      	adds	r4, #48	@ 0x30
10002e90:	2a09      	cmp	r2, #9
10002e92:	dd00      	ble.n	10002e96 <pico_get_unique_board_id_string+0x4a>
10002e94:	e0a3      	b.n	10002fde <pico_get_unique_board_id_string+0x192>
10002e96:	7084      	strb	r4, [r0, #2]
10002e98:	2903      	cmp	r1, #3
10002e9a:	d100      	bne.n	10002e9e <pico_get_unique_board_id_string+0x52>
10002e9c:	e0c2      	b.n	10003024 <pico_get_unique_board_id_string+0x1d8>
10002e9e:	4664      	mov	r4, ip
10002ea0:	220f      	movs	r2, #15
10002ea2:	4022      	ands	r2, r4
10002ea4:	0014      	movs	r4, r2
10002ea6:	3430      	adds	r4, #48	@ 0x30
10002ea8:	2a09      	cmp	r2, #9
10002eaa:	d900      	bls.n	10002eae <pico_get_unique_board_id_string+0x62>
10002eac:	e09a      	b.n	10002fe4 <pico_get_unique_board_id_string+0x198>
10002eae:	70c4      	strb	r4, [r0, #3]
10002eb0:	2904      	cmp	r1, #4
10002eb2:	d100      	bne.n	10002eb6 <pico_get_unique_board_id_string+0x6a>
10002eb4:	e0b6      	b.n	10003024 <pico_get_unique_board_id_string+0x1d8>
10002eb6:	789a      	ldrb	r2, [r3, #2]
10002eb8:	4694      	mov	ip, r2
10002eba:	1112      	asrs	r2, r2, #4
10002ebc:	0014      	movs	r4, r2
10002ebe:	3430      	adds	r4, #48	@ 0x30
10002ec0:	2a09      	cmp	r2, #9
10002ec2:	dd00      	ble.n	10002ec6 <pico_get_unique_board_id_string+0x7a>
10002ec4:	e091      	b.n	10002fea <pico_get_unique_board_id_string+0x19e>
10002ec6:	7104      	strb	r4, [r0, #4]
10002ec8:	2905      	cmp	r1, #5
10002eca:	d100      	bne.n	10002ece <pico_get_unique_board_id_string+0x82>
10002ecc:	e0aa      	b.n	10003024 <pico_get_unique_board_id_string+0x1d8>
10002ece:	4664      	mov	r4, ip
10002ed0:	220f      	movs	r2, #15
10002ed2:	4022      	ands	r2, r4
10002ed4:	0014      	movs	r4, r2
10002ed6:	3430      	adds	r4, #48	@ 0x30
10002ed8:	2a09      	cmp	r2, #9
10002eda:	d900      	bls.n	10002ede <pico_get_unique_board_id_string+0x92>
10002edc:	e088      	b.n	10002ff0 <pico_get_unique_board_id_string+0x1a4>
10002ede:	7144      	strb	r4, [r0, #5]
10002ee0:	2906      	cmp	r1, #6
10002ee2:	d100      	bne.n	10002ee6 <pico_get_unique_board_id_string+0x9a>
10002ee4:	e09e      	b.n	10003024 <pico_get_unique_board_id_string+0x1d8>
10002ee6:	2530      	movs	r5, #48	@ 0x30
10002ee8:	46ac      	mov	ip, r5
10002eea:	78dc      	ldrb	r4, [r3, #3]
10002eec:	1122      	asrs	r2, r4, #4
10002eee:	4494      	add	ip, r2
10002ef0:	2a09      	cmp	r2, #9
10002ef2:	dd00      	ble.n	10002ef6 <pico_get_unique_board_id_string+0xaa>
10002ef4:	e07f      	b.n	10002ff6 <pico_get_unique_board_id_string+0x1aa>
10002ef6:	4662      	mov	r2, ip
10002ef8:	7182      	strb	r2, [r0, #6]
10002efa:	2907      	cmp	r1, #7
10002efc:	d100      	bne.n	10002f00 <pico_get_unique_board_id_string+0xb4>
10002efe:	e091      	b.n	10003024 <pico_get_unique_board_id_string+0x1d8>
10002f00:	220f      	movs	r2, #15
10002f02:	4022      	ands	r2, r4
10002f04:	0014      	movs	r4, r2
10002f06:	3430      	adds	r4, #48	@ 0x30
10002f08:	2a09      	cmp	r2, #9
10002f0a:	d900      	bls.n	10002f0e <pico_get_unique_board_id_string+0xc2>
10002f0c:	e077      	b.n	10002ffe <pico_get_unique_board_id_string+0x1b2>
10002f0e:	71c4      	strb	r4, [r0, #7]
10002f10:	2908      	cmp	r1, #8
10002f12:	d100      	bne.n	10002f16 <pico_get_unique_board_id_string+0xca>
10002f14:	e086      	b.n	10003024 <pico_get_unique_board_id_string+0x1d8>
10002f16:	2530      	movs	r5, #48	@ 0x30
10002f18:	46ac      	mov	ip, r5
10002f1a:	791c      	ldrb	r4, [r3, #4]
10002f1c:	1122      	asrs	r2, r4, #4
10002f1e:	4494      	add	ip, r2
10002f20:	2a09      	cmp	r2, #9
10002f22:	dd00      	ble.n	10002f26 <pico_get_unique_board_id_string+0xda>
10002f24:	e06e      	b.n	10003004 <pico_get_unique_board_id_string+0x1b8>
10002f26:	4662      	mov	r2, ip
10002f28:	7202      	strb	r2, [r0, #8]
10002f2a:	2909      	cmp	r1, #9
10002f2c:	d100      	bne.n	10002f30 <pico_get_unique_board_id_string+0xe4>
10002f2e:	e079      	b.n	10003024 <pico_get_unique_board_id_string+0x1d8>
10002f30:	220f      	movs	r2, #15
10002f32:	4022      	ands	r2, r4
10002f34:	0014      	movs	r4, r2
10002f36:	3430      	adds	r4, #48	@ 0x30
10002f38:	2a09      	cmp	r2, #9
10002f3a:	d867      	bhi.n	1000300c <pico_get_unique_board_id_string+0x1c0>
10002f3c:	7244      	strb	r4, [r0, #9]
10002f3e:	290a      	cmp	r1, #10
10002f40:	d100      	bne.n	10002f44 <pico_get_unique_board_id_string+0xf8>
10002f42:	e06f      	b.n	10003024 <pico_get_unique_board_id_string+0x1d8>
10002f44:	2530      	movs	r5, #48	@ 0x30
10002f46:	46ac      	mov	ip, r5
10002f48:	795c      	ldrb	r4, [r3, #5]
10002f4a:	1122      	asrs	r2, r4, #4
10002f4c:	4494      	add	ip, r2
10002f4e:	2a09      	cmp	r2, #9
10002f50:	dc5f      	bgt.n	10003012 <pico_get_unique_board_id_string+0x1c6>
10002f52:	4662      	mov	r2, ip
10002f54:	7282      	strb	r2, [r0, #10]
10002f56:	290b      	cmp	r1, #11
10002f58:	d064      	beq.n	10003024 <pico_get_unique_board_id_string+0x1d8>
10002f5a:	220f      	movs	r2, #15
10002f5c:	4022      	ands	r2, r4
10002f5e:	0014      	movs	r4, r2
10002f60:	3430      	adds	r4, #48	@ 0x30
10002f62:	2a09      	cmp	r2, #9
10002f64:	d859      	bhi.n	1000301a <pico_get_unique_board_id_string+0x1ce>
10002f66:	72c4      	strb	r4, [r0, #11]
10002f68:	290c      	cmp	r1, #12
10002f6a:	d05b      	beq.n	10003024 <pico_get_unique_board_id_string+0x1d8>
10002f6c:	2530      	movs	r5, #48	@ 0x30
10002f6e:	46ac      	mov	ip, r5
10002f70:	799c      	ldrb	r4, [r3, #6]
10002f72:	1122      	asrs	r2, r4, #4
10002f74:	4494      	add	ip, r2
10002f76:	2a09      	cmp	r2, #9
10002f78:	dd02      	ble.n	10002f80 <pico_get_unique_board_id_string+0x134>
10002f7a:	3507      	adds	r5, #7
10002f7c:	46ac      	mov	ip, r5
10002f7e:	4494      	add	ip, r2
10002f80:	4662      	mov	r2, ip
10002f82:	7302      	strb	r2, [r0, #12]
10002f84:	290d      	cmp	r1, #13
10002f86:	d04d      	beq.n	10003024 <pico_get_unique_board_id_string+0x1d8>
10002f88:	220f      	movs	r2, #15
10002f8a:	4022      	ands	r2, r4
10002f8c:	0014      	movs	r4, r2
10002f8e:	3430      	adds	r4, #48	@ 0x30
10002f90:	2a09      	cmp	r2, #9
10002f92:	d901      	bls.n	10002f98 <pico_get_unique_board_id_string+0x14c>
10002f94:	3237      	adds	r2, #55	@ 0x37
10002f96:	0014      	movs	r4, r2
10002f98:	7344      	strb	r4, [r0, #13]
10002f9a:	290e      	cmp	r1, #14
10002f9c:	d042      	beq.n	10003024 <pico_get_unique_board_id_string+0x1d8>
10002f9e:	79da      	ldrb	r2, [r3, #7]
10002fa0:	1113      	asrs	r3, r2, #4
10002fa2:	001c      	movs	r4, r3
10002fa4:	3430      	adds	r4, #48	@ 0x30
10002fa6:	2b09      	cmp	r3, #9
10002fa8:	dd01      	ble.n	10002fae <pico_get_unique_board_id_string+0x162>
10002faa:	3337      	adds	r3, #55	@ 0x37
10002fac:	001c      	movs	r4, r3
10002fae:	7384      	strb	r4, [r0, #14]
10002fb0:	290f      	cmp	r1, #15
10002fb2:	d037      	beq.n	10003024 <pico_get_unique_board_id_string+0x1d8>
10002fb4:	230f      	movs	r3, #15
10002fb6:	4013      	ands	r3, r2
10002fb8:	001a      	movs	r2, r3
10002fba:	3237      	adds	r2, #55	@ 0x37
10002fbc:	2b09      	cmp	r3, #9
10002fbe:	d801      	bhi.n	10002fc4 <pico_get_unique_board_id_string+0x178>
10002fc0:	3330      	adds	r3, #48	@ 0x30
10002fc2:	001a      	movs	r2, r3
10002fc4:	73c2      	strb	r2, [r0, #15]
10002fc6:	2910      	cmp	r1, #16
10002fc8:	d02c      	beq.n	10003024 <pico_get_unique_board_id_string+0x1d8>
10002fca:	3010      	adds	r0, #16
10002fcc:	2300      	movs	r3, #0
10002fce:	7003      	strb	r3, [r0, #0]
10002fd0:	bd30      	pop	{r4, r5, pc}
10002fd2:	3237      	adds	r2, #55	@ 0x37
10002fd4:	0014      	movs	r4, r2
10002fd6:	e746      	b.n	10002e66 <pico_get_unique_board_id_string+0x1a>
10002fd8:	3237      	adds	r2, #55	@ 0x37
10002fda:	0014      	movs	r4, r2
10002fdc:	e74f      	b.n	10002e7e <pico_get_unique_board_id_string+0x32>
10002fde:	3237      	adds	r2, #55	@ 0x37
10002fe0:	0014      	movs	r4, r2
10002fe2:	e758      	b.n	10002e96 <pico_get_unique_board_id_string+0x4a>
10002fe4:	3237      	adds	r2, #55	@ 0x37
10002fe6:	0014      	movs	r4, r2
10002fe8:	e761      	b.n	10002eae <pico_get_unique_board_id_string+0x62>
10002fea:	3237      	adds	r2, #55	@ 0x37
10002fec:	0014      	movs	r4, r2
10002fee:	e76a      	b.n	10002ec6 <pico_get_unique_board_id_string+0x7a>
10002ff0:	3237      	adds	r2, #55	@ 0x37
10002ff2:	0014      	movs	r4, r2
10002ff4:	e773      	b.n	10002ede <pico_get_unique_board_id_string+0x92>
10002ff6:	3507      	adds	r5, #7
10002ff8:	46ac      	mov	ip, r5
10002ffa:	4494      	add	ip, r2
10002ffc:	e77b      	b.n	10002ef6 <pico_get_unique_board_id_string+0xaa>
10002ffe:	3237      	adds	r2, #55	@ 0x37
10003000:	0014      	movs	r4, r2
10003002:	e784      	b.n	10002f0e <pico_get_unique_board_id_string+0xc2>
10003004:	3507      	adds	r5, #7
10003006:	46ac      	mov	ip, r5
10003008:	4494      	add	ip, r2
1000300a:	e78c      	b.n	10002f26 <pico_get_unique_board_id_string+0xda>
1000300c:	3237      	adds	r2, #55	@ 0x37
1000300e:	0014      	movs	r4, r2
10003010:	e794      	b.n	10002f3c <pico_get_unique_board_id_string+0xf0>
10003012:	3507      	adds	r5, #7
10003014:	46ac      	mov	ip, r5
10003016:	4494      	add	ip, r2
10003018:	e79b      	b.n	10002f52 <pico_get_unique_board_id_string+0x106>
1000301a:	3237      	adds	r2, #55	@ 0x37
1000301c:	0014      	movs	r4, r2
1000301e:	72c4      	strb	r4, [r0, #11]
10003020:	290c      	cmp	r1, #12
10003022:	d1a3      	bne.n	10002f6c <pico_get_unique_board_id_string+0x120>
10003024:	1840      	adds	r0, r0, r1
10003026:	e7d1      	b.n	10002fcc <pico_get_unique_board_id_string+0x180>
10003028:	20001c48 	.word	0x20001c48

1000302c <flash_get_unique_id>:
1000302c:	b510      	push	{r4, lr}
1000302e:	b088      	sub	sp, #32
10003030:	0004      	movs	r4, r0
10003032:	220d      	movs	r2, #13
10003034:	2100      	movs	r1, #0
10003036:	4668      	mov	r0, sp
10003038:	f7ff fa30 	bl	1000249c <__wrap_memset>
1000303c:	220d      	movs	r2, #13
1000303e:	2100      	movs	r1, #0
10003040:	a804      	add	r0, sp, #16
10003042:	f7ff fa2b 	bl	1000249c <__wrap_memset>
10003046:	466a      	mov	r2, sp
10003048:	234b      	movs	r3, #75	@ 0x4b
1000304a:	4668      	mov	r0, sp
1000304c:	7013      	strb	r3, [r2, #0]
1000304e:	a904      	add	r1, sp, #16
10003050:	2300      	movs	r3, #0
10003052:	220d      	movs	r2, #13
10003054:	f001 ff90 	bl	10004f78 <__flash_do_cmd_cs_veneer>
10003058:	2115      	movs	r1, #21
1000305a:	2208      	movs	r2, #8
1000305c:	0020      	movs	r0, r4
1000305e:	4469      	add	r1, sp
10003060:	f7ff fa22 	bl	100024a8 <__wrap___aeabi_memcpy>
10003064:	b008      	add	sp, #32
10003066:	bd10      	pop	{r4, pc}

10003068 <usb_reset_interface_init>:
10003068:	4770      	bx	lr
1000306a:	46c0      	nop			@ (mov r8, r8)

1000306c <usb_reset_interface_reset>:
1000306c:	2200      	movs	r2, #0
1000306e:	4b01      	ldr	r3, [pc, #4]	@ (10003074 <usb_reset_interface_reset+0x8>)
10003070:	701a      	strb	r2, [r3, #0]
10003072:	4770      	bx	lr
10003074:	20001c7e 	.word	0x20001c7e

10003078 <usb_reset_interface_open>:
10003078:	794b      	ldrb	r3, [r1, #5]
1000307a:	2000      	movs	r0, #0
1000307c:	2bff      	cmp	r3, #255	@ 0xff
1000307e:	d10b      	bne.n	10003098 <usb_reset_interface_open+0x20>
10003080:	798b      	ldrb	r3, [r1, #6]
10003082:	2b00      	cmp	r3, #0
10003084:	d108      	bne.n	10003098 <usb_reset_interface_open+0x20>
10003086:	79cb      	ldrb	r3, [r1, #7]
10003088:	2b01      	cmp	r3, #1
1000308a:	d105      	bne.n	10003098 <usb_reset_interface_open+0x20>
1000308c:	2a08      	cmp	r2, #8
1000308e:	d903      	bls.n	10003098 <usb_reset_interface_open+0x20>
10003090:	4b02      	ldr	r3, [pc, #8]	@ (1000309c <usb_reset_interface_open+0x24>)
10003092:	788a      	ldrb	r2, [r1, #2]
10003094:	3009      	adds	r0, #9
10003096:	701a      	strb	r2, [r3, #0]
10003098:	4770      	bx	lr
1000309a:	46c0      	nop			@ (mov r8, r8)
1000309c:	20001c7e 	.word	0x20001c7e

100030a0 <usb_reset_interface_xfer_cb>:
100030a0:	2001      	movs	r0, #1
100030a2:	4770      	bx	lr

100030a4 <usb_reset_interface_control_xfer_cb>:
100030a4:	b510      	push	{r4, lr}
100030a6:	2901      	cmp	r1, #1
100030a8:	d113      	bne.n	100030d2 <usb_reset_interface_control_xfer_cb+0x2e>
100030aa:	4915      	ldr	r1, [pc, #84]	@ (10003100 <usb_reset_interface_control_xfer_cb+0x5c>)
100030ac:	7953      	ldrb	r3, [r2, #5]
100030ae:	7910      	ldrb	r0, [r2, #4]
100030b0:	7809      	ldrb	r1, [r1, #0]
100030b2:	021b      	lsls	r3, r3, #8
100030b4:	4303      	orrs	r3, r0
100030b6:	2000      	movs	r0, #0
100030b8:	4299      	cmp	r1, r3
100030ba:	d000      	beq.n	100030be <usb_reset_interface_control_xfer_cb+0x1a>
100030bc:	bd10      	pop	{r4, pc}
100030be:	7853      	ldrb	r3, [r2, #1]
100030c0:	2b01      	cmp	r3, #1
100030c2:	d008      	beq.n	100030d6 <usb_reset_interface_control_xfer_cb+0x32>
100030c4:	2b02      	cmp	r3, #2
100030c6:	d1f9      	bne.n	100030bc <usb_reset_interface_control_xfer_cb+0x18>
100030c8:	2264      	movs	r2, #100	@ 0x64
100030ca:	2100      	movs	r1, #0
100030cc:	2000      	movs	r0, #0
100030ce:	f7fe ff11 	bl	10001ef4 <watchdog_reboot>
100030d2:	2001      	movs	r0, #1
100030d4:	e7f2      	b.n	100030bc <usb_reset_interface_control_xfer_cb+0x18>
100030d6:	78d1      	ldrb	r1, [r2, #3]
100030d8:	7893      	ldrb	r3, [r2, #2]
100030da:	0209      	lsls	r1, r1, #8
100030dc:	4319      	orrs	r1, r3
100030de:	2380      	movs	r3, #128	@ 0x80
100030e0:	000a      	movs	r2, r1
100030e2:	005b      	lsls	r3, r3, #1
100030e4:	401a      	ands	r2, r3
100030e6:	4219      	tst	r1, r3
100030e8:	d006      	beq.n	100030f8 <usb_reset_interface_control_xfer_cb+0x54>
100030ea:	060a      	lsls	r2, r1, #24
100030ec:	0fd2      	lsrs	r2, r2, #31
100030ee:	0a48      	lsrs	r0, r1, #9
100030f0:	2303      	movs	r3, #3
100030f2:	4019      	ands	r1, r3
100030f4:	f7fe ff86 	bl	10002004 <rom_reset_usb_boot_extra>
100030f8:	2001      	movs	r0, #1
100030fa:	4240      	negs	r0, r0
100030fc:	e7f8      	b.n	100030f0 <usb_reset_interface_control_xfer_cb+0x4c>
100030fe:	46c0      	nop			@ (mov r8, r8)
10003100:	20001c7e 	.word	0x20001c7e

10003104 <tud_descriptor_bos_cb>:
10003104:	4800      	ldr	r0, [pc, #0]	@ (10003108 <tud_descriptor_bos_cb+0x4>)
10003106:	4770      	bx	lr
10003108:	1000534c 	.word	0x1000534c

1000310c <tud_vendor_control_xfer_cb>:
1000310c:	4694      	mov	ip, r2
1000310e:	2301      	movs	r3, #1
10003110:	b510      	push	{r4, lr}
10003112:	2901      	cmp	r1, #1
10003114:	d10a      	bne.n	1000312c <tud_vendor_control_xfer_cb+0x20>
10003116:	7852      	ldrb	r2, [r2, #1]
10003118:	2300      	movs	r3, #0
1000311a:	2a01      	cmp	r2, #1
1000311c:	d106      	bne.n	1000312c <tud_vendor_control_xfer_cb+0x20>
1000311e:	4662      	mov	r2, ip
10003120:	7911      	ldrb	r1, [r2, #4]
10003122:	7952      	ldrb	r2, [r2, #5]
10003124:	0212      	lsls	r2, r2, #8
10003126:	430a      	orrs	r2, r1
10003128:	2a07      	cmp	r2, #7
1000312a:	d001      	beq.n	10003130 <tud_vendor_control_xfer_cb+0x24>
1000312c:	0018      	movs	r0, r3
1000312e:	bd10      	pop	{r4, pc}
10003130:	33a6      	adds	r3, #166	@ 0xa6
10003132:	4661      	mov	r1, ip
10003134:	4a02      	ldr	r2, [pc, #8]	@ (10003140 <tud_vendor_control_xfer_cb+0x34>)
10003136:	f000 feeb 	bl	10003f10 <tud_control_xfer>
1000313a:	0003      	movs	r3, r0
1000313c:	e7f6      	b.n	1000312c <tud_vendor_control_xfer_cb+0x20>
1000313e:	46c0      	nop			@ (mov r8, r8)
10003140:	100052a4 	.word	0x100052a4

10003144 <usbd_app_driver_get_cb>:
10003144:	2301      	movs	r3, #1
10003146:	7003      	strb	r3, [r0, #0]
10003148:	4800      	ldr	r0, [pc, #0]	@ (1000314c <usbd_app_driver_get_cb+0x8>)
1000314a:	4770      	bx	lr
1000314c:	10005370 	.word	0x10005370

10003150 <tud_cdc_line_coding_cb>:
10003150:	784b      	ldrb	r3, [r1, #1]
10003152:	780a      	ldrb	r2, [r1, #0]
10003154:	021b      	lsls	r3, r3, #8
10003156:	4313      	orrs	r3, r2
10003158:	788a      	ldrb	r2, [r1, #2]
1000315a:	b510      	push	{r4, lr}
1000315c:	0412      	lsls	r2, r2, #16
1000315e:	431a      	orrs	r2, r3
10003160:	78cb      	ldrb	r3, [r1, #3]
10003162:	061b      	lsls	r3, r3, #24
10003164:	4313      	orrs	r3, r2
10003166:	2296      	movs	r2, #150	@ 0x96
10003168:	00d2      	lsls	r2, r2, #3
1000316a:	4293      	cmp	r3, r2
1000316c:	d000      	beq.n	10003170 <tud_cdc_line_coding_cb+0x20>
1000316e:	bd10      	pop	{r4, pc}
10003170:	2200      	movs	r2, #0
10003172:	2001      	movs	r0, #1
10003174:	0011      	movs	r1, r2
10003176:	4240      	negs	r0, r0
10003178:	f7fe ff44 	bl	10002004 <rom_reset_usb_boot_extra>

1000317c <dcd_init>:
1000317c:	b5f8      	push	{r3, r4, r5, r6, r7, lr}
1000317e:	f000 f93b 	bl	100033f8 <rp2040_usb_init>
10003182:	230c      	movs	r3, #12
10003184:	4d19      	ldr	r5, [pc, #100]	@ (100031ec <dcd_init+0x70>)
10003186:	22ff      	movs	r2, #255	@ 0xff
10003188:	67ab      	str	r3, [r5, #120]	@ 0x78
1000318a:	2005      	movs	r0, #5
1000318c:	4918      	ldr	r1, [pc, #96]	@ (100031f0 <dcd_init+0x74>)
1000318e:	f7fd fd67 	bl	10000c60 <irq_add_shared_handler>
10003192:	4c18      	ldr	r4, [pc, #96]	@ (100031f4 <dcd_init+0x78>)
10003194:	2240      	movs	r2, #64	@ 0x40
10003196:	2100      	movs	r1, #0
10003198:	0020      	movs	r0, r4
1000319a:	f7ff f97f 	bl	1000249c <__wrap_memset>
1000319e:	2740      	movs	r7, #64	@ 0x40
100031a0:	2300      	movs	r3, #0
100031a2:	2601      	movs	r6, #1
100031a4:	2121      	movs	r1, #33	@ 0x21
100031a6:	4a14      	ldr	r2, [pc, #80]	@ (100031f8 <dcd_init+0x7c>)
100031a8:	7066      	strb	r6, [r4, #1]
100031aa:	8327      	strh	r7, [r4, #24]
100031ac:	60a2      	str	r2, [r4, #8]
100031ae:	6013      	str	r3, [r2, #0]
100031b0:	5463      	strb	r3, [r4, r1]
100031b2:	315f      	adds	r1, #95	@ 0x5f
100031b4:	8461      	strh	r1, [r4, #34]	@ 0x22
100031b6:	3945      	subs	r1, #69	@ 0x45
100031b8:	5463      	strb	r3, [r4, r1]
100031ba:	4a10      	ldr	r2, [pc, #64]	@ (100031fc <dcd_init+0x80>)
100031bc:	4910      	ldr	r1, [pc, #64]	@ (10003200 <dcd_init+0x84>)
100031be:	6063      	str	r3, [r4, #4]
100031c0:	60e2      	str	r2, [r4, #12]
100031c2:	8727      	strh	r7, [r4, #56]	@ 0x38
100031c4:	62a1      	str	r1, [r4, #40]	@ 0x28
100031c6:	600b      	str	r3, [r1, #0]
100031c8:	6263      	str	r3, [r4, #36]	@ 0x24
100031ca:	62e2      	str	r2, [r4, #44]	@ 0x2c
100031cc:	f001 feb4 	bl	10004f38 <__reset_non_control_endpoints_veneer>
100031d0:	2380      	movs	r3, #128	@ 0x80
100031d2:	059b      	lsls	r3, r3, #22
100031d4:	642e      	str	r6, [r5, #64]	@ 0x40
100031d6:	64eb      	str	r3, [r5, #76]	@ 0x4c
100031d8:	2390      	movs	r3, #144	@ 0x90
100031da:	4a0a      	ldr	r2, [pc, #40]	@ (10003204 <dcd_init+0x88>)
100031dc:	2001      	movs	r0, #1
100031de:	50ea      	str	r2, [r5, r3]
100031e0:	2280      	movs	r2, #128	@ 0x80
100031e2:	4b09      	ldr	r3, [pc, #36]	@ (10003208 <dcd_init+0x8c>)
100031e4:	0252      	lsls	r2, r2, #9
100031e6:	64da      	str	r2, [r3, #76]	@ 0x4c
100031e8:	bdf8      	pop	{r3, r4, r5, r6, r7, pc}
100031ea:	46c0      	nop			@ (mov r8, r8)
100031ec:	50110000 	.word	0x50110000
100031f0:	200004c1 	.word	0x200004c1
100031f4:	20001820 	.word	0x20001820
100031f8:	50100084 	.word	0x50100084
100031fc:	50100100 	.word	0x50100100
10003200:	50100080 	.word	0x50100080
10003204:	0001d010 	.word	0x0001d010
10003208:	50112000 	.word	0x50112000

1000320c <dcd_int_enable>:
1000320c:	b510      	push	{r4, lr}
1000320e:	2101      	movs	r1, #1
10003210:	2005      	movs	r0, #5
10003212:	f7fd fcc5 	bl	10000ba0 <irq_set_enabled>
10003216:	bd10      	pop	{r4, pc}

10003218 <dcd_set_address>:
10003218:	b510      	push	{r4, lr}
1000321a:	2200      	movs	r2, #0
1000321c:	2100      	movs	r1, #0
1000321e:	4802      	ldr	r0, [pc, #8]	@ (10003228 <dcd_set_address+0x10>)
10003220:	f000 f90a 	bl	10003438 <hw_endpoint_xfer_start>
10003224:	bd10      	pop	{r4, pc}
10003226:	46c0      	nop			@ (mov r8, r8)
10003228:	20001840 	.word	0x20001840

1000322c <dcd_sof_enable>:
1000322c:	4b04      	ldr	r3, [pc, #16]	@ (10003240 <dcd_sof_enable+0x14>)
1000322e:	7019      	strb	r1, [r3, #0]
10003230:	2900      	cmp	r1, #0
10003232:	d004      	beq.n	1000323e <dcd_sof_enable+0x12>
10003234:	2180      	movs	r1, #128	@ 0x80
10003236:	2390      	movs	r3, #144	@ 0x90
10003238:	4a02      	ldr	r2, [pc, #8]	@ (10003244 <dcd_sof_enable+0x18>)
1000323a:	0289      	lsls	r1, r1, #10
1000323c:	50d1      	str	r1, [r2, r3]
1000323e:	4770      	bx	lr
10003240:	20001c7a 	.word	0x20001c7a
10003244:	50112000 	.word	0x50112000

10003248 <dcd_edpt0_status_complete>:
10003248:	780b      	ldrb	r3, [r1, #0]
1000324a:	065b      	lsls	r3, r3, #25
1000324c:	d000      	beq.n	10003250 <dcd_edpt0_status_complete+0x8>
1000324e:	4770      	bx	lr
10003250:	784b      	ldrb	r3, [r1, #1]
10003252:	2b05      	cmp	r3, #5
10003254:	d1fb      	bne.n	1000324e <dcd_edpt0_status_complete+0x6>
10003256:	788a      	ldrb	r2, [r1, #2]
10003258:	4b01      	ldr	r3, [pc, #4]	@ (10003260 <dcd_edpt0_status_complete+0x18>)
1000325a:	601a      	str	r2, [r3, #0]
1000325c:	e7f7      	b.n	1000324e <dcd_edpt0_status_complete+0x6>
1000325e:	46c0      	nop			@ (mov r8, r8)
10003260:	50110000 	.word	0x50110000

10003264 <dcd_edpt_open>:
10003264:	b5f8      	push	{r3, r4, r5, r6, r7, lr}
10003266:	46ce      	mov	lr, r9
10003268:	4647      	mov	r7, r8
1000326a:	78cb      	ldrb	r3, [r1, #3]
1000326c:	b580      	push	{r7, lr}
1000326e:	079b      	lsls	r3, r3, #30
10003270:	0f9a      	lsrs	r2, r3, #30
10003272:	0010      	movs	r0, r2
10003274:	2a01      	cmp	r2, #1
10003276:	d058      	beq.n	1000332a <dcd_edpt_open+0xc6>
10003278:	788c      	ldrb	r4, [r1, #2]
1000327a:	790a      	ldrb	r2, [r1, #4]
1000327c:	794b      	ldrb	r3, [r1, #5]
1000327e:	217f      	movs	r1, #127	@ 0x7f
10003280:	021b      	lsls	r3, r3, #8
10003282:	4021      	ands	r1, r4
10003284:	09e5      	lsrs	r5, r4, #7
10003286:	4313      	orrs	r3, r2
10003288:	004a      	lsls	r2, r1, #1
1000328a:	4691      	mov	r9, r2
1000328c:	4e2c      	ldr	r6, [pc, #176]	@ (10003340 <dcd_edpt_open+0xdc>)
1000328e:	1952      	adds	r2, r2, r5
10003290:	0152      	lsls	r2, r2, #5
10003292:	18b2      	adds	r2, r6, r2
10003294:	7094      	strb	r4, [r2, #2]
10003296:	2401      	movs	r4, #1
10003298:	406c      	eors	r4, r5
1000329a:	7054      	strb	r4, [r2, #1]
1000329c:	2400      	movs	r4, #0
1000329e:	055b      	lsls	r3, r3, #21
100032a0:	0d5b      	lsrs	r3, r3, #21
100032a2:	70d4      	strb	r4, [r2, #3]
100032a4:	8313      	strh	r3, [r2, #24]
100032a6:	76d0      	strb	r0, [r2, #27]
100032a8:	00ca      	lsls	r2, r1, #3
100032aa:	2d01      	cmp	r5, #1
100032ac:	d02c      	beq.n	10003308 <dcd_edpt_open+0xa4>
100032ae:	4f25      	ldr	r7, [pc, #148]	@ (10003344 <dcd_edpt_open+0xe0>)
100032b0:	19d2      	adds	r2, r2, r7
100032b2:	018f      	lsls	r7, r1, #6
100032b4:	46bc      	mov	ip, r7
100032b6:	44b4      	add	ip, r6
100032b8:	4667      	mov	r7, ip
100032ba:	60ba      	str	r2, [r7, #8]
100032bc:	6014      	str	r4, [r2, #0]
100032be:	2900      	cmp	r1, #0
100032c0:	d02c      	beq.n	1000331c <dcd_edpt_open+0xb8>
100032c2:	4a21      	ldr	r2, [pc, #132]	@ (10003348 <dcd_edpt_open+0xe4>)
100032c4:	00c9      	lsls	r1, r1, #3
100032c6:	1889      	adds	r1, r1, r2
100032c8:	6079      	str	r1, [r7, #4]
100032ca:	333f      	adds	r3, #63	@ 0x3f
100032cc:	099b      	lsrs	r3, r3, #6
100032ce:	2802      	cmp	r0, #2
100032d0:	d032      	beq.n	10003338 <dcd_edpt_open+0xd4>
100032d2:	019a      	lsls	r2, r3, #6
100032d4:	464b      	mov	r3, r9
100032d6:	4c1d      	ldr	r4, [pc, #116]	@ (1000334c <dcd_edpt_open+0xe8>)
100032d8:	195b      	adds	r3, r3, r5
100032da:	6821      	ldr	r1, [r4, #0]
100032dc:	015b      	lsls	r3, r3, #5
100032de:	18f6      	adds	r6, r6, r3
100032e0:	4b1b      	ldr	r3, [pc, #108]	@ (10003350 <dcd_edpt_open+0xec>)
100032e2:	188a      	adds	r2, r1, r2
100032e4:	60f1      	str	r1, [r6, #12]
100032e6:	6022      	str	r2, [r4, #0]
100032e8:	429a      	cmp	r2, r3
100032ea:	d827      	bhi.n	1000333c <dcd_edpt_open+0xd8>
100032ec:	4a19      	ldr	r2, [pc, #100]	@ (10003354 <dcd_edpt_open+0xf0>)
100032ee:	0683      	lsls	r3, r0, #26
100032f0:	404a      	eors	r2, r1
100032f2:	4313      	orrs	r3, r2
100032f4:	2280      	movs	r2, #128	@ 0x80
100032f6:	0612      	lsls	r2, r2, #24
100032f8:	4313      	orrs	r3, r2
100032fa:	6872      	ldr	r2, [r6, #4]
100032fc:	6013      	str	r3, [r2, #0]
100032fe:	2001      	movs	r0, #1
10003300:	bcc0      	pop	{r6, r7}
10003302:	46b9      	mov	r9, r7
10003304:	46b0      	mov	r8, r6
10003306:	bdf8      	pop	{r3, r4, r5, r6, r7, pc}
10003308:	4f13      	ldr	r7, [pc, #76]	@ (10003358 <dcd_edpt_open+0xf4>)
1000330a:	19d2      	adds	r2, r2, r7
1000330c:	018f      	lsls	r7, r1, #6
1000330e:	46bc      	mov	ip, r7
10003310:	44b4      	add	ip, r6
10003312:	4667      	mov	r7, ip
10003314:	62ba      	str	r2, [r7, #40]	@ 0x28
10003316:	6014      	str	r4, [r2, #0]
10003318:	2900      	cmp	r1, #0
1000331a:	d108      	bne.n	1000332e <dcd_edpt_open+0xca>
1000331c:	2300      	movs	r3, #0
1000331e:	016d      	lsls	r5, r5, #5
10003320:	1975      	adds	r5, r6, r5
10003322:	606b      	str	r3, [r5, #4]
10003324:	4b0d      	ldr	r3, [pc, #52]	@ (1000335c <dcd_edpt_open+0xf8>)
10003326:	60eb      	str	r3, [r5, #12]
10003328:	e7e9      	b.n	100032fe <dcd_edpt_open+0x9a>
1000332a:	2000      	movs	r0, #0
1000332c:	e7e8      	b.n	10003300 <dcd_edpt_open+0x9c>
1000332e:	4a09      	ldr	r2, [pc, #36]	@ (10003354 <dcd_edpt_open+0xf0>)
10003330:	00c9      	lsls	r1, r1, #3
10003332:	1889      	adds	r1, r1, r2
10003334:	6279      	str	r1, [r7, #36]	@ 0x24
10003336:	e7c8      	b.n	100032ca <dcd_edpt_open+0x66>
10003338:	01da      	lsls	r2, r3, #7
1000333a:	e7cb      	b.n	100032d4 <dcd_edpt_open+0x70>
1000333c:	f7fe fe8a 	bl	10002054 <hard_assertion_failure>
10003340:	20001820 	.word	0x20001820
10003344:	50100084 	.word	0x50100084
10003348:	50100004 	.word	0x50100004
1000334c:	20001c2c 	.word	0x20001c2c
10003350:	50100fff 	.word	0x50100fff
10003354:	50100000 	.word	0x50100000
10003358:	50100080 	.word	0x50100080
1000335c:	50100100 	.word	0x50100100

10003360 <dcd_edpt_close_all>:
10003360:	b510      	push	{r4, lr}
10003362:	f001 fde9 	bl	10004f38 <__reset_non_control_endpoints_veneer>
10003366:	bd10      	pop	{r4, pc}

10003368 <dcd_edpt_xfer>:
10003368:	207f      	movs	r0, #127	@ 0x7f
1000336a:	b510      	push	{r4, lr}
1000336c:	4008      	ands	r0, r1
1000336e:	0040      	lsls	r0, r0, #1
10003370:	09c9      	lsrs	r1, r1, #7
10003372:	1840      	adds	r0, r0, r1
10003374:	0011      	movs	r1, r2
10003376:	4a04      	ldr	r2, [pc, #16]	@ (10003388 <dcd_edpt_xfer+0x20>)
10003378:	0140      	lsls	r0, r0, #5
1000337a:	1880      	adds	r0, r0, r2
1000337c:	001a      	movs	r2, r3
1000337e:	f000 f85b 	bl	10003438 <hw_endpoint_xfer_start>
10003382:	2001      	movs	r0, #1
10003384:	bd10      	pop	{r4, pc}
10003386:	46c0      	nop			@ (mov r8, r8)
10003388:	20001820 	.word	0x20001820

1000338c <dcd_edpt_stall>:
1000338c:	237f      	movs	r3, #127	@ 0x7f
1000338e:	0018      	movs	r0, r3
10003390:	b500      	push	{lr}
10003392:	4008      	ands	r0, r1
10003394:	b083      	sub	sp, #12
10003396:	420b      	tst	r3, r1
10003398:	d104      	bne.n	100033a4 <dcd_edpt_stall+0x18>
1000339a:	424b      	negs	r3, r1
1000339c:	414b      	adcs	r3, r1
1000339e:	4a08      	ldr	r2, [pc, #32]	@ (100033c0 <dcd_edpt_stall+0x34>)
100033a0:	3301      	adds	r3, #1
100033a2:	6693      	str	r3, [r2, #104]	@ 0x68
100033a4:	2280      	movs	r2, #128	@ 0x80
100033a6:	09c9      	lsrs	r1, r1, #7
100033a8:	0040      	lsls	r0, r0, #1
100033aa:	4b06      	ldr	r3, [pc, #24]	@ (100033c4 <dcd_edpt_stall+0x38>)
100033ac:	1840      	adds	r0, r0, r1
100033ae:	0140      	lsls	r0, r0, #5
100033b0:	2100      	movs	r1, #0
100033b2:	18c0      	adds	r0, r0, r3
100033b4:	0112      	lsls	r2, r2, #4
100033b6:	f001 fdc7 	bl	10004f48 <___hw_endpoint_buffer_control_update32_veneer>
100033ba:	b003      	add	sp, #12
100033bc:	bd00      	pop	{pc}
100033be:	46c0      	nop			@ (mov r8, r8)
100033c0:	50112000 	.word	0x50112000
100033c4:	20001820 	.word	0x20001820

100033c8 <dcd_edpt_clear_stall>:
100033c8:	227f      	movs	r2, #127	@ 0x7f
100033ca:	0013      	movs	r3, r2
100033cc:	b510      	push	{r4, lr}
100033ce:	400b      	ands	r3, r1
100033d0:	420a      	tst	r2, r1
100033d2:	d100      	bne.n	100033d6 <dcd_edpt_clear_stall+0xe>
100033d4:	bd10      	pop	{r4, pc}
100033d6:	09c9      	lsrs	r1, r1, #7
100033d8:	005b      	lsls	r3, r3, #1
100033da:	185b      	adds	r3, r3, r1
100033dc:	4804      	ldr	r0, [pc, #16]	@ (100033f0 <dcd_edpt_clear_stall+0x28>)
100033de:	015b      	lsls	r3, r3, #5
100033e0:	18c0      	adds	r0, r0, r3
100033e2:	2300      	movs	r3, #0
100033e4:	2200      	movs	r2, #0
100033e6:	4903      	ldr	r1, [pc, #12]	@ (100033f4 <dcd_edpt_clear_stall+0x2c>)
100033e8:	70c3      	strb	r3, [r0, #3]
100033ea:	f001 fdad 	bl	10004f48 <___hw_endpoint_buffer_control_update32_veneer>
100033ee:	e7f1      	b.n	100033d4 <dcd_edpt_clear_stall+0xc>
100033f0:	20001820 	.word	0x20001820
100033f4:	fffff7ff 	.word	0xfffff7ff

100033f8 <rp2040_usb_init>:
100033f8:	2280      	movs	r2, #128	@ 0x80
100033fa:	4b0a      	ldr	r3, [pc, #40]	@ (10003424 <rp2040_usb_init+0x2c>)
100033fc:	0452      	lsls	r2, r2, #17
100033fe:	b510      	push	{r4, lr}
10003400:	601a      	str	r2, [r3, #0]
10003402:	4b09      	ldr	r3, [pc, #36]	@ (10003428 <rp2040_usb_init+0x30>)
10003404:	4909      	ldr	r1, [pc, #36]	@ (1000342c <rp2040_usb_init+0x34>)
10003406:	601a      	str	r2, [r3, #0]
10003408:	0010      	movs	r0, r2
1000340a:	680b      	ldr	r3, [r1, #0]
1000340c:	4398      	bics	r0, r3
1000340e:	d1fb      	bne.n	10003408 <rp2040_usb_init+0x10>
10003410:	2280      	movs	r2, #128	@ 0x80
10003412:	2100      	movs	r1, #0
10003414:	0152      	lsls	r2, r2, #5
10003416:	4806      	ldr	r0, [pc, #24]	@ (10003430 <rp2040_usb_init+0x38>)
10003418:	f7ff f840 	bl	1000249c <__wrap_memset>
1000341c:	2209      	movs	r2, #9
1000341e:	4b05      	ldr	r3, [pc, #20]	@ (10003434 <rp2040_usb_init+0x3c>)
10003420:	675a      	str	r2, [r3, #116]	@ 0x74
10003422:	bd10      	pop	{r4, pc}
10003424:	4000e000 	.word	0x4000e000
10003428:	4000f000 	.word	0x4000f000
1000342c:	4000c008 	.word	0x4000c008
10003430:	50100000 	.word	0x50100000
10003434:	50110000 	.word	0x50110000

10003438 <hw_endpoint_xfer_start>:
10003438:	2300      	movs	r3, #0
1000343a:	b510      	push	{r4, lr}
1000343c:	82c3      	strh	r3, [r0, #22]
1000343e:	3301      	adds	r3, #1
10003440:	8282      	strh	r2, [r0, #20]
10003442:	7683      	strb	r3, [r0, #26]
10003444:	6101      	str	r1, [r0, #16]
10003446:	0004      	movs	r4, r0
10003448:	f001 fdae 	bl	10004fa8 <__e15_is_bulkin_ep_veneer>
1000344c:	2800      	cmp	r0, #0
1000344e:	d004      	beq.n	1000345a <hw_endpoint_xfer_start+0x22>
10003450:	2180      	movs	r1, #128	@ 0x80
10003452:	2390      	movs	r3, #144	@ 0x90
10003454:	4a07      	ldr	r2, [pc, #28]	@ (10003474 <hw_endpoint_xfer_start+0x3c>)
10003456:	0289      	lsls	r1, r1, #10
10003458:	50d1      	str	r1, [r2, r3]
1000345a:	0020      	movs	r0, r4
1000345c:	f001 fd64 	bl	10004f28 <__e15_is_critical_frame_period_veneer>
10003460:	2800      	cmp	r0, #0
10003462:	d002      	beq.n	1000346a <hw_endpoint_xfer_start+0x32>
10003464:	2301      	movs	r3, #1
10003466:	7723      	strb	r3, [r4, #28]
10003468:	bd10      	pop	{r4, pc}
1000346a:	0020      	movs	r0, r4
1000346c:	f001 fd7c 	bl	10004f68 <__hw_endpoint_start_next_buffer_veneer>
10003470:	e7fa      	b.n	10003468 <hw_endpoint_xfer_start+0x30>
10003472:	46c0      	nop			@ (mov r8, r8)
10003474:	50112000 	.word	0x50112000

10003478 <tud_event_hook_cb>:
10003478:	4770      	bx	lr
1000347a:	46c0      	nop			@ (mov r8, r8)

1000347c <tud_sof_cb>:
1000347c:	4770      	bx	lr
1000347e:	46c0      	nop			@ (mov r8, r8)

10003480 <tud_descriptor_device_qualifier_cb>:
10003480:	2000      	movs	r0, #0
10003482:	4770      	bx	lr

10003484 <tud_descriptor_other_speed_configuration_cb>:
10003484:	2000      	movs	r0, #0
10003486:	4770      	bx	lr

10003488 <tud_mount_cb>:
10003488:	4770      	bx	lr
1000348a:	46c0      	nop			@ (mov r8, r8)

1000348c <tud_umount_cb>:
1000348c:	4770      	bx	lr
1000348e:	46c0      	nop			@ (mov r8, r8)

10003490 <tud_suspend_cb>:
10003490:	4770      	bx	lr
10003492:	46c0      	nop			@ (mov r8, r8)

10003494 <tud_resume_cb>:
10003494:	4770      	bx	lr
10003496:	46c0      	nop			@ (mov r8, r8)

10003498 <tud_mounted>:
10003498:	4b02      	ldr	r3, [pc, #8]	@ (100034a4 <tud_mounted+0xc>)
1000349a:	7858      	ldrb	r0, [r3, #1]
1000349c:	1e43      	subs	r3, r0, #1
1000349e:	4198      	sbcs	r0, r3
100034a0:	b2c0      	uxtb	r0, r0
100034a2:	4770      	bx	lr
100034a4:	20001590 	.word	0x20001590

100034a8 <tud_suspended>:
100034a8:	4b02      	ldr	r3, [pc, #8]	@ (100034b4 <tud_suspended+0xc>)
100034aa:	7818      	ldrb	r0, [r3, #0]
100034ac:	0740      	lsls	r0, r0, #29
100034ae:	0fc0      	lsrs	r0, r0, #31
100034b0:	4770      	bx	lr
100034b2:	46c0      	nop			@ (mov r8, r8)
100034b4:	20001590 	.word	0x20001590

100034b8 <tud_rhport_init>:
100034b8:	b5f0      	push	{r4, r5, r6, r7, lr}
100034ba:	46d6      	mov	lr, sl
100034bc:	464f      	mov	r7, r9
100034be:	4646      	mov	r6, r8
100034c0:	b5c0      	push	{r6, r7, lr}
100034c2:	4b2c      	ldr	r3, [pc, #176]	@ (10003574 <tud_rhport_init+0xbc>)
100034c4:	4681      	mov	r9, r0
100034c6:	4698      	mov	r8, r3
100034c8:	781b      	ldrb	r3, [r3, #0]
100034ca:	468a      	mov	sl, r1
100034cc:	2bff      	cmp	r3, #255	@ 0xff
100034ce:	d14b      	bne.n	10003568 <tud_rhport_init+0xb0>
100034d0:	2900      	cmp	r1, #0
100034d2:	d03b      	beq.n	1000354c <tud_rhport_init+0x94>
100034d4:	2100      	movs	r1, #0
100034d6:	2254      	movs	r2, #84	@ 0x54
100034d8:	4827      	ldr	r0, [pc, #156]	@ (10003578 <tud_rhport_init+0xc0>)
100034da:	f7fe ffdf 	bl	1000249c <__wrap_memset>
100034de:	2200      	movs	r2, #0
100034e0:	4c26      	ldr	r4, [pc, #152]	@ (1000357c <tud_rhport_init+0xc4>)
100034e2:	4b27      	ldr	r3, [pc, #156]	@ (10003580 <tud_rhport_init+0xc8>)
100034e4:	0020      	movs	r0, r4
100034e6:	701a      	strb	r2, [r3, #0]
100034e8:	f7fd fe1e 	bl	10001128 <mutex_init>
100034ec:	4b25      	ldr	r3, [pc, #148]	@ (10003584 <tud_rhport_init+0xcc>)
100034ee:	601c      	str	r4, [r3, #0]
100034f0:	4c25      	ldr	r4, [pc, #148]	@ (10003588 <tud_rhport_init+0xd0>)
100034f2:	0020      	movs	r0, r4
100034f4:	3c14      	subs	r4, #20
100034f6:	f7fd fe25 	bl	10001144 <critical_section_init>
100034fa:	0020      	movs	r0, r4
100034fc:	f001 fb98 	bl	10004c30 <tu_fifo_clear>
10003500:	4b22      	ldr	r3, [pc, #136]	@ (1000358c <tud_rhport_init+0xd4>)
10003502:	4d23      	ldr	r5, [pc, #140]	@ (10003590 <tud_rhport_init+0xd8>)
10003504:	601c      	str	r4, [r3, #0]
10003506:	4b23      	ldr	r3, [pc, #140]	@ (10003594 <tud_rhport_init+0xdc>)
10003508:	2b00      	cmp	r3, #0
1000350a:	d004      	beq.n	10003516 <tud_rhport_init+0x5e>
1000350c:	0028      	movs	r0, r5
1000350e:	f7ff fe19 	bl	10003144 <usbd_app_driver_get_cb>
10003512:	4b21      	ldr	r3, [pc, #132]	@ (10003598 <tud_rhport_init+0xe0>)
10003514:	6018      	str	r0, [r3, #0]
10003516:	2400      	movs	r4, #0
10003518:	782b      	ldrb	r3, [r5, #0]
1000351a:	4f20      	ldr	r7, [pc, #128]	@ (1000359c <tud_rhport_init+0xe4>)
1000351c:	4e1e      	ldr	r6, [pc, #120]	@ (10003598 <tud_rhport_init+0xe0>)
1000351e:	e00d      	b.n	1000353c <tud_rhport_init+0x84>
10003520:	6833      	ldr	r3, [r6, #0]
10003522:	0162      	lsls	r2, r4, #5
10003524:	189b      	adds	r3, r3, r2
10003526:	2b00      	cmp	r3, #0
10003528:	d010      	beq.n	1000354c <tud_rhport_init+0x94>
1000352a:	685b      	ldr	r3, [r3, #4]
1000352c:	2b00      	cmp	r3, #0
1000352e:	d00d      	beq.n	1000354c <tud_rhport_init+0x94>
10003530:	4798      	blx	r3
10003532:	3401      	adds	r4, #1
10003534:	782b      	ldrb	r3, [r5, #0]
10003536:	b2e4      	uxtb	r4, r4
10003538:	42a3      	cmp	r3, r4
1000353a:	d309      	bcc.n	10003550 <tud_rhport_init+0x98>
1000353c:	42a3      	cmp	r3, r4
1000353e:	d8ef      	bhi.n	10003520 <tud_rhport_init+0x68>
10003540:	1ae3      	subs	r3, r4, r3
10003542:	015b      	lsls	r3, r3, #5
10003544:	19db      	adds	r3, r3, r7
10003546:	685b      	ldr	r3, [r3, #4]
10003548:	2b00      	cmp	r3, #0
1000354a:	d1f1      	bne.n	10003530 <tud_rhport_init+0x78>
1000354c:	2000      	movs	r0, #0
1000354e:	e00c      	b.n	1000356a <tud_rhport_init+0xb2>
10003550:	4642      	mov	r2, r8
10003552:	464b      	mov	r3, r9
10003554:	4651      	mov	r1, sl
10003556:	4648      	mov	r0, r9
10003558:	7013      	strb	r3, [r2, #0]
1000355a:	f7ff fe0f 	bl	1000317c <dcd_init>
1000355e:	2800      	cmp	r0, #0
10003560:	d0f4      	beq.n	1000354c <tud_rhport_init+0x94>
10003562:	4648      	mov	r0, r9
10003564:	f7ff fe52 	bl	1000320c <dcd_int_enable>
10003568:	2001      	movs	r0, #1
1000356a:	bce0      	pop	{r5, r6, r7}
1000356c:	46ba      	mov	sl, r7
1000356e:	46b1      	mov	r9, r6
10003570:	46a8      	mov	r8, r5
10003572:	bdf0      	pop	{r4, r5, r6, r7, pc}
10003574:	2000103c 	.word	0x2000103c
10003578:	20001590 	.word	0x20001590
1000357c:	20001588 	.word	0x20001588
10003580:	20001c7b 	.word	0x20001c7b
10003584:	200015e4 	.word	0x200015e4
10003588:	20001034 	.word	0x20001034
1000358c:	200015e8 	.word	0x200015e8
10003590:	20001c79 	.word	0x20001c79
10003594:	10003145 	.word	0x10003145
10003598:	200014a8 	.word	0x200014a8
1000359c:	10005438 	.word	0x10005438

100035a0 <tud_task_ext>:
100035a0:	b5f0      	push	{r4, r5, r6, r7, lr}
100035a2:	46de      	mov	lr, fp
100035a4:	4657      	mov	r7, sl
100035a6:	464e      	mov	r6, r9
100035a8:	4645      	mov	r5, r8
100035aa:	b5e0      	push	{r5, r6, r7, lr}
100035ac:	4bc8      	ldr	r3, [pc, #800]	@ (100038d0 <tud_task_ext+0x330>)
100035ae:	b091      	sub	sp, #68	@ 0x44
100035b0:	9303      	str	r3, [sp, #12]
100035b2:	781b      	ldrb	r3, [r3, #0]
100035b4:	2bff      	cmp	r3, #255	@ 0xff
100035b6:	d100      	bne.n	100035ba <tud_task_ext+0x1a>
100035b8:	e142      	b.n	10003840 <tud_task_ext+0x2a0>
100035ba:	4bc6      	ldr	r3, [pc, #792]	@ (100038d4 <tud_task_ext+0x334>)
100035bc:	4ec6      	ldr	r6, [pc, #792]	@ (100038d8 <tud_task_ext+0x338>)
100035be:	001f      	movs	r7, r3
100035c0:	4bc6      	ldr	r3, [pc, #792]	@ (100038dc <tud_task_ext+0x33c>)
100035c2:	ac0d      	add	r4, sp, #52	@ 0x34
100035c4:	9302      	str	r3, [sp, #8]
100035c6:	4bc6      	ldr	r3, [pc, #792]	@ (100038e0 <tud_task_ext+0x340>)
100035c8:	9301      	str	r3, [sp, #4]
100035ca:	6835      	ldr	r5, [r6, #0]
100035cc:	696a      	ldr	r2, [r5, #20]
100035ce:	f3ef 8110 	mrs	r1, PRIMASK
100035d2:	b672      	cpsid	i
100035d4:	6813      	ldr	r3, [r2, #0]
100035d6:	2b00      	cmp	r3, #0
100035d8:	d0fc      	beq.n	100035d4 <tud_task_ext+0x34>
100035da:	f3bf 8f5f 	dmb	sy
100035de:	61a9      	str	r1, [r5, #24]
100035e0:	0028      	movs	r0, r5
100035e2:	0021      	movs	r1, r4
100035e4:	f001 f95a 	bl	1000489c <tu_fifo_read>
100035e8:	696a      	ldr	r2, [r5, #20]
100035ea:	69ab      	ldr	r3, [r5, #24]
100035ec:	f3bf 8f5f 	dmb	sy
100035f0:	2100      	movs	r1, #0
100035f2:	6011      	str	r1, [r2, #0]
100035f4:	f383 8810 	msr	PRIMASK, r3
100035f8:	2800      	cmp	r0, #0
100035fa:	d100      	bne.n	100035fe <tud_task_ext+0x5e>
100035fc:	e120      	b.n	10003840 <tud_task_ext+0x2a0>
100035fe:	7863      	ldrb	r3, [r4, #1]
10003600:	2b08      	cmp	r3, #8
10003602:	d8e2      	bhi.n	100035ca <tud_task_ext+0x2a>
10003604:	009b      	lsls	r3, r3, #2
10003606:	58fb      	ldr	r3, [r7, r3]
10003608:	469f      	mov	pc, r3
1000360a:	6863      	ldr	r3, [r4, #4]
1000360c:	2b00      	cmp	r3, #0
1000360e:	d0dc      	beq.n	100035ca <tud_task_ext+0x2a>
10003610:	68a0      	ldr	r0, [r4, #8]
10003612:	4798      	blx	r3
10003614:	e7d9      	b.n	100035ca <tud_task_ext+0x2a>
10003616:	227f      	movs	r2, #127	@ 0x7f
10003618:	7921      	ldrb	r1, [r4, #4]
1000361a:	4db0      	ldr	r5, [pc, #704]	@ (100038dc <tud_task_ext+0x33c>)
1000361c:	400a      	ands	r2, r1
1000361e:	0053      	lsls	r3, r2, #1
10003620:	18eb      	adds	r3, r5, r3
10003622:	4698      	mov	r8, r3
10003624:	09c8      	lsrs	r0, r1, #7
10003626:	4480      	add	r8, r0
10003628:	4640      	mov	r0, r8
1000362a:	2301      	movs	r3, #1
1000362c:	3030      	adds	r0, #48	@ 0x30
1000362e:	7905      	ldrb	r5, [r0, #4]
10003630:	439d      	bics	r5, r3
10003632:	7105      	strb	r5, [r0, #4]
10003634:	7905      	ldrb	r5, [r0, #4]
10003636:	3303      	adds	r3, #3
10003638:	439d      	bics	r5, r3
1000363a:	7105      	strb	r5, [r0, #4]
1000363c:	2a00      	cmp	r2, #0
1000363e:	d100      	bne.n	10003642 <tud_task_ext+0xa2>
10003640:	e105      	b.n	1000384e <tud_task_ext+0x2ae>
10003642:	4643      	mov	r3, r8
10003644:	4aa7      	ldr	r2, [pc, #668]	@ (100038e4 <tud_task_ext+0x344>)
10003646:	7d1b      	ldrb	r3, [r3, #20]
10003648:	7812      	ldrb	r2, [r2, #0]
1000364a:	4293      	cmp	r3, r2
1000364c:	d300      	bcc.n	10003650 <tud_task_ext+0xb0>
1000364e:	e0f5      	b.n	1000383c <tud_task_ext+0x29c>
10003650:	4aa5      	ldr	r2, [pc, #660]	@ (100038e8 <tud_task_ext+0x348>)
10003652:	015b      	lsls	r3, r3, #5
10003654:	6815      	ldr	r5, [r2, #0]
10003656:	18ed      	adds	r5, r5, r3
10003658:	2d00      	cmp	r5, #0
1000365a:	d100      	bne.n	1000365e <tud_task_ext+0xbe>
1000365c:	e0f0      	b.n	10003840 <tud_task_ext+0x2a0>
1000365e:	68a3      	ldr	r3, [r4, #8]
10003660:	7962      	ldrb	r2, [r4, #5]
10003662:	7820      	ldrb	r0, [r4, #0]
10003664:	69ad      	ldr	r5, [r5, #24]
10003666:	47a8      	blx	r5
10003668:	e7af      	b.n	100035ca <tud_task_ext+0x2a>
1000366a:	4ba0      	ldr	r3, [pc, #640]	@ (100038ec <tud_task_ext+0x34c>)
1000366c:	781a      	ldrb	r2, [r3, #0]
1000366e:	2a00      	cmp	r2, #0
10003670:	d100      	bne.n	10003674 <tud_task_ext+0xd4>
10003672:	e0e5      	b.n	10003840 <tud_task_ext+0x2a0>
10003674:	781a      	ldrb	r2, [r3, #0]
10003676:	3a01      	subs	r2, #1
10003678:	701a      	strb	r2, [r3, #0]
1000367a:	781b      	ldrb	r3, [r3, #0]
1000367c:	2b00      	cmp	r3, #0
1000367e:	d1a4      	bne.n	100035ca <tud_task_ext+0x2a>
10003680:	2201      	movs	r2, #1
10003682:	4d96      	ldr	r5, [pc, #600]	@ (100038dc <tud_task_ext+0x33c>)
10003684:	2101      	movs	r1, #1
10003686:	782b      	ldrb	r3, [r5, #0]
10003688:	2004      	movs	r0, #4
1000368a:	4313      	orrs	r3, r2
1000368c:	702b      	strb	r3, [r5, #0]
1000368e:	2334      	movs	r3, #52	@ 0x34
10003690:	5cea      	ldrb	r2, [r5, r3]
10003692:	438a      	bics	r2, r1
10003694:	54ea      	strb	r2, [r5, r3]
10003696:	5cea      	ldrb	r2, [r5, r3]
10003698:	4382      	bics	r2, r0
1000369a:	54ea      	strb	r2, [r5, r3]
1000369c:	3301      	adds	r3, #1
1000369e:	5cea      	ldrb	r2, [r5, r3]
100036a0:	438a      	bics	r2, r1
100036a2:	54ea      	strb	r2, [r5, r3]
100036a4:	5cea      	ldrb	r2, [r5, r3]
100036a6:	4382      	bics	r2, r0
100036a8:	54ea      	strb	r2, [r5, r3]
100036aa:	7823      	ldrb	r3, [r4, #0]
100036ac:	2000      	movs	r0, #0
100036ae:	469b      	mov	fp, r3
100036b0:	f000 fc88 	bl	10003fc4 <usbd_control_set_complete_callback>
100036b4:	2260      	movs	r2, #96	@ 0x60
100036b6:	7923      	ldrb	r3, [r4, #4]
100036b8:	401a      	ands	r2, r3
100036ba:	2a60      	cmp	r2, #96	@ 0x60
100036bc:	d100      	bne.n	100036c0 <tud_task_ext+0x120>
100036be:	e0f1      	b.n	100038a4 <tud_task_ext+0x304>
100036c0:	2a40      	cmp	r2, #64	@ 0x40
100036c2:	d100      	bne.n	100036c6 <tud_task_ext+0x126>
100036c4:	e0f7      	b.n	100038b6 <tud_task_ext+0x316>
100036c6:	06db      	lsls	r3, r3, #27
100036c8:	0edb      	lsrs	r3, r3, #27
100036ca:	2b01      	cmp	r3, #1
100036cc:	d100      	bne.n	100036d0 <tud_task_ext+0x130>
100036ce:	e115      	b.n	100038fc <tud_task_ext+0x35c>
100036d0:	2b02      	cmp	r3, #2
100036d2:	d100      	bne.n	100036d6 <tud_task_ext+0x136>
100036d4:	e0ca      	b.n	1000386c <tud_task_ext+0x2cc>
100036d6:	2b00      	cmp	r3, #0
100036d8:	d000      	beq.n	100036dc <tud_task_ext+0x13c>
100036da:	e0e3      	b.n	100038a4 <tud_task_ext+0x304>
100036dc:	2a20      	cmp	r2, #32
100036de:	d100      	bne.n	100036e2 <tud_task_ext+0x142>
100036e0:	e211      	b.n	10003b06 <tud_task_ext+0x566>
100036e2:	2a00      	cmp	r2, #0
100036e4:	d000      	beq.n	100036e8 <tud_task_ext+0x148>
100036e6:	e0dd      	b.n	100038a4 <tud_task_ext+0x304>
100036e8:	7963      	ldrb	r3, [r4, #5]
100036ea:	2b09      	cmp	r3, #9
100036ec:	d900      	bls.n	100036f0 <tud_task_ext+0x150>
100036ee:	e0d9      	b.n	100038a4 <tud_task_ext+0x304>
100036f0:	4a7f      	ldr	r2, [pc, #508]	@ (100038f0 <tud_task_ext+0x350>)
100036f2:	009b      	lsls	r3, r3, #2
100036f4:	58d3      	ldr	r3, [r2, r3]
100036f6:	469f      	mov	pc, r3
100036f8:	4d78      	ldr	r5, [pc, #480]	@ (100038dc <tud_task_ext+0x33c>)
100036fa:	782b      	ldrb	r3, [r5, #0]
100036fc:	07db      	lsls	r3, r3, #31
100036fe:	d400      	bmi.n	10003702 <tud_task_ext+0x162>
10003700:	e763      	b.n	100035ca <tud_task_ext+0x2a>
10003702:	f7ff fec7 	bl	10003494 <tud_resume_cb>
10003706:	e760      	b.n	100035ca <tud_task_ext+0x2a>
10003708:	9b02      	ldr	r3, [sp, #8]
1000370a:	78db      	ldrb	r3, [r3, #3]
1000370c:	07db      	lsls	r3, r3, #31
1000370e:	d400      	bmi.n	10003712 <tud_task_ext+0x172>
10003710:	e75b      	b.n	100035ca <tud_task_ext+0x2a>
10003712:	6860      	ldr	r0, [r4, #4]
10003714:	f7ff feb2 	bl	1000347c <tud_sof_cb>
10003718:	e757      	b.n	100035ca <tud_task_ext+0x2a>
1000371a:	4d70      	ldr	r5, [pc, #448]	@ (100038dc <tud_task_ext+0x33c>)
1000371c:	782b      	ldrb	r3, [r5, #0]
1000371e:	07db      	lsls	r3, r3, #31
10003720:	d400      	bmi.n	10003724 <tud_task_ext+0x184>
10003722:	e752      	b.n	100035ca <tud_task_ext+0x2a>
10003724:	7828      	ldrb	r0, [r5, #0]
10003726:	0700      	lsls	r0, r0, #28
10003728:	0fc0      	lsrs	r0, r0, #31
1000372a:	f7ff feb1 	bl	10003490 <tud_suspend_cb>
1000372e:	e74c      	b.n	100035ca <tud_task_ext+0x2a>
10003730:	7823      	ldrb	r3, [r4, #0]
10003732:	4a6b      	ldr	r2, [pc, #428]	@ (100038e0 <tud_task_ext+0x340>)
10003734:	4699      	mov	r9, r3
10003736:	4693      	mov	fp, r2
10003738:	4b6a      	ldr	r3, [pc, #424]	@ (100038e4 <tud_task_ext+0x344>)
1000373a:	4a6b      	ldr	r2, [pc, #428]	@ (100038e8 <tud_task_ext+0x348>)
1000373c:	4698      	mov	r8, r3
1000373e:	4692      	mov	sl, r2
10003740:	003a      	movs	r2, r7
10003742:	2500      	movs	r5, #0
10003744:	4647      	mov	r7, r8
10003746:	781b      	ldrb	r3, [r3, #0]
10003748:	46b0      	mov	r8, r6
1000374a:	464e      	mov	r6, r9
1000374c:	4691      	mov	r9, r2
1000374e:	e00e      	b.n	1000376e <tud_task_ext+0x1ce>
10003750:	4653      	mov	r3, sl
10003752:	681b      	ldr	r3, [r3, #0]
10003754:	016a      	lsls	r2, r5, #5
10003756:	189b      	adds	r3, r3, r2
10003758:	2b00      	cmp	r3, #0
1000375a:	d100      	bne.n	1000375e <tud_task_ext+0x1be>
1000375c:	e07d      	b.n	1000385a <tud_task_ext+0x2ba>
1000375e:	68db      	ldr	r3, [r3, #12]
10003760:	0030      	movs	r0, r6
10003762:	4798      	blx	r3
10003764:	3501      	adds	r5, #1
10003766:	783b      	ldrb	r3, [r7, #0]
10003768:	b2ed      	uxtb	r5, r5
1000376a:	42ab      	cmp	r3, r5
1000376c:	d30c      	bcc.n	10003788 <tud_task_ext+0x1e8>
1000376e:	42ab      	cmp	r3, r5
10003770:	d8ee      	bhi.n	10003750 <tud_task_ext+0x1b0>
10003772:	1aeb      	subs	r3, r5, r3
10003774:	015b      	lsls	r3, r3, #5
10003776:	445b      	add	r3, fp
10003778:	68db      	ldr	r3, [r3, #12]
1000377a:	0030      	movs	r0, r6
1000377c:	4798      	blx	r3
1000377e:	3501      	adds	r5, #1
10003780:	783b      	ldrb	r3, [r7, #0]
10003782:	b2ed      	uxtb	r5, r5
10003784:	42ab      	cmp	r3, r5
10003786:	d2f2      	bcs.n	1000376e <tud_task_ext+0x1ce>
10003788:	4d54      	ldr	r5, [pc, #336]	@ (100038dc <tud_task_ext+0x33c>)
1000378a:	2254      	movs	r2, #84	@ 0x54
1000378c:	2100      	movs	r1, #0
1000378e:	0028      	movs	r0, r5
10003790:	f7fe fe84 	bl	1000249c <__wrap_memset>
10003794:	2210      	movs	r2, #16
10003796:	21ff      	movs	r1, #255	@ 0xff
10003798:	1d28      	adds	r0, r5, #4
1000379a:	f7fe fe7f 	bl	1000249c <__wrap_memset>
1000379e:	0028      	movs	r0, r5
100037a0:	2220      	movs	r2, #32
100037a2:	21ff      	movs	r1, #255	@ 0xff
100037a4:	3014      	adds	r0, #20
100037a6:	4646      	mov	r6, r8
100037a8:	464f      	mov	r7, r9
100037aa:	f7fe fe77 	bl	1000249c <__wrap_memset>
100037ae:	f000 fbff 	bl	10003fb0 <usbd_control_reset>
100037b2:	7923      	ldrb	r3, [r4, #4]
100037b4:	70ab      	strb	r3, [r5, #2]
100037b6:	e708      	b.n	100035ca <tud_task_ext+0x2a>
100037b8:	7823      	ldrb	r3, [r4, #0]
100037ba:	4a4b      	ldr	r2, [pc, #300]	@ (100038e8 <tud_task_ext+0x348>)
100037bc:	4699      	mov	r9, r3
100037be:	4b49      	ldr	r3, [pc, #292]	@ (100038e4 <tud_task_ext+0x344>)
100037c0:	4692      	mov	sl, r2
100037c2:	4698      	mov	r8, r3
100037c4:	0032      	movs	r2, r6
100037c6:	46bb      	mov	fp, r7
100037c8:	464e      	mov	r6, r9
100037ca:	2500      	movs	r5, #0
100037cc:	4647      	mov	r7, r8
100037ce:	4691      	mov	r9, r2
100037d0:	781b      	ldrb	r3, [r3, #0]
100037d2:	e00d      	b.n	100037f0 <tud_task_ext+0x250>
100037d4:	4653      	mov	r3, sl
100037d6:	681b      	ldr	r3, [r3, #0]
100037d8:	016a      	lsls	r2, r5, #5
100037da:	189b      	adds	r3, r3, r2
100037dc:	2b00      	cmp	r3, #0
100037de:	d040      	beq.n	10003862 <tud_task_ext+0x2c2>
100037e0:	68db      	ldr	r3, [r3, #12]
100037e2:	0030      	movs	r0, r6
100037e4:	4798      	blx	r3
100037e6:	3501      	adds	r5, #1
100037e8:	783b      	ldrb	r3, [r7, #0]
100037ea:	b2ed      	uxtb	r5, r5
100037ec:	42ab      	cmp	r3, r5
100037ee:	d30d      	bcc.n	1000380c <tud_task_ext+0x26c>
100037f0:	429d      	cmp	r5, r3
100037f2:	d3ef      	bcc.n	100037d4 <tud_task_ext+0x234>
100037f4:	9a01      	ldr	r2, [sp, #4]
100037f6:	1aeb      	subs	r3, r5, r3
100037f8:	015b      	lsls	r3, r3, #5
100037fa:	18d3      	adds	r3, r2, r3
100037fc:	68db      	ldr	r3, [r3, #12]
100037fe:	0030      	movs	r0, r6
10003800:	4798      	blx	r3
10003802:	3501      	adds	r5, #1
10003804:	783b      	ldrb	r3, [r7, #0]
10003806:	b2ed      	uxtb	r5, r5
10003808:	42ab      	cmp	r3, r5
1000380a:	d2f1      	bcs.n	100037f0 <tud_task_ext+0x250>
1000380c:	9d02      	ldr	r5, [sp, #8]
1000380e:	2254      	movs	r2, #84	@ 0x54
10003810:	2100      	movs	r1, #0
10003812:	0028      	movs	r0, r5
10003814:	f7fe fe42 	bl	1000249c <__wrap_memset>
10003818:	2210      	movs	r2, #16
1000381a:	21ff      	movs	r1, #255	@ 0xff
1000381c:	4835      	ldr	r0, [pc, #212]	@ (100038f4 <tud_task_ext+0x354>)
1000381e:	f7fe fe3d 	bl	1000249c <__wrap_memset>
10003822:	0028      	movs	r0, r5
10003824:	2220      	movs	r2, #32
10003826:	21ff      	movs	r1, #255	@ 0xff
10003828:	3014      	adds	r0, #20
1000382a:	464e      	mov	r6, r9
1000382c:	465f      	mov	r7, fp
1000382e:	f7fe fe35 	bl	1000249c <__wrap_memset>
10003832:	f000 fbbd 	bl	10003fb0 <usbd_control_reset>
10003836:	f7ff fe29 	bl	1000348c <tud_umount_cb>
1000383a:	e6c6      	b.n	100035ca <tud_task_ext+0x2a>
1000383c:	4293      	cmp	r3, r2
1000383e:	d013      	beq.n	10003868 <tud_task_ext+0x2c8>
10003840:	b011      	add	sp, #68	@ 0x44
10003842:	bcf0      	pop	{r4, r5, r6, r7}
10003844:	46bb      	mov	fp, r7
10003846:	46b2      	mov	sl, r6
10003848:	46a9      	mov	r9, r5
1000384a:	46a0      	mov	r8, r4
1000384c:	bdf0      	pop	{r4, r5, r6, r7, pc}
1000384e:	68a3      	ldr	r3, [r4, #8]
10003850:	7962      	ldrb	r2, [r4, #5]
10003852:	7820      	ldrb	r0, [r4, #0]
10003854:	f000 fbca 	bl	10003fec <usbd_control_xfer_cb>
10003858:	e6b7      	b.n	100035ca <tud_task_ext+0x2a>
1000385a:	4646      	mov	r6, r8
1000385c:	464f      	mov	r7, r9
1000385e:	4d1f      	ldr	r5, [pc, #124]	@ (100038dc <tud_task_ext+0x33c>)
10003860:	e7a5      	b.n	100037ae <tud_task_ext+0x20e>
10003862:	464e      	mov	r6, r9
10003864:	465f      	mov	r7, fp
10003866:	e7e4      	b.n	10003832 <tud_task_ext+0x292>
10003868:	4d1d      	ldr	r5, [pc, #116]	@ (100038e0 <tud_task_ext+0x340>)
1000386a:	e6f8      	b.n	1000365e <tud_task_ext+0xbe>
1000386c:	2370      	movs	r3, #112	@ 0x70
1000386e:	7a21      	ldrb	r1, [r4, #8]
10003870:	420b      	tst	r3, r1
10003872:	d117      	bne.n	100038a4 <tud_task_ext+0x304>
10003874:	09c8      	lsrs	r0, r1, #7
10003876:	4682      	mov	sl, r0
10003878:	330f      	adds	r3, #15
1000387a:	400b      	ands	r3, r1
1000387c:	005b      	lsls	r3, r3, #1
1000387e:	4698      	mov	r8, r3
10003880:	4818      	ldr	r0, [pc, #96]	@ (100038e4 <tud_task_ext+0x344>)
10003882:	18eb      	adds	r3, r5, r3
10003884:	4453      	add	r3, sl
10003886:	7d1b      	ldrb	r3, [r3, #20]
10003888:	7800      	ldrb	r0, [r0, #0]
1000388a:	4283      	cmp	r3, r0
1000388c:	d264      	bcs.n	10003958 <tud_task_ext+0x3b8>
1000388e:	4816      	ldr	r0, [pc, #88]	@ (100038e8 <tud_task_ext+0x348>)
10003890:	015b      	lsls	r3, r3, #5
10003892:	6800      	ldr	r0, [r0, #0]
10003894:	4681      	mov	r9, r0
10003896:	4499      	add	r9, r3
10003898:	2a00      	cmp	r2, #0
1000389a:	d100      	bne.n	1000389e <tud_task_ext+0x2fe>
1000389c:	e155      	b.n	10003b4a <tud_task_ext+0x5aa>
1000389e:	464b      	mov	r3, r9
100038a0:	2b00      	cmp	r3, #0
100038a2:	d161      	bne.n	10003968 <tud_task_ext+0x3c8>
100038a4:	7820      	ldrb	r0, [r4, #0]
100038a6:	2100      	movs	r1, #0
100038a8:	f7ff fd70 	bl	1000338c <dcd_edpt_stall>
100038ac:	2180      	movs	r1, #128	@ 0x80
100038ae:	7820      	ldrb	r0, [r4, #0]
100038b0:	f7ff fd6c 	bl	1000338c <dcd_edpt_stall>
100038b4:	e689      	b.n	100035ca <tud_task_ext+0x2a>
100038b6:	4810      	ldr	r0, [pc, #64]	@ (100038f8 <tud_task_ext+0x358>)
100038b8:	f000 fb84 	bl	10003fc4 <usbd_control_set_complete_callback>
100038bc:	2101      	movs	r1, #1
100038be:	4658      	mov	r0, fp
100038c0:	aa0e      	add	r2, sp, #56	@ 0x38
100038c2:	f7ff fc23 	bl	1000310c <tud_vendor_control_xfer_cb>
100038c6:	2800      	cmp	r0, #0
100038c8:	d000      	beq.n	100038cc <tud_task_ext+0x32c>
100038ca:	e67e      	b.n	100035ca <tud_task_ext+0x2a>
100038cc:	e7ea      	b.n	100038a4 <tud_task_ext+0x304>
100038ce:	46c0      	nop			@ (mov r8, r8)
100038d0:	2000103c 	.word	0x2000103c
100038d4:	10005390 	.word	0x10005390
100038d8:	200015e8 	.word	0x200015e8
100038dc:	20001590 	.word	0x20001590
100038e0:	10005438 	.word	0x10005438
100038e4:	20001c79 	.word	0x20001c79
100038e8:	200014a8 	.word	0x200014a8
100038ec:	20001c7b 	.word	0x20001c7b
100038f0:	100053b4 	.word	0x100053b4
100038f4:	20001594 	.word	0x20001594
100038f8:	1000310d 	.word	0x1000310d
100038fc:	7a23      	ldrb	r3, [r4, #8]
100038fe:	8922      	ldrh	r2, [r4, #8]
10003900:	2b0f      	cmp	r3, #15
10003902:	d8cf      	bhi.n	100038a4 <tud_task_ext+0x304>
10003904:	23ff      	movs	r3, #255	@ 0xff
10003906:	4013      	ands	r3, r2
10003908:	4ad1      	ldr	r2, [pc, #836]	@ (10003c50 <tud_task_ext+0x6b0>)
1000390a:	18eb      	adds	r3, r5, r3
1000390c:	791b      	ldrb	r3, [r3, #4]
1000390e:	7812      	ldrb	r2, [r2, #0]
10003910:	4293      	cmp	r3, r2
10003912:	d334      	bcc.n	1000397e <tud_task_ext+0x3de>
10003914:	d1c6      	bne.n	100038a4 <tud_task_ext+0x304>
10003916:	4dcf      	ldr	r5, [pc, #828]	@ (10003c54 <tud_task_ext+0x6b4>)
10003918:	6968      	ldr	r0, [r5, #20]
1000391a:	f000 fb53 	bl	10003fc4 <usbd_control_set_complete_callback>
1000391e:	2101      	movs	r1, #1
10003920:	4658      	mov	r0, fp
10003922:	696b      	ldr	r3, [r5, #20]
10003924:	aa0e      	add	r2, sp, #56	@ 0x38
10003926:	4798      	blx	r3
10003928:	2800      	cmp	r0, #0
1000392a:	d000      	beq.n	1000392e <tud_task_ext+0x38e>
1000392c:	e64d      	b.n	100035ca <tud_task_ext+0x2a>
1000392e:	2260      	movs	r2, #96	@ 0x60
10003930:	0015      	movs	r5, r2
10003932:	7923      	ldrb	r3, [r4, #4]
10003934:	401d      	ands	r5, r3
10003936:	421a      	tst	r2, r3
10003938:	d1b4      	bne.n	100038a4 <tud_task_ext+0x304>
1000393a:	7963      	ldrb	r3, [r4, #5]
1000393c:	3b0a      	subs	r3, #10
1000393e:	2b01      	cmp	r3, #1
10003940:	d8b0      	bhi.n	100038a4 <tud_task_ext+0x304>
10003942:	f000 fb3f 	bl	10003fc4 <usbd_control_set_complete_callback>
10003946:	7963      	ldrb	r3, [r4, #5]
10003948:	2b0a      	cmp	r3, #10
1000394a:	d100      	bne.n	1000394e <tud_task_ext+0x3ae>
1000394c:	e18a      	b.n	10003c64 <tud_task_ext+0x6c4>
1000394e:	4658      	mov	r0, fp
10003950:	a90e      	add	r1, sp, #56	@ 0x38
10003952:	f000 fac7 	bl	10003ee4 <tud_control_status>
10003956:	e638      	b.n	100035ca <tud_task_ext+0x2a>
10003958:	4283      	cmp	r3, r0
1000395a:	d000      	beq.n	1000395e <tud_task_ext+0x3be>
1000395c:	e0f0      	b.n	10003b40 <tud_task_ext+0x5a0>
1000395e:	4bbd      	ldr	r3, [pc, #756]	@ (10003c54 <tud_task_ext+0x6b4>)
10003960:	4699      	mov	r9, r3
10003962:	2a00      	cmp	r2, #0
10003964:	d100      	bne.n	10003968 <tud_task_ext+0x3c8>
10003966:	e0f0      	b.n	10003b4a <tud_task_ext+0x5aa>
10003968:	464b      	mov	r3, r9
1000396a:	6958      	ldr	r0, [r3, #20]
1000396c:	f000 fb2a 	bl	10003fc4 <usbd_control_set_complete_callback>
10003970:	464b      	mov	r3, r9
10003972:	2101      	movs	r1, #1
10003974:	4658      	mov	r0, fp
10003976:	695b      	ldr	r3, [r3, #20]
10003978:	aa0e      	add	r2, sp, #56	@ 0x38
1000397a:	4798      	blx	r3
1000397c:	e7a3      	b.n	100038c6 <tud_task_ext+0x326>
1000397e:	4ab6      	ldr	r2, [pc, #728]	@ (10003c58 <tud_task_ext+0x6b8>)
10003980:	015b      	lsls	r3, r3, #5
10003982:	6815      	ldr	r5, [r2, #0]
10003984:	18ed      	adds	r5, r5, r3
10003986:	2d00      	cmp	r5, #0
10003988:	d1c6      	bne.n	10003918 <tud_task_ext+0x378>
1000398a:	e78b      	b.n	100038a4 <tud_task_ext+0x304>
1000398c:	79a3      	ldrb	r3, [r4, #6]
1000398e:	4699      	mov	r9, r3
10003990:	786b      	ldrb	r3, [r5, #1]
10003992:	4599      	cmp	r9, r3
10003994:	d0db      	beq.n	1000394e <tud_task_ext+0x3ae>
10003996:	786b      	ldrb	r3, [r5, #1]
10003998:	2b00      	cmp	r3, #0
1000399a:	d000      	beq.n	1000399e <tud_task_ext+0x3fe>
1000399c:	e12c      	b.n	10003bf8 <tud_task_ext+0x658>
1000399e:	464b      	mov	r3, r9
100039a0:	706b      	strb	r3, [r5, #1]
100039a2:	2b00      	cmp	r3, #0
100039a4:	d100      	bne.n	100039a8 <tud_task_ext+0x408>
100039a6:	e124      	b.n	10003bf2 <tud_task_ext+0x652>
100039a8:	4648      	mov	r0, r9
100039aa:	3801      	subs	r0, #1
100039ac:	b2c0      	uxtb	r0, r0
100039ae:	f7ff fa09 	bl	10002dc4 <tud_descriptor_configuration_cb>
100039b2:	2800      	cmp	r0, #0
100039b4:	d100      	bne.n	100039b8 <tud_task_ext+0x418>
100039b6:	e174      	b.n	10003ca2 <tud_task_ext+0x702>
100039b8:	7843      	ldrb	r3, [r0, #1]
100039ba:	9307      	str	r3, [sp, #28]
100039bc:	2b02      	cmp	r3, #2
100039be:	d000      	beq.n	100039c2 <tud_task_ext+0x422>
100039c0:	e16f      	b.n	10003ca2 <tud_task_ext+0x702>
100039c2:	2201      	movs	r2, #1
100039c4:	79c1      	ldrb	r1, [r0, #7]
100039c6:	46b1      	mov	r9, r6
100039c8:	118b      	asrs	r3, r1, #6
100039ca:	1149      	asrs	r1, r1, #5
100039cc:	4013      	ands	r3, r2
100039ce:	400a      	ands	r2, r1
100039d0:	2130      	movs	r1, #48	@ 0x30
100039d2:	0112      	lsls	r2, r2, #4
100039d4:	015b      	lsls	r3, r3, #5
100039d6:	4313      	orrs	r3, r2
100039d8:	782a      	ldrb	r2, [r5, #0]
100039da:	46a8      	mov	r8, r5
100039dc:	438a      	bics	r2, r1
100039de:	4313      	orrs	r3, r2
100039e0:	702b      	strb	r3, [r5, #0]
100039e2:	2309      	movs	r3, #9
100039e4:	469a      	mov	sl, r3
100039e6:	4482      	add	sl, r0
100039e8:	4656      	mov	r6, sl
100039ea:	46ba      	mov	sl, r7
100039ec:	78c3      	ldrb	r3, [r0, #3]
100039ee:	7882      	ldrb	r2, [r0, #2]
100039f0:	021b      	lsls	r3, r3, #8
100039f2:	4313      	orrs	r3, r2
100039f4:	18c3      	adds	r3, r0, r3
100039f6:	9305      	str	r3, [sp, #20]
100039f8:	4b95      	ldr	r3, [pc, #596]	@ (10003c50 <tud_task_ext+0x6b0>)
100039fa:	9304      	str	r3, [sp, #16]
100039fc:	4b95      	ldr	r3, [pc, #596]	@ (10003c54 <tud_task_ext+0x6b4>)
100039fe:	9308      	str	r3, [sp, #32]
10003a00:	4b95      	ldr	r3, [pc, #596]	@ (10003c58 <tud_task_ext+0x6b8>)
10003a02:	9309      	str	r3, [sp, #36]	@ 0x24
10003a04:	4b95      	ldr	r3, [pc, #596]	@ (10003c5c <tud_task_ext+0x6bc>)
10003a06:	930a      	str	r3, [sp, #40]	@ 0x28
10003a08:	9b05      	ldr	r3, [sp, #20]
10003a0a:	42b3      	cmp	r3, r6
10003a0c:	d800      	bhi.n	10003a10 <tud_task_ext+0x470>
10003a0e:	e14b      	b.n	10003ca8 <tud_task_ext+0x708>
10003a10:	7873      	ldrb	r3, [r6, #1]
10003a12:	2201      	movs	r2, #1
10003a14:	2b0b      	cmp	r3, #11
10003a16:	d103      	bne.n	10003a20 <tud_task_ext+0x480>
10003a18:	7833      	ldrb	r3, [r6, #0]
10003a1a:	78f2      	ldrb	r2, [r6, #3]
10003a1c:	18f6      	adds	r6, r6, r3
10003a1e:	7873      	ldrb	r3, [r6, #1]
10003a20:	2b04      	cmp	r3, #4
10003a22:	d000      	beq.n	10003a26 <tud_task_ext+0x486>
10003a24:	e13a      	b.n	10003c9c <tud_task_ext+0x6fc>
10003a26:	9b05      	ldr	r3, [sp, #20]
10003a28:	2700      	movs	r7, #0
10003a2a:	1b9b      	subs	r3, r3, r6
10003a2c:	b29b      	uxth	r3, r3
10003a2e:	9306      	str	r3, [sp, #24]
10003a30:	9b04      	ldr	r3, [sp, #16]
10003a32:	920b      	str	r2, [sp, #44]	@ 0x2c
10003a34:	781d      	ldrb	r5, [r3, #0]
10003a36:	e019      	b.n	10003a6c <tud_task_ext+0x4cc>
10003a38:	9a09      	ldr	r2, [sp, #36]	@ 0x24
10003a3a:	017b      	lsls	r3, r7, #5
10003a3c:	6815      	ldr	r5, [r2, #0]
10003a3e:	18ed      	adds	r5, r5, r3
10003a40:	2d00      	cmp	r5, #0
10003a42:	d100      	bne.n	10003a46 <tud_task_ext+0x4a6>
10003a44:	e12a      	b.n	10003c9c <tud_task_ext+0x6fc>
10003a46:	0031      	movs	r1, r6
10003a48:	4658      	mov	r0, fp
10003a4a:	692b      	ldr	r3, [r5, #16]
10003a4c:	9a06      	ldr	r2, [sp, #24]
10003a4e:	4798      	blx	r3
10003a50:	4684      	mov	ip, r0
10003a52:	2808      	cmp	r0, #8
10003a54:	d903      	bls.n	10003a5e <tud_task_ext+0x4be>
10003a56:	9a06      	ldr	r2, [sp, #24]
10003a58:	4282      	cmp	r2, r0
10003a5a:	d300      	bcc.n	10003a5e <tud_task_ext+0x4be>
10003a5c:	e10b      	b.n	10003c76 <tud_task_ext+0x6d6>
10003a5e:	9b04      	ldr	r3, [sp, #16]
10003a60:	3701      	adds	r7, #1
10003a62:	781d      	ldrb	r5, [r3, #0]
10003a64:	b2ff      	uxtb	r7, r7
10003a66:	42bd      	cmp	r5, r7
10003a68:	d200      	bcs.n	10003a6c <tud_task_ext+0x4cc>
10003a6a:	e117      	b.n	10003c9c <tud_task_ext+0x6fc>
10003a6c:	42bd      	cmp	r5, r7
10003a6e:	d8e3      	bhi.n	10003a38 <tud_task_ext+0x498>
10003a70:	9b08      	ldr	r3, [sp, #32]
10003a72:	1b7d      	subs	r5, r7, r5
10003a74:	016d      	lsls	r5, r5, #5
10003a76:	195d      	adds	r5, r3, r5
10003a78:	e7e5      	b.n	10003a46 <tud_task_ext+0x4a6>
10003a7a:	786b      	ldrb	r3, [r5, #1]
10003a7c:	aa0c      	add	r2, sp, #48	@ 0x30
10003a7e:	3202      	adds	r2, #2
10003a80:	7013      	strb	r3, [r2, #0]
10003a82:	4658      	mov	r0, fp
10003a84:	2301      	movs	r3, #1
10003a86:	a90e      	add	r1, sp, #56	@ 0x38
10003a88:	f000 fa42 	bl	10003f10 <tud_control_xfer>
10003a8c:	e59d      	b.n	100035ca <tud_task_ext+0x2a>
10003a8e:	88e0      	ldrh	r0, [r4, #6]
10003a90:	0a03      	lsrs	r3, r0, #8
10003a92:	b2c0      	uxtb	r0, r0
10003a94:	2b0f      	cmp	r3, #15
10003a96:	d900      	bls.n	10003a9a <tud_task_ext+0x4fa>
10003a98:	e704      	b.n	100038a4 <tud_task_ext+0x304>
10003a9a:	4971      	ldr	r1, [pc, #452]	@ (10003c60 <tud_task_ext+0x6c0>)
10003a9c:	009a      	lsls	r2, r3, #2
10003a9e:	588a      	ldr	r2, [r1, r2]
10003aa0:	4697      	mov	pc, r2
10003aa2:	a80e      	add	r0, sp, #56	@ 0x38
10003aa4:	f000 fa94 	bl	10003fd0 <usbd_control_set_request>
10003aa8:	4658      	mov	r0, fp
10003aaa:	79a1      	ldrb	r1, [r4, #6]
10003aac:	f7ff fbb4 	bl	10003218 <dcd_set_address>
10003ab0:	2202      	movs	r2, #2
10003ab2:	782b      	ldrb	r3, [r5, #0]
10003ab4:	4313      	orrs	r3, r2
10003ab6:	702b      	strb	r3, [r5, #0]
10003ab8:	e587      	b.n	100035ca <tud_task_ext+0x2a>
10003aba:	88e3      	ldrh	r3, [r4, #6]
10003abc:	2b01      	cmp	r3, #1
10003abe:	d000      	beq.n	10003ac2 <tud_task_ext+0x522>
10003ac0:	e6f0      	b.n	100038a4 <tud_task_ext+0x304>
10003ac2:	2208      	movs	r2, #8
10003ac4:	782b      	ldrb	r3, [r5, #0]
10003ac6:	4658      	mov	r0, fp
10003ac8:	4393      	bics	r3, r2
10003aca:	a90e      	add	r1, sp, #56	@ 0x38
10003acc:	702b      	strb	r3, [r5, #0]
10003ace:	f000 fa09 	bl	10003ee4 <tud_control_status>
10003ad2:	e57a      	b.n	100035ca <tud_task_ext+0x2a>
10003ad4:	2002      	movs	r0, #2
10003ad6:	7829      	ldrb	r1, [r5, #0]
10003ad8:	ab0c      	add	r3, sp, #48	@ 0x30
10003ada:	1c9a      	adds	r2, r3, #2
10003adc:	068b      	lsls	r3, r1, #26
10003ade:	0889      	lsrs	r1, r1, #2
10003ae0:	0fdb      	lsrs	r3, r3, #31
10003ae2:	4001      	ands	r1, r0
10003ae4:	430b      	orrs	r3, r1
10003ae6:	8013      	strh	r3, [r2, #0]
10003ae8:	4658      	mov	r0, fp
10003aea:	2302      	movs	r3, #2
10003aec:	a90e      	add	r1, sp, #56	@ 0x38
10003aee:	f000 fa0f 	bl	10003f10 <tud_control_xfer>
10003af2:	e56a      	b.n	100035ca <tud_task_ext+0x2a>
10003af4:	88e3      	ldrh	r3, [r4, #6]
10003af6:	2b01      	cmp	r3, #1
10003af8:	d000      	beq.n	10003afc <tud_task_ext+0x55c>
10003afa:	e6d3      	b.n	100038a4 <tud_task_ext+0x304>
10003afc:	2208      	movs	r2, #8
10003afe:	782b      	ldrb	r3, [r5, #0]
10003b00:	4313      	orrs	r3, r2
10003b02:	702b      	strb	r3, [r5, #0]
10003b04:	e723      	b.n	1000394e <tud_task_ext+0x3ae>
10003b06:	7a23      	ldrb	r3, [r4, #8]
10003b08:	8922      	ldrh	r2, [r4, #8]
10003b0a:	2b0f      	cmp	r3, #15
10003b0c:	d900      	bls.n	10003b10 <tud_task_ext+0x570>
10003b0e:	e6c9      	b.n	100038a4 <tud_task_ext+0x304>
10003b10:	23ff      	movs	r3, #255	@ 0xff
10003b12:	4013      	ands	r3, r2
10003b14:	4a4e      	ldr	r2, [pc, #312]	@ (10003c50 <tud_task_ext+0x6b0>)
10003b16:	18eb      	adds	r3, r5, r3
10003b18:	791b      	ldrb	r3, [r3, #4]
10003b1a:	7812      	ldrb	r2, [r2, #0]
10003b1c:	4293      	cmp	r3, r2
10003b1e:	d228      	bcs.n	10003b72 <tud_task_ext+0x5d2>
10003b20:	4a4d      	ldr	r2, [pc, #308]	@ (10003c58 <tud_task_ext+0x6b8>)
10003b22:	015b      	lsls	r3, r3, #5
10003b24:	6815      	ldr	r5, [r2, #0]
10003b26:	18ed      	adds	r5, r5, r3
10003b28:	2d00      	cmp	r5, #0
10003b2a:	d100      	bne.n	10003b2e <tud_task_ext+0x58e>
10003b2c:	e6ba      	b.n	100038a4 <tud_task_ext+0x304>
10003b2e:	6968      	ldr	r0, [r5, #20]
10003b30:	f000 fa48 	bl	10003fc4 <usbd_control_set_complete_callback>
10003b34:	2101      	movs	r1, #1
10003b36:	4658      	mov	r0, fp
10003b38:	696b      	ldr	r3, [r5, #20]
10003b3a:	aa0e      	add	r2, sp, #56	@ 0x38
10003b3c:	4798      	blx	r3
10003b3e:	e6c2      	b.n	100038c6 <tud_task_ext+0x326>
10003b40:	2a00      	cmp	r2, #0
10003b42:	d000      	beq.n	10003b46 <tud_task_ext+0x5a6>
10003b44:	e6ae      	b.n	100038a4 <tud_task_ext+0x304>
10003b46:	2300      	movs	r3, #0
10003b48:	4699      	mov	r9, r3
10003b4a:	7962      	ldrb	r2, [r4, #5]
10003b4c:	2002      	movs	r0, #2
10003b4e:	0013      	movs	r3, r2
10003b50:	9204      	str	r2, [sp, #16]
10003b52:	4383      	bics	r3, r0
10003b54:	2b01      	cmp	r3, #1
10003b56:	d011      	beq.n	10003b7c <tud_task_ext+0x5dc>
10003b58:	2a00      	cmp	r2, #0
10003b5a:	d000      	beq.n	10003b5e <tud_task_ext+0x5be>
10003b5c:	e6a2      	b.n	100038a4 <tud_task_ext+0x304>
10003b5e:	002b      	movs	r3, r5
10003b60:	4443      	add	r3, r8
10003b62:	4453      	add	r3, sl
10003b64:	3330      	adds	r3, #48	@ 0x30
10003b66:	791b      	ldrb	r3, [r3, #4]
10003b68:	aa0c      	add	r2, sp, #48	@ 0x30
10003b6a:	079b      	lsls	r3, r3, #30
10003b6c:	0fdb      	lsrs	r3, r3, #31
10003b6e:	3202      	adds	r2, #2
10003b70:	e7b9      	b.n	10003ae6 <tud_task_ext+0x546>
10003b72:	4293      	cmp	r3, r2
10003b74:	d000      	beq.n	10003b78 <tud_task_ext+0x5d8>
10003b76:	e695      	b.n	100038a4 <tud_task_ext+0x304>
10003b78:	4d36      	ldr	r5, [pc, #216]	@ (10003c54 <tud_task_ext+0x6b4>)
10003b7a:	e7d8      	b.n	10003b2e <tud_task_ext+0x58e>
10003b7c:	88e3      	ldrh	r3, [r4, #6]
10003b7e:	2b00      	cmp	r3, #0
10003b80:	d112      	bne.n	10003ba8 <tud_task_ext+0x608>
10003b82:	9b03      	ldr	r3, [sp, #12]
10003b84:	7818      	ldrb	r0, [r3, #0]
10003b86:	9b04      	ldr	r3, [sp, #16]
10003b88:	2b01      	cmp	r3, #1
10003b8a:	d023      	beq.n	10003bd4 <tud_task_ext+0x634>
10003b8c:	f7ff fbfe 	bl	1000338c <dcd_edpt_stall>
10003b90:	4643      	mov	r3, r8
10003b92:	2102      	movs	r1, #2
10003b94:	18eb      	adds	r3, r5, r3
10003b96:	4453      	add	r3, sl
10003b98:	3330      	adds	r3, #48	@ 0x30
10003b9a:	791a      	ldrb	r2, [r3, #4]
10003b9c:	430a      	orrs	r2, r1
10003b9e:	2101      	movs	r1, #1
10003ba0:	711a      	strb	r2, [r3, #4]
10003ba2:	791a      	ldrb	r2, [r3, #4]
10003ba4:	430a      	orrs	r2, r1
10003ba6:	711a      	strb	r2, [r3, #4]
10003ba8:	464b      	mov	r3, r9
10003baa:	2b00      	cmp	r3, #0
10003bac:	d100      	bne.n	10003bb0 <tud_task_ext+0x610>
10003bae:	e50c      	b.n	100035ca <tud_task_ext+0x2a>
10003bb0:	6958      	ldr	r0, [r3, #20]
10003bb2:	f000 fa07 	bl	10003fc4 <usbd_control_set_complete_callback>
10003bb6:	464b      	mov	r3, r9
10003bb8:	2101      	movs	r1, #1
10003bba:	695b      	ldr	r3, [r3, #20]
10003bbc:	aa0e      	add	r2, sp, #56	@ 0x38
10003bbe:	4658      	mov	r0, fp
10003bc0:	4798      	blx	r3
10003bc2:	2000      	movs	r0, #0
10003bc4:	f000 f9fe 	bl	10003fc4 <usbd_control_set_complete_callback>
10003bc8:	2335      	movs	r3, #53	@ 0x35
10003bca:	5ceb      	ldrb	r3, [r5, r3]
10003bcc:	07db      	lsls	r3, r3, #31
10003bce:	d500      	bpl.n	10003bd2 <tud_task_ext+0x632>
10003bd0:	e4fb      	b.n	100035ca <tud_task_ext+0x2a>
10003bd2:	e6bc      	b.n	1000394e <tud_task_ext+0x3ae>
10003bd4:	f7ff fbf8 	bl	100033c8 <dcd_edpt_clear_stall>
10003bd8:	4643      	mov	r3, r8
10003bda:	2102      	movs	r1, #2
10003bdc:	18eb      	adds	r3, r5, r3
10003bde:	4453      	add	r3, sl
10003be0:	3330      	adds	r3, #48	@ 0x30
10003be2:	791a      	ldrb	r2, [r3, #4]
10003be4:	438a      	bics	r2, r1
10003be6:	711a      	strb	r2, [r3, #4]
10003be8:	791a      	ldrb	r2, [r3, #4]
10003bea:	9904      	ldr	r1, [sp, #16]
10003bec:	438a      	bics	r2, r1
10003bee:	711a      	strb	r2, [r3, #4]
10003bf0:	e7da      	b.n	10003ba8 <tud_task_ext+0x608>
10003bf2:	f7ff fc4b 	bl	1000348c <tud_umount_cb>
10003bf6:	e6aa      	b.n	1000394e <tud_task_ext+0x3ae>
10003bf8:	2100      	movs	r1, #0
10003bfa:	4658      	mov	r0, fp
10003bfc:	f7ff fb16 	bl	1000322c <dcd_sof_enable>
10003c00:	4658      	mov	r0, fp
10003c02:	f7ff fbad 	bl	10003360 <dcd_edpt_close_all>
10003c06:	2200      	movs	r2, #0
10003c08:	4692      	mov	sl, r2
10003c0a:	4a12      	ldr	r2, [pc, #72]	@ (10003c54 <tud_task_ext+0x6b4>)
10003c0c:	78ab      	ldrb	r3, [r5, #2]
10003c0e:	9205      	str	r2, [sp, #20]
10003c10:	4a11      	ldr	r2, [pc, #68]	@ (10003c58 <tud_task_ext+0x6b8>)
10003c12:	9304      	str	r3, [sp, #16]
10003c14:	9206      	str	r2, [sp, #24]
10003c16:	002a      	movs	r2, r5
10003c18:	4b0d      	ldr	r3, [pc, #52]	@ (10003c50 <tud_task_ext+0x6b0>)
10003c1a:	4655      	mov	r5, sl
10003c1c:	4698      	mov	r8, r3
10003c1e:	4692      	mov	sl, r2
10003c20:	781b      	ldrb	r3, [r3, #0]
10003c22:	e00e      	b.n	10003c42 <tud_task_ext+0x6a2>
10003c24:	9b06      	ldr	r3, [sp, #24]
10003c26:	016a      	lsls	r2, r5, #5
10003c28:	681b      	ldr	r3, [r3, #0]
10003c2a:	189b      	adds	r3, r3, r2
10003c2c:	2b00      	cmp	r3, #0
10003c2e:	d054      	beq.n	10003cda <tud_task_ext+0x73a>
10003c30:	68db      	ldr	r3, [r3, #12]
10003c32:	4658      	mov	r0, fp
10003c34:	4798      	blx	r3
10003c36:	4643      	mov	r3, r8
10003c38:	3501      	adds	r5, #1
10003c3a:	781b      	ldrb	r3, [r3, #0]
10003c3c:	b2ed      	uxtb	r5, r5
10003c3e:	42ab      	cmp	r3, r5
10003c40:	d337      	bcc.n	10003cb2 <tud_task_ext+0x712>
10003c42:	42ab      	cmp	r3, r5
10003c44:	d8ee      	bhi.n	10003c24 <tud_task_ext+0x684>
10003c46:	9a05      	ldr	r2, [sp, #20]
10003c48:	1aeb      	subs	r3, r5, r3
10003c4a:	015b      	lsls	r3, r3, #5
10003c4c:	18d3      	adds	r3, r2, r3
10003c4e:	e7ef      	b.n	10003c30 <tud_task_ext+0x690>
10003c50:	20001c79 	.word	0x20001c79
10003c54:	10005438 	.word	0x10005438
10003c58:	200014a8 	.word	0x200014a8
10003c5c:	200015a4 	.word	0x200015a4
10003c60:	100053dc 	.word	0x100053dc
10003c64:	ab0c      	add	r3, sp, #48	@ 0x30
10003c66:	1c9a      	adds	r2, r3, #2
10003c68:	4658      	mov	r0, fp
10003c6a:	2301      	movs	r3, #1
10003c6c:	a90e      	add	r1, sp, #56	@ 0x38
10003c6e:	7015      	strb	r5, [r2, #0]
10003c70:	f000 f94e 	bl	10003f10 <tud_control_xfer>
10003c74:	e4a9      	b.n	100035ca <tud_task_ext+0x2a>
10003c76:	9a0b      	ldr	r2, [sp, #44]	@ 0x2c
10003c78:	2a01      	cmp	r2, #1
10003c7a:	d04c      	beq.n	10003d16 <tud_task_ext+0x776>
10003c7c:	2a00      	cmp	r2, #0
10003c7e:	d03c      	beq.n	10003cfa <tud_task_ext+0x75a>
10003c80:	2300      	movs	r3, #0
10003c82:	78b0      	ldrb	r0, [r6, #2]
10003c84:	e004      	b.n	10003c90 <tud_task_ext+0x6f0>
10003c86:	3301      	adds	r3, #1
10003c88:	b2db      	uxtb	r3, r3
10003c8a:	710f      	strb	r7, [r1, #4]
10003c8c:	4293      	cmp	r3, r2
10003c8e:	d234      	bcs.n	10003cfa <tud_task_ext+0x75a>
10003c90:	18c1      	adds	r1, r0, r3
10003c92:	b2c9      	uxtb	r1, r1
10003c94:	4441      	add	r1, r8
10003c96:	790d      	ldrb	r5, [r1, #4]
10003c98:	2dff      	cmp	r5, #255	@ 0xff
10003c9a:	d0f4      	beq.n	10003c86 <tud_task_ext+0x6e6>
10003c9c:	464e      	mov	r6, r9
10003c9e:	4645      	mov	r5, r8
10003ca0:	4657      	mov	r7, sl
10003ca2:	2300      	movs	r3, #0
10003ca4:	706b      	strb	r3, [r5, #1]
10003ca6:	e5fd      	b.n	100038a4 <tud_task_ext+0x304>
10003ca8:	464e      	mov	r6, r9
10003caa:	4657      	mov	r7, sl
10003cac:	f7ff fbec 	bl	10003488 <tud_mount_cb>
10003cb0:	e64d      	b.n	1000394e <tud_task_ext+0x3ae>
10003cb2:	4655      	mov	r5, sl
10003cb4:	2254      	movs	r2, #84	@ 0x54
10003cb6:	2100      	movs	r1, #0
10003cb8:	0028      	movs	r0, r5
10003cba:	f7fe fbef 	bl	1000249c <__wrap_memset>
10003cbe:	2210      	movs	r2, #16
10003cc0:	21ff      	movs	r1, #255	@ 0xff
10003cc2:	1d28      	adds	r0, r5, #4
10003cc4:	f7fe fbea 	bl	1000249c <__wrap_memset>
10003cc8:	0028      	movs	r0, r5
10003cca:	2220      	movs	r2, #32
10003ccc:	21ff      	movs	r1, #255	@ 0xff
10003cce:	3014      	adds	r0, #20
10003cd0:	f7fe fbe4 	bl	1000249c <__wrap_memset>
10003cd4:	9b04      	ldr	r3, [sp, #16]
10003cd6:	70ab      	strb	r3, [r5, #2]
10003cd8:	e661      	b.n	1000399e <tud_task_ext+0x3fe>
10003cda:	4655      	mov	r5, sl
10003cdc:	e7fa      	b.n	10003cd4 <tud_task_ext+0x734>
10003cde:	f7ff fa11 	bl	10003104 <tud_descriptor_bos_cb>
10003ce2:	1e02      	subs	r2, r0, #0
10003ce4:	d100      	bne.n	10003ce8 <tud_task_ext+0x748>
10003ce6:	e5dd      	b.n	100038a4 <tud_task_ext+0x304>
10003ce8:	78d3      	ldrb	r3, [r2, #3]
10003cea:	7891      	ldrb	r1, [r2, #2]
10003cec:	021b      	lsls	r3, r3, #8
10003cee:	430b      	orrs	r3, r1
10003cf0:	4658      	mov	r0, fp
10003cf2:	a90e      	add	r1, sp, #56	@ 0x38
10003cf4:	f000 f90c 	bl	10003f10 <tud_control_xfer>
10003cf8:	e5e5      	b.n	100038c6 <tud_task_ext+0x326>
10003cfa:	4665      	mov	r5, ip
10003cfc:	003b      	movs	r3, r7
10003cfe:	0031      	movs	r1, r6
10003d00:	002a      	movs	r2, r5
10003d02:	980a      	ldr	r0, [sp, #40]	@ 0x28
10003d04:	f000 fd46 	bl	10004794 <tu_edpt_bind_driver>
10003d08:	9b04      	ldr	r3, [sp, #16]
10003d0a:	1976      	adds	r6, r6, r5
10003d0c:	781b      	ldrb	r3, [r3, #0]
10003d0e:	42bb      	cmp	r3, r7
10003d10:	d300      	bcc.n	10003d14 <tud_task_ext+0x774>
10003d12:	e679      	b.n	10003a08 <tud_task_ext+0x468>
10003d14:	e7c2      	b.n	10003c9c <tud_task_ext+0x6fc>
10003d16:	4b17      	ldr	r3, [pc, #92]	@ (10003d74 <tud_task_ext+0x7d4>)
10003d18:	6929      	ldr	r1, [r5, #16]
10003d1a:	4299      	cmp	r1, r3
10003d1c:	d1b0      	bne.n	10003c80 <tud_task_ext+0x6e0>
10003d1e:	9a07      	ldr	r2, [sp, #28]
10003d20:	e7ae      	b.n	10003c80 <tud_task_ext+0x6e0>
10003d22:	f7ff fbad 	bl	10003480 <tud_descriptor_device_qualifier_cb>
10003d26:	1e02      	subs	r2, r0, #0
10003d28:	d100      	bne.n	10003d2c <tud_task_ext+0x78c>
10003d2a:	e5bb      	b.n	100038a4 <tud_task_ext+0x304>
10003d2c:	4658      	mov	r0, fp
10003d2e:	7813      	ldrb	r3, [r2, #0]
10003d30:	a90e      	add	r1, sp, #56	@ 0x38
10003d32:	f000 f8ed 	bl	10003f10 <tud_control_xfer>
10003d36:	e5c6      	b.n	100038c6 <tud_task_ext+0x326>
10003d38:	8921      	ldrh	r1, [r4, #8]
10003d3a:	f7ff f847 	bl	10002dcc <tud_descriptor_string_cb>
10003d3e:	1e02      	subs	r2, r0, #0
10003d40:	d1f4      	bne.n	10003d2c <tud_task_ext+0x78c>
10003d42:	e5af      	b.n	100038a4 <tud_task_ext+0x304>
10003d44:	2b02      	cmp	r3, #2
10003d46:	d00f      	beq.n	10003d68 <tud_task_ext+0x7c8>
10003d48:	f7ff fb9c 	bl	10003484 <tud_descriptor_other_speed_configuration_cb>
10003d4c:	1e02      	subs	r2, r0, #0
10003d4e:	d1cb      	bne.n	10003ce8 <tud_task_ext+0x748>
10003d50:	e5a8      	b.n	100038a4 <tud_task_ext+0x304>
10003d52:	f7ff f833 	bl	10002dbc <tud_descriptor_device_cb>
10003d56:	1e02      	subs	r2, r0, #0
10003d58:	d100      	bne.n	10003d5c <tud_task_ext+0x7bc>
10003d5a:	e5a3      	b.n	100038a4 <tud_task_ext+0x304>
10003d5c:	2312      	movs	r3, #18
10003d5e:	4658      	mov	r0, fp
10003d60:	a90e      	add	r1, sp, #56	@ 0x38
10003d62:	f000 f8d5 	bl	10003f10 <tud_control_xfer>
10003d66:	e5ae      	b.n	100038c6 <tud_task_ext+0x326>
10003d68:	f7ff f82c 	bl	10002dc4 <tud_descriptor_configuration_cb>
10003d6c:	1e02      	subs	r2, r0, #0
10003d6e:	d1bb      	bne.n	10003ce8 <tud_task_ext+0x748>
10003d70:	e598      	b.n	100038a4 <tud_task_ext+0x304>
10003d72:	46c0      	nop			@ (mov r8, r8)
10003d74:	100043bd 	.word	0x100043bd

10003d78 <usbd_open_edpt_pair>:
10003d78:	b5f0      	push	{r4, r5, r6, r7, lr}
10003d7a:	464f      	mov	r7, r9
10003d7c:	4646      	mov	r6, r8
10003d7e:	46d6      	mov	lr, sl
10003d80:	b5c0      	push	{r6, r7, lr}
10003d82:	000c      	movs	r4, r1
10003d84:	0016      	movs	r6, r2
10003d86:	001f      	movs	r7, r3
10003d88:	b082      	sub	sp, #8
10003d8a:	2a00      	cmp	r2, #0
10003d8c:	d03a      	beq.n	10003e04 <usbd_open_edpt_pair+0x8c>
10003d8e:	2370      	movs	r3, #112	@ 0x70
10003d90:	4698      	mov	r8, r3
10003d92:	4b1d      	ldr	r3, [pc, #116]	@ (10003e08 <usbd_open_edpt_pair+0x90>)
10003d94:	2500      	movs	r5, #0
10003d96:	4699      	mov	r9, r3
10003d98:	4b1c      	ldr	r3, [pc, #112]	@ (10003e0c <usbd_open_edpt_pair+0x94>)
10003d9a:	469a      	mov	sl, r3
10003d9c:	e01a      	b.n	10003dd4 <usbd_open_edpt_pair+0x5c>
10003d9e:	464b      	mov	r3, r9
10003da0:	781b      	ldrb	r3, [r3, #0]
10003da2:	0020      	movs	r0, r4
10003da4:	9301      	str	r3, [sp, #4]
10003da6:	4653      	mov	r3, sl
10003da8:	7899      	ldrb	r1, [r3, #2]
10003daa:	f000 fcb9 	bl	10004720 <tu_edpt_validate>
10003dae:	2800      	cmp	r0, #0
10003db0:	d01c      	beq.n	10003dec <usbd_open_edpt_pair+0x74>
10003db2:	0021      	movs	r1, r4
10003db4:	9801      	ldr	r0, [sp, #4]
10003db6:	f7ff fa55 	bl	10003264 <dcd_edpt_open>
10003dba:	2800      	cmp	r0, #0
10003dbc:	d016      	beq.n	10003dec <usbd_open_edpt_pair+0x74>
10003dbe:	78a3      	ldrb	r3, [r4, #2]
10003dc0:	09da      	lsrs	r2, r3, #7
10003dc2:	2a01      	cmp	r2, #1
10003dc4:	d019      	beq.n	10003dfa <usbd_open_edpt_pair+0x82>
10003dc6:	9a0a      	ldr	r2, [sp, #40]	@ 0x28
10003dc8:	3501      	adds	r5, #1
10003dca:	7013      	strb	r3, [r2, #0]
10003dcc:	42b5      	cmp	r5, r6
10003dce:	da19      	bge.n	10003e04 <usbd_open_edpt_pair+0x8c>
10003dd0:	7823      	ldrb	r3, [r4, #0]
10003dd2:	18e4      	adds	r4, r4, r3
10003dd4:	7863      	ldrb	r3, [r4, #1]
10003dd6:	2b05      	cmp	r3, #5
10003dd8:	d108      	bne.n	10003dec <usbd_open_edpt_pair+0x74>
10003dda:	78e3      	ldrb	r3, [r4, #3]
10003ddc:	079b      	lsls	r3, r3, #30
10003dde:	0f9b      	lsrs	r3, r3, #30
10003de0:	42bb      	cmp	r3, r7
10003de2:	d103      	bne.n	10003dec <usbd_open_edpt_pair+0x74>
10003de4:	4642      	mov	r2, r8
10003de6:	78a3      	ldrb	r3, [r4, #2]
10003de8:	421a      	tst	r2, r3
10003dea:	d0d8      	beq.n	10003d9e <usbd_open_edpt_pair+0x26>
10003dec:	2000      	movs	r0, #0
10003dee:	b002      	add	sp, #8
10003df0:	bce0      	pop	{r5, r6, r7}
10003df2:	46ba      	mov	sl, r7
10003df4:	46b1      	mov	r9, r6
10003df6:	46a8      	mov	r8, r5
10003df8:	bdf0      	pop	{r4, r5, r6, r7, pc}
10003dfa:	9a0b      	ldr	r2, [sp, #44]	@ 0x2c
10003dfc:	3501      	adds	r5, #1
10003dfe:	7013      	strb	r3, [r2, #0]
10003e00:	42b5      	cmp	r5, r6
10003e02:	dbe5      	blt.n	10003dd0 <usbd_open_edpt_pair+0x58>
10003e04:	2001      	movs	r0, #1
10003e06:	e7f2      	b.n	10003dee <usbd_open_edpt_pair+0x76>
10003e08:	2000103c 	.word	0x2000103c
10003e0c:	20001590 	.word	0x20001590

10003e10 <usbd_edpt_open>:
10003e10:	2270      	movs	r2, #112	@ 0x70
10003e12:	b570      	push	{r4, r5, r6, lr}
10003e14:	788b      	ldrb	r3, [r1, #2]
10003e16:	000c      	movs	r4, r1
10003e18:	421a      	tst	r2, r3
10003e1a:	d001      	beq.n	10003e20 <usbd_edpt_open+0x10>
10003e1c:	2000      	movs	r0, #0
10003e1e:	bd70      	pop	{r4, r5, r6, pc}
10003e20:	4b06      	ldr	r3, [pc, #24]	@ (10003e3c <usbd_edpt_open+0x2c>)
10003e22:	0020      	movs	r0, r4
10003e24:	781d      	ldrb	r5, [r3, #0]
10003e26:	4b06      	ldr	r3, [pc, #24]	@ (10003e40 <usbd_edpt_open+0x30>)
10003e28:	7899      	ldrb	r1, [r3, #2]
10003e2a:	f000 fc79 	bl	10004720 <tu_edpt_validate>
10003e2e:	2800      	cmp	r0, #0
10003e30:	d0f4      	beq.n	10003e1c <usbd_edpt_open+0xc>
10003e32:	0021      	movs	r1, r4
10003e34:	0028      	movs	r0, r5
10003e36:	f7ff fa15 	bl	10003264 <dcd_edpt_open>
10003e3a:	e7f0      	b.n	10003e1e <usbd_edpt_open+0xe>
10003e3c:	2000103c 	.word	0x2000103c
10003e40:	20001590 	.word	0x20001590

10003e44 <usbd_edpt_claim>:
10003e44:	207f      	movs	r0, #127	@ 0x7f
10003e46:	4b07      	ldr	r3, [pc, #28]	@ (10003e64 <usbd_edpt_claim+0x20>)
10003e48:	b510      	push	{r4, lr}
10003e4a:	681a      	ldr	r2, [r3, #0]
10003e4c:	4008      	ands	r0, r1
10003e4e:	09cb      	lsrs	r3, r1, #7
10003e50:	3334      	adds	r3, #52	@ 0x34
10003e52:	0040      	lsls	r0, r0, #1
10003e54:	18c0      	adds	r0, r0, r3
10003e56:	4b04      	ldr	r3, [pc, #16]	@ (10003e68 <usbd_edpt_claim+0x24>)
10003e58:	0011      	movs	r1, r2
10003e5a:	18c0      	adds	r0, r0, r3
10003e5c:	f000 fc1c 	bl	10004698 <tu_edpt_claim>
10003e60:	bd10      	pop	{r4, pc}
10003e62:	46c0      	nop			@ (mov r8, r8)
10003e64:	200015e4 	.word	0x200015e4
10003e68:	20001590 	.word	0x20001590

10003e6c <usbd_edpt_release>:
10003e6c:	207f      	movs	r0, #127	@ 0x7f
10003e6e:	4b07      	ldr	r3, [pc, #28]	@ (10003e8c <usbd_edpt_release+0x20>)
10003e70:	b510      	push	{r4, lr}
10003e72:	681a      	ldr	r2, [r3, #0]
10003e74:	4008      	ands	r0, r1
10003e76:	09cb      	lsrs	r3, r1, #7
10003e78:	3334      	adds	r3, #52	@ 0x34
10003e7a:	0040      	lsls	r0, r0, #1
10003e7c:	18c0      	adds	r0, r0, r3
10003e7e:	4b04      	ldr	r3, [pc, #16]	@ (10003e90 <usbd_edpt_release+0x24>)
10003e80:	0011      	movs	r1, r2
10003e82:	18c0      	adds	r0, r0, r3
10003e84:	f000 fc30 	bl	100046e8 <tu_edpt_release>
10003e88:	bd10      	pop	{r4, pc}
10003e8a:	46c0      	nop			@ (mov r8, r8)
10003e8c:	200015e4 	.word	0x200015e4
10003e90:	20001590 	.word	0x20001590

10003e94 <usbd_edpt_xfer>:
10003e94:	b570      	push	{r4, r5, r6, lr}
10003e96:	247f      	movs	r4, #127	@ 0x7f
10003e98:	09c8      	lsrs	r0, r1, #7
10003e9a:	4684      	mov	ip, r0
10003e9c:	400c      	ands	r4, r1
10003e9e:	480f      	ldr	r0, [pc, #60]	@ (10003edc <usbd_edpt_xfer+0x48>)
10003ea0:	0064      	lsls	r4, r4, #1
10003ea2:	1904      	adds	r4, r0, r4
10003ea4:	4464      	add	r4, ip
10003ea6:	3430      	adds	r4, #48	@ 0x30
10003ea8:	7920      	ldrb	r0, [r4, #4]
10003eaa:	07c0      	lsls	r0, r0, #31
10003eac:	d501      	bpl.n	10003eb2 <usbd_edpt_xfer+0x1e>
10003eae:	2000      	movs	r0, #0
10003eb0:	bd70      	pop	{r4, r5, r6, pc}
10003eb2:	480b      	ldr	r0, [pc, #44]	@ (10003ee0 <usbd_edpt_xfer+0x4c>)
10003eb4:	2501      	movs	r5, #1
10003eb6:	7800      	ldrb	r0, [r0, #0]
10003eb8:	4684      	mov	ip, r0
10003eba:	7920      	ldrb	r0, [r4, #4]
10003ebc:	4328      	orrs	r0, r5
10003ebe:	7120      	strb	r0, [r4, #4]
10003ec0:	4660      	mov	r0, ip
10003ec2:	f7ff fa51 	bl	10003368 <dcd_edpt_xfer>
10003ec6:	2800      	cmp	r0, #0
10003ec8:	d1f2      	bne.n	10003eb0 <usbd_edpt_xfer+0x1c>
10003eca:	2201      	movs	r2, #1
10003ecc:	7923      	ldrb	r3, [r4, #4]
10003ece:	4393      	bics	r3, r2
10003ed0:	7123      	strb	r3, [r4, #4]
10003ed2:	7923      	ldrb	r3, [r4, #4]
10003ed4:	3203      	adds	r2, #3
10003ed6:	4393      	bics	r3, r2
10003ed8:	7123      	strb	r3, [r4, #4]
10003eda:	e7e8      	b.n	10003eae <usbd_edpt_xfer+0x1a>
10003edc:	20001590 	.word	0x20001590
10003ee0:	2000103c 	.word	0x2000103c

10003ee4 <tud_control_status>:
10003ee4:	b570      	push	{r4, r5, r6, lr}
10003ee6:	4c09      	ldr	r4, [pc, #36]	@ (10003f0c <tud_control_status+0x28>)
10003ee8:	0006      	movs	r6, r0
10003eea:	2208      	movs	r2, #8
10003eec:	0020      	movs	r0, r4
10003eee:	000d      	movs	r5, r1
10003ef0:	f7fe fada 	bl	100024a8 <__wrap___aeabi_memcpy>
10003ef4:	2300      	movs	r3, #0
10003ef6:	2180      	movs	r1, #128	@ 0x80
10003ef8:	60e3      	str	r3, [r4, #12]
10003efa:	60a3      	str	r3, [r4, #8]
10003efc:	782b      	ldrb	r3, [r5, #0]
10003efe:	0030      	movs	r0, r6
10003f00:	4399      	bics	r1, r3
10003f02:	2200      	movs	r2, #0
10003f04:	2300      	movs	r3, #0
10003f06:	f7ff ffc5 	bl	10003e94 <usbd_edpt_xfer>
10003f0a:	bd70      	pop	{r4, r5, r6, pc}
10003f0c:	20001570 	.word	0x20001570

10003f10 <tud_control_xfer>:
10003f10:	b5f0      	push	{r4, r5, r6, r7, lr}
10003f12:	46c6      	mov	lr, r8
10003f14:	4c24      	ldr	r4, [pc, #144]	@ (10003fa8 <tud_control_xfer+0x98>)
10003f16:	0017      	movs	r7, r2
10003f18:	4680      	mov	r8, r0
10003f1a:	2208      	movs	r2, #8
10003f1c:	0020      	movs	r0, r4
10003f1e:	b500      	push	{lr}
10003f20:	000d      	movs	r5, r1
10003f22:	001e      	movs	r6, r3
10003f24:	f7fe fac0 	bl	100024a8 <__wrap___aeabi_memcpy>
10003f28:	2300      	movs	r3, #0
10003f2a:	60a7      	str	r7, [r4, #8]
10003f2c:	81e3      	strh	r3, [r4, #14]
10003f2e:	79eb      	ldrb	r3, [r5, #7]
10003f30:	79aa      	ldrb	r2, [r5, #6]
10003f32:	021b      	lsls	r3, r3, #8
10003f34:	4313      	orrs	r3, r2
10003f36:	1c1a      	adds	r2, r3, #0
10003f38:	42b3      	cmp	r3, r6
10003f3a:	d900      	bls.n	10003f3e <tud_control_xfer+0x2e>
10003f3c:	1c32      	adds	r2, r6, #0
10003f3e:	b296      	uxth	r6, r2
10003f40:	81a2      	strh	r2, [r4, #12]
10003f42:	2b00      	cmp	r3, #0
10003f44:	d00c      	beq.n	10003f60 <tud_control_xfer+0x50>
10003f46:	2e00      	cmp	r6, #0
10003f48:	d015      	beq.n	10003f76 <tud_control_xfer+0x66>
10003f4a:	2f00      	cmp	r7, #0
10003f4c:	d02a      	beq.n	10003fa4 <tud_control_xfer+0x94>
10003f4e:	2e40      	cmp	r6, #64	@ 0x40
10003f50:	d81a      	bhi.n	10003f88 <tud_control_xfer+0x78>
10003f52:	7823      	ldrb	r3, [r4, #0]
10003f54:	b296      	uxth	r6, r2
10003f56:	2b7f      	cmp	r3, #127	@ 0x7f
10003f58:	d81b      	bhi.n	10003f92 <tud_control_xfer+0x82>
10003f5a:	2100      	movs	r1, #0
10003f5c:	4a13      	ldr	r2, [pc, #76]	@ (10003fac <tud_control_xfer+0x9c>)
10003f5e:	e00e      	b.n	10003f7e <tud_control_xfer+0x6e>
10003f60:	2180      	movs	r1, #128	@ 0x80
10003f62:	782b      	ldrb	r3, [r5, #0]
10003f64:	2200      	movs	r2, #0
10003f66:	4399      	bics	r1, r3
10003f68:	4640      	mov	r0, r8
10003f6a:	2300      	movs	r3, #0
10003f6c:	f7ff ff92 	bl	10003e94 <usbd_edpt_xfer>
10003f70:	bc80      	pop	{r7}
10003f72:	46b8      	mov	r8, r7
10003f74:	bdf0      	pop	{r4, r5, r6, r7, pc}
10003f76:	237f      	movs	r3, #127	@ 0x7f
10003f78:	2200      	movs	r2, #0
10003f7a:	7821      	ldrb	r1, [r4, #0]
10003f7c:	4399      	bics	r1, r3
10003f7e:	0033      	movs	r3, r6
10003f80:	4640      	mov	r0, r8
10003f82:	f7ff ff87 	bl	10003e94 <usbd_edpt_xfer>
10003f86:	e7f3      	b.n	10003f70 <tud_control_xfer+0x60>
10003f88:	2240      	movs	r2, #64	@ 0x40
10003f8a:	7823      	ldrb	r3, [r4, #0]
10003f8c:	b296      	uxth	r6, r2
10003f8e:	2b7f      	cmp	r3, #127	@ 0x7f
10003f90:	d9e3      	bls.n	10003f5a <tud_control_xfer+0x4a>
10003f92:	4c06      	ldr	r4, [pc, #24]	@ (10003fac <tud_control_xfer+0x9c>)
10003f94:	0032      	movs	r2, r6
10003f96:	0039      	movs	r1, r7
10003f98:	0020      	movs	r0, r4
10003f9a:	f7fe fa85 	bl	100024a8 <__wrap___aeabi_memcpy>
10003f9e:	2180      	movs	r1, #128	@ 0x80
10003fa0:	0022      	movs	r2, r4
10003fa2:	e7ec      	b.n	10003f7e <tud_control_xfer+0x6e>
10003fa4:	2000      	movs	r0, #0
10003fa6:	e7e3      	b.n	10003f70 <tud_control_xfer+0x60>
10003fa8:	20001570 	.word	0x20001570
10003fac:	20001530 	.word	0x20001530

10003fb0 <usbd_control_reset>:
10003fb0:	b510      	push	{r4, lr}
10003fb2:	2214      	movs	r2, #20
10003fb4:	2100      	movs	r1, #0
10003fb6:	4802      	ldr	r0, [pc, #8]	@ (10003fc0 <usbd_control_reset+0x10>)
10003fb8:	f7fe fa70 	bl	1000249c <__wrap_memset>
10003fbc:	bd10      	pop	{r4, pc}
10003fbe:	46c0      	nop			@ (mov r8, r8)
10003fc0:	20001570 	.word	0x20001570

10003fc4 <usbd_control_set_complete_callback>:
10003fc4:	4b01      	ldr	r3, [pc, #4]	@ (10003fcc <usbd_control_set_complete_callback+0x8>)
10003fc6:	6118      	str	r0, [r3, #16]
10003fc8:	4770      	bx	lr
10003fca:	46c0      	nop			@ (mov r8, r8)
10003fcc:	20001570 	.word	0x20001570

10003fd0 <usbd_control_set_request>:
10003fd0:	b510      	push	{r4, lr}
10003fd2:	4c05      	ldr	r4, [pc, #20]	@ (10003fe8 <usbd_control_set_request+0x18>)
10003fd4:	0001      	movs	r1, r0
10003fd6:	2208      	movs	r2, #8
10003fd8:	0020      	movs	r0, r4
10003fda:	f7fe fa65 	bl	100024a8 <__wrap___aeabi_memcpy>
10003fde:	2300      	movs	r3, #0
10003fe0:	60a3      	str	r3, [r4, #8]
10003fe2:	60e3      	str	r3, [r4, #12]
10003fe4:	bd10      	pop	{r4, pc}
10003fe6:	46c0      	nop			@ (mov r8, r8)
10003fe8:	20001570 	.word	0x20001570

10003fec <usbd_control_xfer_cb>:
10003fec:	b570      	push	{r4, r5, r6, lr}
10003fee:	4c37      	ldr	r4, [pc, #220]	@ (100040cc <usbd_control_xfer_cb+0xe0>)
10003ff0:	001d      	movs	r5, r3
10003ff2:	7823      	ldrb	r3, [r4, #0]
10003ff4:	0006      	movs	r6, r0
10003ff6:	09da      	lsrs	r2, r3, #7
10003ff8:	09c9      	lsrs	r1, r1, #7
10003ffa:	428a      	cmp	r2, r1
10003ffc:	d010      	beq.n	10004020 <usbd_control_xfer_cb+0x34>
10003ffe:	2000      	movs	r0, #0
10004000:	2d00      	cmp	r5, #0
10004002:	d000      	beq.n	10004006 <usbd_control_xfer_cb+0x1a>
10004004:	bd70      	pop	{r4, r5, r6, pc}
10004006:	0021      	movs	r1, r4
10004008:	0030      	movs	r0, r6
1000400a:	f7ff f91d 	bl	10003248 <dcd_edpt0_status_complete>
1000400e:	6923      	ldr	r3, [r4, #16]
10004010:	2b00      	cmp	r3, #0
10004012:	d003      	beq.n	1000401c <usbd_control_xfer_cb+0x30>
10004014:	0022      	movs	r2, r4
10004016:	2103      	movs	r1, #3
10004018:	0030      	movs	r0, r6
1000401a:	4798      	blx	r3
1000401c:	2001      	movs	r0, #1
1000401e:	e7f1      	b.n	10004004 <usbd_control_xfer_cb+0x18>
10004020:	2b7f      	cmp	r3, #127	@ 0x7f
10004022:	d806      	bhi.n	10004032 <usbd_control_xfer_cb+0x46>
10004024:	68a0      	ldr	r0, [r4, #8]
10004026:	2800      	cmp	r0, #0
10004028:	d0ec      	beq.n	10004004 <usbd_control_xfer_cb+0x18>
1000402a:	002a      	movs	r2, r5
1000402c:	4928      	ldr	r1, [pc, #160]	@ (100040d0 <usbd_control_xfer_cb+0xe4>)
1000402e:	f7fe fa3b 	bl	100024a8 <__wrap___aeabi_memcpy>
10004032:	89e2      	ldrh	r2, [r4, #14]
10004034:	68a1      	ldr	r1, [r4, #8]
10004036:	1952      	adds	r2, r2, r5
10004038:	88e3      	ldrh	r3, [r4, #6]
1000403a:	b292      	uxth	r2, r2
1000403c:	1949      	adds	r1, r1, r5
1000403e:	81e2      	strh	r2, [r4, #14]
10004040:	60a1      	str	r1, [r4, #8]
10004042:	4293      	cmp	r3, r2
10004044:	d014      	beq.n	10004070 <usbd_control_xfer_cb+0x84>
10004046:	2d3f      	cmp	r5, #63	@ 0x3f
10004048:	d912      	bls.n	10004070 <usbd_control_xfer_cb+0x84>
1000404a:	89a3      	ldrh	r3, [r4, #12]
1000404c:	1a98      	subs	r0, r3, r2
1000404e:	1c05      	adds	r5, r0, #0
10004050:	b280      	uxth	r0, r0
10004052:	2840      	cmp	r0, #64	@ 0x40
10004054:	d828      	bhi.n	100040a8 <usbd_control_xfer_cb+0xbc>
10004056:	7820      	ldrb	r0, [r4, #0]
10004058:	b2ad      	uxth	r5, r5
1000405a:	287f      	cmp	r0, #127	@ 0x7f
1000405c:	d826      	bhi.n	100040ac <usbd_control_xfer_cb+0xc0>
1000405e:	2100      	movs	r1, #0
10004060:	429a      	cmp	r2, r3
10004062:	d030      	beq.n	100040c6 <usbd_control_xfer_cb+0xda>
10004064:	4a1a      	ldr	r2, [pc, #104]	@ (100040d0 <usbd_control_xfer_cb+0xe4>)
10004066:	002b      	movs	r3, r5
10004068:	0030      	movs	r0, r6
1000406a:	f7ff ff13 	bl	10003e94 <usbd_edpt_xfer>
1000406e:	e7c9      	b.n	10004004 <usbd_control_xfer_cb+0x18>
10004070:	6923      	ldr	r3, [r4, #16]
10004072:	2b00      	cmp	r3, #0
10004074:	d005      	beq.n	10004082 <usbd_control_xfer_cb+0x96>
10004076:	0022      	movs	r2, r4
10004078:	2102      	movs	r1, #2
1000407a:	0030      	movs	r0, r6
1000407c:	4798      	blx	r3
1000407e:	2800      	cmp	r0, #0
10004080:	d008      	beq.n	10004094 <usbd_control_xfer_cb+0xa8>
10004082:	2180      	movs	r1, #128	@ 0x80
10004084:	7823      	ldrb	r3, [r4, #0]
10004086:	2200      	movs	r2, #0
10004088:	4399      	bics	r1, r3
1000408a:	0030      	movs	r0, r6
1000408c:	2300      	movs	r3, #0
1000408e:	f7ff ff01 	bl	10003e94 <usbd_edpt_xfer>
10004092:	e7b7      	b.n	10004004 <usbd_control_xfer_cb+0x18>
10004094:	2100      	movs	r1, #0
10004096:	0030      	movs	r0, r6
10004098:	f7ff f978 	bl	1000338c <dcd_edpt_stall>
1000409c:	0030      	movs	r0, r6
1000409e:	2180      	movs	r1, #128	@ 0x80
100040a0:	f7ff f974 	bl	1000338c <dcd_edpt_stall>
100040a4:	2001      	movs	r0, #1
100040a6:	e7ad      	b.n	10004004 <usbd_control_xfer_cb+0x18>
100040a8:	2540      	movs	r5, #64	@ 0x40
100040aa:	e7d4      	b.n	10004056 <usbd_control_xfer_cb+0x6a>
100040ac:	429a      	cmp	r2, r3
100040ae:	d007      	beq.n	100040c0 <usbd_control_xfer_cb+0xd4>
100040b0:	4c07      	ldr	r4, [pc, #28]	@ (100040d0 <usbd_control_xfer_cb+0xe4>)
100040b2:	002a      	movs	r2, r5
100040b4:	0020      	movs	r0, r4
100040b6:	f7fe f9f7 	bl	100024a8 <__wrap___aeabi_memcpy>
100040ba:	2180      	movs	r1, #128	@ 0x80
100040bc:	0022      	movs	r2, r4
100040be:	e7d2      	b.n	10004066 <usbd_control_xfer_cb+0x7a>
100040c0:	2180      	movs	r1, #128	@ 0x80
100040c2:	2200      	movs	r2, #0
100040c4:	e7cf      	b.n	10004066 <usbd_control_xfer_cb+0x7a>
100040c6:	2200      	movs	r2, #0
100040c8:	e7cd      	b.n	10004066 <usbd_control_xfer_cb+0x7a>
100040ca:	46c0      	nop			@ (mov r8, r8)
100040cc:	20001570 	.word	0x20001570
100040d0:	20001530 	.word	0x20001530

100040d4 <_prep_out_transaction.isra.0>:
100040d4:	b570      	push	{r4, r5, r6, lr}
100040d6:	0004      	movs	r4, r0
100040d8:	f7ff f9de 	bl	10003498 <tud_mounted>
100040dc:	2800      	cmp	r0, #0
100040de:	d100      	bne.n	100040e2 <_prep_out_transaction.isra.0+0xe>
100040e0:	bd70      	pop	{r4, r5, r6, pc}
100040e2:	f7ff f9e1 	bl	100034a8 <tud_suspended>
100040e6:	2800      	cmp	r0, #0
100040e8:	d1fa      	bne.n	100040e0 <_prep_out_transaction.isra.0+0xc>
100040ea:	23c8      	movs	r3, #200	@ 0xc8
100040ec:	4363      	muls	r3, r4
100040ee:	4a12      	ldr	r2, [pc, #72]	@ (10004138 <_prep_out_transaction.isra.0+0x64>)
100040f0:	0025      	movs	r5, r4
100040f2:	18d4      	adds	r4, r2, r3
100040f4:	78e1      	ldrb	r1, [r4, #3]
100040f6:	2900      	cmp	r1, #0
100040f8:	d0f2      	beq.n	100040e0 <_prep_out_transaction.isra.0+0xc>
100040fa:	3310      	adds	r3, #16
100040fc:	189e      	adds	r6, r3, r2
100040fe:	0030      	movs	r0, r6
10004100:	f000 fbb6 	bl	10004870 <tu_fifo_remaining>
10004104:	283f      	cmp	r0, #63	@ 0x3f
10004106:	d9eb      	bls.n	100040e0 <_prep_out_transaction.isra.0+0xc>
10004108:	2000      	movs	r0, #0
1000410a:	78e1      	ldrb	r1, [r4, #3]
1000410c:	f7ff fe9a 	bl	10003e44 <usbd_edpt_claim>
10004110:	2800      	cmp	r0, #0
10004112:	d0e5      	beq.n	100040e0 <_prep_out_transaction.isra.0+0xc>
10004114:	0030      	movs	r0, r6
10004116:	f000 fbab 	bl	10004870 <tu_fifo_remaining>
1000411a:	78e1      	ldrb	r1, [r4, #3]
1000411c:	283f      	cmp	r0, #63	@ 0x3f
1000411e:	d907      	bls.n	10004130 <_prep_out_transaction.isra.0+0x5c>
10004120:	4b06      	ldr	r3, [pc, #24]	@ (1000413c <_prep_out_transaction.isra.0+0x68>)
10004122:	01ea      	lsls	r2, r5, #7
10004124:	18d2      	adds	r2, r2, r3
10004126:	2000      	movs	r0, #0
10004128:	2340      	movs	r3, #64	@ 0x40
1000412a:	f7ff feb3 	bl	10003e94 <usbd_edpt_xfer>
1000412e:	e7d7      	b.n	100040e0 <_prep_out_transaction.isra.0+0xc>
10004130:	2000      	movs	r0, #0
10004132:	f7ff fe9b 	bl	10003e6c <usbd_edpt_release>
10004136:	e7d3      	b.n	100040e0 <_prep_out_transaction.isra.0+0xc>
10004138:	20001058 	.word	0x20001058
1000413c:	200014ac 	.word	0x200014ac

10004140 <tud_cdc_n_connected>:
10004140:	b510      	push	{r4, lr}
10004142:	0004      	movs	r4, r0
10004144:	f7ff f9a8 	bl	10003498 <tud_mounted>
10004148:	2800      	cmp	r0, #0
1000414a:	d101      	bne.n	10004150 <tud_cdc_n_connected+0x10>
1000414c:	2000      	movs	r0, #0
1000414e:	bd10      	pop	{r4, pc}
10004150:	f7ff f9aa 	bl	100034a8 <tud_suspended>
10004154:	2800      	cmp	r0, #0
10004156:	d1f9      	bne.n	1000414c <tud_cdc_n_connected+0xc>
10004158:	22c8      	movs	r2, #200	@ 0xc8
1000415a:	4362      	muls	r2, r4
1000415c:	4b02      	ldr	r3, [pc, #8]	@ (10004168 <tud_cdc_n_connected+0x28>)
1000415e:	3001      	adds	r0, #1
10004160:	189b      	adds	r3, r3, r2
10004162:	791b      	ldrb	r3, [r3, #4]
10004164:	4018      	ands	r0, r3
10004166:	e7f2      	b.n	1000414e <tud_cdc_n_connected+0xe>
10004168:	20001058 	.word	0x20001058

1000416c <tud_cdc_n_available>:
1000416c:	23c8      	movs	r3, #200	@ 0xc8
1000416e:	b510      	push	{r4, lr}
10004170:	4343      	muls	r3, r0
10004172:	4802      	ldr	r0, [pc, #8]	@ (1000417c <tud_cdc_n_available+0x10>)
10004174:	1818      	adds	r0, r3, r0
10004176:	f000 fb5d 	bl	10004834 <tu_fifo_count>
1000417a:	bd10      	pop	{r4, pc}
1000417c:	20001068 	.word	0x20001068

10004180 <tud_cdc_n_read>:
10004180:	b5f8      	push	{r3, r4, r5, r6, r7, lr}
10004182:	23c8      	movs	r3, #200	@ 0xc8
10004184:	4343      	muls	r3, r0
10004186:	4d1d      	ldr	r5, [pc, #116]	@ (100041fc <tud_cdc_n_read+0x7c>)
10004188:	3310      	adds	r3, #16
1000418a:	18ee      	adds	r6, r5, r3
1000418c:	2380      	movs	r3, #128	@ 0x80
1000418e:	0004      	movs	r4, r0
10004190:	025b      	lsls	r3, r3, #9
10004192:	429a      	cmp	r2, r3
10004194:	d300      	bcc.n	10004198 <tud_cdc_n_read+0x18>
10004196:	4a1a      	ldr	r2, [pc, #104]	@ (10004200 <tud_cdc_n_read+0x80>)
10004198:	0030      	movs	r0, r6
1000419a:	b292      	uxth	r2, r2
1000419c:	f000 fbcc 	bl	10004938 <tu_fifo_read_n>
100041a0:	0007      	movs	r7, r0
100041a2:	f7ff f979 	bl	10003498 <tud_mounted>
100041a6:	2800      	cmp	r0, #0
100041a8:	d101      	bne.n	100041ae <tud_cdc_n_read+0x2e>
100041aa:	0038      	movs	r0, r7
100041ac:	bdf8      	pop	{r3, r4, r5, r6, r7, pc}
100041ae:	f7ff f97b 	bl	100034a8 <tud_suspended>
100041b2:	2800      	cmp	r0, #0
100041b4:	d1f9      	bne.n	100041aa <tud_cdc_n_read+0x2a>
100041b6:	23c8      	movs	r3, #200	@ 0xc8
100041b8:	4363      	muls	r3, r4
100041ba:	18ed      	adds	r5, r5, r3
100041bc:	78eb      	ldrb	r3, [r5, #3]
100041be:	2b00      	cmp	r3, #0
100041c0:	d0f3      	beq.n	100041aa <tud_cdc_n_read+0x2a>
100041c2:	0030      	movs	r0, r6
100041c4:	f000 fb54 	bl	10004870 <tu_fifo_remaining>
100041c8:	283f      	cmp	r0, #63	@ 0x3f
100041ca:	d9ee      	bls.n	100041aa <tud_cdc_n_read+0x2a>
100041cc:	2000      	movs	r0, #0
100041ce:	78e9      	ldrb	r1, [r5, #3]
100041d0:	f7ff fe38 	bl	10003e44 <usbd_edpt_claim>
100041d4:	2800      	cmp	r0, #0
100041d6:	d0e8      	beq.n	100041aa <tud_cdc_n_read+0x2a>
100041d8:	0030      	movs	r0, r6
100041da:	f000 fb49 	bl	10004870 <tu_fifo_remaining>
100041de:	78e9      	ldrb	r1, [r5, #3]
100041e0:	283f      	cmp	r0, #63	@ 0x3f
100041e2:	d907      	bls.n	100041f4 <tud_cdc_n_read+0x74>
100041e4:	4b07      	ldr	r3, [pc, #28]	@ (10004204 <tud_cdc_n_read+0x84>)
100041e6:	01e2      	lsls	r2, r4, #7
100041e8:	18d2      	adds	r2, r2, r3
100041ea:	2000      	movs	r0, #0
100041ec:	2340      	movs	r3, #64	@ 0x40
100041ee:	f7ff fe51 	bl	10003e94 <usbd_edpt_xfer>
100041f2:	e7da      	b.n	100041aa <tud_cdc_n_read+0x2a>
100041f4:	2000      	movs	r0, #0
100041f6:	f7ff fe39 	bl	10003e6c <usbd_edpt_release>
100041fa:	e7d6      	b.n	100041aa <tud_cdc_n_read+0x2a>
100041fc:	20001058 	.word	0x20001058
10004200:	0000ffff 	.word	0x0000ffff
10004204:	200014ac 	.word	0x200014ac

10004208 <tud_cdc_n_write_flush>:
10004208:	b5f8      	push	{r3, r4, r5, r6, r7, lr}
1000420a:	0004      	movs	r4, r0
1000420c:	f7ff f944 	bl	10003498 <tud_mounted>
10004210:	2800      	cmp	r0, #0
10004212:	d101      	bne.n	10004218 <tud_cdc_n_write_flush+0x10>
10004214:	2000      	movs	r0, #0
10004216:	bdf8      	pop	{r3, r4, r5, r6, r7, pc}
10004218:	f7ff f946 	bl	100034a8 <tud_suspended>
1000421c:	2800      	cmp	r0, #0
1000421e:	d1f9      	bne.n	10004214 <tud_cdc_n_write_flush+0xc>
10004220:	23c8      	movs	r3, #200	@ 0xc8
10004222:	0025      	movs	r5, r4
10004224:	435d      	muls	r5, r3
10004226:	002b      	movs	r3, r5
10004228:	4e13      	ldr	r6, [pc, #76]	@ (10004278 <tud_cdc_n_write_flush+0x70>)
1000422a:	3324      	adds	r3, #36	@ 0x24
1000422c:	18f7      	adds	r7, r6, r3
1000422e:	0038      	movs	r0, r7
10004230:	f000 fb00 	bl	10004834 <tu_fifo_count>
10004234:	2800      	cmp	r0, #0
10004236:	d0ed      	beq.n	10004214 <tud_cdc_n_write_flush+0xc>
10004238:	1975      	adds	r5, r6, r5
1000423a:	2000      	movs	r0, #0
1000423c:	78a9      	ldrb	r1, [r5, #2]
1000423e:	f7ff fe01 	bl	10003e44 <usbd_edpt_claim>
10004242:	2800      	cmp	r0, #0
10004244:	d0e6      	beq.n	10004214 <tud_cdc_n_write_flush+0xc>
10004246:	4a0d      	ldr	r2, [pc, #52]	@ (1000427c <tud_cdc_n_write_flush+0x74>)
10004248:	01e3      	lsls	r3, r4, #7
1000424a:	189c      	adds	r4, r3, r2
1000424c:	0021      	movs	r1, r4
1000424e:	2240      	movs	r2, #64	@ 0x40
10004250:	0038      	movs	r0, r7
10004252:	f000 fb71 	bl	10004938 <tu_fifo_read_n>
10004256:	78a9      	ldrb	r1, [r5, #2]
10004258:	0003      	movs	r3, r0
1000425a:	1e05      	subs	r5, r0, #0
1000425c:	d007      	beq.n	1000426e <tud_cdc_n_write_flush+0x66>
1000425e:	0022      	movs	r2, r4
10004260:	2000      	movs	r0, #0
10004262:	f7ff fe17 	bl	10003e94 <usbd_edpt_xfer>
10004266:	2800      	cmp	r0, #0
10004268:	d0d4      	beq.n	10004214 <tud_cdc_n_write_flush+0xc>
1000426a:	0028      	movs	r0, r5
1000426c:	e7d3      	b.n	10004216 <tud_cdc_n_write_flush+0xe>
1000426e:	2000      	movs	r0, #0
10004270:	f7ff fdfc 	bl	10003e6c <usbd_edpt_release>
10004274:	e7ce      	b.n	10004214 <tud_cdc_n_write_flush+0xc>
10004276:	46c0      	nop			@ (mov r8, r8)
10004278:	20001058 	.word	0x20001058
1000427c:	200014ec 	.word	0x200014ec

10004280 <tud_cdc_n_write>:
10004280:	b570      	push	{r4, r5, r6, lr}
10004282:	24c8      	movs	r4, #200	@ 0xc8
10004284:	4344      	muls	r4, r0
10004286:	4b0c      	ldr	r3, [pc, #48]	@ (100042b8 <tud_cdc_n_write+0x38>)
10004288:	0005      	movs	r5, r0
1000428a:	18e4      	adds	r4, r4, r3
1000428c:	2380      	movs	r3, #128	@ 0x80
1000428e:	025b      	lsls	r3, r3, #9
10004290:	429a      	cmp	r2, r3
10004292:	d300      	bcc.n	10004296 <tud_cdc_n_write+0x16>
10004294:	4a09      	ldr	r2, [pc, #36]	@ (100042bc <tud_cdc_n_write+0x3c>)
10004296:	0020      	movs	r0, r4
10004298:	b292      	uxth	r2, r2
1000429a:	f000 fc15 	bl	10004ac8 <tu_fifo_write_n>
1000429e:	0006      	movs	r6, r0
100042a0:	0020      	movs	r0, r4
100042a2:	f000 fac7 	bl	10004834 <tu_fifo_count>
100042a6:	283f      	cmp	r0, #63	@ 0x3f
100042a8:	d801      	bhi.n	100042ae <tud_cdc_n_write+0x2e>
100042aa:	0030      	movs	r0, r6
100042ac:	bd70      	pop	{r4, r5, r6, pc}
100042ae:	0028      	movs	r0, r5
100042b0:	f7ff ffaa 	bl	10004208 <tud_cdc_n_write_flush>
100042b4:	e7f9      	b.n	100042aa <tud_cdc_n_write+0x2a>
100042b6:	46c0      	nop			@ (mov r8, r8)
100042b8:	2000107c 	.word	0x2000107c
100042bc:	0000ffff 	.word	0x0000ffff

100042c0 <tud_cdc_n_write_available>:
100042c0:	23c8      	movs	r3, #200	@ 0xc8
100042c2:	b510      	push	{r4, lr}
100042c4:	4343      	muls	r3, r0
100042c6:	4802      	ldr	r0, [pc, #8]	@ (100042d0 <tud_cdc_n_write_available+0x10>)
100042c8:	1818      	adds	r0, r3, r0
100042ca:	f000 fad1 	bl	10004870 <tu_fifo_remaining>
100042ce:	bd10      	pop	{r4, pc}
100042d0:	2000107c 	.word	0x2000107c

100042d4 <cdcd_init>:
100042d4:	b5f0      	push	{r4, r5, r6, r7, lr}
100042d6:	2500      	movs	r5, #0
100042d8:	4c18      	ldr	r4, [pc, #96]	@ (1000433c <cdcd_init+0x68>)
100042da:	b083      	sub	sp, #12
100042dc:	22c8      	movs	r2, #200	@ 0xc8
100042de:	2100      	movs	r1, #0
100042e0:	0020      	movs	r0, r4
100042e2:	f7fe f8db 	bl	1000249c <__wrap_memset>
100042e6:	4b16      	ldr	r3, [pc, #88]	@ (10004340 <cdcd_init+0x6c>)
100042e8:	0021      	movs	r1, r4
100042ea:	701d      	strb	r5, [r3, #0]
100042ec:	23ff      	movs	r3, #255	@ 0xff
100042ee:	7163      	strb	r3, [r4, #5]
100042f0:	23e1      	movs	r3, #225	@ 0xe1
100042f2:	025b      	lsls	r3, r3, #9
100042f4:	60a3      	str	r3, [r4, #8]
100042f6:	0020      	movs	r0, r4
100042f8:	2308      	movs	r3, #8
100042fa:	2240      	movs	r2, #64	@ 0x40
100042fc:	73a3      	strb	r3, [r4, #14]
100042fe:	3138      	adds	r1, #56	@ 0x38
10004300:	9500      	str	r5, [sp, #0]
10004302:	3b07      	subs	r3, #7
10004304:	3010      	adds	r0, #16
10004306:	f000 fa5f 	bl	100047c8 <tu_fifo_config>
1000430a:	0027      	movs	r7, r4
1000430c:	2301      	movs	r3, #1
1000430e:	0021      	movs	r1, r4
10004310:	0020      	movs	r0, r4
10004312:	0026      	movs	r6, r4
10004314:	2240      	movs	r2, #64	@ 0x40
10004316:	3178      	adds	r1, #120	@ 0x78
10004318:	9300      	str	r3, [sp, #0]
1000431a:	37b8      	adds	r7, #184	@ 0xb8
1000431c:	3024      	adds	r0, #36	@ 0x24
1000431e:	f000 fa53 	bl	100047c8 <tu_fifo_config>
10004322:	36c0      	adds	r6, #192	@ 0xc0
10004324:	0038      	movs	r0, r7
10004326:	f7fc feff 	bl	10001128 <mutex_init>
1000432a:	0030      	movs	r0, r6
1000432c:	f7fc fefc 	bl	10001128 <mutex_init>
10004330:	61e5      	str	r5, [r4, #28]
10004332:	6227      	str	r7, [r4, #32]
10004334:	6326      	str	r6, [r4, #48]	@ 0x30
10004336:	6365      	str	r5, [r4, #52]	@ 0x34
10004338:	b003      	add	sp, #12
1000433a:	bdf0      	pop	{r4, r5, r6, r7, pc}
1000433c:	20001058 	.word	0x20001058
10004340:	2000152c 	.word	0x2000152c

10004344 <cdcd_deinit>:
10004344:	4b0a      	ldr	r3, [pc, #40]	@ (10004370 <cdcd_deinit+0x2c>)
10004346:	6b19      	ldr	r1, [r3, #48]	@ 0x30
10004348:	6a1a      	ldr	r2, [r3, #32]
1000434a:	2900      	cmp	r1, #0
1000434c:	d00c      	beq.n	10004368 <cdcd_deinit+0x24>
1000434e:	2a00      	cmp	r2, #0
10004350:	d007      	beq.n	10004362 <cdcd_deinit+0x1e>
10004352:	2200      	movs	r2, #0
10004354:	61da      	str	r2, [r3, #28]
10004356:	635a      	str	r2, [r3, #52]	@ 0x34
10004358:	631a      	str	r2, [r3, #48]	@ 0x30
1000435a:	2200      	movs	r2, #0
1000435c:	621a      	str	r2, [r3, #32]
1000435e:	2001      	movs	r0, #1
10004360:	4770      	bx	lr
10004362:	635a      	str	r2, [r3, #52]	@ 0x34
10004364:	631a      	str	r2, [r3, #48]	@ 0x30
10004366:	e7fa      	b.n	1000435e <cdcd_deinit+0x1a>
10004368:	2a00      	cmp	r2, #0
1000436a:	d0f8      	beq.n	1000435e <cdcd_deinit+0x1a>
1000436c:	61d9      	str	r1, [r3, #28]
1000436e:	e7f4      	b.n	1000435a <cdcd_deinit+0x16>
10004370:	20001058 	.word	0x20001058

10004374 <cdcd_reset>:
10004374:	b570      	push	{r4, r5, r6, lr}
10004376:	2205      	movs	r2, #5
10004378:	2100      	movs	r1, #0
1000437a:	480d      	ldr	r0, [pc, #52]	@ (100043b0 <cdcd_reset+0x3c>)
1000437c:	f7fe f88e 	bl	1000249c <__wrap_memset>
10004380:	4d0c      	ldr	r5, [pc, #48]	@ (100043b4 <cdcd_reset+0x40>)
10004382:	782b      	ldrb	r3, [r5, #0]
10004384:	07da      	lsls	r2, r3, #31
10004386:	d507      	bpl.n	10004398 <cdcd_reset+0x24>
10004388:	4c0b      	ldr	r4, [pc, #44]	@ (100043b8 <cdcd_reset+0x44>)
1000438a:	079b      	lsls	r3, r3, #30
1000438c:	d50c      	bpl.n	100043a8 <cdcd_reset+0x34>
1000438e:	2101      	movs	r1, #1
10004390:	0020      	movs	r0, r4
10004392:	f000 fc6d 	bl	10004c70 <tu_fifo_set_overwritable>
10004396:	bd70      	pop	{r4, r5, r6, pc}
10004398:	4805      	ldr	r0, [pc, #20]	@ (100043b0 <cdcd_reset+0x3c>)
1000439a:	3010      	adds	r0, #16
1000439c:	f000 fc48 	bl	10004c30 <tu_fifo_clear>
100043a0:	782b      	ldrb	r3, [r5, #0]
100043a2:	4c05      	ldr	r4, [pc, #20]	@ (100043b8 <cdcd_reset+0x44>)
100043a4:	079b      	lsls	r3, r3, #30
100043a6:	d4f2      	bmi.n	1000438e <cdcd_reset+0x1a>
100043a8:	0020      	movs	r0, r4
100043aa:	f000 fc41 	bl	10004c30 <tu_fifo_clear>
100043ae:	e7ee      	b.n	1000438e <cdcd_reset+0x1a>
100043b0:	20001058 	.word	0x20001058
100043b4:	2000152c 	.word	0x2000152c
100043b8:	2000107c 	.word	0x2000107c

100043bc <cdcd_open>:
100043bc:	b5f0      	push	{r4, r5, r6, r7, lr}
100043be:	794b      	ldrb	r3, [r1, #5]
100043c0:	0007      	movs	r7, r0
100043c2:	b083      	sub	sp, #12
100043c4:	2b02      	cmp	r3, #2
100043c6:	d102      	bne.n	100043ce <cdcd_open+0x12>
100043c8:	798b      	ldrb	r3, [r1, #6]
100043ca:	2b02      	cmp	r3, #2
100043cc:	d003      	beq.n	100043d6 <cdcd_open+0x1a>
100043ce:	2400      	movs	r4, #0
100043d0:	0020      	movs	r0, r4
100043d2:	b003      	add	sp, #12
100043d4:	bdf0      	pop	{r4, r5, r6, r7, pc}
100043d6:	4b21      	ldr	r3, [pc, #132]	@ (1000445c <cdcd_open+0xa0>)
100043d8:	001e      	movs	r6, r3
100043da:	789b      	ldrb	r3, [r3, #2]
100043dc:	2b00      	cmp	r3, #0
100043de:	d1f6      	bne.n	100043ce <cdcd_open+0x12>
100043e0:	788b      	ldrb	r3, [r1, #2]
100043e2:	2409      	movs	r4, #9
100043e4:	7033      	strb	r3, [r6, #0]
100043e6:	780d      	ldrb	r5, [r1, #0]
100043e8:	194d      	adds	r5, r1, r5
100043ea:	786b      	ldrb	r3, [r5, #1]
100043ec:	2b24      	cmp	r3, #36	@ 0x24
100043ee:	d007      	beq.n	10004400 <cdcd_open+0x44>
100043f0:	e00c      	b.n	1000440c <cdcd_open+0x50>
100043f2:	782b      	ldrb	r3, [r5, #0]
100043f4:	18ed      	adds	r5, r5, r3
100043f6:	191c      	adds	r4, r3, r4
100043f8:	786b      	ldrb	r3, [r5, #1]
100043fa:	b2a4      	uxth	r4, r4
100043fc:	2b24      	cmp	r3, #36	@ 0x24
100043fe:	d105      	bne.n	1000440c <cdcd_open+0x50>
10004400:	42a2      	cmp	r2, r4
10004402:	d2f6      	bcs.n	100043f2 <cdcd_open+0x36>
10004404:	2000      	movs	r0, #0
10004406:	f7ff fe65 	bl	100040d4 <_prep_out_transaction.isra.0>
1000440a:	e7e1      	b.n	100043d0 <cdcd_open+0x14>
1000440c:	001a      	movs	r2, r3
1000440e:	2b05      	cmp	r3, #5
10004410:	d015      	beq.n	1000443e <cdcd_open+0x82>
10004412:	2a04      	cmp	r2, #4
10004414:	d1f6      	bne.n	10004404 <cdcd_open+0x48>
10004416:	796b      	ldrb	r3, [r5, #5]
10004418:	2b0a      	cmp	r3, #10
1000441a:	d1f3      	bne.n	10004404 <cdcd_open+0x48>
1000441c:	4b10      	ldr	r3, [pc, #64]	@ (10004460 <cdcd_open+0xa4>)
1000441e:	782e      	ldrb	r6, [r5, #0]
10004420:	9301      	str	r3, [sp, #4]
10004422:	3301      	adds	r3, #1
10004424:	9300      	str	r3, [sp, #0]
10004426:	0038      	movs	r0, r7
10004428:	2302      	movs	r3, #2
1000442a:	19a9      	adds	r1, r5, r6
1000442c:	3a02      	subs	r2, #2
1000442e:	f7ff fca3 	bl	10003d78 <usbd_open_edpt_pair>
10004432:	2800      	cmp	r0, #0
10004434:	d0cb      	beq.n	100043ce <cdcd_open+0x12>
10004436:	340e      	adds	r4, #14
10004438:	19a4      	adds	r4, r4, r6
1000443a:	b2a4      	uxth	r4, r4
1000443c:	e7e2      	b.n	10004404 <cdcd_open+0x48>
1000443e:	0029      	movs	r1, r5
10004440:	0038      	movs	r0, r7
10004442:	f7ff fce5 	bl	10003e10 <usbd_edpt_open>
10004446:	2800      	cmp	r0, #0
10004448:	d0c1      	beq.n	100043ce <cdcd_open+0x12>
1000444a:	78ab      	ldrb	r3, [r5, #2]
1000444c:	7073      	strb	r3, [r6, #1]
1000444e:	782b      	ldrb	r3, [r5, #0]
10004450:	191c      	adds	r4, r3, r4
10004452:	18ed      	adds	r5, r5, r3
10004454:	786a      	ldrb	r2, [r5, #1]
10004456:	b2a4      	uxth	r4, r4
10004458:	e7db      	b.n	10004412 <cdcd_open+0x56>
1000445a:	46c0      	nop			@ (mov r8, r8)
1000445c:	20001058 	.word	0x20001058
10004460:	2000105a 	.word	0x2000105a

10004464 <cdcd_control_xfer_cb>:
10004464:	2360      	movs	r3, #96	@ 0x60
10004466:	468c      	mov	ip, r1
10004468:	0011      	movs	r1, r2
1000446a:	7812      	ldrb	r2, [r2, #0]
1000446c:	b570      	push	{r4, r5, r6, lr}
1000446e:	4013      	ands	r3, r2
10004470:	2200      	movs	r2, #0
10004472:	2b20      	cmp	r3, #32
10004474:	d108      	bne.n	10004488 <cdcd_control_xfer_cb+0x24>
10004476:	4c32      	ldr	r4, [pc, #200]	@ (10004540 <cdcd_control_xfer_cb+0xdc>)
10004478:	794b      	ldrb	r3, [r1, #5]
1000447a:	0026      	movs	r6, r4
1000447c:	790d      	ldrb	r5, [r1, #4]
1000447e:	7824      	ldrb	r4, [r4, #0]
10004480:	021b      	lsls	r3, r3, #8
10004482:	432b      	orrs	r3, r5
10004484:	429c      	cmp	r4, r3
10004486:	d001      	beq.n	1000448c <cdcd_control_xfer_cb+0x28>
10004488:	0010      	movs	r0, r2
1000448a:	bd70      	pop	{r4, r5, r6, pc}
1000448c:	784b      	ldrb	r3, [r1, #1]
1000448e:	2b22      	cmp	r3, #34	@ 0x22
10004490:	d01c      	beq.n	100044cc <cdcd_control_xfer_cb+0x68>
10004492:	d808      	bhi.n	100044a6 <cdcd_control_xfer_cb+0x42>
10004494:	2b20      	cmp	r3, #32
10004496:	d039      	beq.n	1000450c <cdcd_control_xfer_cb+0xa8>
10004498:	2b21      	cmp	r3, #33	@ 0x21
1000449a:	d1f5      	bne.n	10004488 <cdcd_control_xfer_cb+0x24>
1000449c:	4663      	mov	r3, ip
1000449e:	2b01      	cmp	r3, #1
100044a0:	d043      	beq.n	1000452a <cdcd_control_xfer_cb+0xc6>
100044a2:	2201      	movs	r2, #1
100044a4:	e7f0      	b.n	10004488 <cdcd_control_xfer_cb+0x24>
100044a6:	2b23      	cmp	r3, #35	@ 0x23
100044a8:	d1ee      	bne.n	10004488 <cdcd_control_xfer_cb+0x24>
100044aa:	4663      	mov	r3, ip
100044ac:	2b01      	cmp	r3, #1
100044ae:	d042      	beq.n	10004536 <cdcd_control_xfer_cb+0xd2>
100044b0:	2b03      	cmp	r3, #3
100044b2:	d1f6      	bne.n	100044a2 <cdcd_control_xfer_cb+0x3e>
100044b4:	4b23      	ldr	r3, [pc, #140]	@ (10004544 <cdcd_control_xfer_cb+0xe0>)
100044b6:	2b00      	cmp	r3, #0
100044b8:	d0f3      	beq.n	100044a2 <cdcd_control_xfer_cb+0x3e>
100044ba:	788b      	ldrb	r3, [r1, #2]
100044bc:	78c9      	ldrb	r1, [r1, #3]
100044be:	2000      	movs	r0, #0
100044c0:	0209      	lsls	r1, r1, #8
100044c2:	4319      	orrs	r1, r3
100044c4:	e000      	b.n	100044c8 <cdcd_control_xfer_cb+0x64>
100044c6:	bf00      	nop
100044c8:	2201      	movs	r2, #1
100044ca:	e7dd      	b.n	10004488 <cdcd_control_xfer_cb+0x24>
100044cc:	4663      	mov	r3, ip
100044ce:	2b01      	cmp	r3, #1
100044d0:	d031      	beq.n	10004536 <cdcd_control_xfer_cb+0xd2>
100044d2:	2b03      	cmp	r3, #3
100044d4:	d1e5      	bne.n	100044a2 <cdcd_control_xfer_cb+0x3e>
100044d6:	2501      	movs	r5, #1
100044d8:	78cb      	ldrb	r3, [r1, #3]
100044da:	788a      	ldrb	r2, [r1, #2]
100044dc:	021b      	lsls	r3, r3, #8
100044de:	4313      	orrs	r3, r2
100044e0:	001c      	movs	r4, r3
100044e2:	401d      	ands	r5, r3
100044e4:	0033      	movs	r3, r6
100044e6:	2101      	movs	r1, #1
100044e8:	3324      	adds	r3, #36	@ 0x24
100044ea:	0018      	movs	r0, r3
100044ec:	4069      	eors	r1, r5
100044ee:	7134      	strb	r4, [r6, #4]
100044f0:	f000 fbbe 	bl	10004c70 <tu_fifo_set_overwritable>
100044f4:	4b14      	ldr	r3, [pc, #80]	@ (10004548 <cdcd_control_xfer_cb+0xe4>)
100044f6:	2b00      	cmp	r3, #0
100044f8:	d0d3      	beq.n	100044a2 <cdcd_control_xfer_cb+0x3e>
100044fa:	2301      	movs	r3, #1
100044fc:	0862      	lsrs	r2, r4, #1
100044fe:	401a      	ands	r2, r3
10004500:	0029      	movs	r1, r5
10004502:	2000      	movs	r0, #0
10004504:	e000      	b.n	10004508 <cdcd_control_xfer_cb+0xa4>
10004506:	bf00      	nop
10004508:	2201      	movs	r2, #1
1000450a:	e7bd      	b.n	10004488 <cdcd_control_xfer_cb+0x24>
1000450c:	4663      	mov	r3, ip
1000450e:	2b01      	cmp	r3, #1
10004510:	d00b      	beq.n	1000452a <cdcd_control_xfer_cb+0xc6>
10004512:	2b03      	cmp	r3, #3
10004514:	d1c5      	bne.n	100044a2 <cdcd_control_xfer_cb+0x3e>
10004516:	4b0d      	ldr	r3, [pc, #52]	@ (1000454c <cdcd_control_xfer_cb+0xe8>)
10004518:	2b00      	cmp	r3, #0
1000451a:	d0c2      	beq.n	100044a2 <cdcd_control_xfer_cb+0x3e>
1000451c:	0031      	movs	r1, r6
1000451e:	2000      	movs	r0, #0
10004520:	3108      	adds	r1, #8
10004522:	f7fe fe15 	bl	10003150 <tud_cdc_line_coding_cb>
10004526:	2201      	movs	r2, #1
10004528:	e7ae      	b.n	10004488 <cdcd_control_xfer_cb+0x24>
1000452a:	4a09      	ldr	r2, [pc, #36]	@ (10004550 <cdcd_control_xfer_cb+0xec>)
1000452c:	2307      	movs	r3, #7
1000452e:	f7ff fcef 	bl	10003f10 <tud_control_xfer>
10004532:	2201      	movs	r2, #1
10004534:	e7a8      	b.n	10004488 <cdcd_control_xfer_cb+0x24>
10004536:	f7ff fcd5 	bl	10003ee4 <tud_control_status>
1000453a:	2201      	movs	r2, #1
1000453c:	e7a4      	b.n	10004488 <cdcd_control_xfer_cb+0x24>
1000453e:	46c0      	nop			@ (mov r8, r8)
10004540:	20001058 	.word	0x20001058
	...
1000454c:	10003151 	.word	0x10003151
10004550:	20001060 	.word	0x20001060

10004554 <cdcd_xfer_cb>:
10004554:	b5f8      	push	{r3, r4, r5, r6, r7, lr}
10004556:	4647      	mov	r7, r8
10004558:	46ce      	mov	lr, r9
1000455a:	b580      	push	{r7, lr}
1000455c:	4c34      	ldr	r4, [pc, #208]	@ (10004630 <cdcd_xfer_cb+0xdc>)
1000455e:	001f      	movs	r7, r3
10004560:	78e3      	ldrb	r3, [r4, #3]
10004562:	4680      	mov	r8, r0
10004564:	000d      	movs	r5, r1
10004566:	428b      	cmp	r3, r1
10004568:	d03b      	beq.n	100045e2 <cdcd_xfer_cb+0x8e>
1000456a:	78a3      	ldrb	r3, [r4, #2]
1000456c:	2000      	movs	r0, #0
1000456e:	428b      	cmp	r3, r1
10004570:	d011      	beq.n	10004596 <cdcd_xfer_cb+0x42>
10004572:	bcc0      	pop	{r6, r7}
10004574:	46b9      	mov	r9, r7
10004576:	46b0      	mov	r8, r6
10004578:	bdf8      	pop	{r3, r4, r5, r6, r7, pc}
1000457a:	4b2e      	ldr	r3, [pc, #184]	@ (10004634 <cdcd_xfer_cb+0xe0>)
1000457c:	2b00      	cmp	r3, #0
1000457e:	d004      	beq.n	1000458a <cdcd_xfer_cb+0x36>
10004580:	482d      	ldr	r0, [pc, #180]	@ (10004638 <cdcd_xfer_cb+0xe4>)
10004582:	f000 f96d 	bl	10004860 <tu_fifo_empty>
10004586:	2800      	cmp	r0, #0
10004588:	d04f      	beq.n	1000462a <cdcd_xfer_cb+0xd6>
1000458a:	2000      	movs	r0, #0
1000458c:	f7ff fda2 	bl	100040d4 <_prep_out_transaction.isra.0>
10004590:	78a3      	ldrb	r3, [r4, #2]
10004592:	42ab      	cmp	r3, r5
10004594:	d10a      	bne.n	100045ac <cdcd_xfer_cb+0x58>
10004596:	4b29      	ldr	r3, [pc, #164]	@ (1000463c <cdcd_xfer_cb+0xe8>)
10004598:	2b00      	cmp	r3, #0
1000459a:	d002      	beq.n	100045a2 <cdcd_xfer_cb+0x4e>
1000459c:	2000      	movs	r0, #0
1000459e:	e000      	b.n	100045a2 <cdcd_xfer_cb+0x4e>
100045a0:	bf00      	nop
100045a2:	2000      	movs	r0, #0
100045a4:	f7ff fe30 	bl	10004208 <tud_cdc_n_write_flush>
100045a8:	2800      	cmp	r0, #0
100045aa:	d001      	beq.n	100045b0 <cdcd_xfer_cb+0x5c>
100045ac:	2001      	movs	r0, #1
100045ae:	e7e0      	b.n	10004572 <cdcd_xfer_cb+0x1e>
100045b0:	4c23      	ldr	r4, [pc, #140]	@ (10004640 <cdcd_xfer_cb+0xec>)
100045b2:	0020      	movs	r0, r4
100045b4:	f000 f93e 	bl	10004834 <tu_fifo_count>
100045b8:	2800      	cmp	r0, #0
100045ba:	d1f7      	bne.n	100045ac <cdcd_xfer_cb+0x58>
100045bc:	2f00      	cmp	r7, #0
100045be:	d0f5      	beq.n	100045ac <cdcd_xfer_cb+0x58>
100045c0:	06bb      	lsls	r3, r7, #26
100045c2:	d1f3      	bne.n	100045ac <cdcd_xfer_cb+0x58>
100045c4:	3c24      	subs	r4, #36	@ 0x24
100045c6:	4640      	mov	r0, r8
100045c8:	78a1      	ldrb	r1, [r4, #2]
100045ca:	f7ff fc3b 	bl	10003e44 <usbd_edpt_claim>
100045ce:	2800      	cmp	r0, #0
100045d0:	d0ec      	beq.n	100045ac <cdcd_xfer_cb+0x58>
100045d2:	2300      	movs	r3, #0
100045d4:	2200      	movs	r2, #0
100045d6:	4640      	mov	r0, r8
100045d8:	78a1      	ldrb	r1, [r4, #2]
100045da:	f7ff fc5b 	bl	10003e94 <usbd_edpt_xfer>
100045de:	2001      	movs	r0, #1
100045e0:	e7c7      	b.n	10004572 <cdcd_xfer_cb+0x1e>
100045e2:	4e18      	ldr	r6, [pc, #96]	@ (10004644 <cdcd_xfer_cb+0xf0>)
100045e4:	4814      	ldr	r0, [pc, #80]	@ (10004638 <cdcd_xfer_cb+0xe4>)
100045e6:	0031      	movs	r1, r6
100045e8:	b2ba      	uxth	r2, r7
100045ea:	f000 fa6d 	bl	10004ac8 <tu_fifo_write_n>
100045ee:	4b16      	ldr	r3, [pc, #88]	@ (10004648 <cdcd_xfer_cb+0xf4>)
100045f0:	2b00      	cmp	r3, #0
100045f2:	d0c2      	beq.n	1000457a <cdcd_xfer_cb+0x26>
100045f4:	7963      	ldrb	r3, [r4, #5]
100045f6:	2bff      	cmp	r3, #255	@ 0xff
100045f8:	d0bf      	beq.n	1000457a <cdcd_xfer_cb+0x26>
100045fa:	2f00      	cmp	r7, #0
100045fc:	d0bd      	beq.n	1000457a <cdcd_xfer_cb+0x26>
100045fe:	46bc      	mov	ip, r7
10004600:	44b4      	add	ip, r6
10004602:	46e1      	mov	r9, ip
10004604:	e003      	b.n	1000460e <cdcd_xfer_cb+0xba>
10004606:	3601      	adds	r6, #1
10004608:	454e      	cmp	r6, r9
1000460a:	d0b6      	beq.n	1000457a <cdcd_xfer_cb+0x26>
1000460c:	7963      	ldrb	r3, [r4, #5]
1000460e:	7832      	ldrb	r2, [r6, #0]
10004610:	429a      	cmp	r2, r3
10004612:	d1f8      	bne.n	10004606 <cdcd_xfer_cb+0xb2>
10004614:	4808      	ldr	r0, [pc, #32]	@ (10004638 <cdcd_xfer_cb+0xe4>)
10004616:	f000 f923 	bl	10004860 <tu_fifo_empty>
1000461a:	2800      	cmp	r0, #0
1000461c:	d1f3      	bne.n	10004606 <cdcd_xfer_cb+0xb2>
1000461e:	4b06      	ldr	r3, [pc, #24]	@ (10004638 <cdcd_xfer_cb+0xe4>)
10004620:	3b10      	subs	r3, #16
10004622:	7959      	ldrb	r1, [r3, #5]
10004624:	e000      	b.n	10004628 <cdcd_xfer_cb+0xd4>
10004626:	bf00      	nop
10004628:	e7ed      	b.n	10004606 <cdcd_xfer_cb+0xb2>
1000462a:	e000      	b.n	1000462e <cdcd_xfer_cb+0xda>
1000462c:	bf00      	nop
1000462e:	e7ac      	b.n	1000458a <cdcd_xfer_cb+0x36>
10004630:	20001058 	.word	0x20001058
10004634:	00000000 	.word	0x00000000
10004638:	20001068 	.word	0x20001068
1000463c:	00000000 	.word	0x00000000
10004640:	2000107c 	.word	0x2000107c
10004644:	200014ac 	.word	0x200014ac
10004648:	00000000 	.word	0x00000000

1000464c <tusb_rhport_init>:
1000464c:	b500      	push	{lr}
1000464e:	0003      	movs	r3, r0
10004650:	b083      	sub	sp, #12
10004652:	2900      	cmp	r1, #0
10004654:	d010      	beq.n	10004678 <tusb_rhport_init+0x2c>
10004656:	2000      	movs	r0, #0
10004658:	2b01      	cmp	r3, #1
1000465a:	d807      	bhi.n	1000466c <tusb_rhport_init+0x20>
1000465c:	780a      	ldrb	r2, [r1, #0]
1000465e:	2a00      	cmp	r2, #0
10004660:	d004      	beq.n	1000466c <tusb_rhport_init+0x20>
10004662:	480c      	ldr	r0, [pc, #48]	@ (10004694 <tusb_rhport_init+0x48>)
10004664:	54c2      	strb	r2, [r0, r3]
10004666:	2001      	movs	r0, #1
10004668:	2a01      	cmp	r2, #1
1000466a:	d001      	beq.n	10004670 <tusb_rhport_init+0x24>
1000466c:	b003      	add	sp, #12
1000466e:	bd00      	pop	{pc}
10004670:	0018      	movs	r0, r3
10004672:	f7fe ff21 	bl	100034b8 <tud_rhport_init>
10004676:	e7f9      	b.n	1000466c <tusb_rhport_init+0x20>
10004678:	2301      	movs	r3, #1
1000467a:	466a      	mov	r2, sp
1000467c:	2000      	movs	r0, #0
1000467e:	a901      	add	r1, sp, #4
10004680:	8093      	strh	r3, [r2, #4]
10004682:	f7fe ff19 	bl	100034b8 <tud_rhport_init>
10004686:	2800      	cmp	r0, #0
10004688:	d0f0      	beq.n	1000466c <tusb_rhport_init+0x20>
1000468a:	2201      	movs	r2, #1
1000468c:	4b01      	ldr	r3, [pc, #4]	@ (10004694 <tusb_rhport_init+0x48>)
1000468e:	701a      	strb	r2, [r3, #0]
10004690:	e7ec      	b.n	1000466c <tusb_rhport_init+0x20>
10004692:	46c0      	nop			@ (mov r8, r8)
10004694:	20001584 	.word	0x20001584

10004698 <tu_edpt_claim>:
10004698:	b570      	push	{r4, r5, r6, lr}
1000469a:	0004      	movs	r4, r0
1000469c:	7823      	ldrb	r3, [r4, #0]
1000469e:	0008      	movs	r0, r1
100046a0:	07db      	lsls	r3, r3, #31
100046a2:	000e      	movs	r6, r1
100046a4:	0fdd      	lsrs	r5, r3, #31
100046a6:	2b00      	cmp	r3, #0
100046a8:	d116      	bne.n	100046d8 <tu_edpt_claim+0x40>
100046aa:	7823      	ldrb	r3, [r4, #0]
100046ac:	075b      	lsls	r3, r3, #29
100046ae:	d501      	bpl.n	100046b4 <tu_edpt_claim+0x1c>
100046b0:	0028      	movs	r0, r5
100046b2:	bd70      	pop	{r4, r5, r6, pc}
100046b4:	2101      	movs	r1, #1
100046b6:	4249      	negs	r1, r1
100046b8:	f000 fc66 	bl	10004f88 <__mutex_enter_timeout_ms_veneer>
100046bc:	7823      	ldrb	r3, [r4, #0]
100046be:	07db      	lsls	r3, r3, #31
100046c0:	0fdd      	lsrs	r5, r3, #31
100046c2:	2b00      	cmp	r3, #0
100046c4:	d10a      	bne.n	100046dc <tu_edpt_claim+0x44>
100046c6:	7823      	ldrb	r3, [r4, #0]
100046c8:	075b      	lsls	r3, r3, #29
100046ca:	d408      	bmi.n	100046de <tu_edpt_claim+0x46>
100046cc:	2204      	movs	r2, #4
100046ce:	7823      	ldrb	r3, [r4, #0]
100046d0:	2501      	movs	r5, #1
100046d2:	4313      	orrs	r3, r2
100046d4:	7023      	strb	r3, [r4, #0]
100046d6:	e002      	b.n	100046de <tu_edpt_claim+0x46>
100046d8:	2500      	movs	r5, #0
100046da:	e7e9      	b.n	100046b0 <tu_edpt_claim+0x18>
100046dc:	2500      	movs	r5, #0
100046de:	0030      	movs	r0, r6
100046e0:	f000 fc3a 	bl	10004f58 <__mutex_exit_veneer>
100046e4:	e7e4      	b.n	100046b0 <tu_edpt_claim+0x18>
100046e6:	46c0      	nop			@ (mov r8, r8)

100046e8 <tu_edpt_release>:
100046e8:	b570      	push	{r4, r5, r6, lr}
100046ea:	000d      	movs	r5, r1
100046ec:	2101      	movs	r1, #1
100046ee:	0004      	movs	r4, r0
100046f0:	4249      	negs	r1, r1
100046f2:	0028      	movs	r0, r5
100046f4:	f000 fc48 	bl	10004f88 <__mutex_enter_timeout_ms_veneer>
100046f8:	7823      	ldrb	r3, [r4, #0]
100046fa:	075b      	lsls	r3, r3, #29
100046fc:	0fde      	lsrs	r6, r3, #31
100046fe:	2b00      	cmp	r3, #0
10004700:	db04      	blt.n	1000470c <tu_edpt_release+0x24>
10004702:	0028      	movs	r0, r5
10004704:	f000 fc28 	bl	10004f58 <__mutex_exit_veneer>
10004708:	0030      	movs	r0, r6
1000470a:	bd70      	pop	{r4, r5, r6, pc}
1000470c:	7823      	ldrb	r3, [r4, #0]
1000470e:	07db      	lsls	r3, r3, #31
10004710:	d404      	bmi.n	1000471c <tu_edpt_release+0x34>
10004712:	2204      	movs	r2, #4
10004714:	7823      	ldrb	r3, [r4, #0]
10004716:	4393      	bics	r3, r2
10004718:	7023      	strb	r3, [r4, #0]
1000471a:	e7f2      	b.n	10004702 <tu_edpt_release+0x1a>
1000471c:	2600      	movs	r6, #0
1000471e:	e7f0      	b.n	10004702 <tu_edpt_release+0x1a>

10004720 <tu_edpt_validate>:
10004720:	7943      	ldrb	r3, [r0, #5]
10004722:	7902      	ldrb	r2, [r0, #4]
10004724:	021b      	lsls	r3, r3, #8
10004726:	4313      	orrs	r3, r2
10004728:	78c2      	ldrb	r2, [r0, #3]
1000472a:	055b      	lsls	r3, r3, #21
1000472c:	0792      	lsls	r2, r2, #30
1000472e:	0d5b      	lsrs	r3, r3, #21
10004730:	0f92      	lsrs	r2, r2, #30
10004732:	2a02      	cmp	r2, #2
10004734:	d01a      	beq.n	1000476c <tu_edpt_validate+0x4c>
10004736:	2a03      	cmp	r2, #3
10004738:	d00b      	beq.n	10004752 <tu_edpt_validate+0x32>
1000473a:	2000      	movs	r0, #0
1000473c:	2a01      	cmp	r2, #1
1000473e:	d107      	bne.n	10004750 <tu_edpt_validate+0x30>
10004740:	3902      	subs	r1, #2
10004742:	424a      	negs	r2, r1
10004744:	4151      	adcs	r1, r2
10004746:	4a10      	ldr	r2, [pc, #64]	@ (10004788 <tu_edpt_validate+0x68>)
10004748:	1889      	adds	r1, r1, r2
1000474a:	4299      	cmp	r1, r3
1000474c:	4140      	adcs	r0, r0
1000474e:	b2c0      	uxtb	r0, r0
10004750:	4770      	bx	lr
10004752:	3902      	subs	r1, #2
10004754:	1e4a      	subs	r2, r1, #1
10004756:	4191      	sbcs	r1, r2
10004758:	4a0c      	ldr	r2, [pc, #48]	@ (1000478c <tu_edpt_validate+0x6c>)
1000475a:	4249      	negs	r1, r1
1000475c:	4011      	ands	r1, r2
1000475e:	2280      	movs	r2, #128	@ 0x80
10004760:	2000      	movs	r0, #0
10004762:	00d2      	lsls	r2, r2, #3
10004764:	1889      	adds	r1, r1, r2
10004766:	4299      	cmp	r1, r3
10004768:	4140      	adcs	r0, r0
1000476a:	e7f1      	b.n	10004750 <tu_edpt_validate+0x30>
1000476c:	2902      	cmp	r1, #2
1000476e:	d004      	beq.n	1000477a <tu_edpt_validate+0x5a>
10004770:	2000      	movs	r0, #0
10004772:	2240      	movs	r2, #64	@ 0x40
10004774:	429a      	cmp	r2, r3
10004776:	4140      	adcs	r0, r0
10004778:	e7ea      	b.n	10004750 <tu_edpt_validate+0x30>
1000477a:	4a05      	ldr	r2, [pc, #20]	@ (10004790 <tu_edpt_validate+0x70>)
1000477c:	1898      	adds	r0, r3, r2
1000477e:	4243      	negs	r3, r0
10004780:	4158      	adcs	r0, r3
10004782:	b2c0      	uxtb	r0, r0
10004784:	e7e4      	b.n	10004750 <tu_edpt_validate+0x30>
10004786:	46c0      	nop			@ (mov r8, r8)
10004788:	000003ff 	.word	0x000003ff
1000478c:	fffffc40 	.word	0xfffffc40
10004790:	fffffe00 	.word	0xfffffe00

10004794 <tu_edpt_bind_driver>:
10004794:	4684      	mov	ip, r0
10004796:	1888      	adds	r0, r1, r2
10004798:	b530      	push	{r4, r5, lr}
1000479a:	001c      	movs	r4, r3
1000479c:	4281      	cmp	r1, r0
1000479e:	d206      	bcs.n	100047ae <tu_edpt_bind_driver+0x1a>
100047a0:	784a      	ldrb	r2, [r1, #1]
100047a2:	2a05      	cmp	r2, #5
100047a4:	d004      	beq.n	100047b0 <tu_edpt_bind_driver+0x1c>
100047a6:	780a      	ldrb	r2, [r1, #0]
100047a8:	1889      	adds	r1, r1, r2
100047aa:	4288      	cmp	r0, r1
100047ac:	d8f8      	bhi.n	100047a0 <tu_edpt_bind_driver+0xc>
100047ae:	bd30      	pop	{r4, r5, pc}
100047b0:	227f      	movs	r2, #127	@ 0x7f
100047b2:	788b      	ldrb	r3, [r1, #2]
100047b4:	401a      	ands	r2, r3
100047b6:	0052      	lsls	r2, r2, #1
100047b8:	4462      	add	r2, ip
100047ba:	09db      	lsrs	r3, r3, #7
100047bc:	54d4      	strb	r4, [r2, r3]
100047be:	780a      	ldrb	r2, [r1, #0]
100047c0:	1889      	adds	r1, r1, r2
100047c2:	4288      	cmp	r0, r1
100047c4:	d8ec      	bhi.n	100047a0 <tu_edpt_bind_driver+0xc>
100047c6:	e7f2      	b.n	100047ae <tu_edpt_bind_driver+0x1a>

100047c8 <tu_fifo_config>:
100047c8:	b5f0      	push	{r4, r5, r6, r7, lr}
100047ca:	46c6      	mov	lr, r8
100047cc:	b500      	push	{lr}
100047ce:	4698      	mov	r8, r3
100047d0:	466b      	mov	r3, sp
100047d2:	7e1e      	ldrb	r6, [r3, #24]
100047d4:	2380      	movs	r3, #128	@ 0x80
100047d6:	0004      	movs	r4, r0
100047d8:	000f      	movs	r7, r1
100047da:	0015      	movs	r5, r2
100047dc:	021b      	lsls	r3, r3, #8
100047de:	429a      	cmp	r2, r3
100047e0:	d826      	bhi.n	10004830 <tu_fifo_config+0x68>
100047e2:	68c0      	ldr	r0, [r0, #12]
100047e4:	2800      	cmp	r0, #0
100047e6:	d003      	beq.n	100047f0 <tu_fifo_config+0x28>
100047e8:	2101      	movs	r1, #1
100047ea:	4249      	negs	r1, r1
100047ec:	f000 fbcc 	bl	10004f88 <__mutex_enter_timeout_ms_veneer>
100047f0:	6920      	ldr	r0, [r4, #16]
100047f2:	2800      	cmp	r0, #0
100047f4:	d003      	beq.n	100047fe <tu_fifo_config+0x36>
100047f6:	2101      	movs	r1, #1
100047f8:	4249      	negs	r1, r1
100047fa:	f000 fbc5 	bl	10004f88 <__mutex_enter_timeout_ms_veneer>
100047fe:	4642      	mov	r2, r8
10004800:	0452      	lsls	r2, r2, #17
10004802:	03f3      	lsls	r3, r6, #15
10004804:	0c52      	lsrs	r2, r2, #17
10004806:	4313      	orrs	r3, r2
10004808:	80e3      	strh	r3, [r4, #6]
1000480a:	2300      	movs	r3, #0
1000480c:	68e0      	ldr	r0, [r4, #12]
1000480e:	8163      	strh	r3, [r4, #10]
10004810:	6027      	str	r7, [r4, #0]
10004812:	80a5      	strh	r5, [r4, #4]
10004814:	8123      	strh	r3, [r4, #8]
10004816:	2800      	cmp	r0, #0
10004818:	d001      	beq.n	1000481e <tu_fifo_config+0x56>
1000481a:	f000 fb9d 	bl	10004f58 <__mutex_exit_veneer>
1000481e:	6920      	ldr	r0, [r4, #16]
10004820:	2800      	cmp	r0, #0
10004822:	d001      	beq.n	10004828 <tu_fifo_config+0x60>
10004824:	f000 fb98 	bl	10004f58 <__mutex_exit_veneer>
10004828:	2001      	movs	r0, #1
1000482a:	bc80      	pop	{r7}
1000482c:	46b8      	mov	r8, r7
1000482e:	bdf0      	pop	{r4, r5, r6, r7, pc}
10004830:	2000      	movs	r0, #0
10004832:	e7fa      	b.n	1000482a <tu_fifo_config+0x62>

10004834 <tu_fifo_count>:
10004834:	8903      	ldrh	r3, [r0, #8]
10004836:	8941      	ldrh	r1, [r0, #10]
10004838:	469c      	mov	ip, r3
1000483a:	8882      	ldrh	r2, [r0, #4]
1000483c:	b29b      	uxth	r3, r3
1000483e:	b288      	uxth	r0, r1
10004840:	458c      	cmp	ip, r1
10004842:	d307      	bcc.n	10004854 <tu_fifo_count+0x20>
10004844:	1a1b      	subs	r3, r3, r0
10004846:	b29b      	uxth	r3, r3
10004848:	1c10      	adds	r0, r2, #0
1000484a:	429a      	cmp	r2, r3
1000484c:	d900      	bls.n	10004850 <tu_fifo_count+0x1c>
1000484e:	1c18      	adds	r0, r3, #0
10004850:	b280      	uxth	r0, r0
10004852:	4770      	bx	lr
10004854:	0051      	lsls	r1, r2, #1
10004856:	1a09      	subs	r1, r1, r0
10004858:	185b      	adds	r3, r3, r1
1000485a:	b29b      	uxth	r3, r3
1000485c:	e7f4      	b.n	10004848 <tu_fifo_count+0x14>
1000485e:	46c0      	nop			@ (mov r8, r8)

10004860 <tu_fifo_empty>:
10004860:	8903      	ldrh	r3, [r0, #8]
10004862:	8940      	ldrh	r0, [r0, #10]
10004864:	1a18      	subs	r0, r3, r0
10004866:	4243      	negs	r3, r0
10004868:	4158      	adcs	r0, r3
1000486a:	b2c0      	uxtb	r0, r0
1000486c:	4770      	bx	lr
1000486e:	46c0      	nop			@ (mov r8, r8)

10004870 <tu_fifo_remaining>:
10004870:	8903      	ldrh	r3, [r0, #8]
10004872:	8941      	ldrh	r1, [r0, #10]
10004874:	469c      	mov	ip, r3
10004876:	8882      	ldrh	r2, [r0, #4]
10004878:	b29b      	uxth	r3, r3
1000487a:	b288      	uxth	r0, r1
1000487c:	458c      	cmp	ip, r1
1000487e:	d307      	bcc.n	10004890 <tu_fifo_remaining+0x20>
10004880:	1a1b      	subs	r3, r3, r0
10004882:	b29b      	uxth	r3, r3
10004884:	2000      	movs	r0, #0
10004886:	429a      	cmp	r2, r3
10004888:	d901      	bls.n	1000488e <tu_fifo_remaining+0x1e>
1000488a:	1ad2      	subs	r2, r2, r3
1000488c:	b290      	uxth	r0, r2
1000488e:	4770      	bx	lr
10004890:	0051      	lsls	r1, r2, #1
10004892:	1a09      	subs	r1, r1, r0
10004894:	185b      	adds	r3, r3, r1
10004896:	b29b      	uxth	r3, r3
10004898:	e7f4      	b.n	10004884 <tu_fifo_remaining+0x14>
1000489a:	46c0      	nop			@ (mov r8, r8)

1000489c <tu_fifo_read>:
1000489c:	b570      	push	{r4, r5, r6, lr}
1000489e:	0004      	movs	r4, r0
100048a0:	6900      	ldr	r0, [r0, #16]
100048a2:	000d      	movs	r5, r1
100048a4:	2800      	cmp	r0, #0
100048a6:	d003      	beq.n	100048b0 <tu_fifo_read+0x14>
100048a8:	2101      	movs	r1, #1
100048aa:	4249      	negs	r1, r1
100048ac:	f000 fb6c 	bl	10004f88 <__mutex_enter_timeout_ms_veneer>
100048b0:	8923      	ldrh	r3, [r4, #8]
100048b2:	8962      	ldrh	r2, [r4, #10]
100048b4:	469c      	mov	ip, r3
100048b6:	b298      	uxth	r0, r3
100048b8:	b291      	uxth	r1, r2
100048ba:	88a3      	ldrh	r3, [r4, #4]
100048bc:	4594      	cmp	ip, r2
100048be:	d332      	bcc.n	10004926 <tu_fifo_read+0x8a>
100048c0:	1a42      	subs	r2, r0, r1
100048c2:	b292      	uxth	r2, r2
100048c4:	2a00      	cmp	r2, #0
100048c6:	d027      	beq.n	10004918 <tu_fifo_read+0x7c>
100048c8:	4293      	cmp	r3, r2
100048ca:	d208      	bcs.n	100048de <tu_fifo_read+0x42>
100048cc:	4298      	cmp	r0, r3
100048ce:	d32f      	bcc.n	10004930 <tu_fifo_read+0x94>
100048d0:	1ac0      	subs	r0, r0, r3
100048d2:	b281      	uxth	r1, r0
100048d4:	8161      	strh	r1, [r4, #10]
100048d6:	428b      	cmp	r3, r1
100048d8:	d803      	bhi.n	100048e2 <tu_fifo_read+0x46>
100048da:	1ac9      	subs	r1, r1, r3
100048dc:	b289      	uxth	r1, r1
100048de:	428b      	cmp	r3, r1
100048e0:	d9fb      	bls.n	100048da <tu_fifo_read+0x3e>
100048e2:	88e2      	ldrh	r2, [r4, #6]
100048e4:	6823      	ldr	r3, [r4, #0]
100048e6:	0452      	lsls	r2, r2, #17
100048e8:	0c52      	lsrs	r2, r2, #17
100048ea:	4351      	muls	r1, r2
100048ec:	0028      	movs	r0, r5
100048ee:	1859      	adds	r1, r3, r1
100048f0:	f7fd fdda 	bl	100024a8 <__wrap___aeabi_memcpy>
100048f4:	8961      	ldrh	r1, [r4, #10]
100048f6:	2501      	movs	r5, #1
100048f8:	1c4a      	adds	r2, r1, #1
100048fa:	b292      	uxth	r2, r2
100048fc:	88a3      	ldrh	r3, [r4, #4]
100048fe:	4291      	cmp	r1, r2
10004900:	d90d      	bls.n	1000491e <tu_fifo_read+0x82>
10004902:	2200      	movs	r2, #0
10004904:	005b      	lsls	r3, r3, #1
10004906:	1ad2      	subs	r2, r2, r3
10004908:	6920      	ldr	r0, [r4, #16]
1000490a:	8162      	strh	r2, [r4, #10]
1000490c:	2800      	cmp	r0, #0
1000490e:	d001      	beq.n	10004914 <tu_fifo_read+0x78>
10004910:	f000 fb22 	bl	10004f58 <__mutex_exit_veneer>
10004914:	0028      	movs	r0, r5
10004916:	bd70      	pop	{r4, r5, r6, pc}
10004918:	2500      	movs	r5, #0
1000491a:	8962      	ldrh	r2, [r4, #10]
1000491c:	b292      	uxth	r2, r2
1000491e:	005b      	lsls	r3, r3, #1
10004920:	429a      	cmp	r2, r3
10004922:	dbf1      	blt.n	10004908 <tu_fifo_read+0x6c>
10004924:	e7ef      	b.n	10004906 <tu_fifo_read+0x6a>
10004926:	005a      	lsls	r2, r3, #1
10004928:	1a52      	subs	r2, r2, r1
1000492a:	1882      	adds	r2, r0, r2
1000492c:	b292      	uxth	r2, r2
1000492e:	e7c9      	b.n	100048c4 <tu_fifo_read+0x28>
10004930:	18c0      	adds	r0, r0, r3
10004932:	b281      	uxth	r1, r0
10004934:	8161      	strh	r1, [r4, #10]
10004936:	e7ce      	b.n	100048d6 <tu_fifo_read+0x3a>

10004938 <tu_fifo_read_n>:
10004938:	b5f0      	push	{r4, r5, r6, r7, lr}
1000493a:	4646      	mov	r6, r8
1000493c:	46d6      	mov	lr, sl
1000493e:	464f      	mov	r7, r9
10004940:	b5c0      	push	{r6, r7, lr}
10004942:	0006      	movs	r6, r0
10004944:	6900      	ldr	r0, [r0, #16]
10004946:	468a      	mov	sl, r1
10004948:	4690      	mov	r8, r2
1000494a:	b082      	sub	sp, #8
1000494c:	2800      	cmp	r0, #0
1000494e:	d003      	beq.n	10004958 <tu_fifo_read_n+0x20>
10004950:	2101      	movs	r1, #1
10004952:	4249      	negs	r1, r1
10004954:	f000 fb18 	bl	10004f88 <__mutex_enter_timeout_ms_veneer>
10004958:	8931      	ldrh	r1, [r6, #8]
1000495a:	8972      	ldrh	r2, [r6, #10]
1000495c:	88b5      	ldrh	r5, [r6, #4]
1000495e:	b28b      	uxth	r3, r1
10004960:	b294      	uxth	r4, r2
10004962:	4291      	cmp	r1, r2
10004964:	d355      	bcc.n	10004a12 <tu_fifo_read_n+0xda>
10004966:	1b1f      	subs	r7, r3, r4
10004968:	b2bf      	uxth	r7, r7
1000496a:	2f00      	cmp	r7, #0
1000496c:	d04b      	beq.n	10004a06 <tu_fifo_read_n+0xce>
1000496e:	42bd      	cmp	r5, r7
10004970:	d205      	bcs.n	1000497e <tu_fifo_read_n+0x46>
10004972:	42ab      	cmp	r3, r5
10004974:	d252      	bcs.n	10004a1c <tu_fifo_read_n+0xe4>
10004976:	195b      	adds	r3, r3, r5
10004978:	b29c      	uxth	r4, r3
1000497a:	002f      	movs	r7, r5
1000497c:	8174      	strh	r4, [r6, #10]
1000497e:	4643      	mov	r3, r8
10004980:	45b8      	cmp	r8, r7
10004982:	d83e      	bhi.n	10004a02 <tu_fifo_read_n+0xca>
10004984:	b29f      	uxth	r7, r3
10004986:	42a5      	cmp	r5, r4
10004988:	d803      	bhi.n	10004992 <tu_fifo_read_n+0x5a>
1000498a:	1b64      	subs	r4, r4, r5
1000498c:	b2a4      	uxth	r4, r4
1000498e:	42a5      	cmp	r5, r4
10004990:	d9fb      	bls.n	1000498a <tu_fifo_read_n+0x52>
10004992:	88f2      	ldrh	r2, [r6, #6]
10004994:	6831      	ldr	r1, [r6, #0]
10004996:	0452      	lsls	r2, r2, #17
10004998:	0c50      	lsrs	r0, r2, #17
1000499a:	0002      	movs	r2, r0
1000499c:	4362      	muls	r2, r4
1000499e:	1b2b      	subs	r3, r5, r4
100049a0:	b29b      	uxth	r3, r3
100049a2:	1889      	adds	r1, r1, r2
100049a4:	9001      	str	r0, [sp, #4]
100049a6:	0002      	movs	r2, r0
100049a8:	429f      	cmp	r7, r3
100049aa:	d925      	bls.n	100049f8 <tu_fifo_read_n+0xc0>
100049ac:	4343      	muls	r3, r0
100049ae:	b29b      	uxth	r3, r3
100049b0:	001a      	movs	r2, r3
100049b2:	4650      	mov	r0, sl
100049b4:	4699      	mov	r9, r3
100049b6:	f7fd fd77 	bl	100024a8 <__wrap___aeabi_memcpy>
100049ba:	4650      	mov	r0, sl
100049bc:	9a01      	ldr	r2, [sp, #4]
100049be:	1b7d      	subs	r5, r7, r5
100049c0:	1964      	adds	r4, r4, r5
100049c2:	4354      	muls	r4, r2
100049c4:	6831      	ldr	r1, [r6, #0]
100049c6:	4448      	add	r0, r9
100049c8:	b2a2      	uxth	r2, r4
100049ca:	f7fd fd6d 	bl	100024a8 <__wrap___aeabi_memcpy>
100049ce:	8971      	ldrh	r1, [r6, #10]
100049d0:	88b5      	ldrh	r5, [r6, #4]
100049d2:	19cb      	adds	r3, r1, r7
100049d4:	b29b      	uxth	r3, r3
100049d6:	006a      	lsls	r2, r5, #1
100049d8:	4299      	cmp	r1, r3
100049da:	d916      	bls.n	10004a0a <tu_fifo_read_n+0xd2>
100049dc:	1a9b      	subs	r3, r3, r2
100049de:	6930      	ldr	r0, [r6, #16]
100049e0:	8173      	strh	r3, [r6, #10]
100049e2:	2800      	cmp	r0, #0
100049e4:	d001      	beq.n	100049ea <tu_fifo_read_n+0xb2>
100049e6:	f000 fab7 	bl	10004f58 <__mutex_exit_veneer>
100049ea:	0038      	movs	r0, r7
100049ec:	b002      	add	sp, #8
100049ee:	bce0      	pop	{r5, r6, r7}
100049f0:	46ba      	mov	sl, r7
100049f2:	46b1      	mov	r9, r6
100049f4:	46a8      	mov	r8, r5
100049f6:	bdf0      	pop	{r4, r5, r6, r7, pc}
100049f8:	4650      	mov	r0, sl
100049fa:	437a      	muls	r2, r7
100049fc:	f7fd fd54 	bl	100024a8 <__wrap___aeabi_memcpy>
10004a00:	e7e5      	b.n	100049ce <tu_fifo_read_n+0x96>
10004a02:	1c3b      	adds	r3, r7, #0
10004a04:	e7be      	b.n	10004984 <tu_fifo_read_n+0x4c>
10004a06:	8973      	ldrh	r3, [r6, #10]
10004a08:	b29b      	uxth	r3, r3
10004a0a:	006a      	lsls	r2, r5, #1
10004a0c:	4293      	cmp	r3, r2
10004a0e:	dbe6      	blt.n	100049de <tu_fifo_read_n+0xa6>
10004a10:	e7e4      	b.n	100049dc <tu_fifo_read_n+0xa4>
10004a12:	006f      	lsls	r7, r5, #1
10004a14:	1b3f      	subs	r7, r7, r4
10004a16:	19df      	adds	r7, r3, r7
10004a18:	b2bf      	uxth	r7, r7
10004a1a:	e7a6      	b.n	1000496a <tu_fifo_read_n+0x32>
10004a1c:	1b5b      	subs	r3, r3, r5
10004a1e:	b29c      	uxth	r4, r3
10004a20:	e7ab      	b.n	1000497a <tu_fifo_read_n+0x42>
10004a22:	46c0      	nop			@ (mov r8, r8)

10004a24 <tu_fifo_write>:
10004a24:	b5f8      	push	{r3, r4, r5, r6, r7, lr}
10004a26:	0004      	movs	r4, r0
10004a28:	68c0      	ldr	r0, [r0, #12]
10004a2a:	000f      	movs	r7, r1
10004a2c:	2800      	cmp	r0, #0
10004a2e:	d003      	beq.n	10004a38 <tu_fifo_write+0x14>
10004a30:	2101      	movs	r1, #1
10004a32:	4249      	negs	r1, r1
10004a34:	f000 faa8 	bl	10004f88 <__mutex_enter_timeout_ms_veneer>
10004a38:	8925      	ldrh	r5, [r4, #8]
10004a3a:	8920      	ldrh	r0, [r4, #8]
10004a3c:	8961      	ldrh	r1, [r4, #10]
10004a3e:	88a2      	ldrh	r2, [r4, #4]
10004a40:	b2ad      	uxth	r5, r5
10004a42:	b283      	uxth	r3, r0
10004a44:	b28e      	uxth	r6, r1
10004a46:	4288      	cmp	r0, r1
10004a48:	d328      	bcc.n	10004a9c <tu_fifo_write+0x78>
10004a4a:	1b9b      	subs	r3, r3, r6
10004a4c:	b29b      	uxth	r3, r3
10004a4e:	429a      	cmp	r2, r3
10004a50:	d809      	bhi.n	10004a66 <tu_fifo_write+0x42>
10004a52:	79e6      	ldrb	r6, [r4, #7]
10004a54:	09f6      	lsrs	r6, r6, #7
10004a56:	d106      	bne.n	10004a66 <tu_fifo_write+0x42>
10004a58:	68e0      	ldr	r0, [r4, #12]
10004a5a:	2800      	cmp	r0, #0
10004a5c:	d001      	beq.n	10004a62 <tu_fifo_write+0x3e>
10004a5e:	f000 fa7b 	bl	10004f58 <__mutex_exit_veneer>
10004a62:	0030      	movs	r0, r6
10004a64:	bdf8      	pop	{r3, r4, r5, r6, r7, pc}
10004a66:	002b      	movs	r3, r5
10004a68:	4295      	cmp	r5, r2
10004a6a:	d31c      	bcc.n	10004aa6 <tu_fifo_write+0x82>
10004a6c:	1a9b      	subs	r3, r3, r2
10004a6e:	b29b      	uxth	r3, r3
10004a70:	4293      	cmp	r3, r2
10004a72:	d2fb      	bcs.n	10004a6c <tu_fifo_write+0x48>
10004a74:	88e2      	ldrh	r2, [r4, #6]
10004a76:	6820      	ldr	r0, [r4, #0]
10004a78:	0452      	lsls	r2, r2, #17
10004a7a:	0c52      	lsrs	r2, r2, #17
10004a7c:	4353      	muls	r3, r2
10004a7e:	0039      	movs	r1, r7
10004a80:	18c0      	adds	r0, r0, r3
10004a82:	f7fd fd11 	bl	100024a8 <__wrap___aeabi_memcpy>
10004a86:	1c6b      	adds	r3, r5, #1
10004a88:	b29b      	uxth	r3, r3
10004a8a:	88a2      	ldrh	r2, [r4, #4]
10004a8c:	429d      	cmp	r5, r3
10004a8e:	d916      	bls.n	10004abe <tu_fifo_write+0x9a>
10004a90:	2300      	movs	r3, #0
10004a92:	0052      	lsls	r2, r2, #1
10004a94:	1a9b      	subs	r3, r3, r2
10004a96:	2601      	movs	r6, #1
10004a98:	8123      	strh	r3, [r4, #8]
10004a9a:	e7dd      	b.n	10004a58 <tu_fifo_write+0x34>
10004a9c:	0051      	lsls	r1, r2, #1
10004a9e:	1b89      	subs	r1, r1, r6
10004aa0:	185b      	adds	r3, r3, r1
10004aa2:	b29b      	uxth	r3, r3
10004aa4:	e7d3      	b.n	10004a4e <tu_fifo_write+0x2a>
10004aa6:	88e2      	ldrh	r2, [r4, #6]
10004aa8:	6820      	ldr	r0, [r4, #0]
10004aaa:	0452      	lsls	r2, r2, #17
10004aac:	0c52      	lsrs	r2, r2, #17
10004aae:	4353      	muls	r3, r2
10004ab0:	0039      	movs	r1, r7
10004ab2:	18c0      	adds	r0, r0, r3
10004ab4:	f7fd fcf8 	bl	100024a8 <__wrap___aeabi_memcpy>
10004ab8:	3501      	adds	r5, #1
10004aba:	88a2      	ldrh	r2, [r4, #4]
10004abc:	b2ab      	uxth	r3, r5
10004abe:	0052      	lsls	r2, r2, #1
10004ac0:	4293      	cmp	r3, r2
10004ac2:	dbe8      	blt.n	10004a96 <tu_fifo_write+0x72>
10004ac4:	e7e6      	b.n	10004a94 <tu_fifo_write+0x70>
10004ac6:	46c0      	nop			@ (mov r8, r8)

10004ac8 <tu_fifo_write_n>:
10004ac8:	b5f0      	push	{r4, r5, r6, r7, lr}
10004aca:	464e      	mov	r6, r9
10004acc:	4645      	mov	r5, r8
10004ace:	46de      	mov	lr, fp
10004ad0:	4657      	mov	r7, sl
10004ad2:	b5e0      	push	{r5, r6, r7, lr}
10004ad4:	4689      	mov	r9, r1
10004ad6:	0005      	movs	r5, r0
10004ad8:	0016      	movs	r6, r2
10004ada:	b083      	sub	sp, #12
10004adc:	2a00      	cmp	r2, #0
10004ade:	d06b      	beq.n	10004bb8 <tu_fifo_write_n+0xf0>
10004ae0:	68c0      	ldr	r0, [r0, #12]
10004ae2:	2800      	cmp	r0, #0
10004ae4:	d003      	beq.n	10004aee <tu_fifo_write_n+0x26>
10004ae6:	2101      	movs	r1, #1
10004ae8:	4249      	negs	r1, r1
10004aea:	f000 fa4d 	bl	10004f88 <__mutex_enter_timeout_ms_veneer>
10004aee:	892f      	ldrh	r7, [r5, #8]
10004af0:	79ea      	ldrb	r2, [r5, #7]
10004af2:	b2bb      	uxth	r3, r7
10004af4:	4698      	mov	r8, r3
10004af6:	896b      	ldrh	r3, [r5, #10]
10004af8:	88af      	ldrh	r7, [r5, #4]
10004afa:	b29b      	uxth	r3, r3
10004afc:	09d2      	lsrs	r2, r2, #7
10004afe:	d13d      	bne.n	10004b7c <tu_fifo_write_n+0xb4>
10004b00:	4598      	cmp	r8, r3
10004b02:	d262      	bcs.n	10004bca <tu_fifo_write_n+0x102>
10004b04:	007a      	lsls	r2, r7, #1
10004b06:	1ad3      	subs	r3, r2, r3
10004b08:	4443      	add	r3, r8
10004b0a:	b29b      	uxth	r3, r3
10004b0c:	42bb      	cmp	r3, r7
10004b0e:	d261      	bcs.n	10004bd4 <tu_fifo_write_n+0x10c>
10004b10:	1afb      	subs	r3, r7, r3
10004b12:	1c1a      	adds	r2, r3, #0
10004b14:	b29b      	uxth	r3, r3
10004b16:	42b3      	cmp	r3, r6
10004b18:	d900      	bls.n	10004b1c <tu_fifo_write_n+0x54>
10004b1a:	1c32      	adds	r2, r6, #0
10004b1c:	b296      	uxth	r6, r2
10004b1e:	1bf3      	subs	r3, r6, r7
10004b20:	9301      	str	r3, [sp, #4]
10004b22:	4643      	mov	r3, r8
10004b24:	18f3      	adds	r3, r6, r3
10004b26:	b29b      	uxth	r3, r3
10004b28:	469b      	mov	fp, r3
10004b2a:	88ea      	ldrh	r2, [r5, #6]
10004b2c:	4644      	mov	r4, r8
10004b2e:	45b8      	cmp	r8, r7
10004b30:	d303      	bcc.n	10004b3a <tu_fifo_write_n+0x72>
10004b32:	1be4      	subs	r4, r4, r7
10004b34:	b2a4      	uxth	r4, r4
10004b36:	42bc      	cmp	r4, r7
10004b38:	d2fb      	bcs.n	10004b32 <tu_fifo_write_n+0x6a>
10004b3a:	0452      	lsls	r2, r2, #17
10004b3c:	1b3b      	subs	r3, r7, r4
10004b3e:	0c57      	lsrs	r7, r2, #17
10004b40:	003a      	movs	r2, r7
10004b42:	4362      	muls	r2, r4
10004b44:	6828      	ldr	r0, [r5, #0]
10004b46:	b29b      	uxth	r3, r3
10004b48:	1880      	adds	r0, r0, r2
10004b4a:	42b3      	cmp	r3, r6
10004b4c:	d356      	bcc.n	10004bfc <tu_fifo_write_n+0x134>
10004b4e:	003a      	movs	r2, r7
10004b50:	4649      	mov	r1, r9
10004b52:	4372      	muls	r2, r6
10004b54:	f7fd fca8 	bl	100024a8 <__wrap___aeabi_memcpy>
10004b58:	88ab      	ldrh	r3, [r5, #4]
10004b5a:	005b      	lsls	r3, r3, #1
10004b5c:	45d8      	cmp	r8, fp
10004b5e:	d801      	bhi.n	10004b64 <tu_fifo_write_n+0x9c>
10004b60:	459b      	cmp	fp, r3
10004b62:	db02      	blt.n	10004b6a <tu_fifo_write_n+0xa2>
10004b64:	465a      	mov	r2, fp
10004b66:	1ad3      	subs	r3, r2, r3
10004b68:	469b      	mov	fp, r3
10004b6a:	465b      	mov	r3, fp
10004b6c:	0037      	movs	r7, r6
10004b6e:	812b      	strh	r3, [r5, #8]
10004b70:	68e8      	ldr	r0, [r5, #12]
10004b72:	2800      	cmp	r0, #0
10004b74:	d021      	beq.n	10004bba <tu_fifo_write_n+0xf2>
10004b76:	f000 f9ef 	bl	10004f58 <__mutex_exit_veneer>
10004b7a:	e01e      	b.n	10004bba <tu_fifo_write_n+0xf2>
10004b7c:	42be      	cmp	r6, r7
10004b7e:	d22b      	bcs.n	10004bd8 <tu_fifo_write_n+0x110>
10004b80:	4598      	cmp	r8, r3
10004b82:	d34c      	bcc.n	10004c1e <tu_fifo_write_n+0x156>
10004b84:	4642      	mov	r2, r8
10004b86:	1ad2      	subs	r2, r2, r3
10004b88:	b292      	uxth	r2, r2
10004b8a:	0079      	lsls	r1, r7, #1
10004b8c:	1bf0      	subs	r0, r6, r7
10004b8e:	1992      	adds	r2, r2, r6
10004b90:	9001      	str	r0, [sp, #4]
10004b92:	428a      	cmp	r2, r1
10004b94:	dbc5      	blt.n	10004b22 <tu_fifo_write_n+0x5a>
10004b96:	19da      	adds	r2, r3, r7
10004b98:	b292      	uxth	r2, r2
10004b9a:	4693      	mov	fp, r2
10004b9c:	1b92      	subs	r2, r2, r6
10004b9e:	b292      	uxth	r2, r2
10004ba0:	4690      	mov	r8, r2
10004ba2:	4293      	cmp	r3, r2
10004ba4:	d940      	bls.n	10004c28 <tu_fifo_write_n+0x160>
10004ba6:	4643      	mov	r3, r8
10004ba8:	1a59      	subs	r1, r3, r1
10004baa:	b28b      	uxth	r3, r1
10004bac:	4698      	mov	r8, r3
10004bae:	18f3      	adds	r3, r6, r3
10004bb0:	b29b      	uxth	r3, r3
10004bb2:	469b      	mov	fp, r3
10004bb4:	88ea      	ldrh	r2, [r5, #6]
10004bb6:	e7b9      	b.n	10004b2c <tu_fifo_write_n+0x64>
10004bb8:	2700      	movs	r7, #0
10004bba:	0038      	movs	r0, r7
10004bbc:	b003      	add	sp, #12
10004bbe:	bcf0      	pop	{r4, r5, r6, r7}
10004bc0:	46bb      	mov	fp, r7
10004bc2:	46b2      	mov	sl, r6
10004bc4:	46a9      	mov	r9, r5
10004bc6:	46a0      	mov	r8, r4
10004bc8:	bdf0      	pop	{r4, r5, r6, r7, pc}
10004bca:	4642      	mov	r2, r8
10004bcc:	1ad3      	subs	r3, r2, r3
10004bce:	b29b      	uxth	r3, r3
10004bd0:	42bb      	cmp	r3, r7
10004bd2:	d39d      	bcc.n	10004b10 <tu_fifo_write_n+0x48>
10004bd4:	2700      	movs	r7, #0
10004bd6:	e7cb      	b.n	10004b70 <tu_fifo_write_n+0xa8>
10004bd8:	2f00      	cmp	r7, #0
10004bda:	d0c9      	beq.n	10004b70 <tu_fifo_write_n+0xa8>
10004bdc:	46cc      	mov	ip, r9
10004bde:	88ea      	ldrh	r2, [r5, #6]
10004be0:	1bf6      	subs	r6, r6, r7
10004be2:	0451      	lsls	r1, r2, #17
10004be4:	0c49      	lsrs	r1, r1, #17
10004be6:	4371      	muls	r1, r6
10004be8:	4698      	mov	r8, r3
10004bea:	448c      	add	ip, r1
10004bec:	19d9      	adds	r1, r3, r7
10004bee:	2300      	movs	r3, #0
10004bf0:	b289      	uxth	r1, r1
10004bf2:	46e1      	mov	r9, ip
10004bf4:	468b      	mov	fp, r1
10004bf6:	003e      	movs	r6, r7
10004bf8:	9301      	str	r3, [sp, #4]
10004bfa:	e797      	b.n	10004b2c <tu_fifo_write_n+0x64>
10004bfc:	437b      	muls	r3, r7
10004bfe:	b29b      	uxth	r3, r3
10004c00:	001a      	movs	r2, r3
10004c02:	4649      	mov	r1, r9
10004c04:	469a      	mov	sl, r3
10004c06:	f7fd fc4f 	bl	100024a8 <__wrap___aeabi_memcpy>
10004c0a:	4649      	mov	r1, r9
10004c0c:	9b01      	ldr	r3, [sp, #4]
10004c0e:	6828      	ldr	r0, [r5, #0]
10004c10:	18e2      	adds	r2, r4, r3
10004c12:	437a      	muls	r2, r7
10004c14:	4451      	add	r1, sl
10004c16:	b292      	uxth	r2, r2
10004c18:	f7fd fc46 	bl	100024a8 <__wrap___aeabi_memcpy>
10004c1c:	e79c      	b.n	10004b58 <tu_fifo_write_n+0x90>
10004c1e:	0079      	lsls	r1, r7, #1
10004c20:	1aca      	subs	r2, r1, r3
10004c22:	4442      	add	r2, r8
10004c24:	b292      	uxth	r2, r2
10004c26:	e7b1      	b.n	10004b8c <tu_fifo_write_n+0xc4>
10004c28:	4291      	cmp	r1, r2
10004c2a:	ddbc      	ble.n	10004ba6 <tu_fifo_write_n+0xde>
10004c2c:	e7c2      	b.n	10004bb4 <tu_fifo_write_n+0xec>
10004c2e:	46c0      	nop			@ (mov r8, r8)

10004c30 <tu_fifo_clear>:
10004c30:	b510      	push	{r4, lr}
10004c32:	0004      	movs	r4, r0
10004c34:	68c0      	ldr	r0, [r0, #12]
10004c36:	2800      	cmp	r0, #0
10004c38:	d003      	beq.n	10004c42 <tu_fifo_clear+0x12>
10004c3a:	2101      	movs	r1, #1
10004c3c:	4249      	negs	r1, r1
10004c3e:	f000 f9a3 	bl	10004f88 <__mutex_enter_timeout_ms_veneer>
10004c42:	6920      	ldr	r0, [r4, #16]
10004c44:	2800      	cmp	r0, #0
10004c46:	d003      	beq.n	10004c50 <tu_fifo_clear+0x20>
10004c48:	2101      	movs	r1, #1
10004c4a:	4249      	negs	r1, r1
10004c4c:	f000 f99c 	bl	10004f88 <__mutex_enter_timeout_ms_veneer>
10004c50:	2300      	movs	r3, #0
10004c52:	68e0      	ldr	r0, [r4, #12]
10004c54:	8163      	strh	r3, [r4, #10]
10004c56:	8123      	strh	r3, [r4, #8]
10004c58:	2800      	cmp	r0, #0
10004c5a:	d001      	beq.n	10004c60 <tu_fifo_clear+0x30>
10004c5c:	f000 f97c 	bl	10004f58 <__mutex_exit_veneer>
10004c60:	6920      	ldr	r0, [r4, #16]
10004c62:	2800      	cmp	r0, #0
10004c64:	d001      	beq.n	10004c6a <tu_fifo_clear+0x3a>
10004c66:	f000 f977 	bl	10004f58 <__mutex_exit_veneer>
10004c6a:	2001      	movs	r0, #1
10004c6c:	bd10      	pop	{r4, pc}
10004c6e:	46c0      	nop			@ (mov r8, r8)

10004c70 <tu_fifo_set_overwritable>:
10004c70:	b570      	push	{r4, r5, r6, lr}
10004c72:	0004      	movs	r4, r0
10004c74:	68c0      	ldr	r0, [r0, #12]
10004c76:	000d      	movs	r5, r1
10004c78:	2800      	cmp	r0, #0
10004c7a:	d003      	beq.n	10004c84 <tu_fifo_set_overwritable+0x14>
10004c7c:	2101      	movs	r1, #1
10004c7e:	4249      	negs	r1, r1
10004c80:	f000 f982 	bl	10004f88 <__mutex_enter_timeout_ms_veneer>
10004c84:	6920      	ldr	r0, [r4, #16]
10004c86:	2800      	cmp	r0, #0
10004c88:	d003      	beq.n	10004c92 <tu_fifo_set_overwritable+0x22>
10004c8a:	2101      	movs	r1, #1
10004c8c:	4249      	negs	r1, r1
10004c8e:	f000 f97b 	bl	10004f88 <__mutex_enter_timeout_ms_veneer>
10004c92:	217f      	movs	r1, #127	@ 0x7f
10004c94:	79e2      	ldrb	r2, [r4, #7]
10004c96:	01eb      	lsls	r3, r5, #7
10004c98:	4011      	ands	r1, r2
10004c9a:	68e0      	ldr	r0, [r4, #12]
10004c9c:	4319      	orrs	r1, r3
10004c9e:	71e1      	strb	r1, [r4, #7]
10004ca0:	2800      	cmp	r0, #0
10004ca2:	d001      	beq.n	10004ca8 <tu_fifo_set_overwritable+0x38>
10004ca4:	f000 f958 	bl	10004f58 <__mutex_exit_veneer>
10004ca8:	6920      	ldr	r0, [r4, #16]
10004caa:	2800      	cmp	r0, #0
10004cac:	d001      	beq.n	10004cb2 <tu_fifo_set_overwritable+0x42>
10004cae:	f000 f953 	bl	10004f58 <__mutex_exit_veneer>
10004cb2:	2001      	movs	r0, #1
10004cb4:	bd70      	pop	{r4, r5, r6, pc}
10004cb6:	46c0      	nop			@ (mov r8, r8)

10004cb8 <i2c_write_blocking_internal.constprop.0>:
10004cb8:	b5f0      	push	{r4, r5, r6, r7, lr}
10004cba:	464e      	mov	r6, r9
10004cbc:	4645      	mov	r5, r8
10004cbe:	46de      	mov	lr, fp
10004cc0:	4657      	mov	r7, sl
10004cc2:	4684      	mov	ip, r0
10004cc4:	b5e0      	push	{r5, r6, r7, lr}
10004cc6:	b085      	sub	sp, #20
10004cc8:	4698      	mov	r8, r3
10004cca:	ab0e      	add	r3, sp, #56	@ 0x38
10004ccc:	4691      	mov	r9, r2
10004cce:	781a      	ldrb	r2, [r3, #0]
10004cd0:	4663      	mov	r3, ip
10004cd2:	0008      	movs	r0, r1
10004cd4:	6819      	ldr	r1, [r3, #0]
10004cd6:	2300      	movs	r3, #0
10004cd8:	66cb      	str	r3, [r1, #108]	@ 0x6c
10004cda:	3301      	adds	r3, #1
10004cdc:	6048      	str	r0, [r1, #4]
10004cde:	66cb      	str	r3, [r1, #108]	@ 0x6c
10004ce0:	4643      	mov	r3, r8
10004ce2:	9203      	str	r2, [sp, #12]
10004ce4:	2b00      	cmp	r3, #0
10004ce6:	dd4e      	ble.n	10004d86 <i2c_write_blocking_internal.constprop.0+0xce>
10004ce8:	2701      	movs	r7, #1
10004cea:	1e5e      	subs	r6, r3, #1
10004cec:	4663      	mov	r3, ip
10004cee:	2480      	movs	r4, #128	@ 0x80
10004cf0:	4057      	eors	r7, r2
10004cf2:	791a      	ldrb	r2, [r3, #4]
10004cf4:	46a2      	mov	sl, r4
10004cf6:	2580      	movs	r5, #128	@ 0x80
10004cf8:	464c      	mov	r4, r9
10004cfa:	0292      	lsls	r2, r2, #10
10004cfc:	2000      	movs	r0, #0
10004cfe:	2310      	movs	r3, #16
10004d00:	4691      	mov	r9, r2
10004d02:	00ad      	lsls	r5, r5, #2
10004d04:	9401      	str	r4, [sp, #4]
10004d06:	1b84      	subs	r4, r0, r6
10004d08:	4262      	negs	r2, r4
10004d0a:	4162      	adcs	r2, r4
10004d0c:	9c01      	ldr	r4, [sp, #4]
10004d0e:	403a      	ands	r2, r7
10004d10:	5c24      	ldrb	r4, [r4, r0]
10004d12:	0252      	lsls	r2, r2, #9
10004d14:	4322      	orrs	r2, r4
10004d16:	464c      	mov	r4, r9
10004d18:	4322      	orrs	r2, r4
10004d1a:	9c01      	ldr	r4, [sp, #4]
10004d1c:	610a      	str	r2, [r1, #16]
10004d1e:	6b4a      	ldr	r2, [r1, #52]	@ 0x34
10004d20:	4213      	tst	r3, r2
10004d22:	d0fc      	beq.n	10004d1e <i2c_write_blocking_internal.constprop.0+0x66>
10004d24:	4652      	mov	r2, sl
10004d26:	588a      	ldr	r2, [r1, r2]
10004d28:	9401      	str	r4, [sp, #4]
10004d2a:	4691      	mov	r9, r2
10004d2c:	2a00      	cmp	r2, #0
10004d2e:	d110      	bne.n	10004d52 <i2c_write_blocking_internal.constprop.0+0x9a>
10004d30:	42b0      	cmp	r0, r6
10004d32:	d023      	beq.n	10004d7c <i2c_write_blocking_internal.constprop.0+0xc4>
10004d34:	2200      	movs	r2, #0
10004d36:	3001      	adds	r0, #1
10004d38:	4691      	mov	r9, r2
10004d3a:	4580      	cmp	r8, r0
10004d3c:	d1e3      	bne.n	10004d06 <i2c_write_blocking_internal.constprop.0+0x4e>
10004d3e:	4663      	mov	r3, ip
10004d40:	9a03      	ldr	r2, [sp, #12]
10004d42:	711a      	strb	r2, [r3, #4]
10004d44:	b005      	add	sp, #20
10004d46:	bcf0      	pop	{r4, r5, r6, r7}
10004d48:	46bb      	mov	fp, r7
10004d4a:	46b2      	mov	sl, r6
10004d4c:	46a9      	mov	r9, r5
10004d4e:	46a0      	mov	r8, r4
10004d50:	bdf0      	pop	{r4, r5, r6, r7, pc}
10004d52:	6d4a      	ldr	r2, [r1, #84]	@ 0x54
10004d54:	2201      	movs	r2, #1
10004d56:	4693      	mov	fp, r2
10004d58:	6b4a      	ldr	r2, [r1, #52]	@ 0x34
10004d5a:	422a      	tst	r2, r5
10004d5c:	d0fc      	beq.n	10004d58 <i2c_write_blocking_internal.constprop.0+0xa0>
10004d5e:	6e0a      	ldr	r2, [r1, #96]	@ 0x60
10004d60:	465a      	mov	r2, fp
10004d62:	9401      	str	r4, [sp, #4]
10004d64:	2a00      	cmp	r2, #0
10004d66:	d0e5      	beq.n	10004d34 <i2c_write_blocking_internal.constprop.0+0x7c>
10004d68:	464c      	mov	r4, r9
10004d6a:	2c00      	cmp	r4, #0
10004d6c:	d003      	beq.n	10004d76 <i2c_write_blocking_internal.constprop.0+0xbe>
10004d6e:	2309      	movs	r3, #9
10004d70:	4023      	ands	r3, r4
10004d72:	2b08      	cmp	r3, #8
10004d74:	d0e3      	beq.n	10004d3e <i2c_write_blocking_internal.constprop.0+0x86>
10004d76:	2001      	movs	r0, #1
10004d78:	4240      	negs	r0, r0
10004d7a:	e7e0      	b.n	10004d3e <i2c_write_blocking_internal.constprop.0+0x86>
10004d7c:	9a03      	ldr	r2, [sp, #12]
10004d7e:	2a00      	cmp	r2, #0
10004d80:	d1d8      	bne.n	10004d34 <i2c_write_blocking_internal.constprop.0+0x7c>
10004d82:	4693      	mov	fp, r2
10004d84:	e7e8      	b.n	10004d58 <i2c_write_blocking_internal.constprop.0+0xa0>
10004d86:	2000      	movs	r0, #0
10004d88:	e7d9      	b.n	10004d3e <i2c_write_blocking_internal.constprop.0+0x86>
10004d8a:	46c0      	nop			@ (mov r8, r8)

10004d8c <i2c_set_baudrate>:
10004d8c:	b5f0      	push	{r4, r5, r6, r7, lr}
10004d8e:	46d6      	mov	lr, sl
10004d90:	464f      	mov	r7, r9
10004d92:	4646      	mov	r6, r8
10004d94:	4682      	mov	sl, r0
10004d96:	b5c0      	push	{r6, r7, lr}
10004d98:	2005      	movs	r0, #5
10004d9a:	000c      	movs	r4, r1
10004d9c:	f7fd f84c 	bl	10001e38 <clock_get_hz>
10004da0:	0005      	movs	r5, r0
10004da2:	0860      	lsrs	r0, r4, #1
10004da4:	0021      	movs	r1, r4
10004da6:	1940      	adds	r0, r0, r5
10004da8:	f7fd fa7e 	bl	100022a8 <__wrap___aeabi_uidiv>
10004dac:	0047      	lsls	r7, r0, #1
10004dae:	183f      	adds	r7, r7, r0
10004db0:	0006      	movs	r6, r0
10004db2:	2105      	movs	r1, #5
10004db4:	0038      	movs	r0, r7
10004db6:	f7fd fa77 	bl	100022a8 <__wrap___aeabi_uidiv>
10004dba:	46a0      	mov	r8, r4
10004dbc:	4b1c      	ldr	r3, [pc, #112]	@ (10004e30 <i2c_set_baudrate+0xa4>)
10004dbe:	1a32      	subs	r2, r6, r0
10004dc0:	0004      	movs	r4, r0
10004dc2:	0068      	lsls	r0, r5, #1
10004dc4:	4691      	mov	r9, r2
10004dc6:	1940      	adds	r0, r0, r5
10004dc8:	4598      	cmp	r8, r3
10004dca:	d82b      	bhi.n	10004e24 <i2c_set_baudrate+0x98>
10004dcc:	4919      	ldr	r1, [pc, #100]	@ (10004e34 <i2c_set_baudrate+0xa8>)
10004dce:	f7fd fa6b 	bl	100022a8 <__wrap___aeabi_uidiv>
10004dd2:	3001      	adds	r0, #1
10004dd4:	4653      	mov	r3, sl
10004dd6:	2200      	movs	r2, #0
10004dd8:	681b      	ldr	r3, [r3, #0]
10004dda:	66da      	str	r2, [r3, #108]	@ 0x6c
10004ddc:	6819      	ldr	r1, [r3, #0]
10004dde:	3204      	adds	r2, #4
10004de0:	4051      	eors	r1, r2
10004de2:	3202      	adds	r2, #2
10004de4:	400a      	ands	r2, r1
10004de6:	2180      	movs	r1, #128	@ 0x80
10004de8:	0149      	lsls	r1, r1, #5
10004dea:	1859      	adds	r1, r3, r1
10004dec:	600a      	str	r2, [r1, #0]
10004dee:	464a      	mov	r2, r9
10004df0:	61da      	str	r2, [r3, #28]
10004df2:	2201      	movs	r2, #1
10004df4:	621c      	str	r4, [r3, #32]
10004df6:	2f4f      	cmp	r7, #79	@ 0x4f
10004df8:	d900      	bls.n	10004dfc <i2c_set_baudrate+0x70>
10004dfa:	0922      	lsrs	r2, r4, #4
10004dfc:	21a0      	movs	r1, #160	@ 0xa0
10004dfe:	505a      	str	r2, [r3, r1]
10004e00:	6fda      	ldr	r2, [r3, #124]	@ 0x7c
10004e02:	0031      	movs	r1, r6
10004e04:	4050      	eors	r0, r2
10004e06:	4a0c      	ldr	r2, [pc, #48]	@ (10004e38 <i2c_set_baudrate+0xac>)
10004e08:	0400      	lsls	r0, r0, #16
10004e0a:	189a      	adds	r2, r3, r2
10004e0c:	0c00      	lsrs	r0, r0, #16
10004e0e:	6010      	str	r0, [r2, #0]
10004e10:	2201      	movs	r2, #1
10004e12:	0028      	movs	r0, r5
10004e14:	66da      	str	r2, [r3, #108]	@ 0x6c
10004e16:	f7fd fa47 	bl	100022a8 <__wrap___aeabi_uidiv>
10004e1a:	bce0      	pop	{r5, r6, r7}
10004e1c:	46ba      	mov	sl, r7
10004e1e:	46b1      	mov	r9, r6
10004e20:	46a8      	mov	r8, r5
10004e22:	bdf0      	pop	{r4, r5, r6, r7, pc}
10004e24:	4905      	ldr	r1, [pc, #20]	@ (10004e3c <i2c_set_baudrate+0xb0>)
10004e26:	f7fd fa3f 	bl	100022a8 <__wrap___aeabi_uidiv>
10004e2a:	3001      	adds	r0, #1
10004e2c:	e7d2      	b.n	10004dd4 <i2c_set_baudrate+0x48>
10004e2e:	46c0      	nop			@ (mov r8, r8)
10004e30:	000f423f 	.word	0x000f423f
10004e34:	00989680 	.word	0x00989680
10004e38:	0000107c 	.word	0x0000107c
10004e3c:	017d7840 	.word	0x017d7840

10004e40 <i2c_init>:
10004e40:	4a10      	ldr	r2, [pc, #64]	@ (10004e84 <i2c_init+0x44>)
10004e42:	b570      	push	{r4, r5, r6, lr}
10004e44:	1a82      	subs	r2, r0, r2
10004e46:	1e53      	subs	r3, r2, #1
10004e48:	419a      	sbcs	r2, r3
10004e4a:	2307      	movs	r3, #7
10004e4c:	4252      	negs	r2, r2
10004e4e:	439a      	bics	r2, r3
10004e50:	4b0d      	ldr	r3, [pc, #52]	@ (10004e88 <i2c_init+0x48>)
10004e52:	3210      	adds	r2, #16
10004e54:	601a      	str	r2, [r3, #0]
10004e56:	4b0d      	ldr	r3, [pc, #52]	@ (10004e8c <i2c_init+0x4c>)
10004e58:	4c0d      	ldr	r4, [pc, #52]	@ (10004e90 <i2c_init+0x50>)
10004e5a:	601a      	str	r2, [r3, #0]
10004e5c:	0015      	movs	r5, r2
10004e5e:	6823      	ldr	r3, [r4, #0]
10004e60:	439d      	bics	r5, r3
10004e62:	1e2b      	subs	r3, r5, #0
10004e64:	d1fa      	bne.n	10004e5c <i2c_init+0x1c>
10004e66:	2466      	movs	r4, #102	@ 0x66
10004e68:	6802      	ldr	r2, [r0, #0]
10004e6a:	34ff      	adds	r4, #255	@ 0xff
10004e6c:	7105      	strb	r5, [r0, #4]
10004e6e:	66d5      	str	r5, [r2, #108]	@ 0x6c
10004e70:	6014      	str	r4, [r2, #0]
10004e72:	3c63      	subs	r4, #99	@ 0x63
10004e74:	3388      	adds	r3, #136	@ 0x88
10004e76:	3cff      	subs	r4, #255	@ 0xff
10004e78:	63d5      	str	r5, [r2, #60]	@ 0x3c
10004e7a:	6395      	str	r5, [r2, #56]	@ 0x38
10004e7c:	50d4      	str	r4, [r2, r3]
10004e7e:	f7ff ff85 	bl	10004d8c <i2c_set_baudrate>
10004e82:	bd70      	pop	{r4, r5, r6, pc}
10004e84:	20001040 	.word	0x20001040
10004e88:	4000e000 	.word	0x4000e000
10004e8c:	4000f000 	.word	0x4000f000
10004e90:	4000c008 	.word	0x4000c008

10004e94 <i2c_write_blocking>:
10004e94:	b510      	push	{r4, lr}
10004e96:	b082      	sub	sp, #8
10004e98:	466c      	mov	r4, sp
10004e9a:	7c24      	ldrb	r4, [r4, #16]
10004e9c:	9400      	str	r4, [sp, #0]
10004e9e:	f7ff ff0b 	bl	10004cb8 <i2c_write_blocking_internal.constprop.0>
10004ea2:	b002      	add	sp, #8
10004ea4:	bd10      	pop	{r4, pc}
10004ea6:	46c0      	nop			@ (mov r8, r8)

10004ea8 <strlen>:
10004ea8:	0003      	movs	r3, r0
10004eaa:	4684      	mov	ip, r0
10004eac:	079b      	lsls	r3, r3, #30
10004eae:	d00b      	beq.n	10004ec8 <strlen+0x20>
10004eb0:	0003      	movs	r3, r0
10004eb2:	2103      	movs	r1, #3
10004eb4:	e002      	b.n	10004ebc <strlen+0x14>
10004eb6:	3301      	adds	r3, #1
10004eb8:	420b      	tst	r3, r1
10004eba:	d006      	beq.n	10004eca <strlen+0x22>
10004ebc:	781a      	ldrb	r2, [r3, #0]
10004ebe:	2a00      	cmp	r2, #0
10004ec0:	d1f9      	bne.n	10004eb6 <strlen+0xe>
10004ec2:	4662      	mov	r2, ip
10004ec4:	1a98      	subs	r0, r3, r2
10004ec6:	4770      	bx	lr
10004ec8:	0003      	movs	r3, r0
10004eca:	6819      	ldr	r1, [r3, #0]
10004ecc:	4a0c      	ldr	r2, [pc, #48]	@ (10004f00 <strlen+0x58>)
10004ece:	480d      	ldr	r0, [pc, #52]	@ (10004f04 <strlen+0x5c>)
10004ed0:	188a      	adds	r2, r1, r2
10004ed2:	438a      	bics	r2, r1
10004ed4:	4202      	tst	r2, r0
10004ed6:	d10f      	bne.n	10004ef8 <strlen+0x50>
10004ed8:	6859      	ldr	r1, [r3, #4]
10004eda:	4a09      	ldr	r2, [pc, #36]	@ (10004f00 <strlen+0x58>)
10004edc:	3304      	adds	r3, #4
10004ede:	188a      	adds	r2, r1, r2
10004ee0:	438a      	bics	r2, r1
10004ee2:	4202      	tst	r2, r0
10004ee4:	d108      	bne.n	10004ef8 <strlen+0x50>
10004ee6:	6859      	ldr	r1, [r3, #4]
10004ee8:	4a05      	ldr	r2, [pc, #20]	@ (10004f00 <strlen+0x58>)
10004eea:	3304      	adds	r3, #4
10004eec:	188a      	adds	r2, r1, r2
10004eee:	438a      	bics	r2, r1
10004ef0:	4202      	tst	r2, r0
10004ef2:	d0f1      	beq.n	10004ed8 <strlen+0x30>
10004ef4:	e000      	b.n	10004ef8 <strlen+0x50>
10004ef6:	3301      	adds	r3, #1
10004ef8:	781a      	ldrb	r2, [r3, #0]
10004efa:	2a00      	cmp	r2, #0
10004efc:	d1fb      	bne.n	10004ef6 <strlen+0x4e>
10004efe:	e7e0      	b.n	10004ec2 <strlen+0x1a>
10004f00:	fefefeff 	.word	0xfefefeff
10004f04:	80808080 	.word	0x80808080

10004f08 <__mutex_try_enter_block_until_veneer>:
10004f08:	b401      	push	{r0}
10004f0a:	4802      	ldr	r0, [pc, #8]	@ (10004f14 <__mutex_try_enter_block_until_veneer+0xc>)
10004f0c:	4684      	mov	ip, r0
10004f0e:	bc01      	pop	{r0}
10004f10:	4760      	bx	ip
10004f12:	bf00      	nop
10004f14:	20000165 	.word	0x20000165

10004f18 <__mutex_try_enter_veneer>:
10004f18:	b401      	push	{r0}
10004f1a:	4802      	ldr	r0, [pc, #8]	@ (10004f24 <__mutex_try_enter_veneer+0xc>)
10004f1c:	4684      	mov	ip, r0
10004f1e:	bc01      	pop	{r0}
10004f20:	4760      	bx	ip
10004f22:	bf00      	nop
10004f24:	200000c1 	.word	0x200000c1

10004f28 <__e15_is_critical_frame_period_veneer>:
10004f28:	b401      	push	{r0}
10004f2a:	4802      	ldr	r0, [pc, #8]	@ (10004f34 <__e15_is_critical_frame_period_veneer+0xc>)
10004f2c:	4684      	mov	ip, r0
10004f2e:	bc01      	pop	{r0}
10004f30:	4760      	bx	ip
10004f32:	bf00      	nop
10004f34:	20000bb1 	.word	0x20000bb1

10004f38 <__reset_non_control_endpoints_veneer>:
10004f38:	b401      	push	{r0}
10004f3a:	4802      	ldr	r0, [pc, #8]	@ (10004f44 <__reset_non_control_endpoints_veneer+0xc>)
10004f3c:	4684      	mov	ip, r0
10004f3e:	bc01      	pop	{r0}
10004f40:	4760      	bx	ip
10004f42:	bf00      	nop
10004f44:	200003d1 	.word	0x200003d1

10004f48 <___hw_endpoint_buffer_control_update32_veneer>:
10004f48:	b401      	push	{r0}
10004f4a:	4802      	ldr	r0, [pc, #8]	@ (10004f54 <___hw_endpoint_buffer_control_update32_veneer+0xc>)
10004f4c:	4684      	mov	ip, r0
10004f4e:	bc01      	pop	{r0}
10004f50:	4760      	bx	ip
10004f52:	bf00      	nop
10004f54:	20000bed 	.word	0x20000bed

10004f58 <__mutex_exit_veneer>:
10004f58:	b401      	push	{r0}
10004f5a:	4802      	ldr	r0, [pc, #8]	@ (10004f64 <__mutex_exit_veneer+0xc>)
10004f5c:	4684      	mov	ip, r0
10004f5e:	bc01      	pop	{r0}
10004f60:	4760      	bx	ip
10004f62:	bf00      	nop
10004f64:	200001d5 	.word	0x200001d5

10004f68 <__hw_endpoint_start_next_buffer_veneer>:
10004f68:	b401      	push	{r0}
10004f6a:	4802      	ldr	r0, [pc, #8]	@ (10004f74 <__hw_endpoint_start_next_buffer_veneer+0xc>)
10004f6c:	4684      	mov	ip, r0
10004f6e:	bc01      	pop	{r0}
10004f70:	4760      	bx	ip
10004f72:	bf00      	nop
10004f74:	20000c3d 	.word	0x20000c3d

10004f78 <__flash_do_cmd_cs_veneer>:
10004f78:	b401      	push	{r0}
10004f7a:	4802      	ldr	r0, [pc, #8]	@ (10004f84 <__flash_do_cmd_cs_veneer+0xc>)
10004f7c:	4684      	mov	ip, r0
10004f7e:	bc01      	pop	{r0}
10004f80:	4760      	bx	ip
10004f82:	bf00      	nop
10004f84:	20000289 	.word	0x20000289

10004f88 <__mutex_enter_timeout_ms_veneer>:
10004f88:	b401      	push	{r0}
10004f8a:	4802      	ldr	r0, [pc, #8]	@ (10004f94 <__mutex_enter_timeout_ms_veneer+0xc>)
10004f8c:	4684      	mov	ip, r0
10004f8e:	bc01      	pop	{r0}
10004f90:	4760      	bx	ip
10004f92:	bf00      	nop
10004f94:	20000199 	.word	0x20000199

10004f98 <____aeabi_idiv0_veneer>:
10004f98:	b401      	push	{r0}
10004f9a:	4802      	ldr	r0, [pc, #8]	@ (10004fa4 <____aeabi_idiv0_veneer+0xc>)
10004f9c:	4684      	mov	ip, r0
10004f9e:	bc01      	pop	{r0}
10004fa0:	4760      	bx	ip
10004fa2:	bf00      	nop
10004fa4:	20000eb9 	.word	0x20000eb9

10004fa8 <__e15_is_bulkin_ep_veneer>:
10004fa8:	b401      	push	{r0}
10004faa:	4802      	ldr	r0, [pc, #8]	@ (10004fb4 <__e15_is_bulkin_ep_veneer+0xc>)
10004fac:	4684      	mov	ip, r0
10004fae:	bc01      	pop	{r0}
10004fb0:	4760      	bx	ip
10004fb2:	bf00      	nop
10004fb4:	20000b89 	.word	0x20000b89

10004fb8 <__pre_init_runtime_init_early_resets>:
10004fb8:	10002089                                . ..

10004fbc <__pre_init_runtime_init_usb_power_down>:
10004fbc:	100020b5 10002299 1000248d 100022f5     . ..."...$..."..
10004fcc:	100023f9                                .#..

10004fd0 <__pre_init_runtime_init_clocks>:
10004fd0:	100021c1                                .!..

10004fd4 <__pre_init_runtime_init_post_clock_resets>:
10004fd4:	100020d1                                . ..

10004fd8 <__pre_init_runtime_init_rp2040_gpio_ie_disable>:
10004fd8:	100020f1                                . ..

10004fdc <__pre_init_runtime_init_spin_locks_reset>:
10004fdc:	10002105                                .!..

10004fe0 <__pre_init_runtime_init_mutex>:
10004fe0:	100010d9                                ....

10004fe4 <__pre_init_runtime_init_install_ram_vector_table>:
10004fe4:	1000210d                                .!..

10004fe8 <__pre_init_runtime_init_default_alarm_pool>:
10004fe8:	10001499                                ....

10004fec <__pre_init_first_per_core_initializer>:
10004fec:	10002051                                Q ..

10004ff0 <__pre_init_runtime_init_per_core_irq_priorities>:
10004ff0:	10000b59                                Y...

10004ff4 <__init_array_start>:
10004ff4:	10002e3d 	.word	0x10002e3d

Disassembly of section .data:

200000c0 <mutex_try_enter>:
200000c0:	0003      	movs	r3, r0
200000c2:	6800      	ldr	r0, [r0, #0]
200000c4:	f3ef 8c10 	mrs	ip, PRIMASK
200000c8:	b672      	cpsid	i
200000ca:	6802      	ldr	r2, [r0, #0]
200000cc:	2a00      	cmp	r2, #0
200000ce:	d0fc      	beq.n	200000ca <mutex_try_enter+0xa>
200000d0:	f3bf 8f5f 	dmb	sy
200000d4:	2204      	movs	r2, #4
200000d6:	569a      	ldrsb	r2, [r3, r2]
200000d8:	2a00      	cmp	r2, #0
200000da:	db0b      	blt.n	200000f4 <mutex_try_enter+0x34>
200000dc:	2900      	cmp	r1, #0
200000de:	d000      	beq.n	200000e2 <mutex_try_enter+0x22>
200000e0:	600a      	str	r2, [r1, #0]
200000e2:	2000      	movs	r0, #0
200000e4:	681b      	ldr	r3, [r3, #0]
200000e6:	f3bf 8f5f 	dmb	sy
200000ea:	2200      	movs	r2, #0
200000ec:	601a      	str	r2, [r3, #0]
200000ee:	f38c 8810 	msr	PRIMASK, ip
200000f2:	4770      	bx	lr
200000f4:	22d0      	movs	r2, #208	@ 0xd0
200000f6:	0612      	lsls	r2, r2, #24
200000f8:	6812      	ldr	r2, [r2, #0]
200000fa:	2001      	movs	r0, #1
200000fc:	711a      	strb	r2, [r3, #4]
200000fe:	e7f1      	b.n	200000e4 <mutex_try_enter+0x24>

20000100 <mutex_enter_block_until>:
20000100:	b5f0      	push	{r4, r5, r6, r7, lr}
20000102:	001f      	movs	r7, r3
20000104:	23d0      	movs	r3, #208	@ 0xd0
20000106:	46c6      	mov	lr, r8
20000108:	061b      	lsls	r3, r3, #24
2000010a:	681b      	ldr	r3, [r3, #0]
2000010c:	0004      	movs	r4, r0
2000010e:	0016      	movs	r6, r2
20000110:	4698      	mov	r8, r3
20000112:	2500      	movs	r5, #0
20000114:	b500      	push	{lr}
20000116:	e00a      	b.n	2000012e <mutex_enter_block_until+0x2e>
20000118:	f3bf 8f5f 	dmb	sy
2000011c:	6015      	str	r5, [r2, #0]
2000011e:	f381 8810 	msr	PRIMASK, r1
20000122:	0030      	movs	r0, r6
20000124:	0039      	movs	r1, r7
20000126:	f000 fef3 	bl	20000f10 <__best_effort_wfe_or_timeout_veneer>
2000012a:	2800      	cmp	r0, #0
2000012c:	d118      	bne.n	20000160 <mutex_enter_block_until+0x60>
2000012e:	6822      	ldr	r2, [r4, #0]
20000130:	f3ef 8110 	mrs	r1, PRIMASK
20000134:	b672      	cpsid	i
20000136:	6813      	ldr	r3, [r2, #0]
20000138:	2b00      	cmp	r3, #0
2000013a:	d0fc      	beq.n	20000136 <mutex_enter_block_until+0x36>
2000013c:	f3bf 8f5f 	dmb	sy
20000140:	7923      	ldrb	r3, [r4, #4]
20000142:	6822      	ldr	r2, [r4, #0]
20000144:	2b7f      	cmp	r3, #127	@ 0x7f
20000146:	d9e7      	bls.n	20000118 <mutex_enter_block_until+0x18>
20000148:	4643      	mov	r3, r8
2000014a:	7123      	strb	r3, [r4, #4]
2000014c:	f3bf 8f5f 	dmb	sy
20000150:	2300      	movs	r3, #0
20000152:	6013      	str	r3, [r2, #0]
20000154:	f381 8810 	msr	PRIMASK, r1
20000158:	2001      	movs	r0, #1
2000015a:	bc80      	pop	{r7}
2000015c:	46b8      	mov	r8, r7
2000015e:	bdf0      	pop	{r4, r5, r6, r7, pc}
20000160:	2000      	movs	r0, #0
20000162:	e7fa      	b.n	2000015a <mutex_enter_block_until+0x5a>

20000164 <mutex_try_enter_block_until>:
20000164:	b570      	push	{r4, r5, r6, lr}
20000166:	b082      	sub	sp, #8
20000168:	a901      	add	r1, sp, #4
2000016a:	0006      	movs	r6, r0
2000016c:	0014      	movs	r4, r2
2000016e:	001d      	movs	r5, r3
20000170:	f7ff ffa6 	bl	200000c0 <mutex_try_enter>
20000174:	2800      	cmp	r0, #0
20000176:	d107      	bne.n	20000188 <mutex_try_enter_block_until+0x24>
20000178:	22d0      	movs	r2, #208	@ 0xd0
2000017a:	0612      	lsls	r2, r2, #24
2000017c:	9b01      	ldr	r3, [sp, #4]
2000017e:	7812      	ldrb	r2, [r2, #0]
20000180:	b25b      	sxtb	r3, r3
20000182:	b252      	sxtb	r2, r2
20000184:	4293      	cmp	r3, r2
20000186:	d101      	bne.n	2000018c <mutex_try_enter_block_until+0x28>
20000188:	b002      	add	sp, #8
2000018a:	bd70      	pop	{r4, r5, r6, pc}
2000018c:	0022      	movs	r2, r4
2000018e:	002b      	movs	r3, r5
20000190:	0030      	movs	r0, r6
20000192:	f7ff ffb5 	bl	20000100 <mutex_enter_block_until>
20000196:	e7f7      	b.n	20000188 <mutex_try_enter_block_until+0x24>

20000198 <mutex_enter_timeout_ms>:
20000198:	b5f8      	push	{r3, r4, r5, r6, r7, lr}
2000019a:	000e      	movs	r6, r1
2000019c:	0007      	movs	r7, r0
2000019e:	f000 febf 	bl	20000f20 <__time_us_64_veneer>
200001a2:	22fa      	movs	r2, #250	@ 0xfa
200001a4:	0004      	movs	r4, r0
200001a6:	000d      	movs	r5, r1
200001a8:	2300      	movs	r3, #0
200001aa:	0092      	lsls	r2, r2, #2
200001ac:	0030      	movs	r0, r6
200001ae:	2100      	movs	r1, #0
200001b0:	f000 fe86 	bl	20000ec0 <____wrap___aeabi_lmul_veneer>
200001b4:	0022      	movs	r2, r4
200001b6:	002b      	movs	r3, r5
200001b8:	1812      	adds	r2, r2, r0
200001ba:	414b      	adcs	r3, r1
200001bc:	2b00      	cmp	r3, #0
200001be:	da02      	bge.n	200001c6 <mutex_enter_timeout_ms+0x2e>
200001c0:	2201      	movs	r2, #1
200001c2:	4b03      	ldr	r3, [pc, #12]	@ (200001d0 <mutex_enter_timeout_ms+0x38>)
200001c4:	4252      	negs	r2, r2
200001c6:	0038      	movs	r0, r7
200001c8:	f7ff ff9a 	bl	20000100 <mutex_enter_block_until>
200001cc:	bdf8      	pop	{r3, r4, r5, r6, r7, pc}
200001ce:	46c0      	nop			@ (mov r8, r8)
200001d0:	7fffffff 	.word	0x7fffffff

200001d4 <mutex_exit>:
200001d4:	6802      	ldr	r2, [r0, #0]
200001d6:	f3ef 8110 	mrs	r1, PRIMASK
200001da:	b672      	cpsid	i
200001dc:	6813      	ldr	r3, [r2, #0]
200001de:	2b00      	cmp	r3, #0
200001e0:	d0fc      	beq.n	200001dc <mutex_exit+0x8>
200001e2:	f3bf 8f5f 	dmb	sy
200001e6:	23ff      	movs	r3, #255	@ 0xff
200001e8:	7103      	strb	r3, [r0, #4]
200001ea:	6803      	ldr	r3, [r0, #0]
200001ec:	f3bf 8f5f 	dmb	sy
200001f0:	2200      	movs	r2, #0
200001f2:	601a      	str	r2, [r3, #0]
200001f4:	f381 8810 	msr	PRIMASK, r1
200001f8:	bf40      	sev
200001fa:	4770      	bx	lr

200001fc <flash_init_boot2_copyout>:
200001fc:	4b08      	ldr	r3, [pc, #32]	@ (20000220 <flash_init_boot2_copyout+0x24>)
200001fe:	469c      	mov	ip, r3
20000200:	781b      	ldrb	r3, [r3, #0]
20000202:	2b00      	cmp	r3, #0
20000204:	d10b      	bne.n	2000021e <flash_init_boot2_copyout+0x22>
20000206:	2380      	movs	r3, #128	@ 0x80
20000208:	4806      	ldr	r0, [pc, #24]	@ (20000224 <flash_init_boot2_copyout+0x28>)
2000020a:	4907      	ldr	r1, [pc, #28]	@ (20000228 <flash_init_boot2_copyout+0x2c>)
2000020c:	055b      	lsls	r3, r3, #21
2000020e:	681a      	ldr	r2, [r3, #0]
20000210:	50c2      	str	r2, [r0, r3]
20000212:	3304      	adds	r3, #4
20000214:	428b      	cmp	r3, r1
20000216:	d1fa      	bne.n	2000020e <flash_init_boot2_copyout+0x12>
20000218:	2301      	movs	r3, #1
2000021a:	4662      	mov	r2, ip
2000021c:	7013      	strb	r3, [r2, #0]
2000021e:	4770      	bx	lr
20000220:	20001c7c 	.word	0x20001c7c
20000224:	100016ac 	.word	0x100016ac
20000228:	10000100 	.word	0x10000100

2000022c <flash_enable_xip_via_boot2>:
2000022c:	b510      	push	{r4, lr}
2000022e:	4b01      	ldr	r3, [pc, #4]	@ (20000234 <flash_enable_xip_via_boot2+0x8>)
20000230:	4798      	blx	r3
20000232:	bd10      	pop	{r4, pc}
20000234:	200016ad 	.word	0x200016ad

20000238 <flash_save_hardware_state>:
20000238:	4b08      	ldr	r3, [pc, #32]	@ (2000025c <flash_save_hardware_state+0x24>)
2000023a:	685a      	ldr	r2, [r3, #4]
2000023c:	6042      	str	r2, [r0, #4]
2000023e:	689a      	ldr	r2, [r3, #8]
20000240:	6082      	str	r2, [r0, #8]
20000242:	68da      	ldr	r2, [r3, #12]
20000244:	60c2      	str	r2, [r0, #12]
20000246:	691a      	ldr	r2, [r3, #16]
20000248:	6102      	str	r2, [r0, #16]
2000024a:	695a      	ldr	r2, [r3, #20]
2000024c:	6142      	str	r2, [r0, #20]
2000024e:	699b      	ldr	r3, [r3, #24]
20000250:	6183      	str	r3, [r0, #24]
20000252:	23a0      	movs	r3, #160	@ 0xa0
20000254:	055b      	lsls	r3, r3, #21
20000256:	681b      	ldr	r3, [r3, #0]
20000258:	6003      	str	r3, [r0, #0]
2000025a:	4770      	bx	lr
2000025c:	40020000 	.word	0x40020000

20000260 <flash_restore_hardware_state>:
20000260:	6842      	ldr	r2, [r0, #4]
20000262:	4b08      	ldr	r3, [pc, #32]	@ (20000284 <flash_restore_hardware_state+0x24>)
20000264:	605a      	str	r2, [r3, #4]
20000266:	6882      	ldr	r2, [r0, #8]
20000268:	609a      	str	r2, [r3, #8]
2000026a:	68c2      	ldr	r2, [r0, #12]
2000026c:	60da      	str	r2, [r3, #12]
2000026e:	6902      	ldr	r2, [r0, #16]
20000270:	611a      	str	r2, [r3, #16]
20000272:	6942      	ldr	r2, [r0, #20]
20000274:	615a      	str	r2, [r3, #20]
20000276:	6982      	ldr	r2, [r0, #24]
20000278:	619a      	str	r2, [r3, #24]
2000027a:	23a0      	movs	r3, #160	@ 0xa0
2000027c:	6802      	ldr	r2, [r0, #0]
2000027e:	055b      	lsls	r3, r3, #21
20000280:	601a      	str	r2, [r3, #0]
20000282:	4770      	bx	lr
20000284:	40020000 	.word	0x40020000

20000288 <flash_do_cmd_cs>:
20000288:	b5f0      	push	{r4, r5, r6, r7, lr}
2000028a:	46d6      	mov	lr, sl
2000028c:	464f      	mov	r7, r9
2000028e:	4646      	mov	r6, r8
20000290:	2300      	movs	r3, #0
20000292:	b5c0      	push	{r6, r7, lr}
20000294:	2718      	movs	r7, #24
20000296:	b088      	sub	sp, #32
20000298:	001e      	movs	r6, r3
2000029a:	4681      	mov	r9, r0
2000029c:	000d      	movs	r5, r1
2000029e:	8a98      	ldrh	r0, [r3, #20]
200002a0:	4946      	ldr	r1, [pc, #280]	@ (200003bc <flash_do_cmd_cs+0x134>)
200002a2:	883b      	ldrh	r3, [r7, #0]
200002a4:	0014      	movs	r4, r2
200002a6:	4798      	blx	r3
200002a8:	883b      	ldrh	r3, [r7, #0]
200002aa:	4680      	mov	r8, r0
200002ac:	4944      	ldr	r1, [pc, #272]	@ (200003c0 <flash_do_cmd_cs+0x138>)
200002ae:	8ab0      	ldrh	r0, [r6, #20]
200002b0:	4798      	blx	r3
200002b2:	2300      	movs	r3, #0
200002b4:	4943      	ldr	r1, [pc, #268]	@ (200003c4 <flash_do_cmd_cs+0x13c>)
200002b6:	0006      	movs	r6, r0
200002b8:	8a98      	ldrh	r0, [r3, #20]
200002ba:	883b      	ldrh	r3, [r7, #0]
200002bc:	4798      	blx	r3
200002be:	4682      	mov	sl, r0
200002c0:	f7ff ff9c 	bl	200001fc <flash_init_boot2_copyout>
200002c4:	a801      	add	r0, sp, #4
200002c6:	f7ff ffb7 	bl	20000238 <flash_save_hardware_state>
200002ca:	47c0      	blx	r8
200002cc:	47b0      	blx	r6
200002ce:	4b3e      	ldr	r3, [pc, #248]	@ (200003c8 <flash_do_cmd_cs+0x140>)
200002d0:	0021      	movs	r1, r4
200002d2:	681a      	ldr	r2, [r3, #0]
200002d4:	2380      	movs	r3, #128	@ 0x80
200002d6:	009b      	lsls	r3, r3, #2
200002d8:	4053      	eors	r3, r2
200002da:	22c0      	movs	r2, #192	@ 0xc0
200002dc:	0092      	lsls	r2, r2, #2
200002de:	4013      	ands	r3, r2
200002e0:	4a3a      	ldr	r2, [pc, #232]	@ (200003cc <flash_do_cmd_cs+0x144>)
200002e2:	6013      	str	r3, [r2, #0]
200002e4:	2c00      	cmp	r4, #0
200002e6:	d01c      	beq.n	20000322 <flash_do_cmd_cs+0x9a>
200002e8:	2308      	movs	r3, #8
200002ea:	20c0      	movs	r0, #192	@ 0xc0
200002ec:	469c      	mov	ip, r3
200002ee:	0540      	lsls	r0, r0, #21
200002f0:	3f16      	subs	r7, #22
200002f2:	4662      	mov	r2, ip
200002f4:	6a83      	ldr	r3, [r0, #40]	@ 0x28
200002f6:	401a      	ands	r2, r3
200002f8:	421f      	tst	r7, r3
200002fa:	d039      	beq.n	20000370 <flash_do_cmd_cs+0xe8>
200002fc:	1a63      	subs	r3, r4, r1
200002fe:	2900      	cmp	r1, #0
20000300:	d12b      	bne.n	2000035a <flash_do_cmd_cs+0xd2>
20000302:	2a00      	cmp	r2, #0
20000304:	d10b      	bne.n	2000031e <flash_do_cmd_cs+0x96>
20000306:	2c00      	cmp	r4, #0
20000308:	d00b      	beq.n	20000322 <flash_do_cmd_cs+0x9a>
2000030a:	23c0      	movs	r3, #192	@ 0xc0
2000030c:	2208      	movs	r2, #8
2000030e:	2602      	movs	r6, #2
20000310:	055b      	lsls	r3, r3, #21
20000312:	6a9b      	ldr	r3, [r3, #40]	@ 0x28
20000314:	401a      	ands	r2, r3
20000316:	421e      	tst	r6, r3
20000318:	d042      	beq.n	200003a0 <flash_do_cmd_cs+0x118>
2000031a:	2a00      	cmp	r2, #0
2000031c:	d0f5      	beq.n	2000030a <flash_do_cmd_cs+0x82>
2000031e:	2c00      	cmp	r4, #0
20000320:	d130      	bne.n	20000384 <flash_do_cmd_cs+0xfc>
20000322:	4b29      	ldr	r3, [pc, #164]	@ (200003c8 <flash_do_cmd_cs+0x140>)
20000324:	681a      	ldr	r2, [r3, #0]
20000326:	23c0      	movs	r3, #192	@ 0xc0
20000328:	009b      	lsls	r3, r3, #2
2000032a:	4393      	bics	r3, r2
2000032c:	4a27      	ldr	r2, [pc, #156]	@ (200003cc <flash_do_cmd_cs+0x144>)
2000032e:	6013      	str	r3, [r2, #0]
20000330:	47d0      	blx	sl
20000332:	f7ff ff7b 	bl	2000022c <flash_enable_xip_via_boot2>
20000336:	a801      	add	r0, sp, #4
20000338:	f7ff ff92 	bl	20000260 <flash_restore_hardware_state>
2000033c:	b008      	add	sp, #32
2000033e:	bce0      	pop	{r5, r6, r7}
20000340:	46ba      	mov	sl, r7
20000342:	46b1      	mov	r9, r6
20000344:	46a8      	mov	r8, r5
20000346:	bdf0      	pop	{r4, r5, r6, r7, pc}
20000348:	2c00      	cmp	r4, #0
2000034a:	d12b      	bne.n	200003a4 <flash_do_cmd_cs+0x11c>
2000034c:	22c0      	movs	r2, #192	@ 0xc0
2000034e:	0552      	lsls	r2, r2, #21
20000350:	6a96      	ldr	r6, [r2, #40]	@ 0x28
20000352:	2208      	movs	r2, #8
20000354:	4032      	ands	r2, r6
20000356:	07b6      	lsls	r6, r6, #30
20000358:	d52b      	bpl.n	200003b2 <flash_do_cmd_cs+0x12a>
2000035a:	2b0d      	cmp	r3, #13
2000035c:	d919      	bls.n	20000392 <flash_do_cmd_cs+0x10a>
2000035e:	2a00      	cmp	r2, #0
20000360:	d1f2      	bne.n	20000348 <flash_do_cmd_cs+0xc0>
20000362:	22c0      	movs	r2, #192	@ 0xc0
20000364:	0552      	lsls	r2, r2, #21
20000366:	6a96      	ldr	r6, [r2, #40]	@ 0x28
20000368:	2208      	movs	r2, #8
2000036a:	4032      	ands	r2, r6
2000036c:	07b6      	lsls	r6, r6, #30
2000036e:	d4f4      	bmi.n	2000035a <flash_do_cmd_cs+0xd2>
20000370:	2a00      	cmp	r2, #0
20000372:	d104      	bne.n	2000037e <flash_do_cmd_cs+0xf6>
20000374:	000b      	movs	r3, r1
20000376:	4323      	orrs	r3, r4
20000378:	2b00      	cmp	r3, #0
2000037a:	d1ba      	bne.n	200002f2 <flash_do_cmd_cs+0x6a>
2000037c:	e7d1      	b.n	20000322 <flash_do_cmd_cs+0x9a>
2000037e:	000b      	movs	r3, r1
20000380:	2c00      	cmp	r4, #0
20000382:	d0f9      	beq.n	20000378 <flash_do_cmd_cs+0xf0>
20000384:	6e03      	ldr	r3, [r0, #96]	@ 0x60
20000386:	3c01      	subs	r4, #1
20000388:	702b      	strb	r3, [r5, #0]
2000038a:	0023      	movs	r3, r4
2000038c:	3501      	adds	r5, #1
2000038e:	430b      	orrs	r3, r1
20000390:	e7f2      	b.n	20000378 <flash_do_cmd_cs+0xf0>
20000392:	464b      	mov	r3, r9
20000394:	781b      	ldrb	r3, [r3, #0]
20000396:	3901      	subs	r1, #1
20000398:	6603      	str	r3, [r0, #96]	@ 0x60
2000039a:	2301      	movs	r3, #1
2000039c:	4499      	add	r9, r3
2000039e:	e7e7      	b.n	20000370 <flash_do_cmd_cs+0xe8>
200003a0:	2100      	movs	r1, #0
200003a2:	e7e5      	b.n	20000370 <flash_do_cmd_cs+0xe8>
200003a4:	23c0      	movs	r3, #192	@ 0xc0
200003a6:	055b      	lsls	r3, r3, #21
200003a8:	6e1b      	ldr	r3, [r3, #96]	@ 0x60
200003aa:	3c01      	subs	r4, #1
200003ac:	702b      	strb	r3, [r5, #0]
200003ae:	3501      	adds	r5, #1
200003b0:	e79f      	b.n	200002f2 <flash_do_cmd_cs+0x6a>
200003b2:	000b      	movs	r3, r1
200003b4:	42a2      	cmp	r2, r4
200003b6:	d1df      	bne.n	20000378 <flash_do_cmd_cs+0xf0>
200003b8:	e7dc      	b.n	20000374 <flash_do_cmd_cs+0xec>
200003ba:	46c0      	nop			@ (mov r8, r8)
200003bc:	00004649 	.word	0x00004649
200003c0:	00005845 	.word	0x00005845
200003c4:	00004346 	.word	0x00004346
200003c8:	4001800c 	.word	0x4001800c
200003cc:	4001900c 	.word	0x4001900c

200003d0 <reset_non_control_endpoints>:
200003d0:	2200      	movs	r2, #0
200003d2:	4b15      	ldr	r3, [pc, #84]	@ (20000428 <reset_non_control_endpoints+0x58>)
200003d4:	b510      	push	{r4, lr}
200003d6:	609a      	str	r2, [r3, #8]
200003d8:	60da      	str	r2, [r3, #12]
200003da:	611a      	str	r2, [r3, #16]
200003dc:	615a      	str	r2, [r3, #20]
200003de:	619a      	str	r2, [r3, #24]
200003e0:	61da      	str	r2, [r3, #28]
200003e2:	621a      	str	r2, [r3, #32]
200003e4:	625a      	str	r2, [r3, #36]	@ 0x24
200003e6:	629a      	str	r2, [r3, #40]	@ 0x28
200003e8:	62da      	str	r2, [r3, #44]	@ 0x2c
200003ea:	631a      	str	r2, [r3, #48]	@ 0x30
200003ec:	635a      	str	r2, [r3, #52]	@ 0x34
200003ee:	639a      	str	r2, [r3, #56]	@ 0x38
200003f0:	63da      	str	r2, [r3, #60]	@ 0x3c
200003f2:	641a      	str	r2, [r3, #64]	@ 0x40
200003f4:	645a      	str	r2, [r3, #68]	@ 0x44
200003f6:	649a      	str	r2, [r3, #72]	@ 0x48
200003f8:	64da      	str	r2, [r3, #76]	@ 0x4c
200003fa:	651a      	str	r2, [r3, #80]	@ 0x50
200003fc:	655a      	str	r2, [r3, #84]	@ 0x54
200003fe:	659a      	str	r2, [r3, #88]	@ 0x58
20000400:	65da      	str	r2, [r3, #92]	@ 0x5c
20000402:	661a      	str	r2, [r3, #96]	@ 0x60
20000404:	665a      	str	r2, [r3, #100]	@ 0x64
20000406:	669a      	str	r2, [r3, #104]	@ 0x68
20000408:	66da      	str	r2, [r3, #108]	@ 0x6c
2000040a:	671a      	str	r2, [r3, #112]	@ 0x70
2000040c:	675a      	str	r2, [r3, #116]	@ 0x74
2000040e:	679a      	str	r2, [r3, #120]	@ 0x78
20000410:	67da      	str	r2, [r3, #124]	@ 0x7c
20000412:	32f0      	adds	r2, #240	@ 0xf0
20000414:	0092      	lsls	r2, r2, #2
20000416:	2100      	movs	r1, #0
20000418:	4804      	ldr	r0, [pc, #16]	@ (2000042c <reset_non_control_endpoints+0x5c>)
2000041a:	f000 fd89 	bl	20000f30 <____wrap_memset_veneer>
2000041e:	4b04      	ldr	r3, [pc, #16]	@ (20000430 <reset_non_control_endpoints+0x60>)
20000420:	4a04      	ldr	r2, [pc, #16]	@ (20000434 <reset_non_control_endpoints+0x64>)
20000422:	601a      	str	r2, [r3, #0]
20000424:	bd10      	pop	{r4, pc}
20000426:	46c0      	nop			@ (mov r8, r8)
20000428:	50100000 	.word	0x50100000
2000042c:	20001860 	.word	0x20001860
20000430:	20001c2c 	.word	0x20001c2c
20000434:	50100180 	.word	0x50100180

20000438 <hw_handle_buff_status>:
20000438:	b5f0      	push	{r4, r5, r6, r7, lr}
2000043a:	4647      	mov	r7, r8
2000043c:	46ce      	mov	lr, r9
2000043e:	b580      	push	{r7, lr}
20000440:	4b1c      	ldr	r3, [pc, #112]	@ (200004b4 <hw_handle_buff_status+0x7c>)
20000442:	2400      	movs	r4, #0
20000444:	6d9f      	ldr	r7, [r3, #88]	@ 0x58
20000446:	2601      	movs	r6, #1
20000448:	b085      	sub	sp, #20
2000044a:	2f00      	cmp	r7, #0
2000044c:	d01b      	beq.n	20000486 <hw_handle_buff_status+0x4e>
2000044e:	4b1a      	ldr	r3, [pc, #104]	@ (200004b8 <hw_handle_buff_status+0x80>)
20000450:	4698      	mov	r8, r3
20000452:	4b1a      	ldr	r3, [pc, #104]	@ (200004bc <hw_handle_buff_status+0x84>)
20000454:	4699      	mov	r9, r3
20000456:	e004      	b.n	20000462 <hw_handle_buff_status+0x2a>
20000458:	3401      	adds	r4, #1
2000045a:	b2e4      	uxtb	r4, r4
2000045c:	0076      	lsls	r6, r6, #1
2000045e:	2c20      	cmp	r4, #32
20000460:	d011      	beq.n	20000486 <hw_handle_buff_status+0x4e>
20000462:	423e      	tst	r6, r7
20000464:	d0f8      	beq.n	20000458 <hw_handle_buff_status+0x20>
20000466:	4643      	mov	r3, r8
20000468:	659e      	str	r6, [r3, #88]	@ 0x58
2000046a:	2301      	movs	r3, #1
2000046c:	0865      	lsrs	r5, r4, #1
2000046e:	006d      	lsls	r5, r5, #1
20000470:	43a3      	bics	r3, r4
20000472:	18ed      	adds	r5, r5, r3
20000474:	016d      	lsls	r5, r5, #5
20000476:	444d      	add	r5, r9
20000478:	0028      	movs	r0, r5
2000047a:	f000 fc13 	bl	20000ca4 <hw_endpoint_xfer_continue>
2000047e:	2800      	cmp	r0, #0
20000480:	d106      	bne.n	20000490 <hw_handle_buff_status+0x58>
20000482:	43b7      	bics	r7, r6
20000484:	d1e8      	bne.n	20000458 <hw_handle_buff_status+0x20>
20000486:	b005      	add	sp, #20
20000488:	bcc0      	pop	{r6, r7}
2000048a:	46b9      	mov	r9, r7
2000048c:	46b0      	mov	r8, r6
2000048e:	bdf0      	pop	{r4, r5, r6, r7, pc}
20000490:	8aeb      	ldrh	r3, [r5, #22]
20000492:	21e0      	movs	r1, #224	@ 0xe0
20000494:	9303      	str	r3, [sp, #12]
20000496:	2300      	movs	r3, #0
20000498:	a801      	add	r0, sp, #4
2000049a:	78aa      	ldrb	r2, [r5, #2]
2000049c:	00c9      	lsls	r1, r1, #3
2000049e:	8001      	strh	r1, [r0, #0]
200004a0:	2101      	movs	r1, #1
200004a2:	7102      	strb	r2, [r0, #4]
200004a4:	7143      	strb	r3, [r0, #5]
200004a6:	f000 fc1d 	bl	20000ce4 <dcd_event_handler>
200004aa:	0028      	movs	r0, r5
200004ac:	f000 fb98 	bl	20000be0 <hw_endpoint_reset_transfer>
200004b0:	e7e7      	b.n	20000482 <hw_handle_buff_status+0x4a>
200004b2:	46c0      	nop			@ (mov r8, r8)
200004b4:	50110000 	.word	0x50110000
200004b8:	50113000 	.word	0x50113000
200004bc:	20001820 	.word	0x20001820

200004c0 <dcd_rp2040_irq>:
200004c0:	2398      	movs	r3, #152	@ 0x98
200004c2:	4ac6      	ldr	r2, [pc, #792]	@ (200007dc <dcd_rp2040_irq+0x31c>)
200004c4:	b5f0      	push	{r4, r5, r6, r7, lr}
200004c6:	58d5      	ldr	r5, [r2, r3]
200004c8:	2380      	movs	r3, #128	@ 0x80
200004ca:	002e      	movs	r6, r5
200004cc:	029b      	lsls	r3, r3, #10
200004ce:	2410      	movs	r4, #16
200004d0:	b085      	sub	sp, #20
200004d2:	401e      	ands	r6, r3
200004d4:	421d      	tst	r5, r3
200004d6:	d074      	beq.n	200005c2 <dcd_rp2040_irq+0x102>
200004d8:	4bc1      	ldr	r3, [pc, #772]	@ (200007e0 <dcd_rp2040_irq+0x320>)
200004da:	4cc2      	ldr	r4, [pc, #776]	@ (200007e4 <dcd_rp2040_irq+0x324>)
200004dc:	6a9a      	ldr	r2, [r3, #40]	@ 0x28
200004de:	4bc2      	ldr	r3, [pc, #776]	@ (200007e8 <dcd_rp2040_irq+0x328>)
200004e0:	2600      	movs	r6, #0
200004e2:	601a      	str	r2, [r3, #0]
200004e4:	233b      	movs	r3, #59	@ 0x3b
200004e6:	5ce3      	ldrb	r3, [r4, r3]
200004e8:	2b02      	cmp	r3, #2
200004ea:	d100      	bne.n	200004ee <dcd_rp2040_irq+0x2e>
200004ec:	e14b      	b.n	20000786 <dcd_rp2040_irq+0x2c6>
200004ee:	237b      	movs	r3, #123	@ 0x7b
200004f0:	5ce3      	ldrb	r3, [r4, r3]
200004f2:	2b02      	cmp	r3, #2
200004f4:	d100      	bne.n	200004f8 <dcd_rp2040_irq+0x38>
200004f6:	e0ef      	b.n	200006d8 <dcd_rp2040_irq+0x218>
200004f8:	23bb      	movs	r3, #187	@ 0xbb
200004fa:	5ce3      	ldrb	r3, [r4, r3]
200004fc:	2b02      	cmp	r3, #2
200004fe:	d100      	bne.n	20000502 <dcd_rp2040_irq+0x42>
20000500:	e0f6      	b.n	200006f0 <dcd_rp2040_irq+0x230>
20000502:	23fb      	movs	r3, #251	@ 0xfb
20000504:	5ce3      	ldrb	r3, [r4, r3]
20000506:	2b02      	cmp	r3, #2
20000508:	d100      	bne.n	2000050c <dcd_rp2040_irq+0x4c>
2000050a:	e0fd      	b.n	20000708 <dcd_rp2040_irq+0x248>
2000050c:	233c      	movs	r3, #60	@ 0x3c
2000050e:	33ff      	adds	r3, #255	@ 0xff
20000510:	5ce3      	ldrb	r3, [r4, r3]
20000512:	2b02      	cmp	r3, #2
20000514:	d100      	bne.n	20000518 <dcd_rp2040_irq+0x58>
20000516:	e129      	b.n	2000076c <dcd_rp2040_irq+0x2ac>
20000518:	237c      	movs	r3, #124	@ 0x7c
2000051a:	33ff      	adds	r3, #255	@ 0xff
2000051c:	5ce3      	ldrb	r3, [r4, r3]
2000051e:	2b02      	cmp	r3, #2
20000520:	d100      	bne.n	20000524 <dcd_rp2040_irq+0x64>
20000522:	e10a      	b.n	2000073a <dcd_rp2040_irq+0x27a>
20000524:	23bc      	movs	r3, #188	@ 0xbc
20000526:	33ff      	adds	r3, #255	@ 0xff
20000528:	5ce3      	ldrb	r3, [r4, r3]
2000052a:	2b02      	cmp	r3, #2
2000052c:	d100      	bne.n	20000530 <dcd_rp2040_irq+0x70>
2000052e:	e13b      	b.n	200007a8 <dcd_rp2040_irq+0x2e8>
20000530:	23fc      	movs	r3, #252	@ 0xfc
20000532:	33ff      	adds	r3, #255	@ 0xff
20000534:	5ce3      	ldrb	r3, [r4, r3]
20000536:	2b02      	cmp	r3, #2
20000538:	d100      	bne.n	2000053c <dcd_rp2040_irq+0x7c>
2000053a:	e0f1      	b.n	20000720 <dcd_rp2040_irq+0x260>
2000053c:	4bab      	ldr	r3, [pc, #684]	@ (200007ec <dcd_rp2040_irq+0x32c>)
2000053e:	5ce3      	ldrb	r3, [r4, r3]
20000540:	2b02      	cmp	r3, #2
20000542:	d100      	bne.n	20000546 <dcd_rp2040_irq+0x86>
20000544:	e170      	b.n	20000828 <dcd_rp2040_irq+0x368>
20000546:	4baa      	ldr	r3, [pc, #680]	@ (200007f0 <dcd_rp2040_irq+0x330>)
20000548:	5ce3      	ldrb	r3, [r4, r3]
2000054a:	2b02      	cmp	r3, #2
2000054c:	d100      	bne.n	20000550 <dcd_rp2040_irq+0x90>
2000054e:	e101      	b.n	20000754 <dcd_rp2040_irq+0x294>
20000550:	4ba8      	ldr	r3, [pc, #672]	@ (200007f4 <dcd_rp2040_irq+0x334>)
20000552:	5ce3      	ldrb	r3, [r4, r3]
20000554:	2b02      	cmp	r3, #2
20000556:	d100      	bne.n	2000055a <dcd_rp2040_irq+0x9a>
20000558:	e171      	b.n	2000083e <dcd_rp2040_irq+0x37e>
2000055a:	4ba7      	ldr	r3, [pc, #668]	@ (200007f8 <dcd_rp2040_irq+0x338>)
2000055c:	5ce3      	ldrb	r3, [r4, r3]
2000055e:	2b02      	cmp	r3, #2
20000560:	d100      	bne.n	20000564 <dcd_rp2040_irq+0xa4>
20000562:	e12e      	b.n	200007c2 <dcd_rp2040_irq+0x302>
20000564:	4ba5      	ldr	r3, [pc, #660]	@ (200007fc <dcd_rp2040_irq+0x33c>)
20000566:	5ce3      	ldrb	r3, [r4, r3]
20000568:	2b02      	cmp	r3, #2
2000056a:	d100      	bne.n	2000056e <dcd_rp2040_irq+0xae>
2000056c:	e19c      	b.n	200008a8 <dcd_rp2040_irq+0x3e8>
2000056e:	4ba4      	ldr	r3, [pc, #656]	@ (20000800 <dcd_rp2040_irq+0x340>)
20000570:	5ce3      	ldrb	r3, [r4, r3]
20000572:	2b02      	cmp	r3, #2
20000574:	d100      	bne.n	20000578 <dcd_rp2040_irq+0xb8>
20000576:	e16d      	b.n	20000854 <dcd_rp2040_irq+0x394>
20000578:	4ba2      	ldr	r3, [pc, #648]	@ (20000804 <dcd_rp2040_irq+0x344>)
2000057a:	5ce3      	ldrb	r3, [r4, r3]
2000057c:	2b02      	cmp	r3, #2
2000057e:	d100      	bne.n	20000582 <dcd_rp2040_irq+0xc2>
20000580:	e19d      	b.n	200008be <dcd_rp2040_irq+0x3fe>
20000582:	4ba1      	ldr	r3, [pc, #644]	@ (20000808 <dcd_rp2040_irq+0x348>)
20000584:	5ce3      	ldrb	r3, [r4, r3]
20000586:	2b02      	cmp	r3, #2
20000588:	d100      	bne.n	2000058c <dcd_rp2040_irq+0xcc>
2000058a:	e17b      	b.n	20000884 <dcd_rp2040_irq+0x3c4>
2000058c:	2e00      	cmp	r6, #0
2000058e:	d108      	bne.n	200005a2 <dcd_rp2040_irq+0xe2>
20000590:	4b9e      	ldr	r3, [pc, #632]	@ (2000080c <dcd_rp2040_irq+0x34c>)
20000592:	781b      	ldrb	r3, [r3, #0]
20000594:	2b00      	cmp	r3, #0
20000596:	d104      	bne.n	200005a2 <dcd_rp2040_irq+0xe2>
20000598:	2180      	movs	r1, #128	@ 0x80
2000059a:	4a9d      	ldr	r2, [pc, #628]	@ (20000810 <dcd_rp2040_irq+0x350>)
2000059c:	3390      	adds	r3, #144	@ 0x90
2000059e:	0289      	lsls	r1, r1, #10
200005a0:	50d1      	str	r1, [r2, r3]
200005a2:	22c0      	movs	r2, #192	@ 0xc0
200005a4:	4669      	mov	r1, sp
200005a6:	4b8d      	ldr	r3, [pc, #564]	@ (200007dc <dcd_rp2040_irq+0x31c>)
200005a8:	0092      	lsls	r2, r2, #2
200005aa:	6c9b      	ldr	r3, [r3, #72]	@ 0x48
200005ac:	2680      	movs	r6, #128	@ 0x80
200005ae:	055b      	lsls	r3, r3, #21
200005b0:	808a      	strh	r2, [r1, #4]
200005b2:	0d5b      	lsrs	r3, r3, #21
200005b4:	2101      	movs	r1, #1
200005b6:	a801      	add	r0, sp, #4
200005b8:	9302      	str	r3, [sp, #8]
200005ba:	f000 fb93 	bl	20000ce4 <dcd_event_handler>
200005be:	4c95      	ldr	r4, [pc, #596]	@ (20000814 <dcd_rp2040_irq+0x354>)
200005c0:	02b6      	lsls	r6, r6, #10
200005c2:	06eb      	lsls	r3, r5, #27
200005c4:	d500      	bpl.n	200005c8 <dcd_rp2040_irq+0x108>
200005c6:	e07b      	b.n	200006c0 <dcd_rp2040_irq+0x200>
200005c8:	2380      	movs	r3, #128	@ 0x80
200005ca:	025b      	lsls	r3, r3, #9
200005cc:	421d      	tst	r5, r3
200005ce:	d02f      	beq.n	20000630 <dcd_rp2040_irq+0x170>
200005d0:	2402      	movs	r4, #2
200005d2:	4f84      	ldr	r7, [pc, #528]	@ (200007e4 <dcd_rp2040_irq+0x324>)
200005d4:	431e      	orrs	r6, r3
200005d6:	7ebb      	ldrb	r3, [r7, #26]
200005d8:	2b00      	cmp	r3, #0
200005da:	d014      	beq.n	20000606 <dcd_rp2040_irq+0x146>
200005dc:	f000 fc80 	bl	20000ee0 <__rp2040_chip_version_veneer>
200005e0:	2801      	cmp	r0, #1
200005e2:	d900      	bls.n	200005e6 <dcd_rp2040_irq+0x126>
200005e4:	e070      	b.n	200006c8 <dcd_rp2040_irq+0x208>
200005e6:	22c0      	movs	r2, #192	@ 0xc0
200005e8:	2100      	movs	r1, #0
200005ea:	0038      	movs	r0, r7
200005ec:	0192      	lsls	r2, r2, #6
200005ee:	f000 fafd 	bl	20000bec <_hw_endpoint_buffer_control_update32>
200005f2:	0038      	movs	r0, r7
200005f4:	f000 faf4 	bl	20000be0 <hw_endpoint_reset_transfer>
200005f8:	f000 fc72 	bl	20000ee0 <__rp2040_chip_version_veneer>
200005fc:	2801      	cmp	r0, #1
200005fe:	d902      	bls.n	20000606 <dcd_rp2040_irq+0x146>
20000600:	4b83      	ldr	r3, [pc, #524]	@ (20000810 <dcd_rp2040_irq+0x350>)
20000602:	665c      	str	r4, [r3, #100]	@ 0x64
20000604:	661c      	str	r4, [r3, #96]	@ 0x60
20000606:	2301      	movs	r3, #1
20000608:	70fb      	strb	r3, [r7, #3]
2000060a:	3720      	adds	r7, #32
2000060c:	2c01      	cmp	r4, #1
2000060e:	d120      	bne.n	20000652 <dcd_rp2040_irq+0x192>
20000610:	23c0      	movs	r3, #192	@ 0xc0
20000612:	466a      	mov	r2, sp
20000614:	00db      	lsls	r3, r3, #3
20000616:	8093      	strh	r3, [r2, #4]
20000618:	4a7f      	ldr	r2, [pc, #508]	@ (20000818 <dcd_rp2040_irq+0x358>)
2000061a:	ab02      	add	r3, sp, #8
2000061c:	ca03      	ldmia	r2!, {r0, r1}
2000061e:	c303      	stmia	r3!, {r0, r1}
20000620:	2101      	movs	r1, #1
20000622:	a801      	add	r0, sp, #4
20000624:	f000 fb5e 	bl	20000ce4 <dcd_event_handler>
20000628:	2280      	movs	r2, #128	@ 0x80
2000062a:	4b79      	ldr	r3, [pc, #484]	@ (20000810 <dcd_rp2040_irq+0x350>)
2000062c:	0292      	lsls	r2, r2, #10
2000062e:	651a      	str	r2, [r3, #80]	@ 0x50
20000630:	2380      	movs	r3, #128	@ 0x80
20000632:	015b      	lsls	r3, r3, #5
20000634:	421d      	tst	r5, r3
20000636:	d10e      	bne.n	20000656 <dcd_rp2040_irq+0x196>
20000638:	2380      	movs	r3, #128	@ 0x80
2000063a:	01db      	lsls	r3, r3, #7
2000063c:	421d      	tst	r5, r3
2000063e:	d121      	bne.n	20000684 <dcd_rp2040_irq+0x1c4>
20000640:	2380      	movs	r3, #128	@ 0x80
20000642:	021b      	lsls	r3, r3, #8
20000644:	421d      	tst	r5, r3
20000646:	d12d      	bne.n	200006a4 <dcd_rp2040_irq+0x1e4>
20000648:	42ae      	cmp	r6, r5
2000064a:	d000      	beq.n	2000064e <dcd_rp2040_irq+0x18e>
2000064c:	e1be      	b.n	200009cc <dcd_rp2040_irq+0x50c>
2000064e:	b005      	add	sp, #20
20000650:	bdf0      	pop	{r4, r5, r6, r7, pc}
20000652:	2401      	movs	r4, #1
20000654:	e7bf      	b.n	200005d6 <dcd_rp2040_irq+0x116>
20000656:	2400      	movs	r4, #0
20000658:	431e      	orrs	r6, r3
2000065a:	4b60      	ldr	r3, [pc, #384]	@ (200007dc <dcd_rp2040_irq+0x31c>)
2000065c:	601c      	str	r4, [r3, #0]
2000065e:	f7ff feb7 	bl	200003d0 <reset_non_control_endpoints>
20000662:	2380      	movs	r3, #128	@ 0x80
20000664:	466a      	mov	r2, sp
20000666:	005b      	lsls	r3, r3, #1
20000668:	8093      	strh	r3, [r2, #4]
2000066a:	7214      	strb	r4, [r2, #8]
2000066c:	2101      	movs	r1, #1
2000066e:	a801      	add	r0, sp, #4
20000670:	f000 fb38 	bl	20000ce4 <dcd_event_handler>
20000674:	2280      	movs	r2, #128	@ 0x80
20000676:	4b66      	ldr	r3, [pc, #408]	@ (20000810 <dcd_rp2040_irq+0x350>)
20000678:	0312      	lsls	r2, r2, #12
2000067a:	651a      	str	r2, [r3, #80]	@ 0x50
2000067c:	2380      	movs	r3, #128	@ 0x80
2000067e:	01db      	lsls	r3, r3, #7
20000680:	421d      	tst	r5, r3
20000682:	d0dd      	beq.n	20000640 <dcd_rp2040_irq+0x180>
20000684:	431e      	orrs	r6, r3
20000686:	2380      	movs	r3, #128	@ 0x80
20000688:	466a      	mov	r2, sp
2000068a:	00db      	lsls	r3, r3, #3
2000068c:	8093      	strh	r3, [r2, #4]
2000068e:	2101      	movs	r1, #1
20000690:	a801      	add	r0, sp, #4
20000692:	f000 fb27 	bl	20000ce4 <dcd_event_handler>
20000696:	2210      	movs	r2, #16
20000698:	4b5d      	ldr	r3, [pc, #372]	@ (20000810 <dcd_rp2040_irq+0x350>)
2000069a:	651a      	str	r2, [r3, #80]	@ 0x50
2000069c:	2380      	movs	r3, #128	@ 0x80
2000069e:	021b      	lsls	r3, r3, #8
200006a0:	421d      	tst	r5, r3
200006a2:	d0d1      	beq.n	20000648 <dcd_rp2040_irq+0x188>
200006a4:	431e      	orrs	r6, r3
200006a6:	23a0      	movs	r3, #160	@ 0xa0
200006a8:	466a      	mov	r2, sp
200006aa:	00db      	lsls	r3, r3, #3
200006ac:	8093      	strh	r3, [r2, #4]
200006ae:	2101      	movs	r1, #1
200006b0:	a801      	add	r0, sp, #4
200006b2:	f000 fb17 	bl	20000ce4 <dcd_event_handler>
200006b6:	2280      	movs	r2, #128	@ 0x80
200006b8:	4b55      	ldr	r3, [pc, #340]	@ (20000810 <dcd_rp2040_irq+0x350>)
200006ba:	0112      	lsls	r2, r2, #4
200006bc:	651a      	str	r2, [r3, #80]	@ 0x50
200006be:	e7c3      	b.n	20000648 <dcd_rp2040_irq+0x188>
200006c0:	f7ff feba 	bl	20000438 <hw_handle_buff_status>
200006c4:	0026      	movs	r6, r4
200006c6:	e77f      	b.n	200005c8 <dcd_rp2040_irq+0x108>
200006c8:	4b54      	ldr	r3, [pc, #336]	@ (2000081c <dcd_rp2040_irq+0x35c>)
200006ca:	4a44      	ldr	r2, [pc, #272]	@ (200007dc <dcd_rp2040_irq+0x31c>)
200006cc:	661c      	str	r4, [r3, #96]	@ 0x60
200006ce:	6e53      	ldr	r3, [r2, #100]	@ 0x64
200006d0:	4023      	ands	r3, r4
200006d2:	42a3      	cmp	r3, r4
200006d4:	d1fb      	bne.n	200006ce <dcd_rp2040_irq+0x20e>
200006d6:	e786      	b.n	200005e6 <dcd_rp2040_irq+0x126>
200006d8:	3378      	adds	r3, #120	@ 0x78
200006da:	5ce7      	ldrb	r7, [r4, r3]
200006dc:	2f00      	cmp	r7, #0
200006de:	d100      	bne.n	200006e2 <dcd_rp2040_irq+0x222>
200006e0:	e70a      	b.n	200004f8 <dcd_rp2040_irq+0x38>
200006e2:	3302      	adds	r3, #2
200006e4:	5ce2      	ldrb	r2, [r4, r3]
200006e6:	2a00      	cmp	r2, #0
200006e8:	d000      	beq.n	200006ec <dcd_rp2040_irq+0x22c>
200006ea:	e10d      	b.n	20000908 <dcd_rp2040_irq+0x448>
200006ec:	003e      	movs	r6, r7
200006ee:	e703      	b.n	200004f8 <dcd_rp2040_irq+0x38>
200006f0:	33b8      	adds	r3, #184	@ 0xb8
200006f2:	5ce7      	ldrb	r7, [r4, r3]
200006f4:	2f00      	cmp	r7, #0
200006f6:	d100      	bne.n	200006fa <dcd_rp2040_irq+0x23a>
200006f8:	e703      	b.n	20000502 <dcd_rp2040_irq+0x42>
200006fa:	3302      	adds	r3, #2
200006fc:	5ce2      	ldrb	r2, [r4, r3]
200006fe:	2a00      	cmp	r2, #0
20000700:	d000      	beq.n	20000704 <dcd_rp2040_irq+0x244>
20000702:	e0f9      	b.n	200008f8 <dcd_rp2040_irq+0x438>
20000704:	003e      	movs	r6, r7
20000706:	e6fc      	b.n	20000502 <dcd_rp2040_irq+0x42>
20000708:	33f8      	adds	r3, #248	@ 0xf8
2000070a:	5ce7      	ldrb	r7, [r4, r3]
2000070c:	2f00      	cmp	r7, #0
2000070e:	d100      	bne.n	20000712 <dcd_rp2040_irq+0x252>
20000710:	e6fc      	b.n	2000050c <dcd_rp2040_irq+0x4c>
20000712:	3302      	adds	r3, #2
20000714:	5ce2      	ldrb	r2, [r4, r3]
20000716:	2a00      	cmp	r2, #0
20000718:	d000      	beq.n	2000071c <dcd_rp2040_irq+0x25c>
2000071a:	e141      	b.n	200009a0 <dcd_rp2040_irq+0x4e0>
2000071c:	003e      	movs	r6, r7
2000071e:	e6f5      	b.n	2000050c <dcd_rp2040_irq+0x4c>
20000720:	33f9      	adds	r3, #249	@ 0xf9
20000722:	33ff      	adds	r3, #255	@ 0xff
20000724:	5ce7      	ldrb	r7, [r4, r3]
20000726:	2f00      	cmp	r7, #0
20000728:	d100      	bne.n	2000072c <dcd_rp2040_irq+0x26c>
2000072a:	e707      	b.n	2000053c <dcd_rp2040_irq+0x7c>
2000072c:	3302      	adds	r3, #2
2000072e:	5ce2      	ldrb	r2, [r4, r3]
20000730:	2a00      	cmp	r2, #0
20000732:	d000      	beq.n	20000736 <dcd_rp2040_irq+0x276>
20000734:	e12b      	b.n	2000098e <dcd_rp2040_irq+0x4ce>
20000736:	003e      	movs	r6, r7
20000738:	e700      	b.n	2000053c <dcd_rp2040_irq+0x7c>
2000073a:	3379      	adds	r3, #121	@ 0x79
2000073c:	33ff      	adds	r3, #255	@ 0xff
2000073e:	5ce7      	ldrb	r7, [r4, r3]
20000740:	2f00      	cmp	r7, #0
20000742:	d100      	bne.n	20000746 <dcd_rp2040_irq+0x286>
20000744:	e6ee      	b.n	20000524 <dcd_rp2040_irq+0x64>
20000746:	3302      	adds	r3, #2
20000748:	5ce2      	ldrb	r2, [r4, r3]
2000074a:	2a00      	cmp	r2, #0
2000074c:	d000      	beq.n	20000750 <dcd_rp2040_irq+0x290>
2000074e:	e115      	b.n	2000097c <dcd_rp2040_irq+0x4bc>
20000750:	003e      	movs	r6, r7
20000752:	e6e7      	b.n	20000524 <dcd_rp2040_irq+0x64>
20000754:	4b32      	ldr	r3, [pc, #200]	@ (20000820 <dcd_rp2040_irq+0x360>)
20000756:	5ce7      	ldrb	r7, [r4, r3]
20000758:	2f00      	cmp	r7, #0
2000075a:	d100      	bne.n	2000075e <dcd_rp2040_irq+0x29e>
2000075c:	e6f8      	b.n	20000550 <dcd_rp2040_irq+0x90>
2000075e:	3302      	adds	r3, #2
20000760:	5ce2      	ldrb	r2, [r4, r3]
20000762:	2a00      	cmp	r2, #0
20000764:	d000      	beq.n	20000768 <dcd_rp2040_irq+0x2a8>
20000766:	e101      	b.n	2000096c <dcd_rp2040_irq+0x4ac>
20000768:	003e      	movs	r6, r7
2000076a:	e6f1      	b.n	20000550 <dcd_rp2040_irq+0x90>
2000076c:	3339      	adds	r3, #57	@ 0x39
2000076e:	33ff      	adds	r3, #255	@ 0xff
20000770:	5ce7      	ldrb	r7, [r4, r3]
20000772:	2f00      	cmp	r7, #0
20000774:	d100      	bne.n	20000778 <dcd_rp2040_irq+0x2b8>
20000776:	e6cf      	b.n	20000518 <dcd_rp2040_irq+0x58>
20000778:	3302      	adds	r3, #2
2000077a:	5ce2      	ldrb	r2, [r4, r3]
2000077c:	2a00      	cmp	r2, #0
2000077e:	d000      	beq.n	20000782 <dcd_rp2040_irq+0x2c2>
20000780:	e0eb      	b.n	2000095a <dcd_rp2040_irq+0x49a>
20000782:	003e      	movs	r6, r7
20000784:	e6c8      	b.n	20000518 <dcd_rp2040_irq+0x58>
20000786:	3338      	adds	r3, #56	@ 0x38
20000788:	5ce6      	ldrb	r6, [r4, r3]
2000078a:	2e00      	cmp	r6, #0
2000078c:	d100      	bne.n	20000790 <dcd_rp2040_irq+0x2d0>
2000078e:	e6ae      	b.n	200004ee <dcd_rp2040_irq+0x2e>
20000790:	3302      	adds	r3, #2
20000792:	5ce2      	ldrb	r2, [r4, r3]
20000794:	2a00      	cmp	r2, #0
20000796:	d100      	bne.n	2000079a <dcd_rp2040_irq+0x2da>
20000798:	e6a9      	b.n	200004ee <dcd_rp2040_irq+0x2e>
2000079a:	0020      	movs	r0, r4
2000079c:	2200      	movs	r2, #0
2000079e:	3020      	adds	r0, #32
200007a0:	54e2      	strb	r2, [r4, r3]
200007a2:	f000 fa4b 	bl	20000c3c <hw_endpoint_start_next_buffer>
200007a6:	e6a2      	b.n	200004ee <dcd_rp2040_irq+0x2e>
200007a8:	33b9      	adds	r3, #185	@ 0xb9
200007aa:	33ff      	adds	r3, #255	@ 0xff
200007ac:	5ce7      	ldrb	r7, [r4, r3]
200007ae:	2f00      	cmp	r7, #0
200007b0:	d100      	bne.n	200007b4 <dcd_rp2040_irq+0x2f4>
200007b2:	e6bd      	b.n	20000530 <dcd_rp2040_irq+0x70>
200007b4:	3302      	adds	r3, #2
200007b6:	5ce2      	ldrb	r2, [r4, r3]
200007b8:	2a00      	cmp	r2, #0
200007ba:	d000      	beq.n	200007be <dcd_rp2040_irq+0x2fe>
200007bc:	e0c4      	b.n	20000948 <dcd_rp2040_irq+0x488>
200007be:	003e      	movs	r6, r7
200007c0:	e6b6      	b.n	20000530 <dcd_rp2040_irq+0x70>
200007c2:	4b18      	ldr	r3, [pc, #96]	@ (20000824 <dcd_rp2040_irq+0x364>)
200007c4:	5ce7      	ldrb	r7, [r4, r3]
200007c6:	2f00      	cmp	r7, #0
200007c8:	d100      	bne.n	200007cc <dcd_rp2040_irq+0x30c>
200007ca:	e6cb      	b.n	20000564 <dcd_rp2040_irq+0xa4>
200007cc:	3302      	adds	r3, #2
200007ce:	5ce2      	ldrb	r2, [r4, r3]
200007d0:	2a00      	cmp	r2, #0
200007d2:	d000      	beq.n	200007d6 <dcd_rp2040_irq+0x316>
200007d4:	e0b0      	b.n	20000938 <dcd_rp2040_irq+0x478>
200007d6:	003e      	movs	r6, r7
200007d8:	e6c4      	b.n	20000564 <dcd_rp2040_irq+0xa4>
200007da:	46c0      	nop			@ (mov r8, r8)
200007dc:	50110000 	.word	0x50110000
200007e0:	40054000 	.word	0x40054000
200007e4:	20001820 	.word	0x20001820
200007e8:	20001818 	.word	0x20001818
200007ec:	0000023b 	.word	0x0000023b
200007f0:	0000027b 	.word	0x0000027b
200007f4:	000002bb 	.word	0x000002bb
200007f8:	000002fb 	.word	0x000002fb
200007fc:	0000033b 	.word	0x0000033b
20000800:	0000037b 	.word	0x0000037b
20000804:	000003bb 	.word	0x000003bb
20000808:	000003fb 	.word	0x000003fb
2000080c:	20001c7a 	.word	0x20001c7a
20000810:	50113000 	.word	0x50113000
20000814:	00020010 	.word	0x00020010
20000818:	50100000 	.word	0x50100000
2000081c:	50112000 	.word	0x50112000
20000820:	0000027a 	.word	0x0000027a
20000824:	000002fa 	.word	0x000002fa
20000828:	4b6b      	ldr	r3, [pc, #428]	@ (200009d8 <dcd_rp2040_irq+0x518>)
2000082a:	5ce7      	ldrb	r7, [r4, r3]
2000082c:	2f00      	cmp	r7, #0
2000082e:	d100      	bne.n	20000832 <dcd_rp2040_irq+0x372>
20000830:	e689      	b.n	20000546 <dcd_rp2040_irq+0x86>
20000832:	3302      	adds	r3, #2
20000834:	5ce2      	ldrb	r2, [r4, r3]
20000836:	2a00      	cmp	r2, #0
20000838:	d176      	bne.n	20000928 <dcd_rp2040_irq+0x468>
2000083a:	003e      	movs	r6, r7
2000083c:	e683      	b.n	20000546 <dcd_rp2040_irq+0x86>
2000083e:	4b67      	ldr	r3, [pc, #412]	@ (200009dc <dcd_rp2040_irq+0x51c>)
20000840:	5ce7      	ldrb	r7, [r4, r3]
20000842:	2f00      	cmp	r7, #0
20000844:	d100      	bne.n	20000848 <dcd_rp2040_irq+0x388>
20000846:	e688      	b.n	2000055a <dcd_rp2040_irq+0x9a>
20000848:	3302      	adds	r3, #2
2000084a:	5ce2      	ldrb	r2, [r4, r3]
2000084c:	2a00      	cmp	r2, #0
2000084e:	d163      	bne.n	20000918 <dcd_rp2040_irq+0x458>
20000850:	003e      	movs	r6, r7
20000852:	e682      	b.n	2000055a <dcd_rp2040_irq+0x9a>
20000854:	4b62      	ldr	r3, [pc, #392]	@ (200009e0 <dcd_rp2040_irq+0x520>)
20000856:	5ce7      	ldrb	r7, [r4, r3]
20000858:	2f00      	cmp	r7, #0
2000085a:	d100      	bne.n	2000085e <dcd_rp2040_irq+0x39e>
2000085c:	e68c      	b.n	20000578 <dcd_rp2040_irq+0xb8>
2000085e:	3302      	adds	r3, #2
20000860:	5ce2      	ldrb	r2, [r4, r3]
20000862:	2a00      	cmp	r2, #0
20000864:	d000      	beq.n	20000868 <dcd_rp2040_irq+0x3a8>
20000866:	e0a3      	b.n	200009b0 <dcd_rp2040_irq+0x4f0>
20000868:	4b5e      	ldr	r3, [pc, #376]	@ (200009e4 <dcd_rp2040_irq+0x524>)
2000086a:	5ce3      	ldrb	r3, [r4, r3]
2000086c:	2b02      	cmp	r3, #2
2000086e:	d130      	bne.n	200008d2 <dcd_rp2040_irq+0x412>
20000870:	4b5d      	ldr	r3, [pc, #372]	@ (200009e8 <dcd_rp2040_irq+0x528>)
20000872:	5ce3      	ldrb	r3, [r4, r3]
20000874:	2b00      	cmp	r3, #0
20000876:	d127      	bne.n	200008c8 <dcd_rp2040_irq+0x408>
20000878:	4b5c      	ldr	r3, [pc, #368]	@ (200009ec <dcd_rp2040_irq+0x52c>)
2000087a:	5ce3      	ldrb	r3, [r4, r3]
2000087c:	2b02      	cmp	r3, #2
2000087e:	d000      	beq.n	20000882 <dcd_rp2040_irq+0x3c2>
20000880:	e68f      	b.n	200005a2 <dcd_rp2040_irq+0xe2>
20000882:	003e      	movs	r6, r7
20000884:	4b5a      	ldr	r3, [pc, #360]	@ (200009f0 <dcd_rp2040_irq+0x530>)
20000886:	5ce3      	ldrb	r3, [r4, r3]
20000888:	2b00      	cmp	r3, #0
2000088a:	d100      	bne.n	2000088e <dcd_rp2040_irq+0x3ce>
2000088c:	e67e      	b.n	2000058c <dcd_rp2040_irq+0xcc>
2000088e:	23ff      	movs	r3, #255	@ 0xff
20000890:	009b      	lsls	r3, r3, #2
20000892:	5ce2      	ldrb	r2, [r4, r3]
20000894:	2a00      	cmp	r2, #0
20000896:	d100      	bne.n	2000089a <dcd_rp2040_irq+0x3da>
20000898:	e683      	b.n	200005a2 <dcd_rp2040_irq+0xe2>
2000089a:	2200      	movs	r2, #0
2000089c:	54e2      	strb	r2, [r4, r3]
2000089e:	3b1c      	subs	r3, #28
200008a0:	18e0      	adds	r0, r4, r3
200008a2:	f000 f9cb 	bl	20000c3c <hw_endpoint_start_next_buffer>
200008a6:	e67c      	b.n	200005a2 <dcd_rp2040_irq+0xe2>
200008a8:	4b52      	ldr	r3, [pc, #328]	@ (200009f4 <dcd_rp2040_irq+0x534>)
200008aa:	5ce7      	ldrb	r7, [r4, r3]
200008ac:	2f00      	cmp	r7, #0
200008ae:	d100      	bne.n	200008b2 <dcd_rp2040_irq+0x3f2>
200008b0:	e65d      	b.n	2000056e <dcd_rp2040_irq+0xae>
200008b2:	3302      	adds	r3, #2
200008b4:	5ce2      	ldrb	r2, [r4, r3]
200008b6:	2a00      	cmp	r2, #0
200008b8:	d116      	bne.n	200008e8 <dcd_rp2040_irq+0x428>
200008ba:	003e      	movs	r6, r7
200008bc:	e657      	b.n	2000056e <dcd_rp2040_irq+0xae>
200008be:	4b4a      	ldr	r3, [pc, #296]	@ (200009e8 <dcd_rp2040_irq+0x528>)
200008c0:	5ce3      	ldrb	r3, [r4, r3]
200008c2:	2b00      	cmp	r3, #0
200008c4:	d100      	bne.n	200008c8 <dcd_rp2040_irq+0x408>
200008c6:	e65c      	b.n	20000582 <dcd_rp2040_irq+0xc2>
200008c8:	23ef      	movs	r3, #239	@ 0xef
200008ca:	009b      	lsls	r3, r3, #2
200008cc:	5ce2      	ldrb	r2, [r4, r3]
200008ce:	2a00      	cmp	r2, #0
200008d0:	d175      	bne.n	200009be <dcd_rp2040_irq+0x4fe>
200008d2:	4b46      	ldr	r3, [pc, #280]	@ (200009ec <dcd_rp2040_irq+0x52c>)
200008d4:	5ce3      	ldrb	r3, [r4, r3]
200008d6:	2b02      	cmp	r3, #2
200008d8:	d000      	beq.n	200008dc <dcd_rp2040_irq+0x41c>
200008da:	e662      	b.n	200005a2 <dcd_rp2040_irq+0xe2>
200008dc:	4b44      	ldr	r3, [pc, #272]	@ (200009f0 <dcd_rp2040_irq+0x530>)
200008de:	5ce3      	ldrb	r3, [r4, r3]
200008e0:	2b00      	cmp	r3, #0
200008e2:	d100      	bne.n	200008e6 <dcd_rp2040_irq+0x426>
200008e4:	e65d      	b.n	200005a2 <dcd_rp2040_irq+0xe2>
200008e6:	e7d2      	b.n	2000088e <dcd_rp2040_irq+0x3ce>
200008e8:	2200      	movs	r2, #0
200008ea:	54e2      	strb	r2, [r4, r3]
200008ec:	3b1c      	subs	r3, #28
200008ee:	18e0      	adds	r0, r4, r3
200008f0:	f000 f9a4 	bl	20000c3c <hw_endpoint_start_next_buffer>
200008f4:	003e      	movs	r6, r7
200008f6:	e63a      	b.n	2000056e <dcd_rp2040_irq+0xae>
200008f8:	0020      	movs	r0, r4
200008fa:	2200      	movs	r2, #0
200008fc:	30a0      	adds	r0, #160	@ 0xa0
200008fe:	54e2      	strb	r2, [r4, r3]
20000900:	003e      	movs	r6, r7
20000902:	f000 f99b 	bl	20000c3c <hw_endpoint_start_next_buffer>
20000906:	e5fc      	b.n	20000502 <dcd_rp2040_irq+0x42>
20000908:	0020      	movs	r0, r4
2000090a:	2200      	movs	r2, #0
2000090c:	3060      	adds	r0, #96	@ 0x60
2000090e:	54e2      	strb	r2, [r4, r3]
20000910:	003e      	movs	r6, r7
20000912:	f000 f993 	bl	20000c3c <hw_endpoint_start_next_buffer>
20000916:	e5ef      	b.n	200004f8 <dcd_rp2040_irq+0x38>
20000918:	2200      	movs	r2, #0
2000091a:	54e2      	strb	r2, [r4, r3]
2000091c:	3b1c      	subs	r3, #28
2000091e:	18e0      	adds	r0, r4, r3
20000920:	f000 f98c 	bl	20000c3c <hw_endpoint_start_next_buffer>
20000924:	003e      	movs	r6, r7
20000926:	e618      	b.n	2000055a <dcd_rp2040_irq+0x9a>
20000928:	2200      	movs	r2, #0
2000092a:	54e2      	strb	r2, [r4, r3]
2000092c:	3b1c      	subs	r3, #28
2000092e:	18e0      	adds	r0, r4, r3
20000930:	f000 f984 	bl	20000c3c <hw_endpoint_start_next_buffer>
20000934:	003e      	movs	r6, r7
20000936:	e606      	b.n	20000546 <dcd_rp2040_irq+0x86>
20000938:	2200      	movs	r2, #0
2000093a:	54e2      	strb	r2, [r4, r3]
2000093c:	3b1c      	subs	r3, #28
2000093e:	18e0      	adds	r0, r4, r3
20000940:	f000 f97c 	bl	20000c3c <hw_endpoint_start_next_buffer>
20000944:	003e      	movs	r6, r7
20000946:	e60d      	b.n	20000564 <dcd_rp2040_irq+0xa4>
20000948:	0020      	movs	r0, r4
2000094a:	2200      	movs	r2, #0
2000094c:	30a1      	adds	r0, #161	@ 0xa1
2000094e:	30ff      	adds	r0, #255	@ 0xff
20000950:	54e2      	strb	r2, [r4, r3]
20000952:	003e      	movs	r6, r7
20000954:	f000 f972 	bl	20000c3c <hw_endpoint_start_next_buffer>
20000958:	e5ea      	b.n	20000530 <dcd_rp2040_irq+0x70>
2000095a:	0020      	movs	r0, r4
2000095c:	2200      	movs	r2, #0
2000095e:	3021      	adds	r0, #33	@ 0x21
20000960:	30ff      	adds	r0, #255	@ 0xff
20000962:	54e2      	strb	r2, [r4, r3]
20000964:	003e      	movs	r6, r7
20000966:	f000 f969 	bl	20000c3c <hw_endpoint_start_next_buffer>
2000096a:	e5d5      	b.n	20000518 <dcd_rp2040_irq+0x58>
2000096c:	2200      	movs	r2, #0
2000096e:	54e2      	strb	r2, [r4, r3]
20000970:	3b1c      	subs	r3, #28
20000972:	18e0      	adds	r0, r4, r3
20000974:	f000 f962 	bl	20000c3c <hw_endpoint_start_next_buffer>
20000978:	003e      	movs	r6, r7
2000097a:	e5e9      	b.n	20000550 <dcd_rp2040_irq+0x90>
2000097c:	0020      	movs	r0, r4
2000097e:	2200      	movs	r2, #0
20000980:	3061      	adds	r0, #97	@ 0x61
20000982:	30ff      	adds	r0, #255	@ 0xff
20000984:	54e2      	strb	r2, [r4, r3]
20000986:	003e      	movs	r6, r7
20000988:	f000 f958 	bl	20000c3c <hw_endpoint_start_next_buffer>
2000098c:	e5ca      	b.n	20000524 <dcd_rp2040_irq+0x64>
2000098e:	0020      	movs	r0, r4
20000990:	2200      	movs	r2, #0
20000992:	30e1      	adds	r0, #225	@ 0xe1
20000994:	30ff      	adds	r0, #255	@ 0xff
20000996:	54e2      	strb	r2, [r4, r3]
20000998:	003e      	movs	r6, r7
2000099a:	f000 f94f 	bl	20000c3c <hw_endpoint_start_next_buffer>
2000099e:	e5cd      	b.n	2000053c <dcd_rp2040_irq+0x7c>
200009a0:	0020      	movs	r0, r4
200009a2:	2200      	movs	r2, #0
200009a4:	30e0      	adds	r0, #224	@ 0xe0
200009a6:	54e2      	strb	r2, [r4, r3]
200009a8:	003e      	movs	r6, r7
200009aa:	f000 f947 	bl	20000c3c <hw_endpoint_start_next_buffer>
200009ae:	e5ad      	b.n	2000050c <dcd_rp2040_irq+0x4c>
200009b0:	2200      	movs	r2, #0
200009b2:	54e2      	strb	r2, [r4, r3]
200009b4:	3b1c      	subs	r3, #28
200009b6:	18e0      	adds	r0, r4, r3
200009b8:	f000 f940 	bl	20000c3c <hw_endpoint_start_next_buffer>
200009bc:	e754      	b.n	20000868 <dcd_rp2040_irq+0x3a8>
200009be:	2200      	movs	r2, #0
200009c0:	54e2      	strb	r2, [r4, r3]
200009c2:	3b1c      	subs	r3, #28
200009c4:	18e0      	adds	r0, r4, r3
200009c6:	f000 f939 	bl	20000c3c <hw_endpoint_start_next_buffer>
200009ca:	e782      	b.n	200008d2 <dcd_rp2040_irq+0x412>
200009cc:	0031      	movs	r1, r6
200009ce:	480a      	ldr	r0, [pc, #40]	@ (200009f8 <dcd_rp2040_irq+0x538>)
200009d0:	4069      	eors	r1, r5
200009d2:	f000 fa95 	bl	20000f00 <__panic_veneer>
200009d6:	46c0      	nop			@ (mov r8, r8)
200009d8:	0000023a 	.word	0x0000023a
200009dc:	000002ba 	.word	0x000002ba
200009e0:	0000037a 	.word	0x0000037a
200009e4:	000003bb 	.word	0x000003bb
200009e8:	000003ba 	.word	0x000003ba
200009ec:	000003fb 	.word	0x000003fb
200009f0:	000003fa 	.word	0x000003fa
200009f4:	0000033a 	.word	0x0000033a
200009f8:	10005144 	.word	0x10005144

200009fc <prepare_ep_buffer>:
200009fc:	b5f0      	push	{r4, r5, r6, r7, lr}
200009fe:	468c      	mov	ip, r1
20000a00:	8a83      	ldrh	r3, [r0, #20]
20000a02:	8b01      	ldrh	r1, [r0, #24]
20000a04:	0002      	movs	r2, r0
20000a06:	b083      	sub	sp, #12
20000a08:	1c0e      	adds	r6, r1, #0
20000a0a:	4299      	cmp	r1, r3
20000a0c:	d900      	bls.n	20000a10 <prepare_ep_buffer+0x14>
20000a0e:	1c1e      	adds	r6, r3, #0
20000a10:	b2b6      	uxth	r6, r6
20000a12:	1b9b      	subs	r3, r3, r6
20000a14:	b29c      	uxth	r4, r3
20000a16:	78d3      	ldrb	r3, [r2, #3]
20000a18:	2180      	movs	r1, #128	@ 0x80
20000a1a:	0018      	movs	r0, r3
20000a1c:	1e45      	subs	r5, r0, #1
20000a1e:	41a8      	sbcs	r0, r5
20000a20:	00c9      	lsls	r1, r1, #3
20000a22:	4331      	orrs	r1, r6
20000a24:	0340      	lsls	r0, r0, #13
20000a26:	4308      	orrs	r0, r1
20000a28:	2101      	movs	r1, #1
20000a2a:	404b      	eors	r3, r1
20000a2c:	70d3      	strb	r3, [r2, #3]
20000a2e:	7853      	ldrb	r3, [r2, #1]
20000a30:	8294      	strh	r4, [r2, #20]
20000a32:	2b00      	cmp	r3, #0
20000a34:	d132      	bne.n	20000a9c <prepare_ep_buffer+0xa0>
20000a36:	6911      	ldr	r1, [r2, #16]
20000a38:	2e00      	cmp	r6, #0
20000a3a:	d02a      	beq.n	20000a92 <prepare_ep_buffer+0x96>
20000a3c:	4663      	mov	r3, ip
20000a3e:	68d4      	ldr	r4, [r2, #12]
20000a40:	019b      	lsls	r3, r3, #6
20000a42:	18e4      	adds	r4, r4, r3
20000a44:	1e73      	subs	r3, r6, #1
20000a46:	9301      	str	r3, [sp, #4]
20000a48:	2b06      	cmp	r3, #6
20000a4a:	d932      	bls.n	20000ab2 <prepare_ep_buffer+0xb6>
20000a4c:	0023      	movs	r3, r4
20000a4e:	430b      	orrs	r3, r1
20000a50:	079b      	lsls	r3, r3, #30
20000a52:	d12e      	bne.n	20000ab2 <prepare_ep_buffer+0xb6>
20000a54:	1a63      	subs	r3, r4, r1
20000a56:	3b01      	subs	r3, #1
20000a58:	2b02      	cmp	r3, #2
20000a5a:	d92a      	bls.n	20000ab2 <prepare_ep_buffer+0xb6>
20000a5c:	2300      	movs	r3, #0
20000a5e:	08b7      	lsrs	r7, r6, #2
20000a60:	00bf      	lsls	r7, r7, #2
20000a62:	58cd      	ldr	r5, [r1, r3]
20000a64:	50e5      	str	r5, [r4, r3]
20000a66:	3304      	adds	r3, #4
20000a68:	42bb      	cmp	r3, r7
20000a6a:	d1fa      	bne.n	20000a62 <prepare_ep_buffer+0x66>
20000a6c:	429e      	cmp	r6, r3
20000a6e:	d00e      	beq.n	20000a8e <prepare_ep_buffer+0x92>
20000a70:	9d01      	ldr	r5, [sp, #4]
20000a72:	18e4      	adds	r4, r4, r3
20000a74:	1aef      	subs	r7, r5, r3
20000a76:	18cd      	adds	r5, r1, r3
20000a78:	5cc9      	ldrb	r1, [r1, r3]
20000a7a:	7021      	strb	r1, [r4, #0]
20000a7c:	9901      	ldr	r1, [sp, #4]
20000a7e:	4299      	cmp	r1, r3
20000a80:	d005      	beq.n	20000a8e <prepare_ep_buffer+0x92>
20000a82:	786b      	ldrb	r3, [r5, #1]
20000a84:	7063      	strb	r3, [r4, #1]
20000a86:	2f01      	cmp	r7, #1
20000a88:	d001      	beq.n	20000a8e <prepare_ep_buffer+0x92>
20000a8a:	78ab      	ldrb	r3, [r5, #2]
20000a8c:	70a3      	strb	r3, [r4, #2]
20000a8e:	6911      	ldr	r1, [r2, #16]
20000a90:	8a94      	ldrh	r4, [r2, #20]
20000a92:	2380      	movs	r3, #128	@ 0x80
20000a94:	1989      	adds	r1, r1, r6
20000a96:	021b      	lsls	r3, r3, #8
20000a98:	6111      	str	r1, [r2, #16]
20000a9a:	4318      	orrs	r0, r3
20000a9c:	2c00      	cmp	r4, #0
20000a9e:	d102      	bne.n	20000aa6 <prepare_ep_buffer+0xaa>
20000aa0:	2380      	movs	r3, #128	@ 0x80
20000aa2:	01db      	lsls	r3, r3, #7
20000aa4:	4318      	orrs	r0, r3
20000aa6:	4663      	mov	r3, ip
20000aa8:	2b00      	cmp	r3, #0
20000aaa:	d000      	beq.n	20000aae <prepare_ep_buffer+0xb2>
20000aac:	0400      	lsls	r0, r0, #16
20000aae:	b003      	add	sp, #12
20000ab0:	bdf0      	pop	{r4, r5, r6, r7, pc}
20000ab2:	2300      	movs	r3, #0
20000ab4:	5ccd      	ldrb	r5, [r1, r3]
20000ab6:	54e5      	strb	r5, [r4, r3]
20000ab8:	3301      	adds	r3, #1
20000aba:	429e      	cmp	r6, r3
20000abc:	d1fa      	bne.n	20000ab4 <prepare_ep_buffer+0xb8>
20000abe:	e7e6      	b.n	20000a8e <prepare_ep_buffer+0x92>

20000ac0 <sync_ep_buffer>:
20000ac0:	6883      	ldr	r3, [r0, #8]
20000ac2:	b5f0      	push	{r4, r5, r6, r7, lr}
20000ac4:	681a      	ldr	r2, [r3, #0]
20000ac6:	2900      	cmp	r1, #0
20000ac8:	d000      	beq.n	20000acc <sync_ep_buffer+0xc>
20000aca:	0c12      	lsrs	r2, r2, #16
20000acc:	7843      	ldrb	r3, [r0, #1]
20000ace:	0592      	lsls	r2, r2, #22
20000ad0:	0d95      	lsrs	r5, r2, #22
20000ad2:	2b00      	cmp	r3, #0
20000ad4:	d109      	bne.n	20000aea <sync_ep_buffer+0x2a>
20000ad6:	8ac3      	ldrh	r3, [r0, #22]
20000ad8:	18eb      	adds	r3, r5, r3
20000ada:	82c3      	strh	r3, [r0, #22]
20000adc:	8b03      	ldrh	r3, [r0, #24]
20000ade:	42ab      	cmp	r3, r5
20000ae0:	d901      	bls.n	20000ae6 <sync_ep_buffer+0x26>
20000ae2:	2300      	movs	r3, #0
20000ae4:	8283      	strh	r3, [r0, #20]
20000ae6:	0028      	movs	r0, r5
20000ae8:	bdf0      	pop	{r4, r5, r6, r7, pc}
20000aea:	6904      	ldr	r4, [r0, #16]
20000aec:	2d00      	cmp	r5, #0
20000aee:	d028      	beq.n	20000b42 <sync_ep_buffer+0x82>
20000af0:	68c3      	ldr	r3, [r0, #12]
20000af2:	0189      	lsls	r1, r1, #6
20000af4:	1e6f      	subs	r7, r5, #1
20000af6:	46bc      	mov	ip, r7
20000af8:	185e      	adds	r6, r3, r1
20000afa:	2f06      	cmp	r7, #6
20000afc:	d927      	bls.n	20000b4e <sync_ep_buffer+0x8e>
20000afe:	3101      	adds	r1, #1
20000b00:	185b      	adds	r3, r3, r1
20000b02:	1ae3      	subs	r3, r4, r3
20000b04:	2b02      	cmp	r3, #2
20000b06:	d922      	bls.n	20000b4e <sync_ep_buffer+0x8e>
20000b08:	0023      	movs	r3, r4
20000b0a:	4333      	orrs	r3, r6
20000b0c:	079b      	lsls	r3, r3, #30
20000b0e:	d11e      	bne.n	20000b4e <sync_ep_buffer+0x8e>
20000b10:	2300      	movs	r3, #0
20000b12:	0e12      	lsrs	r2, r2, #24
20000b14:	0092      	lsls	r2, r2, #2
20000b16:	58f1      	ldr	r1, [r6, r3]
20000b18:	50e1      	str	r1, [r4, r3]
20000b1a:	3304      	adds	r3, #4
20000b1c:	429a      	cmp	r2, r3
20000b1e:	d1fa      	bne.n	20000b16 <sync_ep_buffer+0x56>
20000b20:	4295      	cmp	r5, r2
20000b22:	d00d      	beq.n	20000b40 <sync_ep_buffer+0x80>
20000b24:	4663      	mov	r3, ip
20000b26:	1a9f      	subs	r7, r3, r2
20000b28:	18a3      	adds	r3, r4, r2
20000b2a:	5cb4      	ldrb	r4, [r6, r2]
20000b2c:	18b1      	adds	r1, r6, r2
20000b2e:	701c      	strb	r4, [r3, #0]
20000b30:	4594      	cmp	ip, r2
20000b32:	d005      	beq.n	20000b40 <sync_ep_buffer+0x80>
20000b34:	784a      	ldrb	r2, [r1, #1]
20000b36:	705a      	strb	r2, [r3, #1]
20000b38:	2f01      	cmp	r7, #1
20000b3a:	d001      	beq.n	20000b40 <sync_ep_buffer+0x80>
20000b3c:	788a      	ldrb	r2, [r1, #2]
20000b3e:	709a      	strb	r2, [r3, #2]
20000b40:	6904      	ldr	r4, [r0, #16]
20000b42:	8ac3      	ldrh	r3, [r0, #22]
20000b44:	1964      	adds	r4, r4, r5
20000b46:	18eb      	adds	r3, r5, r3
20000b48:	82c3      	strh	r3, [r0, #22]
20000b4a:	6104      	str	r4, [r0, #16]
20000b4c:	e7c6      	b.n	20000adc <sync_ep_buffer+0x1c>
20000b4e:	2200      	movs	r2, #0
20000b50:	5cb3      	ldrb	r3, [r6, r2]
20000b52:	54a3      	strb	r3, [r4, r2]
20000b54:	3201      	adds	r2, #1
20000b56:	4295      	cmp	r5, r2
20000b58:	d1fa      	bne.n	20000b50 <sync_ep_buffer+0x90>
20000b5a:	6904      	ldr	r4, [r0, #16]
20000b5c:	e7f1      	b.n	20000b42 <sync_ep_buffer+0x82>
20000b5e:	46c0      	nop			@ (mov r8, r8)

20000b60 <_hw_endpoint_xfer_sync>:
20000b60:	b510      	push	{r4, lr}
20000b62:	0004      	movs	r4, r0
20000b64:	6883      	ldr	r3, [r0, #8]
20000b66:	2100      	movs	r1, #0
20000b68:	681b      	ldr	r3, [r3, #0]
20000b6a:	f7ff ffa9 	bl	20000ac0 <sync_ep_buffer>
20000b6e:	6863      	ldr	r3, [r4, #4]
20000b70:	681b      	ldr	r3, [r3, #0]
20000b72:	005b      	lsls	r3, r3, #1
20000b74:	d502      	bpl.n	20000b7c <_hw_endpoint_xfer_sync+0x1c>
20000b76:	8b23      	ldrh	r3, [r4, #24]
20000b78:	4283      	cmp	r3, r0
20000b7a:	d000      	beq.n	20000b7e <_hw_endpoint_xfer_sync+0x1e>
20000b7c:	bd10      	pop	{r4, pc}
20000b7e:	2101      	movs	r1, #1
20000b80:	0020      	movs	r0, r4
20000b82:	f7ff ff9d 	bl	20000ac0 <sync_ep_buffer>
20000b86:	e7f9      	b.n	20000b7c <_hw_endpoint_xfer_sync+0x1c>

20000b88 <e15_is_bulkin_ep>:
20000b88:	4b08      	ldr	r3, [pc, #32]	@ (20000bac <e15_is_bulkin_ep+0x24>)
20000b8a:	6c1a      	ldr	r2, [r3, #64]	@ 0x40
20000b8c:	2300      	movs	r3, #0
20000b8e:	0792      	lsls	r2, r2, #30
20000b90:	d403      	bmi.n	20000b9a <e15_is_bulkin_ep+0x12>
20000b92:	7882      	ldrb	r2, [r0, #2]
20000b94:	09d2      	lsrs	r2, r2, #7
20000b96:	2a01      	cmp	r2, #1
20000b98:	d001      	beq.n	20000b9e <e15_is_bulkin_ep+0x16>
20000b9a:	0018      	movs	r0, r3
20000b9c:	4770      	bx	lr
20000b9e:	7ec3      	ldrb	r3, [r0, #27]
20000ba0:	3b02      	subs	r3, #2
20000ba2:	425a      	negs	r2, r3
20000ba4:	4153      	adcs	r3, r2
20000ba6:	b2db      	uxtb	r3, r3
20000ba8:	e7f7      	b.n	20000b9a <e15_is_bulkin_ep+0x12>
20000baa:	46c0      	nop			@ (mov r8, r8)
20000bac:	50110000 	.word	0x50110000

20000bb0 <e15_is_critical_frame_period>:
20000bb0:	b510      	push	{r4, lr}
20000bb2:	f7ff ffe9 	bl	20000b88 <e15_is_bulkin_ep>
20000bb6:	2800      	cmp	r0, #0
20000bb8:	d00a      	beq.n	20000bd0 <e15_is_critical_frame_period+0x20>
20000bba:	4b06      	ldr	r3, [pc, #24]	@ (20000bd4 <e15_is_critical_frame_period+0x24>)
20000bbc:	4a06      	ldr	r2, [pc, #24]	@ (20000bd8 <e15_is_critical_frame_period+0x28>)
20000bbe:	6a9b      	ldr	r3, [r3, #40]	@ 0x28
20000bc0:	4906      	ldr	r1, [pc, #24]	@ (20000bdc <e15_is_critical_frame_period+0x2c>)
20000bc2:	6812      	ldr	r2, [r2, #0]
20000bc4:	185b      	adds	r3, r3, r1
20000bc6:	1a9b      	subs	r3, r3, r2
20000bc8:	2000      	movs	r0, #0
20000bca:	22c6      	movs	r2, #198	@ 0xc6
20000bcc:	429a      	cmp	r2, r3
20000bce:	4140      	adcs	r0, r0
20000bd0:	bd10      	pop	{r4, pc}
20000bd2:	46c0      	nop			@ (mov r8, r8)
20000bd4:	40054000 	.word	0x40054000
20000bd8:	20001818 	.word	0x20001818
20000bdc:	fffffce0 	.word	0xfffffce0

20000be0 <hw_endpoint_reset_transfer>:
20000be0:	2300      	movs	r3, #0
20000be2:	7683      	strb	r3, [r0, #26]
20000be4:	6143      	str	r3, [r0, #20]
20000be6:	6103      	str	r3, [r0, #16]
20000be8:	4770      	bx	lr
20000bea:	46c0      	nop			@ (mov r8, r8)

20000bec <_hw_endpoint_buffer_control_update32>:
20000bec:	b510      	push	{r4, lr}
20000bee:	6883      	ldr	r3, [r0, #8]
20000bf0:	2900      	cmp	r1, #0
20000bf2:	d001      	beq.n	20000bf8 <_hw_endpoint_buffer_control_update32+0xc>
20000bf4:	681c      	ldr	r4, [r3, #0]
20000bf6:	4021      	ands	r1, r4
20000bf8:	2a00      	cmp	r2, #0
20000bfa:	d012      	beq.n	20000c22 <_hw_endpoint_buffer_control_update32+0x36>
20000bfc:	2480      	movs	r4, #128	@ 0x80
20000bfe:	00e4      	lsls	r4, r4, #3
20000c00:	4311      	orrs	r1, r2
20000c02:	4222      	tst	r2, r4
20000c04:	d00d      	beq.n	20000c22 <_hw_endpoint_buffer_control_update32+0x36>
20000c06:	681a      	ldr	r2, [r3, #0]
20000c08:	4222      	tst	r2, r4
20000c0a:	d10c      	bne.n	20000c26 <_hw_endpoint_buffer_control_update32+0x3a>
20000c0c:	4a08      	ldr	r2, [pc, #32]	@ (20000c30 <_hw_endpoint_buffer_control_update32+0x44>)
20000c0e:	400a      	ands	r2, r1
20000c10:	601a      	str	r2, [r3, #0]
20000c12:	4a08      	ldr	r2, [pc, #32]	@ (20000c34 <_hw_endpoint_buffer_control_update32+0x48>)
20000c14:	6c12      	ldr	r2, [r2, #64]	@ 0x40
20000c16:	0792      	lsls	r2, r2, #30
20000c18:	d403      	bmi.n	20000c22 <_hw_endpoint_buffer_control_update32+0x36>
20000c1a:	230c      	movs	r3, #12
20000c1c:	3b03      	subs	r3, #3
20000c1e:	d2fd      	bcs.n	20000c1c <_hw_endpoint_buffer_control_update32+0x30>
20000c20:	6883      	ldr	r3, [r0, #8]
20000c22:	6019      	str	r1, [r3, #0]
20000c24:	bd10      	pop	{r4, pc}
20000c26:	7881      	ldrb	r1, [r0, #2]
20000c28:	4803      	ldr	r0, [pc, #12]	@ (20000c38 <_hw_endpoint_buffer_control_update32+0x4c>)
20000c2a:	f000 f969 	bl	20000f00 <__panic_veneer>
20000c2e:	46c0      	nop			@ (mov r8, r8)
20000c30:	fffffbff 	.word	0xfffffbff
20000c34:	50110000 	.word	0x50110000
20000c38:	10005158 	.word	0x10005158

20000c3c <hw_endpoint_start_next_buffer>:
20000c3c:	6843      	ldr	r3, [r0, #4]
20000c3e:	b570      	push	{r4, r5, r6, lr}
20000c40:	2100      	movs	r1, #0
20000c42:	2580      	movs	r5, #128	@ 0x80
20000c44:	0004      	movs	r4, r0
20000c46:	681e      	ldr	r6, [r3, #0]
20000c48:	f7ff fed8 	bl	200009fc <prepare_ep_buffer>
20000c4c:	4b12      	ldr	r3, [pc, #72]	@ (20000c98 <hw_endpoint_start_next_buffer+0x5c>)
20000c4e:	016d      	lsls	r5, r5, #5
20000c50:	6c1a      	ldr	r2, [r3, #64]	@ 0x40
20000c52:	4305      	orrs	r5, r0
20000c54:	78a3      	ldrb	r3, [r4, #2]
20000c56:	0792      	lsls	r2, r2, #30
20000c58:	d50e      	bpl.n	20000c78 <hw_endpoint_start_next_buffer+0x3c>
20000c5a:	065b      	lsls	r3, r3, #25
20000c5c:	d00e      	beq.n	20000c7c <hw_endpoint_start_next_buffer+0x40>
20000c5e:	4b0f      	ldr	r3, [pc, #60]	@ (20000c9c <hw_endpoint_start_next_buffer+0x60>)
20000c60:	401e      	ands	r6, r3
20000c62:	2380      	movs	r3, #128	@ 0x80
20000c64:	059b      	lsls	r3, r3, #22
20000c66:	4333      	orrs	r3, r6
20000c68:	6862      	ldr	r2, [r4, #4]
20000c6a:	2100      	movs	r1, #0
20000c6c:	6013      	str	r3, [r2, #0]
20000c6e:	0020      	movs	r0, r4
20000c70:	002a      	movs	r2, r5
20000c72:	f7ff ffbb 	bl	20000bec <_hw_endpoint_buffer_control_update32>
20000c76:	bd70      	pop	{r4, r5, r6, pc}
20000c78:	09db      	lsrs	r3, r3, #7
20000c7a:	d0f0      	beq.n	20000c5e <hw_endpoint_start_next_buffer+0x22>
20000c7c:	8aa3      	ldrh	r3, [r4, #20]
20000c7e:	2b00      	cmp	r3, #0
20000c80:	d0ed      	beq.n	20000c5e <hw_endpoint_start_next_buffer+0x22>
20000c82:	2101      	movs	r1, #1
20000c84:	0020      	movs	r0, r4
20000c86:	f7ff feb9 	bl	200009fc <prepare_ep_buffer>
20000c8a:	23a0      	movs	r3, #160	@ 0xa0
20000c8c:	4a04      	ldr	r2, [pc, #16]	@ (20000ca0 <hw_endpoint_start_next_buffer+0x64>)
20000c8e:	05db      	lsls	r3, r3, #23
20000c90:	4032      	ands	r2, r6
20000c92:	4305      	orrs	r5, r0
20000c94:	4313      	orrs	r3, r2
20000c96:	e7e7      	b.n	20000c68 <hw_endpoint_start_next_buffer+0x2c>
20000c98:	50110000 	.word	0x50110000
20000c9c:	afffffff 	.word	0xafffffff
20000ca0:	dfffffff 	.word	0xdfffffff

20000ca4 <hw_endpoint_xfer_continue>:
20000ca4:	b570      	push	{r4, r5, r6, lr}
20000ca6:	7e85      	ldrb	r5, [r0, #26]
20000ca8:	0004      	movs	r4, r0
20000caa:	2d00      	cmp	r5, #0
20000cac:	d014      	beq.n	20000cd8 <hw_endpoint_xfer_continue+0x34>
20000cae:	f7ff ff57 	bl	20000b60 <_hw_endpoint_xfer_sync>
20000cb2:	8aa3      	ldrh	r3, [r4, #20]
20000cb4:	2b00      	cmp	r3, #0
20000cb6:	d101      	bne.n	20000cbc <hw_endpoint_xfer_continue+0x18>
20000cb8:	0028      	movs	r0, r5
20000cba:	bd70      	pop	{r4, r5, r6, pc}
20000cbc:	0020      	movs	r0, r4
20000cbe:	f7ff ff77 	bl	20000bb0 <e15_is_critical_frame_period>
20000cc2:	2800      	cmp	r0, #0
20000cc4:	d003      	beq.n	20000cce <hw_endpoint_xfer_continue+0x2a>
20000cc6:	2301      	movs	r3, #1
20000cc8:	2500      	movs	r5, #0
20000cca:	7723      	strb	r3, [r4, #28]
20000ccc:	e7f4      	b.n	20000cb8 <hw_endpoint_xfer_continue+0x14>
20000cce:	0020      	movs	r0, r4
20000cd0:	f7ff ffb4 	bl	20000c3c <hw_endpoint_start_next_buffer>
20000cd4:	2500      	movs	r5, #0
20000cd6:	e7ef      	b.n	20000cb8 <hw_endpoint_xfer_continue+0x14>
20000cd8:	7881      	ldrb	r1, [r0, #2]
20000cda:	4801      	ldr	r0, [pc, #4]	@ (20000ce0 <hw_endpoint_xfer_continue+0x3c>)
20000cdc:	f000 f910 	bl	20000f00 <__panic_veneer>
20000ce0:	10005178 	.word	0x10005178

20000ce4 <dcd_event_handler>:
20000ce4:	b5f0      	push	{r4, r5, r6, r7, lr}
20000ce6:	4647      	mov	r7, r8
20000ce8:	46ce      	mov	lr, r9
20000cea:	b580      	push	{r7, lr}
20000cec:	7843      	ldrb	r3, [r0, #1]
20000cee:	0005      	movs	r5, r0
20000cf0:	000f      	movs	r7, r1
20000cf2:	b085      	sub	sp, #20
20000cf4:	2b06      	cmp	r3, #6
20000cf6:	d807      	bhi.n	20000d08 <dcd_event_handler+0x24>
20000cf8:	4a68      	ldr	r2, [pc, #416]	@ (20000e9c <dcd_event_handler+0x1b8>)
20000cfa:	009b      	lsls	r3, r3, #2
20000cfc:	58d3      	ldr	r3, [r2, r3]
20000cfe:	469f      	mov	pc, r3
20000d00:	4a67      	ldr	r2, [pc, #412]	@ (20000ea0 <dcd_event_handler+0x1bc>)
20000d02:	7813      	ldrb	r3, [r2, #0]
20000d04:	3301      	adds	r3, #1
20000d06:	7013      	strb	r3, [r2, #0]
20000d08:	4b66      	ldr	r3, [pc, #408]	@ (20000ea4 <dcd_event_handler+0x1c0>)
20000d0a:	681c      	ldr	r4, [r3, #0]
20000d0c:	6962      	ldr	r2, [r4, #20]
20000d0e:	f3ef 8110 	mrs	r1, PRIMASK
20000d12:	b672      	cpsid	i
20000d14:	6813      	ldr	r3, [r2, #0]
20000d16:	2b00      	cmp	r3, #0
20000d18:	d0fc      	beq.n	20000d14 <dcd_event_handler+0x30>
20000d1a:	f3bf 8f5f 	dmb	sy
20000d1e:	61a1      	str	r1, [r4, #24]
20000d20:	0020      	movs	r0, r4
20000d22:	0029      	movs	r1, r5
20000d24:	f000 f8d4 	bl	20000ed0 <__tu_fifo_write_veneer>
20000d28:	6962      	ldr	r2, [r4, #20]
20000d2a:	69a3      	ldr	r3, [r4, #24]
20000d2c:	f3bf 8f5f 	dmb	sy
20000d30:	2100      	movs	r1, #0
20000d32:	6011      	str	r1, [r2, #0]
20000d34:	f383 8810 	msr	PRIMASK, r3
20000d38:	2800      	cmp	r0, #0
20000d3a:	d104      	bne.n	20000d46 <dcd_event_handler+0x62>
20000d3c:	b005      	add	sp, #20
20000d3e:	bcc0      	pop	{r6, r7}
20000d40:	46b9      	mov	r9, r7
20000d42:	46b0      	mov	r8, r6
20000d44:	bdf0      	pop	{r4, r5, r6, r7, pc}
20000d46:	003a      	movs	r2, r7
20000d48:	7869      	ldrb	r1, [r5, #1]
20000d4a:	7828      	ldrb	r0, [r5, #0]
20000d4c:	f000 f8d0 	bl	20000ef0 <__tud_event_hook_cb_veneer>
20000d50:	e7f4      	b.n	20000d3c <dcd_event_handler+0x58>
20000d52:	2101      	movs	r1, #1
20000d54:	4b54      	ldr	r3, [pc, #336]	@ (20000ea8 <dcd_event_handler+0x1c4>)
20000d56:	781a      	ldrb	r2, [r3, #0]
20000d58:	438a      	bics	r2, r1
20000d5a:	701a      	strb	r2, [r3, #0]
20000d5c:	781a      	ldrb	r2, [r3, #0]
20000d5e:	3101      	adds	r1, #1
20000d60:	438a      	bics	r2, r1
20000d62:	701a      	strb	r2, [r3, #0]
20000d64:	2200      	movs	r2, #0
20000d66:	705a      	strb	r2, [r3, #1]
20000d68:	781a      	ldrb	r2, [r3, #0]
20000d6a:	3102      	adds	r1, #2
20000d6c:	438a      	bics	r2, r1
20000d6e:	701a      	strb	r2, [r3, #0]
20000d70:	e7ca      	b.n	20000d08 <dcd_event_handler+0x24>
20000d72:	4b4e      	ldr	r3, [pc, #312]	@ (20000eac <dcd_event_handler+0x1c8>)
20000d74:	2400      	movs	r4, #0
20000d76:	001e      	movs	r6, r3
20000d78:	781a      	ldrb	r2, [r3, #0]
20000d7a:	4b4d      	ldr	r3, [pc, #308]	@ (20000eb0 <dcd_event_handler+0x1cc>)
20000d7c:	4698      	mov	r8, r3
20000d7e:	4b4d      	ldr	r3, [pc, #308]	@ (20000eb4 <dcd_event_handler+0x1d0>)
20000d80:	4699      	mov	r9, r3
20000d82:	e010      	b.n	20000da6 <dcd_event_handler+0xc2>
20000d84:	464b      	mov	r3, r9
20000d86:	681b      	ldr	r3, [r3, #0]
20000d88:	0161      	lsls	r1, r4, #5
20000d8a:	185b      	adds	r3, r3, r1
20000d8c:	2b00      	cmp	r3, #0
20000d8e:	d006      	beq.n	20000d9e <dcd_event_handler+0xba>
20000d90:	69db      	ldr	r3, [r3, #28]
20000d92:	2b00      	cmp	r3, #0
20000d94:	d003      	beq.n	20000d9e <dcd_event_handler+0xba>
20000d96:	6869      	ldr	r1, [r5, #4]
20000d98:	7828      	ldrb	r0, [r5, #0]
20000d9a:	4798      	blx	r3
20000d9c:	7832      	ldrb	r2, [r6, #0]
20000d9e:	3401      	adds	r4, #1
20000da0:	b2e4      	uxtb	r4, r4
20000da2:	4294      	cmp	r4, r2
20000da4:	d817      	bhi.n	20000dd6 <dcd_event_handler+0xf2>
20000da6:	42a2      	cmp	r2, r4
20000da8:	d8ec      	bhi.n	20000d84 <dcd_event_handler+0xa0>
20000daa:	1aa3      	subs	r3, r4, r2
20000dac:	015b      	lsls	r3, r3, #5
20000dae:	4443      	add	r3, r8
20000db0:	e7ee      	b.n	20000d90 <dcd_event_handler+0xac>
20000db2:	4b3d      	ldr	r3, [pc, #244]	@ (20000ea8 <dcd_event_handler+0x1c4>)
20000db4:	781a      	ldrb	r2, [r3, #0]
20000db6:	07d2      	lsls	r2, r2, #31
20000db8:	d5c0      	bpl.n	20000d3c <dcd_event_handler+0x58>
20000dba:	2104      	movs	r1, #4
20000dbc:	781a      	ldrb	r2, [r3, #0]
20000dbe:	430a      	orrs	r2, r1
20000dc0:	701a      	strb	r2, [r3, #0]
20000dc2:	e7a1      	b.n	20000d08 <dcd_event_handler+0x24>
20000dc4:	4b38      	ldr	r3, [pc, #224]	@ (20000ea8 <dcd_event_handler+0x1c4>)
20000dc6:	781a      	ldrb	r2, [r3, #0]
20000dc8:	07d2      	lsls	r2, r2, #31
20000dca:	d5b7      	bpl.n	20000d3c <dcd_event_handler+0x58>
20000dcc:	2104      	movs	r1, #4
20000dce:	781a      	ldrb	r2, [r3, #0]
20000dd0:	438a      	bics	r2, r1
20000dd2:	701a      	strb	r2, [r3, #0]
20000dd4:	e798      	b.n	20000d08 <dcd_event_handler+0x24>
20000dd6:	4a34      	ldr	r2, [pc, #208]	@ (20000ea8 <dcd_event_handler+0x1c4>)
20000dd8:	7813      	ldrb	r3, [r2, #0]
20000dda:	4690      	mov	r8, r2
20000ddc:	0011      	movs	r1, r2
20000dde:	075b      	lsls	r3, r3, #29
20000de0:	d528      	bpl.n	20000e34 <dcd_event_handler+0x150>
20000de2:	7813      	ldrb	r3, [r2, #0]
20000de4:	2204      	movs	r2, #4
20000de6:	ac01      	add	r4, sp, #4
20000de8:	4393      	bics	r3, r2
20000dea:	700b      	strb	r3, [r1, #0]
20000dec:	0020      	movs	r0, r4
20000dee:	2100      	movs	r1, #0
20000df0:	3208      	adds	r2, #8
20000df2:	f000 f89d 	bl	20000f30 <____wrap_memset_veneer>
20000df6:	782b      	ldrb	r3, [r5, #0]
20000df8:	7023      	strb	r3, [r4, #0]
20000dfa:	2305      	movs	r3, #5
20000dfc:	7063      	strb	r3, [r4, #1]
20000dfe:	4b29      	ldr	r3, [pc, #164]	@ (20000ea4 <dcd_event_handler+0x1c0>)
20000e00:	681b      	ldr	r3, [r3, #0]
20000e02:	0018      	movs	r0, r3
20000e04:	695a      	ldr	r2, [r3, #20]
20000e06:	f3ef 8110 	mrs	r1, PRIMASK
20000e0a:	b672      	cpsid	i
20000e0c:	6813      	ldr	r3, [r2, #0]
20000e0e:	2b00      	cmp	r3, #0
20000e10:	d0fc      	beq.n	20000e0c <dcd_event_handler+0x128>
20000e12:	f3bf 8f5f 	dmb	sy
20000e16:	0006      	movs	r6, r0
20000e18:	6181      	str	r1, [r0, #24]
20000e1a:	0021      	movs	r1, r4
20000e1c:	f000 f858 	bl	20000ed0 <__tu_fifo_write_veneer>
20000e20:	6972      	ldr	r2, [r6, #20]
20000e22:	69b3      	ldr	r3, [r6, #24]
20000e24:	f3bf 8f5f 	dmb	sy
20000e28:	2100      	movs	r1, #0
20000e2a:	6011      	str	r1, [r2, #0]
20000e2c:	f383 8810 	msr	PRIMASK, r3
20000e30:	2800      	cmp	r0, #0
20000e32:	d12c      	bne.n	20000e8e <dcd_event_handler+0x1aa>
20000e34:	4643      	mov	r3, r8
20000e36:	78db      	ldrb	r3, [r3, #3]
20000e38:	07db      	lsls	r3, r3, #31
20000e3a:	d400      	bmi.n	20000e3e <dcd_event_handler+0x15a>
20000e3c:	e77e      	b.n	20000d3c <dcd_event_handler+0x58>
20000e3e:	782b      	ldrb	r3, [r5, #0]
20000e40:	ac01      	add	r4, sp, #4
20000e42:	7023      	strb	r3, [r4, #0]
20000e44:	2303      	movs	r3, #3
20000e46:	7063      	strb	r3, [r4, #1]
20000e48:	686b      	ldr	r3, [r5, #4]
20000e4a:	6063      	str	r3, [r4, #4]
20000e4c:	4b15      	ldr	r3, [pc, #84]	@ (20000ea4 <dcd_event_handler+0x1c0>)
20000e4e:	681d      	ldr	r5, [r3, #0]
20000e50:	696a      	ldr	r2, [r5, #20]
20000e52:	f3ef 8110 	mrs	r1, PRIMASK
20000e56:	b672      	cpsid	i
20000e58:	6813      	ldr	r3, [r2, #0]
20000e5a:	2b00      	cmp	r3, #0
20000e5c:	d0fc      	beq.n	20000e58 <dcd_event_handler+0x174>
20000e5e:	f3bf 8f5f 	dmb	sy
20000e62:	61a9      	str	r1, [r5, #24]
20000e64:	0028      	movs	r0, r5
20000e66:	0021      	movs	r1, r4
20000e68:	f000 f832 	bl	20000ed0 <__tu_fifo_write_veneer>
20000e6c:	696a      	ldr	r2, [r5, #20]
20000e6e:	69ab      	ldr	r3, [r5, #24]
20000e70:	f3bf 8f5f 	dmb	sy
20000e74:	2100      	movs	r1, #0
20000e76:	6011      	str	r1, [r2, #0]
20000e78:	f383 8810 	msr	PRIMASK, r3
20000e7c:	2800      	cmp	r0, #0
20000e7e:	d100      	bne.n	20000e82 <dcd_event_handler+0x19e>
20000e80:	e75c      	b.n	20000d3c <dcd_event_handler+0x58>
20000e82:	003a      	movs	r2, r7
20000e84:	7861      	ldrb	r1, [r4, #1]
20000e86:	7820      	ldrb	r0, [r4, #0]
20000e88:	f000 f832 	bl	20000ef0 <__tud_event_hook_cb_veneer>
20000e8c:	e756      	b.n	20000d3c <dcd_event_handler+0x58>
20000e8e:	003a      	movs	r2, r7
20000e90:	7861      	ldrb	r1, [r4, #1]
20000e92:	7820      	ldrb	r0, [r4, #0]
20000e94:	f000 f82c 	bl	20000ef0 <__tud_event_hook_cb_veneer>
20000e98:	e7cc      	b.n	20000e34 <dcd_event_handler+0x150>
20000e9a:	46c0      	nop			@ (mov r8, r8)
20000e9c:	1000541c 	.word	0x1000541c
20000ea0:	20001c7b 	.word	0x20001c7b
20000ea4:	200015e8 	.word	0x200015e8
20000ea8:	20001590 	.word	0x20001590
20000eac:	20001c79 	.word	0x20001c79
20000eb0:	10005438 	.word	0x10005438
20000eb4:	200014a8 	.word	0x200014a8

20000eb8 <__aeabi_idiv0>:
20000eb8:	4770      	bx	lr
20000eba:	46c0      	nop			@ (mov r8, r8)
20000ebc:	0000      	movs	r0, r0
	...

20000ec0 <____wrap___aeabi_lmul_veneer>:
20000ec0:	b401      	push	{r0}
20000ec2:	4802      	ldr	r0, [pc, #8]	@ (20000ecc <____wrap___aeabi_lmul_veneer+0xc>)
20000ec4:	4684      	mov	ip, r0
20000ec6:	bc01      	pop	{r0}
20000ec8:	4760      	bx	ip
20000eca:	bf00      	nop
20000ecc:	100023c5 	.word	0x100023c5

20000ed0 <__tu_fifo_write_veneer>:
20000ed0:	b401      	push	{r0}
20000ed2:	4802      	ldr	r0, [pc, #8]	@ (20000edc <__tu_fifo_write_veneer+0xc>)
20000ed4:	4684      	mov	ip, r0
20000ed6:	bc01      	pop	{r0}
20000ed8:	4760      	bx	ip
20000eda:	bf00      	nop
20000edc:	10004a25 	.word	0x10004a25

20000ee0 <__rp2040_chip_version_veneer>:
20000ee0:	b401      	push	{r0}
20000ee2:	4802      	ldr	r0, [pc, #8]	@ (20000eec <__rp2040_chip_version_veneer+0xc>)
20000ee4:	4684      	mov	ip, r0
20000ee6:	bc01      	pop	{r0}
20000ee8:	4760      	bx	ip
20000eea:	bf00      	nop
20000eec:	100009f1 	.word	0x100009f1

20000ef0 <__tud_event_hook_cb_veneer>:
20000ef0:	b401      	push	{r0}
20000ef2:	4802      	ldr	r0, [pc, #8]	@ (20000efc <__tud_event_hook_cb_veneer+0xc>)
20000ef4:	4684      	mov	ip, r0
20000ef6:	bc01      	pop	{r0}
20000ef8:	4760      	bx	ip
20000efa:	bf00      	nop
20000efc:	10003479 	.word	0x10003479

20000f00 <__panic_veneer>:
20000f00:	b401      	push	{r0}
20000f02:	4802      	ldr	r0, [pc, #8]	@ (20000f0c <__panic_veneer+0xc>)
20000f04:	4684      	mov	ip, r0
20000f06:	bc01      	pop	{r0}
20000f08:	4760      	bx	ip
20000f0a:	bf00      	nop
20000f0c:	100009fd 	.word	0x100009fd

20000f10 <__best_effort_wfe_or_timeout_veneer>:
20000f10:	b401      	push	{r0}
20000f12:	4802      	ldr	r0, [pc, #8]	@ (20000f1c <__best_effort_wfe_or_timeout_veneer+0xc>)
20000f14:	4684      	mov	ip, r0
20000f16:	bc01      	pop	{r0}
20000f18:	4760      	bx	ip
20000f1a:	bf00      	nop
20000f1c:	10001961 	.word	0x10001961

20000f20 <__time_us_64_veneer>:
20000f20:	b401      	push	{r0}
20000f22:	4802      	ldr	r0, [pc, #8]	@ (20000f2c <__time_us_64_veneer+0xc>)
20000f24:	4684      	mov	ip, r0
20000f26:	bc01      	pop	{r0}
20000f28:	4760      	bx	ip
20000f2a:	bf00      	nop
20000f2c:	10001ab1 	.word	0x10001ab1

20000f30 <____wrap_memset_veneer>:
20000f30:	b401      	push	{r0}
20000f32:	4802      	ldr	r0, [pc, #8]	@ (20000f3c <____wrap_memset_veneer+0xc>)
20000f34:	4684      	mov	ip, r0
20000f36:	bc01      	pop	{r0}
20000f38:	4760      	bx	ip
20000f3a:	bf00      	nop
20000f3c:	1000249d 	.word	0x1000249d

20000f40 <striped_spin_lock_num>:
20000f40:	00000010                                ....

20000f44 <irq_handler_chain_slots>:
20000f44:	00000000 	.word	0x00000000
20000f48:	00010000 	.word	0x00010000
	...
20000f54:	00020000 	.word	0x00020000
	...
20000f60:	00030000 	.word	0x00030000
	...
20000f6c:	00040000 	.word	0x00040000
	...
20000f78:	00050000 	.word	0x00050000
	...
20000f84:	00ff0000 	.word	0x00ff0000
20000f88:	00000000 	.word	0x00000000

20000f8c <irq_handler_chain_first_slot>:
20000f8c:	b501      	push	{r0, lr}
20000f8e:	6848      	ldr	r0, [r1, #4]
20000f90:	3101      	adds	r1, #1
20000f92:	468e      	mov	lr, r1
20000f94:	4700      	bx	r0

20000f96 <irq_handler_chain_remove_tail>:
20000f96:	4670      	mov	r0, lr
20000f98:	3809      	subs	r0, #9
20000f9a:	4901      	ldr	r1, [pc, #4]	@ (20000fa0 <irq_handler_chain_remove_tail+0xa>)
20000f9c:	4788      	blx	r1
20000f9e:	bd01      	pop	{r0, pc}
20000fa0:	10000fd5 	.word	0x10000fd5
20000fa4:	00000000 	.word	0x00000000

20000fa8 <last_added.0>:
20000fa8:	ffffffff 7fffffff                       ........

20000fb0 <default_alarm_pool>:
	...
20000fc4:	20001120 00000000 00000000               .. ........

20000fd0 <aeabi_bits_funcs>:
20000fd0:	00003350 	.word	0x00003350
20000fd4:	0000334c 	.word	0x0000334c
20000fd8:	00003354 	.word	0x00003354
20000fdc:	00003352 	.word	0x00003352

20000fe0 <aeabi_bits_funcs_end>:
20000fe0:	0000534d 	.word	0x0000534d
20000fe4:	0000434d 	.word	0x0000434d
20000fe8:	00003453 	.word	0x00003453
20000fec:	00003443 	.word	0x00003443

20000ff0 <stdio_uart>:
20000ff0:	100027d5 100028d5 10002821 100028e9     .'...(..!(...(..
20001000:	00000000 00000100                       ........

20001008 <stdio_usb>:
20001008:	10002b1d 10002ad1 10002a45 100029bd     .+...*..E*...)..
20001018:	00000000 00000100                       ........

20001020 <_usbd_qdef>:
20001020:	200015ec 000c0010 00000000 00000000     ... ............
	...

2000103c <_usbd_rhport>:
2000103c:	000000ff                                ....

20001040 <i2c1_inst>:
20001040:	40048000 00000000                       ...@....

20001048 <i2c0_inst>:
20001048:	40044000 00000000                       .@.@....

20001050 <print_mutex>:
	...
