
/Users/mdalaminashik/My Drive/Skills and works/Supreme Lithium Solution/SLS_critical_load_auto_transfer_device/Codes/i2c-display-on-rp2040/build/i2c-display-on-rp2040.elf:     file format elf32-littlearm

Sections:
Idx Name          Size      VMA       LMA       File off  Algn
  0 .boot2        00000100  10000000  10000000  00001000  2**0
                  CONTENTS, ALLOC, LOAD, READONLY, CODE
  1 .text         00004930  10000100  10000100  00001100  2**3
                  CONTENTS, ALLOC, LOAD, READONLY, CODE
  2 .rodata       00000644  10004a30  10004a30  00005a30  2**2
                  CONTENTS, ALLOC, LOAD, READONLY, DATA
  3 .binary_info  0000002c  10005074  10005074  00006074  2**2
                  CONTENTS, ALLOC, LOAD, READONLY, DATA
  4 .xip_ram      00000000  15000000  15000000  00007058  2**0
                  CONTENTS
  5 .ram_vector_table 000000c0  20000000  20000000  00008000  2**2
                  ALLOC
  6 .uninitialized_data 00000000  200000c0  200000c0  00007058  2**0
                  CONTENTS
  7 .data         00000f98  200000c0  100050a0  000060c0  2**4
                  CONTENTS, ALLOC, LOAD, READONLY, CODE
  8 .tdata        00000000  20001058  20001058  00007058  2**0
                  CONTENTS, ALLOC, LOAD, DATA, THREAD_LOCAL
  9 .tbss         00000000  20001058  20001058  00000000  2**0
                  ALLOC, THREAD_LOCAL
 10 .tbss_space   00000000  20001058  20001058  00007058  2**0
                  CONTENTS
 11 .bss          0000102c  20001058  10006038  00007058  2**3
                  ALLOC
 12 .tls0         00000000  20002084  20002084  00007058  2**0
                  CONTENTS
 13 .tls1         00000000  20002084  20002084  00007058  2**0
                  CONTENTS
 14 .persistent_data 00000000  20002084  20002084  00007058  2**0
                  CONTENTS
 15 .dummy_pre_heap 00000000  20002084  20002084  00007058  2**0
                  CONTENTS
 16 .heap         00000800  20002084  20002084  00007084  2**2
                  ALLOC, READONLY
 17 .scratch_x    00000000  20040000  20040000  00007058  2**0
                  CONTENTS
 18 .scratch_y    00000000  20041000  20041000  00007058  2**0
                  CONTENTS
 19 .stack_dummy  00000800  20041000  20041000  00008000  2**5
                  ALLOC, READONLY
 20 .debug_info   0003457f  00000000  00000000  00007058  2**0
                  CONTENTS, READONLY, DEBUGGING, OCTETS
 21 .debug_abbrev 0000945f  00000000  00000000  0003b5d7  2**0
                  CONTENTS, READONLY, DEBUGGING, OCTETS
 22 .debug_loclists 0001c13f  00000000  00000000  00044a36  2**0
                  CONTENTS, READONLY, DEBUGGING, OCTETS
 23 .debug_aranges 000017d8  00000000  00000000  00060b78  2**3
                  CONTENTS, READONLY, DEBUGGING, OCTETS
 24 .debug_rnglists 000048f1  00000000  00000000  00062350  2**0
                  CONTENTS, READONLY, DEBUGGING, OCTETS
 25 .debug_line   00026c92  00000000  00000000  00066c41  2**0
                  CONTENTS, READONLY, DEBUGGING, OCTETS
 26 .debug_str    00009962  00000000  00000000  0008d8d3  2**0
                  CONTENTS, READONLY, DEBUGGING, OCTETS
 27 .comment      00000045  00000000  00000000  00097235  2**0
                  CONTENTS, READONLY
 28 .ARM.attributes 0000002a  00000000  00000000  0009727a  2**0
                  CONTENTS, READONLY
 29 .debug_frame  000031f4  00000000  00000000  000972a4  2**2
                  CONTENTS, READONLY, DEBUGGING, OCTETS
 30 .debug_line_str 000003ee  00000000  00000000  0009a498  2**0
                  CONTENTS, READONLY, DEBUGGING, OCTETS

/Users/mdalaminashik/My Drive/Skills and works/Supreme Lithium Solution/SLS_critical_load_auto_transfer_device/Codes/i2c-display-on-rp2040/build/i2c-display-on-rp2040.elf:     file format elf32-littlearm


Disassembly of section .boot2:

10000000 <__boot2_start__>:
10000000:	4b32b500 	.word	0x4b32b500
10000004:	60582021 	.word	0x60582021
10000008:	21026898 	.word	0x21026898
1000000c:	60984388 	.word	0x60984388
10000010:	611860d8 	.word	0x611860d8
10000014:	4b2e6158 	.word	0x4b2e6158
10000018:	60992100 	.word	0x60992100
1000001c:	61592102 	.word	0x61592102
10000020:	22f02101 	.word	0x22f02101
10000024:	492b5099 	.word	0x492b5099
10000028:	21016019 	.word	0x21016019
1000002c:	20356099 	.word	0x20356099
10000030:	f844f000 	.word	0xf844f000
10000034:	42902202 	.word	0x42902202
10000038:	2106d014 	.word	0x2106d014
1000003c:	f0006619 	.word	0xf0006619
10000040:	6e19f834 	.word	0x6e19f834
10000044:	66192101 	.word	0x66192101
10000048:	66182000 	.word	0x66182000
1000004c:	f000661a 	.word	0xf000661a
10000050:	6e19f82c 	.word	0x6e19f82c
10000054:	6e196e19 	.word	0x6e196e19
10000058:	f0002005 	.word	0xf0002005
1000005c:	2101f82f 	.word	0x2101f82f
10000060:	d1f94208 	.word	0xd1f94208
10000064:	60992100 	.word	0x60992100
10000068:	6019491b 	.word	0x6019491b
1000006c:	60592100 	.word	0x60592100
10000070:	481b491a 	.word	0x481b491a
10000074:	21016001 	.word	0x21016001
10000078:	21eb6099 	.word	0x21eb6099
1000007c:	21a06619 	.word	0x21a06619
10000080:	f0006619 	.word	0xf0006619
10000084:	2100f812 	.word	0x2100f812
10000088:	49166099 	.word	0x49166099
1000008c:	60014814 	.word	0x60014814
10000090:	60992101 	.word	0x60992101
10000094:	2800bc01 	.word	0x2800bc01
10000098:	4700d000 	.word	0x4700d000
1000009c:	49134812 	.word	0x49134812
100000a0:	c8036008 	.word	0xc8036008
100000a4:	8808f380 	.word	0x8808f380
100000a8:	b5034708 	.word	0xb5034708
100000ac:	20046a99 	.word	0x20046a99
100000b0:	d0fb4201 	.word	0xd0fb4201
100000b4:	42012001 	.word	0x42012001
100000b8:	bd03d1f8 	.word	0xbd03d1f8
100000bc:	6618b502 	.word	0x6618b502
100000c0:	f7ff6618 	.word	0xf7ff6618
100000c4:	6e18fff2 	.word	0x6e18fff2
100000c8:	bd026e18 	.word	0xbd026e18
100000cc:	40020000 	.word	0x40020000
100000d0:	18000000 	.word	0x18000000
100000d4:	00070000 	.word	0x00070000
100000d8:	005f0300 	.word	0x005f0300
100000dc:	00002221 	.word	0x00002221
100000e0:	180000f4 	.word	0x180000f4
100000e4:	a0002022 	.word	0xa0002022
100000e8:	10000100 	.word	0x10000100
100000ec:	e000ed08 	.word	0xe000ed08
	...
100000fc:	7a4eb274 	.word	0x7a4eb274

Disassembly of section .text:

10000100 <__VECTOR_TABLE>:
10000100:	20042000 	.word	0x20042000
10000104:	100001f7 	.word	0x100001f7
10000108:	100001cb 	.word	0x100001cb
1000010c:	100001cd 	.word	0x100001cd
10000110:	100001c9 	.word	0x100001c9
10000114:	100001c9 	.word	0x100001c9
10000118:	100001c9 	.word	0x100001c9
1000011c:	100001c9 	.word	0x100001c9
10000120:	100001c9 	.word	0x100001c9
10000124:	100001c9 	.word	0x100001c9
10000128:	100001c9 	.word	0x100001c9
1000012c:	100001cf 	.word	0x100001cf
10000130:	100001c9 	.word	0x100001c9
10000134:	100001c9 	.word	0x100001c9
10000138:	100001d1 	.word	0x100001d1
1000013c:	100001d3 	.word	0x100001d3
10000140:	100001c1 	.word	0x100001c1
10000144:	100001c1 	.word	0x100001c1
10000148:	100001c1 	.word	0x100001c1
1000014c:	100001c1 	.word	0x100001c1
10000150:	100001c1 	.word	0x100001c1
10000154:	100001c1 	.word	0x100001c1
10000158:	100001c1 	.word	0x100001c1
1000015c:	100001c1 	.word	0x100001c1
10000160:	100001c1 	.word	0x100001c1
10000164:	100001c1 	.word	0x100001c1
10000168:	100001c1 	.word	0x100001c1
1000016c:	100001c1 	.word	0x100001c1
10000170:	100001c1 	.word	0x100001c1
10000174:	100001c1 	.word	0x100001c1
10000178:	100001c1 	.word	0x100001c1
1000017c:	100001c1 	.word	0x100001c1
10000180:	100001c1 	.word	0x100001c1
10000184:	100001c1 	.word	0x100001c1
10000188:	100001c1 	.word	0x100001c1
1000018c:	100001c1 	.word	0x100001c1
10000190:	100001c1 	.word	0x100001c1
10000194:	100001c1 	.word	0x100001c1
10000198:	100001c1 	.word	0x100001c1
1000019c:	100001c1 	.word	0x100001c1
100001a0:	100001c1 	.word	0x100001c1
100001a4:	100001c1 	.word	0x100001c1
100001a8:	100001c1 	.word	0x100001c1
100001ac:	100001c1 	.word	0x100001c1
100001b0:	100001c1 	.word	0x100001c1
100001b4:	100001c1 	.word	0x100001c1
100001b8:	100001c1 	.word	0x100001c1
100001bc:	100001c1 	.word	0x100001c1

100001c0 <__unhandled_user_irq>:
100001c0:	f3ef 8005 	mrs	r0, IPSR
100001c4:	3810      	subs	r0, #16

100001c6 <unhandled_user_irq_num_in_r0>:
100001c6:	be00      	bkpt	0x0000

100001c8 <isr_invalid>:
100001c8:	be00      	bkpt	0x0000

100001ca <isr_nmi>:
100001ca:	be00      	bkpt	0x0000

100001cc <isr_hardfault>:
100001cc:	be00      	bkpt	0x0000

100001ce <isr_svcall>:
100001ce:	be00      	bkpt	0x0000

100001d0 <isr_pendsv>:
100001d0:	be00      	bkpt	0x0000

100001d2 <isr_systick>:
100001d2:	be00      	bkpt	0x0000

100001d4 <__default_isrs_end>:
100001d4:	7188ebf2 	.word	0x7188ebf2
100001d8:	10005074 	.word	0x10005074
100001dc:	100050a0 	.word	0x100050a0
100001e0:	10000238 	.word	0x10000238
100001e4:	e71aa390 	.word	0xe71aa390

100001e8 <_entry_point>:
100001e8:	2000      	movs	r0, #0

100001ea <_enter_vtable_in_r0>:
100001ea:	491e      	ldr	r1, [pc, #120]	@ (10000264 <data_cpy_table+0x2c>)
100001ec:	6008      	str	r0, [r1, #0]
100001ee:	c806      	ldmia	r0!, {r1, r2}
100001f0:	f381 8808 	msr	MSP, r1
100001f4:	4710      	bx	r2

100001f6 <_reset_handler>:
100001f6:	481c      	ldr	r0, [pc, #112]	@ (10000268 <data_cpy_table+0x30>)
100001f8:	6800      	ldr	r0, [r0, #0]
100001fa:	2800      	cmp	r0, #0
100001fc:	d001      	beq.n	10000202 <hold_non_core0_in_bootrom+0x4>

100001fe <hold_non_core0_in_bootrom>:
100001fe:	2000      	movs	r0, #0
10000200:	e7f3      	b.n	100001ea <_enter_vtable_in_r0>
10000202:	a40d      	add	r4, pc, #52	@ (adr r4, 10000238 <data_cpy_table>)
10000204:	cc0e      	ldmia	r4!, {r1, r2, r3}
10000206:	2900      	cmp	r1, #0
10000208:	d002      	beq.n	10000210 <hold_non_core0_in_bootrom+0x12>
1000020a:	f000 f812 	bl	10000232 <data_cpy>
1000020e:	e7f9      	b.n	10000204 <hold_non_core0_in_bootrom+0x6>
10000210:	4916      	ldr	r1, [pc, #88]	@ (1000026c <data_cpy_table+0x34>)
10000212:	4a17      	ldr	r2, [pc, #92]	@ (10000270 <data_cpy_table+0x38>)
10000214:	2000      	movs	r0, #0
10000216:	e000      	b.n	1000021a <bss_fill_test>

10000218 <bss_fill_loop>:
10000218:	c101      	stmia	r1!, {r0}

1000021a <bss_fill_test>:
1000021a:	4291      	cmp	r1, r2
1000021c:	d1fc      	bne.n	10000218 <bss_fill_loop>

1000021e <platform_entry>:
1000021e:	4915      	ldr	r1, [pc, #84]	@ (10000274 <data_cpy_table+0x3c>)
10000220:	4788      	blx	r1
10000222:	4915      	ldr	r1, [pc, #84]	@ (10000278 <data_cpy_table+0x40>)
10000224:	4788      	blx	r1
10000226:	4915      	ldr	r1, [pc, #84]	@ (1000027c <data_cpy_table+0x44>)
10000228:	4788      	blx	r1
1000022a:	be00      	bkpt	0x0000
1000022c:	e7fd      	b.n	1000022a <platform_entry+0xc>

1000022e <data_cpy_loop>:
1000022e:	c901      	ldmia	r1!, {r0}
10000230:	c201      	stmia	r2!, {r0}

10000232 <data_cpy>:
10000232:	429a      	cmp	r2, r3
10000234:	d3fb      	bcc.n	1000022e <data_cpy_loop>

10000236 <data_cpy_done>:
10000236:	4770      	bx	lr

10000238 <data_cpy_table>:
10000238:	100050a0 	.word	0x100050a0
1000023c:	200000c0 	.word	0x200000c0
10000240:	20001058 	.word	0x20001058
10000244:	10006038 	.word	0x10006038
10000248:	20040000 	.word	0x20040000
1000024c:	20040000 	.word	0x20040000
10000250:	10006038 	.word	0x10006038
10000254:	20041000 	.word	0x20041000
10000258:	20041000 	.word	0x20041000
1000025c:	00000000 	.word	0x00000000
10000260:	4770      	bx	lr
10000262:	0000      	.short	0x0000
10000264:	e000ed08 	.word	0xe000ed08
10000268:	d0000000 	.word	0xd0000000
1000026c:	20001058 	.word	0x20001058
10000270:	20002084 	.word	0x20002084
10000274:	10001f3d 	.word	0x10001f3d
10000278:	10000281 	.word	0x10000281
1000027c:	10001f35 	.word	0x10001f35

10000280 <main>:
10000280:	b510      	push	{r4, lr}
10000282:	f001 ff53 	bl	1000212c <stdio_init_all>
10000286:	4c16      	ldr	r4, [pc, #88]	@ (100002e0 <main+0x60>)
10000288:	4916      	ldr	r1, [pc, #88]	@ (100002e4 <main+0x64>)
1000028a:	0020      	movs	r0, r4
1000028c:	f004 faf4 	bl	10004878 <i2c_init>
10000290:	2103      	movs	r1, #3
10000292:	2004      	movs	r0, #4
10000294:	f000 f914 	bl	100004c0 <gpio_set_function>
10000298:	2103      	movs	r1, #3
1000029a:	2005      	movs	r0, #5
1000029c:	f000 f910 	bl	100004c0 <gpio_set_function>
100002a0:	2200      	movs	r2, #0
100002a2:	2101      	movs	r1, #1
100002a4:	2004      	movs	r0, #4
100002a6:	f000 f923 	bl	100004f0 <gpio_set_pulls>
100002aa:	2200      	movs	r2, #0
100002ac:	2101      	movs	r1, #1
100002ae:	2005      	movs	r0, #5
100002b0:	f000 f91e 	bl	100004f0 <gpio_set_pulls>
100002b4:	0020      	movs	r0, r4
100002b6:	f000 f8cd 	bl	10000454 <ssd1306_init>
100002ba:	f000 f819 	bl	100002f0 <ssd1306_clear>
100002be:	2100      	movs	r1, #0
100002c0:	2000      	movs	r0, #0
100002c2:	4a09      	ldr	r2, [pc, #36]	@ (100002e8 <main+0x68>)
100002c4:	f000 f81e 	bl	10000304 <ssd1306_draw_string>
100002c8:	2102      	movs	r1, #2
100002ca:	2000      	movs	r0, #0
100002cc:	4a07      	ldr	r2, [pc, #28]	@ (100002ec <main+0x6c>)
100002ce:	f000 f819 	bl	10000304 <ssd1306_draw_string>
100002d2:	f000 f85d 	bl	10000390 <ssd1306_display>
100002d6:	20fa      	movs	r0, #250	@ 0xfa
100002d8:	0080      	lsls	r0, r0, #2
100002da:	f000 ffdf 	bl	1000129c <sleep_ms>
100002de:	e7fa      	b.n	100002d6 <main+0x56>
100002e0:	20001048 	.word	0x20001048
100002e4:	00061a80 	.word	0x00061a80
100002e8:	10004a30 	.word	0x10004a30
100002ec:	10004a40 	.word	0x10004a40

100002f0 <ssd1306_clear>:
100002f0:	2280      	movs	r2, #128	@ 0x80
100002f2:	b510      	push	{r4, lr}
100002f4:	2100      	movs	r1, #0
100002f6:	4802      	ldr	r0, [pc, #8]	@ (10000300 <ssd1306_clear+0x10>)
100002f8:	00d2      	lsls	r2, r2, #3
100002fa:	f001 fdeb 	bl	10001ed4 <__wrap_memset>
100002fe:	bd10      	pop	{r4, pc}
10000300:	20001820 	.word	0x20001820

10000304 <ssd1306_draw_string>:
10000304:	b5f0      	push	{r4, r5, r6, r7, lr}
10000306:	46ce      	mov	lr, r9
10000308:	4647      	mov	r7, r8
1000030a:	7813      	ldrb	r3, [r2, #0]
1000030c:	b580      	push	{r7, lr}
1000030e:	2b00      	cmp	r3, #0
10000310:	d035      	beq.n	1000037e <ssd1306_draw_string+0x7a>
10000312:	2480      	movs	r4, #128	@ 0x80
10000314:	01c9      	lsls	r1, r1, #7
10000316:	468c      	mov	ip, r1
10000318:	491b      	ldr	r1, [pc, #108]	@ (10000388 <ssd1306_draw_string+0x84>)
1000031a:	4d1c      	ldr	r5, [pc, #112]	@ (1000038c <ssd1306_draw_string+0x88>)
1000031c:	4689      	mov	r9, r1
1000031e:	00e4      	lsls	r4, r4, #3
10000320:	e003      	b.n	1000032a <ssd1306_draw_string+0x26>
10000322:	7853      	ldrb	r3, [r2, #1]
10000324:	3201      	adds	r2, #1
10000326:	2b00      	cmp	r3, #0
10000328:	d029      	beq.n	1000037e <ssd1306_draw_string+0x7a>
1000032a:	3b20      	subs	r3, #32
1000032c:	b2de      	uxtb	r6, r3
1000032e:	4649      	mov	r1, r9
10000330:	2e5a      	cmp	r6, #90	@ 0x5a
10000332:	d802      	bhi.n	1000033a <ssd1306_draw_string+0x36>
10000334:	0099      	lsls	r1, r3, #2
10000336:	18c9      	adds	r1, r1, r3
10000338:	4449      	add	r1, r9
1000033a:	4663      	mov	r3, ip
1000033c:	18c3      	adds	r3, r0, r3
1000033e:	42a3      	cmp	r3, r4
10000340:	d219      	bcs.n	10000376 <ssd1306_draw_string+0x72>
10000342:	780e      	ldrb	r6, [r1, #0]
10000344:	54ee      	strb	r6, [r5, r3]
10000346:	1c5e      	adds	r6, r3, #1
10000348:	b2b6      	uxth	r6, r6
1000034a:	42a6      	cmp	r6, r4
1000034c:	d013      	beq.n	10000376 <ssd1306_draw_string+0x72>
1000034e:	784f      	ldrb	r7, [r1, #1]
10000350:	55af      	strb	r7, [r5, r6]
10000352:	1c9e      	adds	r6, r3, #2
10000354:	b2b6      	uxth	r6, r6
10000356:	42a6      	cmp	r6, r4
10000358:	d00d      	beq.n	10000376 <ssd1306_draw_string+0x72>
1000035a:	788f      	ldrb	r7, [r1, #2]
1000035c:	55af      	strb	r7, [r5, r6]
1000035e:	1cde      	adds	r6, r3, #3
10000360:	b2b6      	uxth	r6, r6
10000362:	42a6      	cmp	r6, r4
10000364:	d007      	beq.n	10000376 <ssd1306_draw_string+0x72>
10000366:	78cf      	ldrb	r7, [r1, #3]
10000368:	3304      	adds	r3, #4
1000036a:	b29b      	uxth	r3, r3
1000036c:	55af      	strb	r7, [r5, r6]
1000036e:	42a3      	cmp	r3, r4
10000370:	d001      	beq.n	10000376 <ssd1306_draw_string+0x72>
10000372:	7909      	ldrb	r1, [r1, #4]
10000374:	54e9      	strb	r1, [r5, r3]
10000376:	3006      	adds	r0, #6
10000378:	b2c0      	uxtb	r0, r0
1000037a:	287a      	cmp	r0, #122	@ 0x7a
1000037c:	d9d1      	bls.n	10000322 <ssd1306_draw_string+0x1e>
1000037e:	bcc0      	pop	{r6, r7}
10000380:	46b9      	mov	r9, r7
10000382:	46b0      	mov	r8, r6
10000384:	bdf0      	pop	{r4, r5, r6, r7, pc}
10000386:	46c0      	nop			@ (mov r8, r8)
10000388:	10004bdc 	.word	0x10004bdc
1000038c:	20001820 	.word	0x20001820

10000390 <ssd1306_display>:
10000390:	b5f0      	push	{r4, r5, r6, r7, lr}
10000392:	2384      	movs	r3, #132	@ 0x84
10000394:	b0a5      	sub	sp, #148	@ 0x94
10000396:	2400      	movs	r4, #0
10000398:	466a      	mov	r2, sp
1000039a:	4d2c      	ldr	r5, [pc, #176]	@ (1000044c <ssd1306_display+0xbc>)
1000039c:	019b      	lsls	r3, r3, #6
1000039e:	8193      	strh	r3, [r2, #12]
100003a0:	213c      	movs	r1, #60	@ 0x3c
100003a2:	2302      	movs	r3, #2
100003a4:	6828      	ldr	r0, [r5, #0]
100003a6:	aa03      	add	r2, sp, #12
100003a8:	9400      	str	r4, [sp, #0]
100003aa:	f004 fa8f 	bl	100048cc <i2c_write_blocking>
100003ae:	466b      	mov	r3, sp
100003b0:	213c      	movs	r1, #60	@ 0x3c
100003b2:	819c      	strh	r4, [r3, #12]
100003b4:	6828      	ldr	r0, [r5, #0]
100003b6:	2302      	movs	r3, #2
100003b8:	9400      	str	r4, [sp, #0]
100003ba:	aa03      	add	r2, sp, #12
100003bc:	f004 fa86 	bl	100048cc <i2c_write_blocking>
100003c0:	23fe      	movs	r3, #254	@ 0xfe
100003c2:	466a      	mov	r2, sp
100003c4:	01db      	lsls	r3, r3, #7
100003c6:	8193      	strh	r3, [r2, #12]
100003c8:	213c      	movs	r1, #60	@ 0x3c
100003ca:	2302      	movs	r3, #2
100003cc:	6828      	ldr	r0, [r5, #0]
100003ce:	aa03      	add	r2, sp, #12
100003d0:	9400      	str	r4, [sp, #0]
100003d2:	f004 fa7b 	bl	100048cc <i2c_write_blocking>
100003d6:	2388      	movs	r3, #136	@ 0x88
100003d8:	466a      	mov	r2, sp
100003da:	019b      	lsls	r3, r3, #6
100003dc:	8193      	strh	r3, [r2, #12]
100003de:	213c      	movs	r1, #60	@ 0x3c
100003e0:	2302      	movs	r3, #2
100003e2:	6828      	ldr	r0, [r5, #0]
100003e4:	aa03      	add	r2, sp, #12
100003e6:	9400      	str	r4, [sp, #0]
100003e8:	f004 fa70 	bl	100048cc <i2c_write_blocking>
100003ec:	466b      	mov	r3, sp
100003ee:	213c      	movs	r1, #60	@ 0x3c
100003f0:	819c      	strh	r4, [r3, #12]
100003f2:	6828      	ldr	r0, [r5, #0]
100003f4:	2302      	movs	r3, #2
100003f6:	9400      	str	r4, [sp, #0]
100003f8:	aa03      	add	r2, sp, #12
100003fa:	f004 fa67 	bl	100048cc <i2c_write_blocking>
100003fe:	23e0      	movs	r3, #224	@ 0xe0
10000400:	466a      	mov	r2, sp
10000402:	00db      	lsls	r3, r3, #3
10000404:	8193      	strh	r3, [r2, #12]
10000406:	6828      	ldr	r0, [r5, #0]
10000408:	2302      	movs	r3, #2
1000040a:	9400      	str	r4, [sp, #0]
1000040c:	aa03      	add	r2, sp, #12
1000040e:	213c      	movs	r1, #60	@ 0x3c
10000410:	f004 fa5c 	bl	100048cc <i2c_write_blocking>
10000414:	2340      	movs	r3, #64	@ 0x40
10000416:	466a      	mov	r2, sp
10000418:	7313      	strb	r3, [r2, #12]
1000041a:	2380      	movs	r3, #128	@ 0x80
1000041c:	2600      	movs	r6, #0
1000041e:	4c0c      	ldr	r4, [pc, #48]	@ (10000450 <ssd1306_display+0xc0>)
10000420:	00db      	lsls	r3, r3, #3
10000422:	18e7      	adds	r7, r4, r3
10000424:	230d      	movs	r3, #13
10000426:	446b      	add	r3, sp
10000428:	0021      	movs	r1, r4
1000042a:	2280      	movs	r2, #128	@ 0x80
1000042c:	0018      	movs	r0, r3
1000042e:	f001 fd57 	bl	10001ee0 <__wrap___aeabi_memcpy>
10000432:	3480      	adds	r4, #128	@ 0x80
10000434:	6828      	ldr	r0, [r5, #0]
10000436:	2381      	movs	r3, #129	@ 0x81
10000438:	213c      	movs	r1, #60	@ 0x3c
1000043a:	9600      	str	r6, [sp, #0]
1000043c:	aa03      	add	r2, sp, #12
1000043e:	f004 fa45 	bl	100048cc <i2c_write_blocking>
10000442:	42a7      	cmp	r7, r4
10000444:	d1ee      	bne.n	10000424 <ssd1306_display+0x94>
10000446:	b025      	add	sp, #148	@ 0x94
10000448:	bdf0      	pop	{r4, r5, r6, r7, pc}
1000044a:	46c0      	nop			@ (mov r8, r8)
1000044c:	20002054 	.word	0x20002054
10000450:	20001820 	.word	0x20001820

10000454 <ssd1306_init>:
10000454:	b5f0      	push	{r4, r5, r6, r7, lr}
10000456:	46c6      	mov	lr, r8
10000458:	b500      	push	{lr}
1000045a:	b08a      	sub	sp, #40	@ 0x28
1000045c:	ac03      	add	r4, sp, #12
1000045e:	0022      	movs	r2, r4
10000460:	2725      	movs	r7, #37	@ 0x25
10000462:	4b14      	ldr	r3, [pc, #80]	@ (100004b4 <ssd1306_init+0x60>)
10000464:	446f      	add	r7, sp
10000466:	6018      	str	r0, [r3, #0]
10000468:	4698      	mov	r8, r3
1000046a:	4b13      	ldr	r3, [pc, #76]	@ (100004b8 <ssd1306_init+0x64>)
1000046c:	cb62      	ldmia	r3!, {r1, r5, r6}
1000046e:	c262      	stmia	r2!, {r1, r5, r6}
10000470:	cb62      	ldmia	r3!, {r1, r5, r6}
10000472:	c262      	stmia	r2!, {r1, r5, r6}
10000474:	781b      	ldrb	r3, [r3, #0]
10000476:	2600      	movs	r6, #0
10000478:	7013      	strb	r3, [r2, #0]
1000047a:	ad02      	add	r5, sp, #8
1000047c:	e001      	b.n	10000482 <ssd1306_init+0x2e>
1000047e:	4643      	mov	r3, r8
10000480:	6818      	ldr	r0, [r3, #0]
10000482:	7823      	ldrb	r3, [r4, #0]
10000484:	702e      	strb	r6, [r5, #0]
10000486:	706b      	strb	r3, [r5, #1]
10000488:	002a      	movs	r2, r5
1000048a:	2302      	movs	r3, #2
1000048c:	213c      	movs	r1, #60	@ 0x3c
1000048e:	9600      	str	r6, [sp, #0]
10000490:	3401      	adds	r4, #1
10000492:	f004 fa1b 	bl	100048cc <i2c_write_blocking>
10000496:	42bc      	cmp	r4, r7
10000498:	d1f1      	bne.n	1000047e <ssd1306_init+0x2a>
1000049a:	2280      	movs	r2, #128	@ 0x80
1000049c:	2100      	movs	r1, #0
1000049e:	00d2      	lsls	r2, r2, #3
100004a0:	4806      	ldr	r0, [pc, #24]	@ (100004bc <ssd1306_init+0x68>)
100004a2:	f001 fd17 	bl	10001ed4 <__wrap_memset>
100004a6:	f7ff ff73 	bl	10000390 <ssd1306_display>
100004aa:	b00a      	add	sp, #40	@ 0x28
100004ac:	bc80      	pop	{r7}
100004ae:	46b8      	mov	r8, r7
100004b0:	bdf0      	pop	{r4, r5, r6, r7, pc}
100004b2:	46c0      	nop			@ (mov r8, r8)
100004b4:	20002054 	.word	0x20002054
100004b8:	10004da4 	.word	0x10004da4
100004bc:	20001820 	.word	0x20001820

100004c0 <gpio_set_function>:
100004c0:	b510      	push	{r4, lr}
100004c2:	2440      	movs	r4, #64	@ 0x40
100004c4:	4a07      	ldr	r2, [pc, #28]	@ (100004e4 <gpio_set_function+0x24>)
100004c6:	0083      	lsls	r3, r0, #2
100004c8:	189a      	adds	r2, r3, r2
100004ca:	6812      	ldr	r2, [r2, #0]
100004cc:	00c0      	lsls	r0, r0, #3
100004ce:	4054      	eors	r4, r2
100004d0:	22c0      	movs	r2, #192	@ 0xc0
100004d2:	4022      	ands	r2, r4
100004d4:	4c04      	ldr	r4, [pc, #16]	@ (100004e8 <gpio_set_function+0x28>)
100004d6:	191b      	adds	r3, r3, r4
100004d8:	601a      	str	r2, [r3, #0]
100004da:	4b04      	ldr	r3, [pc, #16]	@ (100004ec <gpio_set_function+0x2c>)
100004dc:	18c0      	adds	r0, r0, r3
100004de:	6041      	str	r1, [r0, #4]
100004e0:	bd10      	pop	{r4, pc}
100004e2:	46c0      	nop			@ (mov r8, r8)
100004e4:	4001c004 	.word	0x4001c004
100004e8:	4001d004 	.word	0x4001d004
100004ec:	40014000 	.word	0x40014000

100004f0 <gpio_set_pulls>:
100004f0:	4b06      	ldr	r3, [pc, #24]	@ (1000050c <gpio_set_pulls+0x1c>)
100004f2:	0080      	lsls	r0, r0, #2
100004f4:	18c3      	adds	r3, r0, r3
100004f6:	681b      	ldr	r3, [r3, #0]
100004f8:	00c9      	lsls	r1, r1, #3
100004fa:	0092      	lsls	r2, r2, #2
100004fc:	430a      	orrs	r2, r1
100004fe:	405a      	eors	r2, r3
10000500:	230c      	movs	r3, #12
10000502:	4013      	ands	r3, r2
10000504:	4a02      	ldr	r2, [pc, #8]	@ (10000510 <gpio_set_pulls+0x20>)
10000506:	1880      	adds	r0, r0, r2
10000508:	6003      	str	r3, [r0, #0]
1000050a:	4770      	bx	lr
1000050c:	4001c004 	.word	0x4001c004
10000510:	4001d004 	.word	0x4001d004

10000514 <rp2040_chip_version>:
10000514:	2380      	movs	r3, #128	@ 0x80
10000516:	05db      	lsls	r3, r3, #23
10000518:	6818      	ldr	r0, [r3, #0]
1000051a:	0f00      	lsrs	r0, r0, #28
1000051c:	4770      	bx	lr
1000051e:	46c0      	nop			@ (mov r8, r8)

10000520 <panic>:
10000520:	b40f      	push	{r0, r1, r2, r3}
10000522:	b500      	push	{lr}
10000524:	4808      	ldr	r0, [pc, #32]	@ (10000548 <panic+0x28>)
10000526:	b083      	sub	sp, #12
10000528:	f001 fe52 	bl	100021d0 <__wrap_puts>
1000052c:	9b04      	ldr	r3, [sp, #16]
1000052e:	2b00      	cmp	r3, #0
10000530:	d007      	beq.n	10000542 <panic+0x22>
10000532:	a905      	add	r1, sp, #20
10000534:	0018      	movs	r0, r3
10000536:	9101      	str	r1, [sp, #4]
10000538:	f001 fce0 	bl	10001efc <weak_raw_vprintf>
1000053c:	4803      	ldr	r0, [pc, #12]	@ (1000054c <panic+0x2c>)
1000053e:	f001 fe47 	bl	100021d0 <__wrap_puts>
10000542:	2001      	movs	r0, #1
10000544:	f001 fcf2 	bl	10001f2c <_exit>
10000548:	10004a50 	.word	0x10004a50
1000054c:	10004a4c 	.word	0x10004a4c

10000550 <hw_claim_or_assert>:
10000550:	b570      	push	{r4, r5, r6, lr}
10000552:	468c      	mov	ip, r1
10000554:	0016      	movs	r6, r2
10000556:	f3ef 8410 	mrs	r4, PRIMASK
1000055a:	b672      	cpsid	i
1000055c:	490f      	ldr	r1, [pc, #60]	@ (1000059c <hw_claim_or_assert+0x4c>)
1000055e:	680b      	ldr	r3, [r1, #0]
10000560:	2b00      	cmp	r3, #0
10000562:	d0fc      	beq.n	1000055e <hw_claim_or_assert+0xe>
10000564:	f3bf 8f5f 	dmb	sy
10000568:	4663      	mov	r3, ip
1000056a:	08db      	lsrs	r3, r3, #3
1000056c:	18c5      	adds	r5, r0, r3
1000056e:	2207      	movs	r2, #7
10000570:	5cc0      	ldrb	r0, [r0, r3]
10000572:	4663      	mov	r3, ip
10000574:	401a      	ands	r2, r3
10000576:	2301      	movs	r3, #1
10000578:	4093      	lsls	r3, r2
1000057a:	001a      	movs	r2, r3
1000057c:	4002      	ands	r2, r0
1000057e:	4203      	tst	r3, r0
10000580:	d107      	bne.n	10000592 <hw_claim_or_assert+0x42>
10000582:	4318      	orrs	r0, r3
10000584:	7028      	strb	r0, [r5, #0]
10000586:	f3bf 8f5f 	dmb	sy
1000058a:	600a      	str	r2, [r1, #0]
1000058c:	f384 8810 	msr	PRIMASK, r4
10000590:	bd70      	pop	{r4, r5, r6, pc}
10000592:	4661      	mov	r1, ip
10000594:	0030      	movs	r0, r6
10000596:	f7ff ffc3 	bl	10000520 <panic>
1000059a:	46c0      	nop			@ (mov r8, r8)
1000059c:	d000012c 	.word	0xd000012c

100005a0 <hw_claim_unused_from_range>:
100005a0:	b5f8      	push	{r3, r4, r5, r6, r7, lr}
100005a2:	46ce      	mov	lr, r9
100005a4:	4647      	mov	r7, r8
100005a6:	468c      	mov	ip, r1
100005a8:	b580      	push	{r7, lr}
100005aa:	001c      	movs	r4, r3
100005ac:	f3ef 8810 	mrs	r8, PRIMASK
100005b0:	b672      	cpsid	i
100005b2:	491c      	ldr	r1, [pc, #112]	@ (10000624 <hw_claim_unused_from_range+0x84>)
100005b4:	680b      	ldr	r3, [r1, #0]
100005b6:	2b00      	cmp	r3, #0
100005b8:	d0fc      	beq.n	100005b4 <hw_claim_unused_from_range+0x14>
100005ba:	f3bf 8f5f 	dmb	sy
100005be:	42a2      	cmp	r2, r4
100005c0:	d821      	bhi.n	10000606 <hw_claim_unused_from_range+0x66>
100005c2:	2307      	movs	r3, #7
100005c4:	4699      	mov	r9, r3
100005c6:	e002      	b.n	100005ce <hw_claim_unused_from_range+0x2e>
100005c8:	3201      	adds	r2, #1
100005ca:	4294      	cmp	r4, r2
100005cc:	d318      	bcc.n	10000600 <hw_claim_unused_from_range+0x60>
100005ce:	4649      	mov	r1, r9
100005d0:	2601      	movs	r6, #1
100005d2:	4011      	ands	r1, r2
100005d4:	408e      	lsls	r6, r1
100005d6:	08d3      	lsrs	r3, r2, #3
100005d8:	18c7      	adds	r7, r0, r3
100005da:	5cc3      	ldrb	r3, [r0, r3]
100005dc:	421e      	tst	r6, r3
100005de:	d1f3      	bne.n	100005c8 <hw_claim_unused_from_range+0x28>
100005e0:	0010      	movs	r0, r2
100005e2:	4333      	orrs	r3, r6
100005e4:	703b      	strb	r3, [r7, #0]
100005e6:	f3bf 8f5f 	dmb	sy
100005ea:	2200      	movs	r2, #0
100005ec:	4b0d      	ldr	r3, [pc, #52]	@ (10000624 <hw_claim_unused_from_range+0x84>)
100005ee:	601a      	str	r2, [r3, #0]
100005f0:	f388 8810 	msr	PRIMASK, r8
100005f4:	2800      	cmp	r0, #0
100005f6:	db0e      	blt.n	10000616 <hw_claim_unused_from_range+0x76>
100005f8:	bcc0      	pop	{r6, r7}
100005fa:	46b9      	mov	r9, r7
100005fc:	46b0      	mov	r8, r6
100005fe:	bdf8      	pop	{r3, r4, r5, r6, r7, pc}
10000600:	2001      	movs	r0, #1
10000602:	4240      	negs	r0, r0
10000604:	e7ef      	b.n	100005e6 <hw_claim_unused_from_range+0x46>
10000606:	f3bf 8f5f 	dmb	sy
1000060a:	2300      	movs	r3, #0
1000060c:	600b      	str	r3, [r1, #0]
1000060e:	f388 8810 	msr	PRIMASK, r8
10000612:	2001      	movs	r0, #1
10000614:	4240      	negs	r0, r0
10000616:	4663      	mov	r3, ip
10000618:	2b00      	cmp	r3, #0
1000061a:	d0ed      	beq.n	100005f8 <hw_claim_unused_from_range+0x58>
1000061c:	9808      	ldr	r0, [sp, #32]
1000061e:	f7ff ff7f 	bl	10000520 <panic>
10000622:	46c0      	nop			@ (mov r8, r8)
10000624:	d000012c 	.word	0xd000012c

10000628 <next_striped_spin_lock_num>:
10000628:	4a04      	ldr	r2, [pc, #16]	@ (1000063c <next_striped_spin_lock_num+0x14>)
1000062a:	7810      	ldrb	r0, [r2, #0]
1000062c:	1c43      	adds	r3, r0, #1
1000062e:	b2db      	uxtb	r3, r3
10000630:	2b17      	cmp	r3, #23
10000632:	d900      	bls.n	10000636 <next_striped_spin_lock_num+0xe>
10000634:	2310      	movs	r3, #16
10000636:	7013      	strb	r3, [r2, #0]
10000638:	4770      	bx	lr
1000063a:	46c0      	nop			@ (mov r8, r8)
1000063c:	20000f40 	.word	0x20000f40

10000640 <spin_lock_claim_unused>:
10000640:	b500      	push	{lr}
10000642:	4b05      	ldr	r3, [pc, #20]	@ (10000658 <spin_lock_claim_unused+0x18>)
10000644:	b083      	sub	sp, #12
10000646:	0001      	movs	r1, r0
10000648:	9300      	str	r3, [sp, #0]
1000064a:	2218      	movs	r2, #24
1000064c:	231f      	movs	r3, #31
1000064e:	4803      	ldr	r0, [pc, #12]	@ (1000065c <spin_lock_claim_unused+0x1c>)
10000650:	f7ff ffa6 	bl	100005a0 <hw_claim_unused_from_range>
10000654:	b003      	add	sp, #12
10000656:	bd00      	pop	{pc}
10000658:	10004a60 	.word	0x10004a60
1000065c:	200017bc 	.word	0x200017bc

10000660 <spin_locks_reset>:
10000660:	2100      	movs	r1, #0
10000662:	4b04      	ldr	r3, [pc, #16]	@ (10000674 <spin_locks_reset+0x14>)
10000664:	4a04      	ldr	r2, [pc, #16]	@ (10000678 <spin_locks_reset+0x18>)
10000666:	f3bf 8f5f 	dmb	sy
1000066a:	c302      	stmia	r3!, {r1}
1000066c:	4293      	cmp	r3, r2
1000066e:	d1fa      	bne.n	10000666 <spin_locks_reset+0x6>
10000670:	4770      	bx	lr
10000672:	46c0      	nop			@ (mov r8, r8)
10000674:	d0000100 	.word	0xd0000100
10000678:	d0000180 	.word	0xd0000180

1000067c <runtime_init_per_core_irq_priorities>:
1000067c:	4b08      	ldr	r3, [pc, #32]	@ (100006a0 <runtime_init_per_core_irq_priorities+0x24>)
1000067e:	4a09      	ldr	r2, [pc, #36]	@ (100006a4 <runtime_init_per_core_irq_priorities+0x28>)
10000680:	6013      	str	r3, [r2, #0]
10000682:	4a09      	ldr	r2, [pc, #36]	@ (100006a8 <runtime_init_per_core_irq_priorities+0x2c>)
10000684:	6013      	str	r3, [r2, #0]
10000686:	4a09      	ldr	r2, [pc, #36]	@ (100006ac <runtime_init_per_core_irq_priorities+0x30>)
10000688:	6013      	str	r3, [r2, #0]
1000068a:	4a09      	ldr	r2, [pc, #36]	@ (100006b0 <runtime_init_per_core_irq_priorities+0x34>)
1000068c:	6013      	str	r3, [r2, #0]
1000068e:	4a09      	ldr	r2, [pc, #36]	@ (100006b4 <runtime_init_per_core_irq_priorities+0x38>)
10000690:	6013      	str	r3, [r2, #0]
10000692:	4a09      	ldr	r2, [pc, #36]	@ (100006b8 <runtime_init_per_core_irq_priorities+0x3c>)
10000694:	6013      	str	r3, [r2, #0]
10000696:	4a09      	ldr	r2, [pc, #36]	@ (100006bc <runtime_init_per_core_irq_priorities+0x40>)
10000698:	6013      	str	r3, [r2, #0]
1000069a:	4a09      	ldr	r2, [pc, #36]	@ (100006c0 <runtime_init_per_core_irq_priorities+0x44>)
1000069c:	6013      	str	r3, [r2, #0]
1000069e:	4770      	bx	lr
100006a0:	80808080 	.word	0x80808080
100006a4:	e000e400 	.word	0xe000e400
100006a8:	e000e404 	.word	0xe000e404
100006ac:	e000e408 	.word	0xe000e408
100006b0:	e000e40c 	.word	0xe000e40c
100006b4:	e000e410 	.word	0xe000e410
100006b8:	e000e414 	.word	0xe000e414
100006bc:	e000e418 	.word	0xe000e418
100006c0:	e000e41c 	.word	0xe000e41c

100006c4 <irq_set_enabled>:
100006c4:	231f      	movs	r3, #31
100006c6:	4018      	ands	r0, r3
100006c8:	3b1e      	subs	r3, #30
100006ca:	4083      	lsls	r3, r0
100006cc:	2900      	cmp	r1, #0
100006ce:	d005      	beq.n	100006dc <irq_set_enabled+0x18>
100006d0:	21c0      	movs	r1, #192	@ 0xc0
100006d2:	4a04      	ldr	r2, [pc, #16]	@ (100006e4 <irq_set_enabled+0x20>)
100006d4:	0049      	lsls	r1, r1, #1
100006d6:	5053      	str	r3, [r2, r1]
100006d8:	6013      	str	r3, [r2, #0]
100006da:	4770      	bx	lr
100006dc:	2280      	movs	r2, #128	@ 0x80
100006de:	4901      	ldr	r1, [pc, #4]	@ (100006e4 <irq_set_enabled+0x20>)
100006e0:	508b      	str	r3, [r1, r2]
100006e2:	e7fa      	b.n	100006da <irq_set_enabled+0x16>
100006e4:	e000e100 	.word	0xe000e100

100006e8 <irq_is_enabled>:
100006e8:	2201      	movs	r2, #1
100006ea:	4082      	lsls	r2, r0
100006ec:	4b03      	ldr	r3, [pc, #12]	@ (100006fc <irq_is_enabled+0x14>)
100006ee:	681b      	ldr	r3, [r3, #0]
100006f0:	4013      	ands	r3, r2
100006f2:	1e5a      	subs	r2, r3, #1
100006f4:	4193      	sbcs	r3, r2
100006f6:	b2d8      	uxtb	r0, r3
100006f8:	4770      	bx	lr
100006fa:	46c0      	nop			@ (mov r8, r8)
100006fc:	e000e100 	.word	0xe000e100

10000700 <irq_set_pending>:
10000700:	2301      	movs	r3, #1
10000702:	4083      	lsls	r3, r0
10000704:	4a01      	ldr	r2, [pc, #4]	@ (1000070c <irq_set_pending+0xc>)
10000706:	6013      	str	r3, [r2, #0]
10000708:	4770      	bx	lr
1000070a:	46c0      	nop			@ (mov r8, r8)
1000070c:	e000e200 	.word	0xe000e200

10000710 <irq_has_shared_handler>:
10000710:	4b05      	ldr	r3, [pc, #20]	@ (10000728 <irq_has_shared_handler+0x18>)
10000712:	3010      	adds	r0, #16
10000714:	689b      	ldr	r3, [r3, #8]
10000716:	0080      	lsls	r0, r0, #2
10000718:	58c3      	ldr	r3, [r0, r3]
1000071a:	4a04      	ldr	r2, [pc, #16]	@ (1000072c <irq_has_shared_handler+0x1c>)
1000071c:	2000      	movs	r0, #0
1000071e:	1a9b      	subs	r3, r3, r2
10000720:	2247      	movs	r2, #71	@ 0x47
10000722:	429a      	cmp	r2, r3
10000724:	4140      	adcs	r0, r0
10000726:	4770      	bx	lr
10000728:	e000ed00 	.word	0xe000ed00
1000072c:	20000f44 	.word	0x20000f44

10000730 <irq_set_exclusive_handler>:
10000730:	b510      	push	{r4, lr}
10000732:	f3ef 8c10 	mrs	ip, PRIMASK
10000736:	b672      	cpsid	i
10000738:	4a0f      	ldr	r2, [pc, #60]	@ (10000778 <irq_set_exclusive_handler+0x48>)
1000073a:	6813      	ldr	r3, [r2, #0]
1000073c:	2b00      	cmp	r3, #0
1000073e:	d0fc      	beq.n	1000073a <irq_set_exclusive_handler+0xa>
10000740:	f3bf 8f5f 	dmb	sy
10000744:	4b0d      	ldr	r3, [pc, #52]	@ (1000077c <irq_set_exclusive_handler+0x4c>)
10000746:	3010      	adds	r0, #16
10000748:	689b      	ldr	r3, [r3, #8]
1000074a:	0080      	lsls	r0, r0, #2
1000074c:	581b      	ldr	r3, [r3, r0]
1000074e:	4a0c      	ldr	r2, [pc, #48]	@ (10000780 <irq_set_exclusive_handler+0x50>)
10000750:	4293      	cmp	r3, r2
10000752:	d001      	beq.n	10000758 <irq_set_exclusive_handler+0x28>
10000754:	4299      	cmp	r1, r3
10000756:	d10c      	bne.n	10000772 <irq_set_exclusive_handler+0x42>
10000758:	4b08      	ldr	r3, [pc, #32]	@ (1000077c <irq_set_exclusive_handler+0x4c>)
1000075a:	689b      	ldr	r3, [r3, #8]
1000075c:	5019      	str	r1, [r3, r0]
1000075e:	f3bf 8f5f 	dmb	sy
10000762:	f3bf 8f5f 	dmb	sy
10000766:	2200      	movs	r2, #0
10000768:	4b03      	ldr	r3, [pc, #12]	@ (10000778 <irq_set_exclusive_handler+0x48>)
1000076a:	601a      	str	r2, [r3, #0]
1000076c:	f38c 8810 	msr	PRIMASK, ip
10000770:	bd10      	pop	{r4, pc}
10000772:	f001 f98b 	bl	10001a8c <hard_assertion_failure>
10000776:	46c0      	nop			@ (mov r8, r8)
10000778:	d0000124 	.word	0xd0000124
1000077c:	e000ed00 	.word	0xe000ed00
10000780:	100001c1 	.word	0x100001c1

10000784 <irq_add_shared_handler>:
10000784:	b5f0      	push	{r4, r5, r6, r7, lr}
10000786:	46de      	mov	lr, fp
10000788:	4657      	mov	r7, sl
1000078a:	464e      	mov	r6, r9
1000078c:	4645      	mov	r5, r8
1000078e:	b5e0      	push	{r5, r6, r7, lr}
10000790:	468b      	mov	fp, r1
10000792:	b085      	sub	sp, #20
10000794:	f3ef 8810 	mrs	r8, PRIMASK
10000798:	b672      	cpsid	i
1000079a:	0016      	movs	r6, r2
1000079c:	4a5b      	ldr	r2, [pc, #364]	@ (1000090c <irq_add_shared_handler+0x188>)
1000079e:	6813      	ldr	r3, [r2, #0]
100007a0:	2b00      	cmp	r3, #0
100007a2:	d0fc      	beq.n	1000079e <irq_add_shared_handler+0x1a>
100007a4:	46b2      	mov	sl, r6
100007a6:	f3bf 8f5f 	dmb	sy
100007aa:	2500      	movs	r5, #0
100007ac:	4958      	ldr	r1, [pc, #352]	@ (10000910 <irq_add_shared_handler+0x18c>)
100007ae:	574d      	ldrsb	r5, [r1, r5]
100007b0:	2d00      	cmp	r5, #0
100007b2:	da00      	bge.n	100007b6 <irq_add_shared_handler+0x32>
100007b4:	e0a8      	b.n	10000908 <irq_add_shared_handler+0x184>
100007b6:	006b      	lsls	r3, r5, #1
100007b8:	4a56      	ldr	r2, [pc, #344]	@ (10000914 <irq_add_shared_handler+0x190>)
100007ba:	9301      	str	r3, [sp, #4]
100007bc:	195b      	adds	r3, r3, r5
100007be:	009b      	lsls	r3, r3, #2
100007c0:	18d4      	adds	r4, r2, r3
100007c2:	79a7      	ldrb	r7, [r4, #6]
100007c4:	3010      	adds	r0, #16
100007c6:	700f      	strb	r7, [r1, #0]
100007c8:	4953      	ldr	r1, [pc, #332]	@ (10000918 <irq_add_shared_handler+0x194>)
100007ca:	0080      	lsls	r0, r0, #2
100007cc:	6889      	ldr	r1, [r1, #8]
100007ce:	4684      	mov	ip, r0
100007d0:	580f      	ldr	r7, [r1, r0]
100007d2:	1ab9      	subs	r1, r7, r2
100007d4:	2947      	cmp	r1, #71	@ 0x47
100007d6:	d833      	bhi.n	10000840 <irq_add_shared_handler+0xbc>
100007d8:	2001      	movs	r0, #1
100007da:	0039      	movs	r1, r7
100007dc:	4381      	bics	r1, r0
100007de:	79ce      	ldrb	r6, [r1, #7]
100007e0:	4556      	cmp	r6, sl
100007e2:	d800      	bhi.n	100007e6 <irq_add_shared_handler+0x62>
100007e4:	e06a      	b.n	100008bc <irq_add_shared_handler+0x138>
100007e6:	46a1      	mov	r9, r4
100007e8:	4656      	mov	r6, sl
100007ea:	9303      	str	r3, [sp, #12]
100007ec:	e007      	b.n	100007fe <irq_add_shared_handler+0x7a>
100007ee:	0058      	lsls	r0, r3, #1
100007f0:	18c0      	adds	r0, r0, r3
100007f2:	0080      	lsls	r0, r0, #2
100007f4:	1810      	adds	r0, r2, r0
100007f6:	79c4      	ldrb	r4, [r0, #7]
100007f8:	42b4      	cmp	r4, r6
100007fa:	d94d      	bls.n	10000898 <irq_add_shared_handler+0x114>
100007fc:	0001      	movs	r1, r0
100007fe:	2306      	movs	r3, #6
10000800:	56cb      	ldrsb	r3, [r1, r3]
10000802:	2b00      	cmp	r3, #0
10000804:	daf3      	bge.n	100007ee <irq_add_shared_handler+0x6a>
10000806:	1d08      	adds	r0, r1, #4
10000808:	464c      	mov	r4, r9
1000080a:	46b2      	mov	sl, r6
1000080c:	4681      	mov	r9, r0
1000080e:	9302      	str	r3, [sp, #8]
10000810:	4b42      	ldr	r3, [pc, #264]	@ (1000091c <irq_add_shared_handler+0x198>)
10000812:	464e      	mov	r6, r9
10000814:	3c04      	subs	r4, #4
10000816:	1ba4      	subs	r4, r4, r6
10000818:	0524      	lsls	r4, r4, #20
1000081a:	4e41      	ldr	r6, [pc, #260]	@ (10000920 <irq_add_shared_handler+0x19c>)
1000081c:	0d64      	lsrs	r4, r4, #21
1000081e:	4334      	orrs	r4, r6
10000820:	808c      	strh	r4, [r1, #4]
10000822:	718d      	strb	r5, [r1, #6]
10000824:	9901      	ldr	r1, [sp, #4]
10000826:	1949      	adds	r1, r1, r5
10000828:	0089      	lsls	r1, r1, #2
1000082a:	1852      	adds	r2, r2, r1
1000082c:	8093      	strh	r3, [r2, #4]
1000082e:	9b02      	ldr	r3, [sp, #8]
10000830:	493c      	ldr	r1, [pc, #240]	@ (10000924 <irq_add_shared_handler+0x1a0>)
10000832:	7193      	strb	r3, [r2, #6]
10000834:	4653      	mov	r3, sl
10000836:	71d3      	strb	r3, [r2, #7]
10000838:	465b      	mov	r3, fp
1000083a:	6011      	str	r1, [r2, #0]
1000083c:	6093      	str	r3, [r2, #8]
1000083e:	e017      	b.n	10000870 <irq_add_shared_handler+0xec>
10000840:	4939      	ldr	r1, [pc, #228]	@ (10000928 <irq_add_shared_handler+0x1a4>)
10000842:	428f      	cmp	r7, r1
10000844:	d160      	bne.n	10000908 <irq_add_shared_handler+0x184>
10000846:	4939      	ldr	r1, [pc, #228]	@ (1000092c <irq_add_shared_handler+0x1a8>)
10000848:	2701      	movs	r7, #1
1000084a:	52d1      	strh	r1, [r2, r3]
1000084c:	4938      	ldr	r1, [pc, #224]	@ (10000930 <irq_add_shared_handler+0x1ac>)
1000084e:	3302      	adds	r3, #2
10000850:	18d3      	adds	r3, r2, r3
10000852:	3904      	subs	r1, #4
10000854:	1acb      	subs	r3, r1, r3
10000856:	4a32      	ldr	r2, [pc, #200]	@ (10000920 <irq_add_shared_handler+0x19c>)
10000858:	051b      	lsls	r3, r3, #20
1000085a:	0d5b      	lsrs	r3, r3, #21
1000085c:	4313      	orrs	r3, r2
1000085e:	8063      	strh	r3, [r4, #2]
10000860:	4b34      	ldr	r3, [pc, #208]	@ (10000934 <irq_add_shared_handler+0x1b0>)
10000862:	71e6      	strb	r6, [r4, #7]
10000864:	80a3      	strh	r3, [r4, #4]
10000866:	23ff      	movs	r3, #255	@ 0xff
10000868:	71a3      	strb	r3, [r4, #6]
1000086a:	465b      	mov	r3, fp
1000086c:	4327      	orrs	r7, r4
1000086e:	60a3      	str	r3, [r4, #8]
10000870:	4662      	mov	r2, ip
10000872:	4b29      	ldr	r3, [pc, #164]	@ (10000918 <irq_add_shared_handler+0x194>)
10000874:	689b      	ldr	r3, [r3, #8]
10000876:	509f      	str	r7, [r3, r2]
10000878:	f3bf 8f5f 	dmb	sy
1000087c:	f3bf 8f5f 	dmb	sy
10000880:	2200      	movs	r2, #0
10000882:	4b22      	ldr	r3, [pc, #136]	@ (1000090c <irq_add_shared_handler+0x188>)
10000884:	601a      	str	r2, [r3, #0]
10000886:	f388 8810 	msr	PRIMASK, r8
1000088a:	b005      	add	sp, #20
1000088c:	bcf0      	pop	{r4, r5, r6, r7}
1000088e:	46bb      	mov	fp, r7
10000890:	46b2      	mov	sl, r6
10000892:	46a9      	mov	r9, r5
10000894:	46a0      	mov	r8, r4
10000896:	bdf0      	pop	{r4, r5, r6, r7, pc}
10000898:	46b2      	mov	sl, r6
1000089a:	1d0e      	adds	r6, r1, #4
1000089c:	464c      	mov	r4, r9
1000089e:	46b1      	mov	r9, r6
100008a0:	8888      	ldrh	r0, [r1, #4]
100008a2:	9302      	str	r3, [sp, #8]
100008a4:	9b03      	ldr	r3, [sp, #12]
100008a6:	0540      	lsls	r0, r0, #21
100008a8:	1500      	asrs	r0, r0, #20
100008aa:	3304      	adds	r3, #4
100008ac:	4448      	add	r0, r9
100008ae:	18d3      	adds	r3, r2, r3
100008b0:	1ac3      	subs	r3, r0, r3
100008b2:	051b      	lsls	r3, r3, #20
100008b4:	481a      	ldr	r0, [pc, #104]	@ (10000920 <irq_add_shared_handler+0x19c>)
100008b6:	0d5b      	lsrs	r3, r3, #21
100008b8:	4303      	orrs	r3, r0
100008ba:	e7aa      	b.n	10000812 <irq_add_shared_handler+0x8e>
100008bc:	1c9e      	adds	r6, r3, #2
100008be:	46b1      	mov	r9, r6
100008c0:	4491      	add	r9, r2
100008c2:	464e      	mov	r6, r9
100008c4:	000f      	movs	r7, r1
100008c6:	4d1c      	ldr	r5, [pc, #112]	@ (10000938 <irq_add_shared_handler+0x1b4>)
100008c8:	1abf      	subs	r7, r7, r2
100008ca:	417f      	adcs	r7, r7
100008cc:	437d      	muls	r5, r7
100008ce:	0d2d      	lsrs	r5, r5, #20
100008d0:	4f16      	ldr	r7, [pc, #88]	@ (1000092c <irq_add_shared_handler+0x1a8>)
100008d2:	71a5      	strb	r5, [r4, #6]
100008d4:	52d7      	strh	r7, [r2, r3]
100008d6:	4f16      	ldr	r7, [pc, #88]	@ (10000930 <irq_add_shared_handler+0x1ac>)
100008d8:	3304      	adds	r3, #4
100008da:	3f04      	subs	r7, #4
100008dc:	18d3      	adds	r3, r2, r3
100008de:	1bbf      	subs	r7, r7, r6
100008e0:	1acb      	subs	r3, r1, r3
100008e2:	053f      	lsls	r7, r7, #20
100008e4:	3b04      	subs	r3, #4
100008e6:	0d7e      	lsrs	r6, r7, #21
100008e8:	051b      	lsls	r3, r3, #20
100008ea:	4f0d      	ldr	r7, [pc, #52]	@ (10000920 <irq_add_shared_handler+0x19c>)
100008ec:	0d5b      	lsrs	r3, r3, #21
100008ee:	433e      	orrs	r6, r7
100008f0:	431f      	orrs	r7, r3
100008f2:	4653      	mov	r3, sl
100008f4:	71e3      	strb	r3, [r4, #7]
100008f6:	465b      	mov	r3, fp
100008f8:	60a3      	str	r3, [r4, #8]
100008fa:	4b0a      	ldr	r3, [pc, #40]	@ (10000924 <irq_add_shared_handler+0x1a0>)
100008fc:	80a7      	strh	r7, [r4, #4]
100008fe:	8066      	strh	r6, [r4, #2]
10000900:	4304      	orrs	r4, r0
10000902:	0027      	movs	r7, r4
10000904:	600b      	str	r3, [r1, #0]
10000906:	e7b3      	b.n	10000870 <irq_add_shared_handler+0xec>
10000908:	f001 f8c0 	bl	10001a8c <hard_assertion_failure>
1000090c:	d0000124 	.word	0xd0000124
10000910:	2000207d 	.word	0x2000207d
10000914:	20000f44 	.word	0x20000f44
10000918:	e000ed00 	.word	0xe000ed00
1000091c:	0000bd01 	.word	0x0000bd01
10000920:	ffffe000 	.word	0xffffe000
10000924:	47804801 	.word	0x47804801
10000928:	100001c1 	.word	0x100001c1
1000092c:	ffffa100 	.word	0xffffa100
10000930:	20000f8c 	.word	0x20000f8c
10000934:	ffffbd01 	.word	0xffffbd01
10000938:	0000aaaa 	.word	0x0000aaaa

1000093c <irq_remove_handler>:
1000093c:	b5f0      	push	{r4, r5, r6, r7, lr}
1000093e:	46de      	mov	lr, fp
10000940:	4657      	mov	r7, sl
10000942:	464e      	mov	r6, r9
10000944:	4645      	mov	r5, r8
10000946:	b5e0      	push	{r5, r6, r7, lr}
10000948:	b083      	sub	sp, #12
1000094a:	f3ef 8910 	mrs	r9, PRIMASK
1000094e:	b672      	cpsid	i
10000950:	4a5d      	ldr	r2, [pc, #372]	@ (10000ac8 <irq_remove_handler+0x18c>)
10000952:	6813      	ldr	r3, [r2, #0]
10000954:	2b00      	cmp	r3, #0
10000956:	d0fc      	beq.n	10000952 <irq_remove_handler+0x16>
10000958:	f3bf 8f5f 	dmb	sy
1000095c:	4b5b      	ldr	r3, [pc, #364]	@ (10000acc <irq_remove_handler+0x190>)
1000095e:	4e5c      	ldr	r6, [pc, #368]	@ (10000ad0 <irq_remove_handler+0x194>)
10000960:	689a      	ldr	r2, [r3, #8]
10000962:	0003      	movs	r3, r0
10000964:	3310      	adds	r3, #16
10000966:	009c      	lsls	r4, r3, #2
10000968:	5912      	ldr	r2, [r2, r4]
1000096a:	4698      	mov	r8, r3
1000096c:	42b2      	cmp	r2, r6
1000096e:	d03b      	beq.n	100009e8 <irq_remove_handler+0xac>
10000970:	428a      	cmp	r2, r1
10000972:	d04c      	beq.n	10000a0e <irq_remove_handler+0xd2>
10000974:	4f57      	ldr	r7, [pc, #348]	@ (10000ad4 <irq_remove_handler+0x198>)
10000976:	46bc      	mov	ip, r7
10000978:	1bd7      	subs	r7, r2, r7
1000097a:	2f47      	cmp	r7, #71	@ 0x47
1000097c:	d834      	bhi.n	100009e8 <irq_remove_handler+0xac>
1000097e:	4b56      	ldr	r3, [pc, #344]	@ (10000ad8 <irq_remove_handler+0x19c>)
10000980:	271f      	movs	r7, #31
10000982:	681d      	ldr	r5, [r3, #0]
10000984:	4007      	ands	r7, r0
10000986:	46aa      	mov	sl, r5
10000988:	2501      	movs	r5, #1
1000098a:	40bd      	lsls	r5, r7
1000098c:	2780      	movs	r7, #128	@ 0x80
1000098e:	9501      	str	r5, [sp, #4]
10000990:	51dd      	str	r5, [r3, r7]
10000992:	f3bf 8f5f 	dmb	sy
10000996:	f3ef 8505 	mrs	r5, IPSR
1000099a:	46ab      	mov	fp, r5
1000099c:	2d00      	cmp	r5, #0
1000099e:	d138      	bne.n	10000a12 <irq_remove_handler+0xd6>
100009a0:	2301      	movs	r3, #1
100009a2:	001d      	movs	r5, r3
100009a4:	4085      	lsls	r5, r0
100009a6:	0028      	movs	r0, r5
100009a8:	4655      	mov	r5, sl
100009aa:	4005      	ands	r5, r0
100009ac:	0010      	movs	r0, r2
100009ae:	4398      	bics	r0, r3
100009b0:	6887      	ldr	r7, [r0, #8]
100009b2:	46aa      	mov	sl, r5
100009b4:	42b9      	cmp	r1, r7
100009b6:	d108      	bne.n	100009ca <irq_remove_handler+0x8e>
100009b8:	e07c      	b.n	10000ab4 <irq_remove_handler+0x178>
100009ba:	0073      	lsls	r3, r6, #1
100009bc:	199b      	adds	r3, r3, r6
100009be:	009b      	lsls	r3, r3, #2
100009c0:	4463      	add	r3, ip
100009c2:	689f      	ldr	r7, [r3, #8]
100009c4:	42b9      	cmp	r1, r7
100009c6:	d02d      	beq.n	10000a24 <irq_remove_handler+0xe8>
100009c8:	0018      	movs	r0, r3
100009ca:	2606      	movs	r6, #6
100009cc:	5786      	ldrsb	r6, [r0, r6]
100009ce:	2e00      	cmp	r6, #0
100009d0:	daf3      	bge.n	100009ba <irq_remove_handler+0x7e>
100009d2:	42b9      	cmp	r1, r7
100009d4:	d04c      	beq.n	10000a70 <irq_remove_handler+0x134>
100009d6:	4653      	mov	r3, sl
100009d8:	2b00      	cmp	r3, #0
100009da:	d01e      	beq.n	10000a1a <irq_remove_handler+0xde>
100009dc:	21c0      	movs	r1, #192	@ 0xc0
100009de:	4b3e      	ldr	r3, [pc, #248]	@ (10000ad8 <irq_remove_handler+0x19c>)
100009e0:	9801      	ldr	r0, [sp, #4]
100009e2:	0049      	lsls	r1, r1, #1
100009e4:	5058      	str	r0, [r3, r1]
100009e6:	6018      	str	r0, [r3, #0]
100009e8:	4b38      	ldr	r3, [pc, #224]	@ (10000acc <irq_remove_handler+0x190>)
100009ea:	689b      	ldr	r3, [r3, #8]
100009ec:	511a      	str	r2, [r3, r4]
100009ee:	f3bf 8f5f 	dmb	sy
100009f2:	f3bf 8f5f 	dmb	sy
100009f6:	2200      	movs	r2, #0
100009f8:	4b33      	ldr	r3, [pc, #204]	@ (10000ac8 <irq_remove_handler+0x18c>)
100009fa:	601a      	str	r2, [r3, #0]
100009fc:	f389 8810 	msr	PRIMASK, r9
10000a00:	b003      	add	sp, #12
10000a02:	bcf0      	pop	{r4, r5, r6, r7}
10000a04:	46bb      	mov	fp, r7
10000a06:	46b2      	mov	sl, r6
10000a08:	46a9      	mov	r9, r5
10000a0a:	46a0      	mov	r8, r4
10000a0c:	bdf0      	pop	{r4, r5, r6, r7, pc}
10000a0e:	0032      	movs	r2, r6
10000a10:	e7ea      	b.n	100009e8 <irq_remove_handler+0xac>
10000a12:	45a8      	cmp	r8, r5
10000a14:	d0c4      	beq.n	100009a0 <irq_remove_handler+0x64>
10000a16:	f001 f839 	bl	10001a8c <hard_assertion_failure>
10000a1a:	2380      	movs	r3, #128	@ 0x80
10000a1c:	492e      	ldr	r1, [pc, #184]	@ (10000ad8 <irq_remove_handler+0x19c>)
10000a1e:	9801      	ldr	r0, [sp, #4]
10000a20:	50c8      	str	r0, [r1, r3]
10000a22:	e7e1      	b.n	100009e8 <irq_remove_handler+0xac>
10000a24:	2706      	movs	r7, #6
10000a26:	57df      	ldrsb	r7, [r3, r7]
10000a28:	2f00      	cmp	r7, #0
10000a2a:	db22      	blt.n	10000a72 <irq_remove_handler+0x136>
10000a2c:	0079      	lsls	r1, r7, #1
10000a2e:	19c8      	adds	r0, r1, r7
10000a30:	0085      	lsls	r5, r0, #2
10000a32:	002e      	movs	r6, r5
10000a34:	4466      	add	r6, ip
10000a36:	68b0      	ldr	r0, [r6, #8]
10000a38:	6098      	str	r0, [r3, #8]
10000a3a:	79f0      	ldrb	r0, [r6, #7]
10000a3c:	71d8      	strb	r0, [r3, #7]
10000a3e:	2006      	movs	r0, #6
10000a40:	5630      	ldrsb	r0, [r6, r0]
10000a42:	7198      	strb	r0, [r3, #6]
10000a44:	2800      	cmp	r0, #0
10000a46:	db26      	blt.n	10000a96 <irq_remove_handler+0x15a>
10000a48:	4660      	mov	r0, ip
10000a4a:	88b6      	ldrh	r6, [r6, #4]
10000a4c:	1ac0      	subs	r0, r0, r3
10000a4e:	0576      	lsls	r6, r6, #21
10000a50:	1536      	asrs	r6, r6, #20
10000a52:	1976      	adds	r6, r6, r5
10000a54:	1980      	adds	r0, r0, r6
10000a56:	0500      	lsls	r0, r0, #20
10000a58:	4e20      	ldr	r6, [pc, #128]	@ (10000adc <irq_remove_handler+0x1a0>)
10000a5a:	0d40      	lsrs	r0, r0, #21
10000a5c:	4330      	orrs	r0, r6
10000a5e:	8098      	strh	r0, [r3, #4]
10000a60:	19cb      	adds	r3, r1, r7
10000a62:	491f      	ldr	r1, [pc, #124]	@ (10000ae0 <irq_remove_handler+0x1a4>)
10000a64:	009b      	lsls	r3, r3, #2
10000a66:	7808      	ldrb	r0, [r1, #0]
10000a68:	4463      	add	r3, ip
10000a6a:	7198      	strb	r0, [r3, #6]
10000a6c:	700f      	strb	r7, [r1, #0]
10000a6e:	e7b2      	b.n	100009d6 <irq_remove_handler+0x9a>
10000a70:	0003      	movs	r3, r0
10000a72:	4659      	mov	r1, fp
10000a74:	2900      	cmp	r1, #0
10000a76:	d110      	bne.n	10000a9a <irq_remove_handler+0x15e>
10000a78:	31ff      	adds	r1, #255	@ 0xff
10000a7a:	7181      	strb	r1, [r0, #6]
10000a7c:	4919      	ldr	r1, [pc, #100]	@ (10000ae4 <irq_remove_handler+0x1a8>)
10000a7e:	8081      	strh	r1, [r0, #4]
10000a80:	4817      	ldr	r0, [pc, #92]	@ (10000ae0 <irq_remove_handler+0x1a4>)
10000a82:	4665      	mov	r5, ip
10000a84:	7801      	ldrb	r1, [r0, #0]
10000a86:	7199      	strb	r1, [r3, #6]
10000a88:	4917      	ldr	r1, [pc, #92]	@ (10000ae8 <irq_remove_handler+0x1ac>)
10000a8a:	1b5b      	subs	r3, r3, r5
10000a8c:	415b      	adcs	r3, r3
10000a8e:	4359      	muls	r1, r3
10000a90:	0d09      	lsrs	r1, r1, #20
10000a92:	7001      	strb	r1, [r0, #0]
10000a94:	e79f      	b.n	100009d6 <irq_remove_handler+0x9a>
10000a96:	4813      	ldr	r0, [pc, #76]	@ (10000ae4 <irq_remove_handler+0x1a8>)
10000a98:	e7e1      	b.n	10000a5e <irq_remove_handler+0x122>
10000a9a:	4914      	ldr	r1, [pc, #80]	@ (10000aec <irq_remove_handler+0x1b0>)
10000a9c:	4814      	ldr	r0, [pc, #80]	@ (10000af0 <irq_remove_handler+0x1b4>)
10000a9e:	1ac9      	subs	r1, r1, r3
10000aa0:	3908      	subs	r1, #8
10000aa2:	024e      	lsls	r6, r1, #9
10000aa4:	0d76      	lsrs	r6, r6, #21
10000aa6:	4330      	orrs	r0, r6
10000aa8:	8098      	strh	r0, [r3, #4]
10000aaa:	4812      	ldr	r0, [pc, #72]	@ (10000af4 <irq_remove_handler+0x1b8>)
10000aac:	0849      	lsrs	r1, r1, #1
10000aae:	4301      	orrs	r1, r0
10000ab0:	80d9      	strh	r1, [r3, #6]
10000ab2:	e790      	b.n	100009d6 <irq_remove_handler+0x9a>
10000ab4:	2706      	movs	r7, #6
10000ab6:	57c7      	ldrsb	r7, [r0, r7]
10000ab8:	0003      	movs	r3, r0
10000aba:	2f00      	cmp	r7, #0
10000abc:	dab6      	bge.n	10000a2c <irq_remove_handler+0xf0>
10000abe:	4659      	mov	r1, fp
10000ac0:	2900      	cmp	r1, #0
10000ac2:	d1ea      	bne.n	10000a9a <irq_remove_handler+0x15e>
10000ac4:	0032      	movs	r2, r6
10000ac6:	e7db      	b.n	10000a80 <irq_remove_handler+0x144>
10000ac8:	d0000124 	.word	0xd0000124
10000acc:	e000ed00 	.word	0xe000ed00
10000ad0:	100001c1 	.word	0x100001c1
10000ad4:	20000f44 	.word	0x20000f44
10000ad8:	e000e100 	.word	0xe000e100
10000adc:	ffffe000 	.word	0xffffe000
10000ae0:	2000207d 	.word	0x2000207d
10000ae4:	ffffbd01 	.word	0xffffbd01
10000ae8:	0000aaaa 	.word	0x0000aaaa
10000aec:	20000f96 	.word	0x20000f96
10000af0:	fffff000 	.word	0xfffff000
10000af4:	fffff800 	.word	0xfffff800

10000af8 <irq_add_tail_to_free_list>:
10000af8:	2301      	movs	r3, #1
10000afa:	4303      	orrs	r3, r0
10000afc:	b570      	push	{r4, r5, r6, lr}
10000afe:	469c      	mov	ip, r3
10000b00:	f3ef 8105 	mrs	r1, IPSR
10000b04:	f3ef 8510 	mrs	r5, PRIMASK
10000b08:	b672      	cpsid	i
10000b0a:	4a27      	ldr	r2, [pc, #156]	@ (10000ba8 <irq_add_tail_to_free_list+0xb0>)
10000b0c:	6813      	ldr	r3, [r2, #0]
10000b0e:	2b00      	cmp	r3, #0
10000b10:	d0fc      	beq.n	10000b0c <irq_add_tail_to_free_list+0x14>
10000b12:	f3bf 8f5f 	dmb	sy
10000b16:	4a25      	ldr	r2, [pc, #148]	@ (10000bac <irq_add_tail_to_free_list+0xb4>)
10000b18:	0004      	movs	r4, r0
10000b1a:	4b25      	ldr	r3, [pc, #148]	@ (10000bb0 <irq_add_tail_to_free_list+0xb8>)
10000b1c:	1aa4      	subs	r4, r4, r2
10000b1e:	4164      	adcs	r4, r4
10000b20:	4363      	muls	r3, r4
10000b22:	0d1b      	lsrs	r3, r3, #20
10000b24:	4c23      	ldr	r4, [pc, #140]	@ (10000bb4 <irq_add_tail_to_free_list+0xbc>)
10000b26:	0089      	lsls	r1, r1, #2
10000b28:	68a6      	ldr	r6, [r4, #8]
10000b2a:	b25b      	sxtb	r3, r3
10000b2c:	5876      	ldr	r6, [r6, r1]
10000b2e:	4566      	cmp	r6, ip
10000b30:	d024      	beq.n	10000b7c <irq_add_tail_to_free_list+0x84>
10000b32:	2106      	movs	r1, #6
10000b34:	5651      	ldrsb	r1, [r2, r1]
10000b36:	4299      	cmp	r1, r3
10000b38:	d024      	beq.n	10000b84 <irq_add_tail_to_free_list+0x8c>
10000b3a:	2112      	movs	r1, #18
10000b3c:	5651      	ldrsb	r1, [r2, r1]
10000b3e:	4299      	cmp	r1, r3
10000b40:	d02a      	beq.n	10000b98 <irq_add_tail_to_free_list+0xa0>
10000b42:	211e      	movs	r1, #30
10000b44:	5651      	ldrsb	r1, [r2, r1]
10000b46:	4299      	cmp	r1, r3
10000b48:	d028      	beq.n	10000b9c <irq_add_tail_to_free_list+0xa4>
10000b4a:	212a      	movs	r1, #42	@ 0x2a
10000b4c:	5651      	ldrsb	r1, [r2, r1]
10000b4e:	4299      	cmp	r1, r3
10000b50:	d026      	beq.n	10000ba0 <irq_add_tail_to_free_list+0xa8>
10000b52:	2136      	movs	r1, #54	@ 0x36
10000b54:	5651      	ldrsb	r1, [r2, r1]
10000b56:	4299      	cmp	r1, r3
10000b58:	d024      	beq.n	10000ba4 <irq_add_tail_to_free_list+0xac>
10000b5a:	2142      	movs	r1, #66	@ 0x42
10000b5c:	5651      	ldrsb	r1, [r2, r1]
10000b5e:	2405      	movs	r4, #5
10000b60:	4299      	cmp	r1, r3
10000b62:	d010      	beq.n	10000b86 <irq_add_tail_to_free_list+0x8e>
10000b64:	4a14      	ldr	r2, [pc, #80]	@ (10000bb8 <irq_add_tail_to_free_list+0xc0>)
10000b66:	7811      	ldrb	r1, [r2, #0]
10000b68:	7013      	strb	r3, [r2, #0]
10000b6a:	7181      	strb	r1, [r0, #6]
10000b6c:	f3bf 8f5f 	dmb	sy
10000b70:	2200      	movs	r2, #0
10000b72:	4b0d      	ldr	r3, [pc, #52]	@ (10000ba8 <irq_add_tail_to_free_list+0xb0>)
10000b74:	601a      	str	r2, [r3, #0]
10000b76:	f385 8810 	msr	PRIMASK, r5
10000b7a:	bd70      	pop	{r4, r5, r6, pc}
10000b7c:	68a2      	ldr	r2, [r4, #8]
10000b7e:	4c0f      	ldr	r4, [pc, #60]	@ (10000bbc <irq_add_tail_to_free_list+0xc4>)
10000b80:	5054      	str	r4, [r2, r1]
10000b82:	e7ef      	b.n	10000b64 <irq_add_tail_to_free_list+0x6c>
10000b84:	2400      	movs	r4, #0
10000b86:	0061      	lsls	r1, r4, #1
10000b88:	1909      	adds	r1, r1, r4
10000b8a:	0089      	lsls	r1, r1, #2
10000b8c:	1852      	adds	r2, r2, r1
10000b8e:	21ff      	movs	r1, #255	@ 0xff
10000b90:	7191      	strb	r1, [r2, #6]
10000b92:	490b      	ldr	r1, [pc, #44]	@ (10000bc0 <irq_add_tail_to_free_list+0xc8>)
10000b94:	8091      	strh	r1, [r2, #4]
10000b96:	e7e5      	b.n	10000b64 <irq_add_tail_to_free_list+0x6c>
10000b98:	2401      	movs	r4, #1
10000b9a:	e7f4      	b.n	10000b86 <irq_add_tail_to_free_list+0x8e>
10000b9c:	2402      	movs	r4, #2
10000b9e:	e7f2      	b.n	10000b86 <irq_add_tail_to_free_list+0x8e>
10000ba0:	2403      	movs	r4, #3
10000ba2:	e7f0      	b.n	10000b86 <irq_add_tail_to_free_list+0x8e>
10000ba4:	2404      	movs	r4, #4
10000ba6:	e7ee      	b.n	10000b86 <irq_add_tail_to_free_list+0x8e>
10000ba8:	d0000124 	.word	0xd0000124
10000bac:	20000f44 	.word	0x20000f44
10000bb0:	0000aaaa 	.word	0x0000aaaa
10000bb4:	e000ed00 	.word	0xe000ed00
10000bb8:	2000207d 	.word	0x2000207d
10000bbc:	100001c1 	.word	0x100001c1
10000bc0:	ffffbd01 	.word	0xffffbd01

10000bc4 <user_irq_claim_unused>:
10000bc4:	b500      	push	{lr}
10000bc6:	4b07      	ldr	r3, [pc, #28]	@ (10000be4 <user_irq_claim_unused+0x20>)
10000bc8:	b083      	sub	sp, #12
10000bca:	0001      	movs	r1, r0
10000bcc:	9300      	str	r3, [sp, #0]
10000bce:	2200      	movs	r2, #0
10000bd0:	2305      	movs	r3, #5
10000bd2:	4805      	ldr	r0, [pc, #20]	@ (10000be8 <user_irq_claim_unused+0x24>)
10000bd4:	f7ff fce4 	bl	100005a0 <hw_claim_unused_from_range>
10000bd8:	2800      	cmp	r0, #0
10000bda:	db01      	blt.n	10000be0 <user_irq_claim_unused+0x1c>
10000bdc:	231f      	movs	r3, #31
10000bde:	1a18      	subs	r0, r3, r0
10000be0:	b003      	add	sp, #12
10000be2:	bd00      	pop	{pc}
10000be4:	10004a7c 	.word	0x10004a7c
10000be8:	20002081 	.word	0x20002081

10000bec <lock_init>:
10000bec:	4b02      	ldr	r3, [pc, #8]	@ (10000bf8 <lock_init+0xc>)
10000bee:	18c9      	adds	r1, r1, r3
10000bf0:	0089      	lsls	r1, r1, #2
10000bf2:	6001      	str	r1, [r0, #0]
10000bf4:	4770      	bx	lr
10000bf6:	46c0      	nop			@ (mov r8, r8)
10000bf8:	34000040 	.word	0x34000040

10000bfc <runtime_init_mutex>:
10000bfc:	b570      	push	{r4, r5, r6, lr}
10000bfe:	4c11      	ldr	r4, [pc, #68]	@ (10000c44 <runtime_init_mutex+0x48>)
10000c00:	4d11      	ldr	r5, [pc, #68]	@ (10000c48 <runtime_init_mutex+0x4c>)
10000c02:	42ac      	cmp	r4, r5
10000c04:	d20f      	bcs.n	10000c26 <runtime_init_mutex+0x2a>
10000c06:	26ff      	movs	r6, #255	@ 0xff
10000c08:	6823      	ldr	r3, [r4, #0]
10000c0a:	2b00      	cmp	r3, #0
10000c0c:	d00c      	beq.n	10000c28 <runtime_init_mutex+0x2c>
10000c0e:	f7ff fd0b 	bl	10000628 <next_striped_spin_lock_num>
10000c12:	0001      	movs	r1, r0
10000c14:	0020      	movs	r0, r4
10000c16:	f7ff ffe9 	bl	10000bec <lock_init>
10000c1a:	80a6      	strh	r6, [r4, #4]
10000c1c:	f3bf 8f5f 	dmb	sy
10000c20:	3408      	adds	r4, #8
10000c22:	42ac      	cmp	r4, r5
10000c24:	d3f0      	bcc.n	10000c08 <runtime_init_mutex+0xc>
10000c26:	bd70      	pop	{r4, r5, r6, pc}
10000c28:	f7ff fcfe 	bl	10000628 <next_striped_spin_lock_num>
10000c2c:	0001      	movs	r1, r0
10000c2e:	0020      	movs	r0, r4
10000c30:	f7ff ffdc 	bl	10000bec <lock_init>
10000c34:	7126      	strb	r6, [r4, #4]
10000c36:	f3bf 8f5f 	dmb	sy
10000c3a:	3408      	adds	r4, #8
10000c3c:	42ac      	cmp	r4, r5
10000c3e:	d3e3      	bcc.n	10000c08 <runtime_init_mutex+0xc>
10000c40:	e7f1      	b.n	10000c26 <runtime_init_mutex+0x2a>
10000c42:	46c0      	nop			@ (mov r8, r8)
10000c44:	20001050 	.word	0x20001050
10000c48:	20001058 	.word	0x20001058

10000c4c <mutex_init>:
10000c4c:	b510      	push	{r4, lr}
10000c4e:	0004      	movs	r4, r0
10000c50:	f7ff fcea 	bl	10000628 <next_striped_spin_lock_num>
10000c54:	0001      	movs	r1, r0
10000c56:	0020      	movs	r0, r4
10000c58:	f7ff ffc8 	bl	10000bec <lock_init>
10000c5c:	23ff      	movs	r3, #255	@ 0xff
10000c5e:	7123      	strb	r3, [r4, #4]
10000c60:	f3bf 8f5f 	dmb	sy
10000c64:	bd10      	pop	{r4, pc}
10000c66:	46c0      	nop			@ (mov r8, r8)

10000c68 <critical_section_init>:
10000c68:	b510      	push	{r4, lr}
10000c6a:	0004      	movs	r4, r0
10000c6c:	2001      	movs	r0, #1
10000c6e:	f7ff fce7 	bl	10000640 <spin_lock_claim_unused>
10000c72:	4b03      	ldr	r3, [pc, #12]	@ (10000c80 <critical_section_init+0x18>)
10000c74:	18c0      	adds	r0, r0, r3
10000c76:	0080      	lsls	r0, r0, #2
10000c78:	6020      	str	r0, [r4, #0]
10000c7a:	f3bf 8f5f 	dmb	sy
10000c7e:	bd10      	pop	{r4, pc}
10000c80:	34000040 	.word	0x34000040

10000c84 <critical_section_init_with_lock_num>:
10000c84:	4b03      	ldr	r3, [pc, #12]	@ (10000c94 <critical_section_init_with_lock_num+0x10>)
10000c86:	18c9      	adds	r1, r1, r3
10000c88:	0089      	lsls	r1, r1, #2
10000c8a:	6001      	str	r1, [r0, #0]
10000c8c:	f3bf 8f5f 	dmb	sy
10000c90:	4770      	bx	lr
10000c92:	46c0      	nop			@ (mov r8, r8)
10000c94:	34000040 	.word	0x34000040

10000c98 <sleep_until_callback>:
10000c98:	4b0a      	ldr	r3, [pc, #40]	@ (10000cc4 <sleep_until_callback+0x2c>)
10000c9a:	6819      	ldr	r1, [r3, #0]
10000c9c:	f3ef 8010 	mrs	r0, PRIMASK
10000ca0:	b672      	cpsid	i
10000ca2:	680a      	ldr	r2, [r1, #0]
10000ca4:	2a00      	cmp	r2, #0
10000ca6:	d0fc      	beq.n	10000ca2 <sleep_until_callback+0xa>
10000ca8:	f3bf 8f5f 	dmb	sy
10000cac:	681b      	ldr	r3, [r3, #0]
10000cae:	f3bf 8f5f 	dmb	sy
10000cb2:	2200      	movs	r2, #0
10000cb4:	601a      	str	r2, [r3, #0]
10000cb6:	f380 8810 	msr	PRIMASK, r0
10000cba:	bf40      	sev
10000cbc:	2000      	movs	r0, #0
10000cbe:	2100      	movs	r1, #0
10000cc0:	4770      	bx	lr
10000cc2:	46c0      	nop			@ (mov r8, r8)
10000cc4:	20002050 	.word	0x20002050

10000cc8 <alarm_pool_irq_handler>:
10000cc8:	b5f0      	push	{r4, r5, r6, r7, lr}
10000cca:	46de      	mov	lr, fp
10000ccc:	4657      	mov	r7, sl
10000cce:	464e      	mov	r6, r9
10000cd0:	4645      	mov	r5, r8
10000cd2:	b5e0      	push	{r5, r6, r7, lr}
10000cd4:	b085      	sub	sp, #20
10000cd6:	f3ef 8305 	mrs	r3, IPSR
10000cda:	2203      	movs	r2, #3
10000cdc:	401a      	ands	r2, r3
10000cde:	4bb3      	ldr	r3, [pc, #716]	@ (10000fac <alarm_pool_irq_handler+0x2e4>)
10000ce0:	0091      	lsls	r1, r2, #2
10000ce2:	585f      	ldr	r7, [r3, r1]
10000ce4:	2301      	movs	r3, #1
10000ce6:	4093      	lsls	r3, r2
10000ce8:	469b      	mov	fp, r3
10000cea:	9202      	str	r2, [sp, #8]
10000cec:	465a      	mov	r2, fp
10000cee:	4688      	mov	r8, r1
10000cf0:	4baf      	ldr	r3, [pc, #700]	@ (10000fb0 <alarm_pool_irq_handler+0x2e8>)
10000cf2:	601a      	str	r2, [r3, #0]
10000cf4:	4baf      	ldr	r3, [pc, #700]	@ (10000fb4 <alarm_pool_irq_handler+0x2ec>)
10000cf6:	9303      	str	r3, [sp, #12]
10000cf8:	465b      	mov	r3, fp
10000cfa:	48af      	ldr	r0, [pc, #700]	@ (10000fb8 <alarm_pool_irq_handler+0x2f0>)
10000cfc:	6343      	str	r3, [r0, #52]	@ 0x34
10000cfe:	2308      	movs	r3, #8
10000d00:	5efe      	ldrsh	r6, [r7, r3]
10000d02:	2e00      	cmp	r6, #0
10000d04:	da37      	bge.n	10000d76 <alarm_pool_irq_handler+0xae>
10000d06:	88bb      	ldrh	r3, [r7, #4]
10000d08:	b21b      	sxth	r3, r3
10000d0a:	2b00      	cmp	r3, #0
10000d0c:	db00      	blt.n	10000d10 <alarm_pool_irq_handler+0x48>
10000d0e:	e0a4      	b.n	10000e5a <alarm_pool_irq_handler+0x192>
10000d10:	79bb      	ldrb	r3, [r7, #6]
10000d12:	2b00      	cmp	r3, #0
10000d14:	d000      	beq.n	10000d18 <alarm_pool_irq_handler+0x50>
10000d16:	e0e5      	b.n	10000ee4 <alarm_pool_irq_handler+0x21c>
10000d18:	2308      	movs	r3, #8
10000d1a:	5ef9      	ldrsh	r1, [r7, r3]
10000d1c:	2900      	cmp	r1, #0
10000d1e:	db20      	blt.n	10000d62 <alarm_pool_irq_handler+0x9a>
10000d20:	004b      	lsls	r3, r1, #1
10000d22:	697a      	ldr	r2, [r7, #20]
10000d24:	185b      	adds	r3, r3, r1
10000d26:	00db      	lsls	r3, r3, #3
10000d28:	18d3      	adds	r3, r2, r3
10000d2a:	689d      	ldr	r5, [r3, #8]
10000d2c:	68dc      	ldr	r4, [r3, #12]
10000d2e:	1c6b      	adds	r3, r5, #1
10000d30:	d100      	bne.n	10000d34 <alarm_pool_irq_handler+0x6c>
10000d32:	e104      	b.n	10000f3e <alarm_pool_irq_handler+0x276>
10000d34:	48a0      	ldr	r0, [pc, #640]	@ (10000fb8 <alarm_pool_irq_handler+0x2f0>)
10000d36:	0001      	movs	r1, r0
10000d38:	4441      	add	r1, r8
10000d3a:	6a82      	ldr	r2, [r0, #40]	@ 0x28
10000d3c:	690b      	ldr	r3, [r1, #16]
10000d3e:	1aae      	subs	r6, r5, r2
10000d40:	1a9b      	subs	r3, r3, r2
10000d42:	429e      	cmp	r6, r3
10000d44:	d315      	bcc.n	10000d72 <alarm_pool_irq_handler+0xaa>
10000d46:	2301      	movs	r3, #1
10000d48:	6a02      	ldr	r2, [r0, #32]
10000d4a:	9802      	ldr	r0, [sp, #8]
10000d4c:	4083      	lsls	r3, r0
10000d4e:	421a      	tst	r2, r3
10000d50:	d00f      	beq.n	10000d72 <alarm_pool_irq_handler+0xaa>
10000d52:	4899      	ldr	r0, [pc, #612]	@ (10000fb8 <alarm_pool_irq_handler+0x2f0>)
10000d54:	f000 fbc0 	bl	100014d8 <timer_time_us_64>
10000d58:	428c      	cmp	r4, r1
10000d5a:	dc02      	bgt.n	10000d62 <alarm_pool_irq_handler+0x9a>
10000d5c:	d1cc      	bne.n	10000cf8 <alarm_pool_irq_handler+0x30>
10000d5e:	4285      	cmp	r5, r0
10000d60:	d9ca      	bls.n	10000cf8 <alarm_pool_irq_handler+0x30>
10000d62:	bf40      	sev
10000d64:	b005      	add	sp, #20
10000d66:	bcf0      	pop	{r4, r5, r6, r7}
10000d68:	46bb      	mov	fp, r7
10000d6a:	46b2      	mov	sl, r6
10000d6c:	46a9      	mov	r9, r5
10000d6e:	46a0      	mov	r8, r4
10000d70:	bdf0      	pop	{r4, r5, r6, r7, pc}
10000d72:	610d      	str	r5, [r1, #16]
10000d74:	e7ed      	b.n	10000d52 <alarm_pool_irq_handler+0x8a>
10000d76:	697a      	ldr	r2, [r7, #20]
10000d78:	0073      	lsls	r3, r6, #1
10000d7a:	4691      	mov	r9, r2
10000d7c:	199b      	adds	r3, r3, r6
10000d7e:	00db      	lsls	r3, r3, #3
10000d80:	4499      	add	r9, r3
10000d82:	464b      	mov	r3, r9
10000d84:	689c      	ldr	r4, [r3, #8]
10000d86:	68dd      	ldr	r5, [r3, #12]
10000d88:	f000 fba6 	bl	100014d8 <timer_time_us_64>
10000d8c:	428d      	cmp	r5, r1
10000d8e:	dcba      	bgt.n	10000d06 <alarm_pool_irq_handler+0x3e>
10000d90:	d100      	bne.n	10000d94 <alarm_pool_irq_handler+0xcc>
10000d92:	e0f6      	b.n	10000f82 <alarm_pool_irq_handler+0x2ba>
10000d94:	2d00      	cmp	r5, #0
10000d96:	da00      	bge.n	10000d9a <alarm_pool_irq_handler+0xd2>
10000d98:	e0db      	b.n	10000f52 <alarm_pool_irq_handler+0x28a>
10000d9a:	464a      	mov	r2, r9
10000d9c:	464b      	mov	r3, r9
10000d9e:	6952      	ldr	r2, [r2, #20]
10000da0:	691b      	ldr	r3, [r3, #16]
10000da2:	4692      	mov	sl, r2
10000da4:	9a03      	ldr	r2, [sp, #12]
10000da6:	4293      	cmp	r3, r2
10000da8:	d100      	bne.n	10000dac <alarm_pool_irq_handler+0xe4>
10000daa:	e0cc      	b.n	10000f46 <alarm_pool_irq_handler+0x27e>
10000dac:	464a      	mov	r2, r9
10000dae:	2108      	movs	r1, #8
10000db0:	5e78      	ldrsh	r0, [r7, r1]
10000db2:	8852      	ldrh	r2, [r2, #2]
10000db4:	0400      	lsls	r0, r0, #16
10000db6:	4651      	mov	r1, sl
10000db8:	4310      	orrs	r0, r2
10000dba:	4798      	blx	r3
10000dbc:	9000      	str	r0, [sp, #0]
10000dbe:	9101      	str	r1, [sp, #4]
10000dc0:	9900      	ldr	r1, [sp, #0]
10000dc2:	9a01      	ldr	r2, [sp, #4]
10000dc4:	000b      	movs	r3, r1
10000dc6:	4313      	orrs	r3, r2
10000dc8:	d100      	bne.n	10000dcc <alarm_pool_irq_handler+0x104>
10000dca:	e0c2      	b.n	10000f52 <alarm_pool_irq_handler+0x28a>
10000dcc:	0013      	movs	r3, r2
10000dce:	000a      	movs	r2, r1
10000dd0:	2b00      	cmp	r3, #0
10000dd2:	db00      	blt.n	10000dd6 <alarm_pool_irq_handler+0x10e>
10000dd4:	e0d9      	b.n	10000f8a <alarm_pool_irq_handler+0x2c2>
10000dd6:	0020      	movs	r0, r4
10000dd8:	0029      	movs	r1, r5
10000dda:	1a80      	subs	r0, r0, r2
10000ddc:	4199      	sbcs	r1, r3
10000dde:	464b      	mov	r3, r9
10000de0:	6098      	str	r0, [r3, #8]
10000de2:	60d9      	str	r1, [r3, #12]
10000de4:	2200      	movs	r2, #0
10000de6:	5e9b      	ldrsh	r3, [r3, r2]
10000de8:	2b00      	cmp	r3, #0
10000dea:	da00      	bge.n	10000dee <alarm_pool_irq_handler+0x126>
10000dec:	e78b      	b.n	10000d06 <alarm_pool_irq_handler+0x3e>
10000dee:	005d      	lsls	r5, r3, #1
10000df0:	697c      	ldr	r4, [r7, #20]
10000df2:	18ea      	adds	r2, r5, r3
10000df4:	00d2      	lsls	r2, r2, #3
10000df6:	18a2      	adds	r2, r4, r2
10000df8:	9400      	str	r4, [sp, #0]
10000dfa:	6894      	ldr	r4, [r2, #8]
10000dfc:	68d2      	ldr	r2, [r2, #12]
10000dfe:	46a2      	mov	sl, r4
10000e00:	428a      	cmp	r2, r1
10000e02:	dd00      	ble.n	10000e06 <alarm_pool_irq_handler+0x13e>
10000e04:	e77f      	b.n	10000d06 <alarm_pool_irq_handler+0x3e>
10000e06:	d102      	bne.n	10000e0e <alarm_pool_irq_handler+0x146>
10000e08:	4284      	cmp	r4, r0
10000e0a:	d900      	bls.n	10000e0e <alarm_pool_irq_handler+0x146>
10000e0c:	e77b      	b.n	10000d06 <alarm_pool_irq_handler+0x3e>
10000e0e:	2408      	movs	r4, #8
10000e10:	46a4      	mov	ip, r4
10000e12:	813b      	strh	r3, [r7, #8]
10000e14:	44bc      	add	ip, r7
10000e16:	9c00      	ldr	r4, [sp, #0]
10000e18:	9700      	str	r7, [sp, #0]
10000e1a:	002f      	movs	r7, r5
10000e1c:	4665      	mov	r5, ip
10000e1e:	46b4      	mov	ip, r6
10000e20:	003e      	movs	r6, r7
10000e22:	e006      	b.n	10000e32 <alarm_pool_irq_handler+0x16a>
10000e24:	005e      	lsls	r6, r3, #1
10000e26:	18f2      	adds	r2, r6, r3
10000e28:	00d2      	lsls	r2, r2, #3
10000e2a:	18a2      	adds	r2, r4, r2
10000e2c:	6897      	ldr	r7, [r2, #8]
10000e2e:	68d2      	ldr	r2, [r2, #12]
10000e30:	46ba      	mov	sl, r7
10000e32:	428a      	cmp	r2, r1
10000e34:	dc07      	bgt.n	10000e46 <alarm_pool_irq_handler+0x17e>
10000e36:	d100      	bne.n	10000e3a <alarm_pool_irq_handler+0x172>
10000e38:	e0b4      	b.n	10000fa4 <alarm_pool_irq_handler+0x2dc>
10000e3a:	18f3      	adds	r3, r6, r3
10000e3c:	00db      	lsls	r3, r3, #3
10000e3e:	18e5      	adds	r5, r4, r3
10000e40:	5ee3      	ldrsh	r3, [r4, r3]
10000e42:	2b00      	cmp	r3, #0
10000e44:	daee      	bge.n	10000e24 <alarm_pool_irq_handler+0x15c>
10000e46:	4666      	mov	r6, ip
10000e48:	464a      	mov	r2, r9
10000e4a:	9f00      	ldr	r7, [sp, #0]
10000e4c:	8013      	strh	r3, [r2, #0]
10000e4e:	802e      	strh	r6, [r5, #0]
10000e50:	88bb      	ldrh	r3, [r7, #4]
10000e52:	b21b      	sxth	r3, r3
10000e54:	2b00      	cmp	r3, #0
10000e56:	da00      	bge.n	10000e5a <alarm_pool_irq_handler+0x192>
10000e58:	e75a      	b.n	10000d10 <alarm_pool_irq_handler+0x48>
10000e5a:	693a      	ldr	r2, [r7, #16]
10000e5c:	f3ef 8110 	mrs	r1, PRIMASK
10000e60:	b672      	cpsid	i
10000e62:	6813      	ldr	r3, [r2, #0]
10000e64:	2b00      	cmp	r3, #0
10000e66:	d0fc      	beq.n	10000e62 <alarm_pool_irq_handler+0x19a>
10000e68:	f3bf 8f5f 	dmb	sy
10000e6c:	2301      	movs	r3, #1
10000e6e:	88be      	ldrh	r6, [r7, #4]
10000e70:	425b      	negs	r3, r3
10000e72:	80bb      	strh	r3, [r7, #4]
10000e74:	b236      	sxth	r6, r6
10000e76:	693b      	ldr	r3, [r7, #16]
10000e78:	f3bf 8f5f 	dmb	sy
10000e7c:	2200      	movs	r2, #0
10000e7e:	601a      	str	r2, [r3, #0]
10000e80:	f381 8810 	msr	PRIMASK, r1
10000e84:	2e00      	cmp	r6, #0
10000e86:	da00      	bge.n	10000e8a <alarm_pool_irq_handler+0x1c2>
10000e88:	e742      	b.n	10000d10 <alarm_pool_irq_handler+0x48>
10000e8a:	003b      	movs	r3, r7
10000e8c:	3308      	adds	r3, #8
10000e8e:	003a      	movs	r2, r7
10000e90:	4699      	mov	r9, r3
10000e92:	697d      	ldr	r5, [r7, #20]
10000e94:	0073      	lsls	r3, r6, #1
10000e96:	199b      	adds	r3, r3, r6
10000e98:	2408      	movs	r4, #8
10000e9a:	5f11      	ldrsh	r1, [r2, r4]
10000e9c:	00db      	lsls	r3, r3, #3
10000e9e:	4648      	mov	r0, r9
10000ea0:	18eb      	adds	r3, r5, r3
10000ea2:	2900      	cmp	r1, #0
10000ea4:	db13      	blt.n	10000ece <alarm_pool_irq_handler+0x206>
10000ea6:	689c      	ldr	r4, [r3, #8]
10000ea8:	9300      	str	r3, [sp, #0]
10000eaa:	46a4      	mov	ip, r4
10000eac:	68dc      	ldr	r4, [r3, #12]
10000eae:	e006      	b.n	10000ebe <alarm_pool_irq_handler+0x1f6>
10000eb0:	42a3      	cmp	r3, r4
10000eb2:	d040      	beq.n	10000f36 <alarm_pool_irq_handler+0x26e>
10000eb4:	2300      	movs	r3, #0
10000eb6:	5ef9      	ldrsh	r1, [r7, r3]
10000eb8:	0038      	movs	r0, r7
10000eba:	2900      	cmp	r1, #0
10000ebc:	db06      	blt.n	10000ecc <alarm_pool_irq_handler+0x204>
10000ebe:	004f      	lsls	r7, r1, #1
10000ec0:	187f      	adds	r7, r7, r1
10000ec2:	00ff      	lsls	r7, r7, #3
10000ec4:	19ef      	adds	r7, r5, r7
10000ec6:	68fb      	ldr	r3, [r7, #12]
10000ec8:	42a3      	cmp	r3, r4
10000eca:	ddf1      	ble.n	10000eb0 <alarm_pool_irq_handler+0x1e8>
10000ecc:	9b00      	ldr	r3, [sp, #0]
10000ece:	8006      	strh	r6, [r0, #0]
10000ed0:	2000      	movs	r0, #0
10000ed2:	5e1e      	ldrsh	r6, [r3, r0]
10000ed4:	8019      	strh	r1, [r3, #0]
10000ed6:	2e00      	cmp	r6, #0
10000ed8:	dadc      	bge.n	10000e94 <alarm_pool_irq_handler+0x1cc>
10000eda:	0017      	movs	r7, r2
10000edc:	79bb      	ldrb	r3, [r7, #6]
10000ede:	2b00      	cmp	r3, #0
10000ee0:	d100      	bne.n	10000ee4 <alarm_pool_irq_handler+0x21c>
10000ee2:	e719      	b.n	10000d18 <alarm_pool_irq_handler+0x50>
10000ee4:	2300      	movs	r3, #0
10000ee6:	71bb      	strb	r3, [r7, #6]
10000ee8:	2308      	movs	r3, #8
10000eea:	5ef9      	ldrsh	r1, [r7, r3]
10000eec:	1c4b      	adds	r3, r1, #1
10000eee:	d100      	bne.n	10000ef2 <alarm_pool_irq_handler+0x22a>
10000ef0:	e737      	b.n	10000d62 <alarm_pool_irq_handler+0x9a>
10000ef2:	003d      	movs	r5, r7
10000ef4:	3508      	adds	r5, #8
10000ef6:	46ac      	mov	ip, r5
10000ef8:	697c      	ldr	r4, [r7, #20]
10000efa:	e003      	b.n	10000f04 <alarm_pool_irq_handler+0x23c>
10000efc:	4684      	mov	ip, r0
10000efe:	1c4b      	adds	r3, r1, #1
10000f00:	d100      	bne.n	10000f04 <alarm_pool_irq_handler+0x23c>
10000f02:	e709      	b.n	10000d18 <alarm_pool_irq_handler+0x50>
10000f04:	004b      	lsls	r3, r1, #1
10000f06:	185b      	adds	r3, r3, r1
10000f08:	00db      	lsls	r3, r3, #3
10000f0a:	18e0      	adds	r0, r4, r3
10000f0c:	000a      	movs	r2, r1
10000f0e:	5ee1      	ldrsh	r1, [r4, r3]
10000f10:	8843      	ldrh	r3, [r0, #2]
10000f12:	b21b      	sxth	r3, r3
10000f14:	2b00      	cmp	r3, #0
10000f16:	daf1      	bge.n	10000efc <alarm_pool_irq_handler+0x234>
10000f18:	2501      	movs	r5, #1
10000f1a:	426d      	negs	r5, r5
10000f1c:	17ee      	asrs	r6, r5, #31
10000f1e:	6085      	str	r5, [r0, #8]
10000f20:	60c6      	str	r6, [r0, #12]
10000f22:	2508      	movs	r5, #8
10000f24:	5f7b      	ldrsh	r3, [r7, r5]
10000f26:	4293      	cmp	r3, r2
10000f28:	d0e9      	beq.n	10000efe <alarm_pool_irq_handler+0x236>
10000f2a:	4663      	mov	r3, ip
10000f2c:	8019      	strh	r1, [r3, #0]
10000f2e:	893b      	ldrh	r3, [r7, #8]
10000f30:	8003      	strh	r3, [r0, #0]
10000f32:	813a      	strh	r2, [r7, #8]
10000f34:	e7e3      	b.n	10000efe <alarm_pool_irq_handler+0x236>
10000f36:	68bb      	ldr	r3, [r7, #8]
10000f38:	4563      	cmp	r3, ip
10000f3a:	d9bb      	bls.n	10000eb4 <alarm_pool_irq_handler+0x1ec>
10000f3c:	e7c6      	b.n	10000ecc <alarm_pool_irq_handler+0x204>
10000f3e:	1c63      	adds	r3, r4, #1
10000f40:	d000      	beq.n	10000f44 <alarm_pool_irq_handler+0x27c>
10000f42:	e6f7      	b.n	10000d34 <alarm_pool_irq_handler+0x6c>
10000f44:	e705      	b.n	10000d52 <alarm_pool_irq_handler+0x8a>
10000f46:	4653      	mov	r3, sl
10000f48:	4650      	mov	r0, sl
10000f4a:	691b      	ldr	r3, [r3, #16]
10000f4c:	4798      	blx	r3
10000f4e:	2800      	cmp	r0, #0
10000f50:	d123      	bne.n	10000f9a <alarm_pool_irq_handler+0x2d2>
10000f52:	464b      	mov	r3, r9
10000f54:	881b      	ldrh	r3, [r3, #0]
10000f56:	693a      	ldr	r2, [r7, #16]
10000f58:	813b      	strh	r3, [r7, #8]
10000f5a:	f3ef 8310 	mrs	r3, PRIMASK
10000f5e:	b672      	cpsid	i
10000f60:	6811      	ldr	r1, [r2, #0]
10000f62:	2900      	cmp	r1, #0
10000f64:	d0fc      	beq.n	10000f60 <alarm_pool_irq_handler+0x298>
10000f66:	f3bf 8f5f 	dmb	sy
10000f6a:	4649      	mov	r1, r9
10000f6c:	887a      	ldrh	r2, [r7, #2]
10000f6e:	800a      	strh	r2, [r1, #0]
10000f70:	693a      	ldr	r2, [r7, #16]
10000f72:	807e      	strh	r6, [r7, #2]
10000f74:	f3bf 8f5f 	dmb	sy
10000f78:	2100      	movs	r1, #0
10000f7a:	6011      	str	r1, [r2, #0]
10000f7c:	f383 8810 	msr	PRIMASK, r3
10000f80:	e6c1      	b.n	10000d06 <alarm_pool_irq_handler+0x3e>
10000f82:	4284      	cmp	r4, r0
10000f84:	d800      	bhi.n	10000f88 <alarm_pool_irq_handler+0x2c0>
10000f86:	e705      	b.n	10000d94 <alarm_pool_irq_handler+0xcc>
10000f88:	e6bd      	b.n	10000d06 <alarm_pool_irq_handler+0x3e>
10000f8a:	480b      	ldr	r0, [pc, #44]	@ (10000fb8 <alarm_pool_irq_handler+0x2f0>)
10000f8c:	f000 faa4 	bl	100014d8 <timer_time_us_64>
10000f90:	9b00      	ldr	r3, [sp, #0]
10000f92:	9c01      	ldr	r4, [sp, #4]
10000f94:	18c0      	adds	r0, r0, r3
10000f96:	4161      	adcs	r1, r4
10000f98:	e721      	b.n	10000dde <alarm_pool_irq_handler+0x116>
10000f9a:	4653      	mov	r3, sl
10000f9c:	cb0c      	ldmia	r3, {r2, r3}
10000f9e:	9200      	str	r2, [sp, #0]
10000fa0:	9301      	str	r3, [sp, #4]
10000fa2:	e70d      	b.n	10000dc0 <alarm_pool_irq_handler+0xf8>
10000fa4:	4582      	cmp	sl, r0
10000fa6:	d800      	bhi.n	10000faa <alarm_pool_irq_handler+0x2e2>
10000fa8:	e747      	b.n	10000e3a <alarm_pool_irq_handler+0x172>
10000faa:	e74c      	b.n	10000e46 <alarm_pool_irq_handler+0x17e>
10000fac:	20002034 	.word	0x20002034
10000fb0:	4005703c 	.word	0x4005703c
10000fb4:	10000cc9 	.word	0x10000cc9
10000fb8:	40054000 	.word	0x40054000

10000fbc <runtime_init_default_alarm_pool>:
10000fbc:	b570      	push	{r4, r5, r6, lr}
10000fbe:	4c2d      	ldr	r4, [pc, #180]	@ (10001074 <runtime_init_default_alarm_pool+0xb8>)
10000fc0:	6925      	ldr	r5, [r4, #16]
10000fc2:	2d00      	cmp	r5, #0
10000fc4:	d004      	beq.n	10000fd0 <runtime_init_default_alarm_pool+0x14>
10000fc6:	210a      	movs	r1, #10
10000fc8:	482b      	ldr	r0, [pc, #172]	@ (10001078 <runtime_init_default_alarm_pool+0xbc>)
10000fca:	f7ff fe0f 	bl	10000bec <lock_init>
10000fce:	bd70      	pop	{r4, r5, r6, pc}
10000fd0:	4e2a      	ldr	r6, [pc, #168]	@ (1000107c <runtime_init_default_alarm_pool+0xc0>)
10000fd2:	2103      	movs	r1, #3
10000fd4:	4829      	ldr	r0, [pc, #164]	@ (1000107c <runtime_init_default_alarm_pool+0xc0>)
10000fd6:	f000 fa75 	bl	100014c4 <timer_hardware_alarm_claim>
10000fda:	60e6      	str	r6, [r4, #12]
10000fdc:	f7ff fb24 	bl	10000628 <next_striped_spin_lock_num>
10000fe0:	4b27      	ldr	r3, [pc, #156]	@ (10001080 <runtime_init_default_alarm_pool+0xc4>)
10000fe2:	2203      	movs	r2, #3
10000fe4:	18c0      	adds	r0, r0, r3
10000fe6:	23d0      	movs	r3, #208	@ 0xd0
10000fe8:	7022      	strb	r2, [r4, #0]
10000fea:	061b      	lsls	r3, r3, #24
10000fec:	681b      	ldr	r3, [r3, #0]
10000fee:	2101      	movs	r1, #1
10000ff0:	7063      	strb	r3, [r4, #1]
10000ff2:	4b24      	ldr	r3, [pc, #144]	@ (10001084 <runtime_init_default_alarm_pool+0xc8>)
10000ff4:	0080      	lsls	r0, r0, #2
10000ff6:	60a3      	str	r3, [r4, #8]
10000ff8:	230f      	movs	r3, #15
10000ffa:	6120      	str	r0, [r4, #16]
10000ffc:	2002      	movs	r0, #2
10000ffe:	8063      	strh	r3, [r4, #2]
10001000:	6963      	ldr	r3, [r4, #20]
10001002:	4249      	negs	r1, r1
10001004:	80a1      	strh	r1, [r4, #4]
10001006:	8019      	strh	r1, [r3, #0]
10001008:	3102      	adds	r1, #2
1000100a:	8619      	strh	r1, [r3, #48]	@ 0x30
1000100c:	3147      	adds	r1, #71	@ 0x47
1000100e:	831d      	strh	r5, [r3, #24]
10001010:	5258      	strh	r0, [r3, r1]
10001012:	3118      	adds	r1, #24
10001014:	525a      	strh	r2, [r3, r1]
10001016:	3275      	adds	r2, #117	@ 0x75
10001018:	395c      	subs	r1, #92	@ 0x5c
1000101a:	5299      	strh	r1, [r3, r2]
1000101c:	3218      	adds	r2, #24
1000101e:	3101      	adds	r1, #1
10001020:	5299      	strh	r1, [r3, r2]
10001022:	3218      	adds	r2, #24
10001024:	3101      	adds	r1, #1
10001026:	5299      	strh	r1, [r3, r2]
10001028:	3218      	adds	r2, #24
1000102a:	3101      	adds	r1, #1
1000102c:	5299      	strh	r1, [r3, r2]
1000102e:	3508      	adds	r5, #8
10001030:	3218      	adds	r2, #24
10001032:	529d      	strh	r5, [r3, r2]
10001034:	3102      	adds	r1, #2
10001036:	3218      	adds	r2, #24
10001038:	5299      	strh	r1, [r3, r2]
1000103a:	3218      	adds	r2, #24
1000103c:	3101      	adds	r1, #1
1000103e:	5299      	strh	r1, [r3, r2]
10001040:	3218      	adds	r2, #24
10001042:	3101      	adds	r1, #1
10001044:	5299      	strh	r1, [r3, r2]
10001046:	3218      	adds	r2, #24
10001048:	3101      	adds	r1, #1
1000104a:	5299      	strh	r1, [r3, r2]
1000104c:	3218      	adds	r2, #24
1000104e:	3101      	adds	r1, #1
10001050:	5299      	strh	r1, [r3, r2]
10001052:	3218      	adds	r2, #24
10001054:	3101      	adds	r1, #1
10001056:	5299      	strh	r1, [r3, r2]
10001058:	4b0b      	ldr	r3, [pc, #44]	@ (10001088 <runtime_init_default_alarm_pool+0xcc>)
1000105a:	490c      	ldr	r1, [pc, #48]	@ (1000108c <runtime_init_default_alarm_pool+0xd0>)
1000105c:	60dc      	str	r4, [r3, #12]
1000105e:	3001      	adds	r0, #1
10001060:	6235      	str	r5, [r6, #32]
10001062:	f7ff fb65 	bl	10000730 <irq_set_exclusive_handler>
10001066:	2101      	movs	r1, #1
10001068:	2003      	movs	r0, #3
1000106a:	f7ff fb2b 	bl	100006c4 <irq_set_enabled>
1000106e:	4b08      	ldr	r3, [pc, #32]	@ (10001090 <runtime_init_default_alarm_pool+0xd4>)
10001070:	601d      	str	r5, [r3, #0]
10001072:	e7a8      	b.n	10000fc6 <runtime_init_default_alarm_pool+0xa>
10001074:	20000fb0 	.word	0x20000fb0
10001078:	20002050 	.word	0x20002050
1000107c:	40054000 	.word	0x40054000
10001080:	34000040 	.word	0x34000040
10001084:	0010ffff 	.word	0x0010ffff
10001088:	20002034 	.word	0x20002034
1000108c:	10000cc9 	.word	0x10000cc9
10001090:	40056038 	.word	0x40056038

10001094 <alarm_pool_get_default>:
10001094:	4800      	ldr	r0, [pc, #0]	@ (10001098 <alarm_pool_get_default+0x4>)
10001096:	4770      	bx	lr
10001098:	20000fb0 	.word	0x20000fb0

1000109c <alarm_pool_add_alarm_at>:
1000109c:	b5f8      	push	{r3, r4, r5, r6, r7, lr}
1000109e:	001f      	movs	r7, r3
100010a0:	ab08      	add	r3, sp, #32
100010a2:	781b      	ldrb	r3, [r3, #0]
100010a4:	0004      	movs	r4, r0
100010a6:	0016      	movs	r6, r2
100010a8:	2b00      	cmp	r3, #0
100010aa:	d107      	bne.n	100010bc <alarm_pool_add_alarm_at+0x20>
100010ac:	f000 fa1c 	bl	100014e8 <time_us_64>
100010b0:	0032      	movs	r2, r6
100010b2:	003b      	movs	r3, r7
100010b4:	1a12      	subs	r2, r2, r0
100010b6:	418b      	sbcs	r3, r1
100010b8:	2b00      	cmp	r3, #0
100010ba:	db51      	blt.n	10001160 <alarm_pool_add_alarm_at+0xc4>
100010bc:	6922      	ldr	r2, [r4, #16]
100010be:	f3ef 8c10 	mrs	ip, PRIMASK
100010c2:	b672      	cpsid	i
100010c4:	6813      	ldr	r3, [r2, #0]
100010c6:	2b00      	cmp	r3, #0
100010c8:	d0fc      	beq.n	100010c4 <alarm_pool_add_alarm_at+0x28>
100010ca:	f3bf 8f5f 	dmb	sy
100010ce:	2302      	movs	r3, #2
100010d0:	5ee1      	ldrsh	r1, [r4, r3]
100010d2:	6925      	ldr	r5, [r4, #16]
100010d4:	2900      	cmp	r1, #0
100010d6:	db3a      	blt.n	1000114e <alarm_pool_add_alarm_at+0xb2>
100010d8:	004b      	lsls	r3, r1, #1
100010da:	6960      	ldr	r0, [r4, #20]
100010dc:	185b      	adds	r3, r3, r1
100010de:	00db      	lsls	r3, r3, #3
100010e0:	18c2      	adds	r2, r0, r3
100010e2:	5ac3      	ldrh	r3, [r0, r3]
100010e4:	8063      	strh	r3, [r4, #2]
100010e6:	f3bf 8f5f 	dmb	sy
100010ea:	2300      	movs	r3, #0
100010ec:	602b      	str	r3, [r5, #0]
100010ee:	f38c 8810 	msr	PRIMASK, ip
100010f2:	9b06      	ldr	r3, [sp, #24]
100010f4:	6096      	str	r6, [r2, #8]
100010f6:	60d7      	str	r7, [r2, #12]
100010f8:	6113      	str	r3, [r2, #16]
100010fa:	9b07      	ldr	r3, [sp, #28]
100010fc:	6153      	str	r3, [r2, #20]
100010fe:	8853      	ldrh	r3, [r2, #2]
10001100:	3301      	adds	r3, #1
10001102:	045b      	lsls	r3, r3, #17
10001104:	0c5b      	lsrs	r3, r3, #17
10001106:	1c18      	adds	r0, r3, #0
10001108:	2b00      	cmp	r3, #0
1000110a:	d01e      	beq.n	1000114a <alarm_pool_add_alarm_at+0xae>
1000110c:	b283      	uxth	r3, r0
1000110e:	8050      	strh	r0, [r2, #2]
10001110:	0408      	lsls	r0, r1, #16
10001112:	4318      	orrs	r0, r3
10001114:	6925      	ldr	r5, [r4, #16]
10001116:	f3ef 8610 	mrs	r6, PRIMASK
1000111a:	b672      	cpsid	i
1000111c:	682b      	ldr	r3, [r5, #0]
1000111e:	2b00      	cmp	r3, #0
10001120:	d0fc      	beq.n	1000111c <alarm_pool_add_alarm_at+0x80>
10001122:	f3bf 8f5f 	dmb	sy
10001126:	88a3      	ldrh	r3, [r4, #4]
10001128:	8013      	strh	r3, [r2, #0]
1000112a:	80a1      	strh	r1, [r4, #4]
1000112c:	6923      	ldr	r3, [r4, #16]
1000112e:	f3bf 8f5f 	dmb	sy
10001132:	2200      	movs	r2, #0
10001134:	601a      	str	r2, [r3, #0]
10001136:	f386 8810 	msr	PRIMASK, r6
1000113a:	7823      	ldrb	r3, [r4, #0]
1000113c:	3201      	adds	r2, #1
1000113e:	409a      	lsls	r2, r3
10001140:	4908      	ldr	r1, [pc, #32]	@ (10001164 <alarm_pool_add_alarm_at+0xc8>)
10001142:	68e3      	ldr	r3, [r4, #12]
10001144:	185b      	adds	r3, r3, r1
10001146:	601a      	str	r2, [r3, #0]
10001148:	bdf8      	pop	{r3, r4, r5, r6, r7, pc}
1000114a:	2001      	movs	r0, #1
1000114c:	e7de      	b.n	1000110c <alarm_pool_add_alarm_at+0x70>
1000114e:	f3bf 8f5f 	dmb	sy
10001152:	2300      	movs	r3, #0
10001154:	602b      	str	r3, [r5, #0]
10001156:	f38c 8810 	msr	PRIMASK, ip
1000115a:	2001      	movs	r0, #1
1000115c:	4240      	negs	r0, r0
1000115e:	e7f3      	b.n	10001148 <alarm_pool_add_alarm_at+0xac>
10001160:	2000      	movs	r0, #0
10001162:	e7f1      	b.n	10001148 <alarm_pool_add_alarm_at+0xac>
10001164:	0000203c 	.word	0x0000203c

10001168 <alarm_pool_add_alarm_at_force_in_context>:
10001168:	b570      	push	{r4, r5, r6, lr}
1000116a:	b082      	sub	sp, #8
1000116c:	9200      	str	r2, [sp, #0]
1000116e:	9301      	str	r3, [sp, #4]
10001170:	0001      	movs	r1, r0
10001172:	6902      	ldr	r2, [r0, #16]
10001174:	f3ef 8410 	mrs	r4, PRIMASK
10001178:	b672      	cpsid	i
1000117a:	6813      	ldr	r3, [r2, #0]
1000117c:	2b00      	cmp	r3, #0
1000117e:	d0fc      	beq.n	1000117a <alarm_pool_add_alarm_at_force_in_context+0x12>
10001180:	f3bf 8f5f 	dmb	sy
10001184:	2302      	movs	r3, #2
10001186:	5ec8      	ldrsh	r0, [r1, r3]
10001188:	690d      	ldr	r5, [r1, #16]
1000118a:	2800      	cmp	r0, #0
1000118c:	db3f      	blt.n	1000120e <alarm_pool_add_alarm_at_force_in_context+0xa6>
1000118e:	694a      	ldr	r2, [r1, #20]
10001190:	0043      	lsls	r3, r0, #1
10001192:	0016      	movs	r6, r2
10001194:	181b      	adds	r3, r3, r0
10001196:	00db      	lsls	r3, r3, #3
10001198:	18d2      	adds	r2, r2, r3
1000119a:	5af3      	ldrh	r3, [r6, r3]
1000119c:	804b      	strh	r3, [r1, #2]
1000119e:	f3bf 8f5f 	dmb	sy
100011a2:	2300      	movs	r3, #0
100011a4:	602b      	str	r3, [r5, #0]
100011a6:	f384 8810 	msr	PRIMASK, r4
100011aa:	9b06      	ldr	r3, [sp, #24]
100011ac:	6113      	str	r3, [r2, #16]
100011ae:	9b07      	ldr	r3, [sp, #28]
100011b0:	6153      	str	r3, [r2, #20]
100011b2:	9b00      	ldr	r3, [sp, #0]
100011b4:	9c01      	ldr	r4, [sp, #4]
100011b6:	6093      	str	r3, [r2, #8]
100011b8:	60d4      	str	r4, [r2, #12]
100011ba:	8853      	ldrh	r3, [r2, #2]
100011bc:	3301      	adds	r3, #1
100011be:	045b      	lsls	r3, r3, #17
100011c0:	0c5b      	lsrs	r3, r3, #17
100011c2:	1c1d      	adds	r5, r3, #0
100011c4:	2b00      	cmp	r3, #0
100011c6:	d020      	beq.n	1000120a <alarm_pool_add_alarm_at_force_in_context+0xa2>
100011c8:	b2ac      	uxth	r4, r5
100011ca:	0403      	lsls	r3, r0, #16
100011cc:	8055      	strh	r5, [r2, #2]
100011ce:	4323      	orrs	r3, r4
100011d0:	690d      	ldr	r5, [r1, #16]
100011d2:	f3ef 8c10 	mrs	ip, PRIMASK
100011d6:	b672      	cpsid	i
100011d8:	682c      	ldr	r4, [r5, #0]
100011da:	2c00      	cmp	r4, #0
100011dc:	d0fc      	beq.n	100011d8 <alarm_pool_add_alarm_at_force_in_context+0x70>
100011de:	f3bf 8f5f 	dmb	sy
100011e2:	888c      	ldrh	r4, [r1, #4]
100011e4:	8014      	strh	r4, [r2, #0]
100011e6:	8088      	strh	r0, [r1, #4]
100011e8:	690a      	ldr	r2, [r1, #16]
100011ea:	f3bf 8f5f 	dmb	sy
100011ee:	2000      	movs	r0, #0
100011f0:	6010      	str	r0, [r2, #0]
100011f2:	f38c 8810 	msr	PRIMASK, ip
100011f6:	780a      	ldrb	r2, [r1, #0]
100011f8:	3001      	adds	r0, #1
100011fa:	4090      	lsls	r0, r2
100011fc:	68ca      	ldr	r2, [r1, #12]
100011fe:	4908      	ldr	r1, [pc, #32]	@ (10001220 <alarm_pool_add_alarm_at_force_in_context+0xb8>)
10001200:	1852      	adds	r2, r2, r1
10001202:	6010      	str	r0, [r2, #0]
10001204:	0018      	movs	r0, r3
10001206:	b002      	add	sp, #8
10001208:	bd70      	pop	{r4, r5, r6, pc}
1000120a:	2501      	movs	r5, #1
1000120c:	e7dc      	b.n	100011c8 <alarm_pool_add_alarm_at_force_in_context+0x60>
1000120e:	f3bf 8f5f 	dmb	sy
10001212:	2300      	movs	r3, #0
10001214:	602b      	str	r3, [r5, #0]
10001216:	f384 8810 	msr	PRIMASK, r4
1000121a:	3b01      	subs	r3, #1
1000121c:	e7f2      	b.n	10001204 <alarm_pool_add_alarm_at_force_in_context+0x9c>
1000121e:	46c0      	nop			@ (mov r8, r8)
10001220:	0000203c 	.word	0x0000203c

10001224 <alarm_pool_cancel_alarm>:
10001224:	b510      	push	{r4, lr}
10001226:	8943      	ldrh	r3, [r0, #10]
10001228:	140a      	asrs	r2, r1, #16
1000122a:	4293      	cmp	r3, r2
1000122c:	dd1a      	ble.n	10001264 <alarm_pool_cancel_alarm+0x40>
1000122e:	0053      	lsls	r3, r2, #1
10001230:	189b      	adds	r3, r3, r2
10001232:	6942      	ldr	r2, [r0, #20]
10001234:	00db      	lsls	r3, r3, #3
10001236:	18d3      	adds	r3, r2, r3
10001238:	6904      	ldr	r4, [r0, #16]
1000123a:	f3ef 8c10 	mrs	ip, PRIMASK
1000123e:	b672      	cpsid	i
10001240:	6822      	ldr	r2, [r4, #0]
10001242:	2a00      	cmp	r2, #0
10001244:	d0fc      	beq.n	10001240 <alarm_pool_cancel_alarm+0x1c>
10001246:	f3bf 8f5f 	dmb	sy
1000124a:	885a      	ldrh	r2, [r3, #2]
1000124c:	0409      	lsls	r1, r1, #16
1000124e:	b294      	uxth	r4, r2
10001250:	0c09      	lsrs	r1, r1, #16
10001252:	428a      	cmp	r2, r1
10001254:	d008      	beq.n	10001268 <alarm_pool_cancel_alarm+0x44>
10001256:	6903      	ldr	r3, [r0, #16]
10001258:	f3bf 8f5f 	dmb	sy
1000125c:	2200      	movs	r2, #0
1000125e:	601a      	str	r2, [r3, #0]
10001260:	f38c 8810 	msr	PRIMASK, ip
10001264:	2000      	movs	r0, #0
10001266:	bd10      	pop	{r4, pc}
10001268:	4a09      	ldr	r2, [pc, #36]	@ (10001290 <alarm_pool_cancel_alarm+0x6c>)
1000126a:	4322      	orrs	r2, r4
1000126c:	805a      	strh	r2, [r3, #2]
1000126e:	2301      	movs	r3, #1
10001270:	6902      	ldr	r2, [r0, #16]
10001272:	7183      	strb	r3, [r0, #6]
10001274:	f3bf 8f5f 	dmb	sy
10001278:	2100      	movs	r1, #0
1000127a:	6011      	str	r1, [r2, #0]
1000127c:	f38c 8810 	msr	PRIMASK, ip
10001280:	7802      	ldrb	r2, [r0, #0]
10001282:	4904      	ldr	r1, [pc, #16]	@ (10001294 <alarm_pool_cancel_alarm+0x70>)
10001284:	4093      	lsls	r3, r2
10001286:	68c2      	ldr	r2, [r0, #12]
10001288:	2001      	movs	r0, #1
1000128a:	1852      	adds	r2, r2, r1
1000128c:	6013      	str	r3, [r2, #0]
1000128e:	e7ea      	b.n	10001266 <alarm_pool_cancel_alarm+0x42>
10001290:	ffff8000 	.word	0xffff8000
10001294:	0000203c 	.word	0x0000203c

10001298 <alarm_pool_core_num>:
10001298:	7840      	ldrb	r0, [r0, #1]
1000129a:	4770      	bx	lr

1000129c <sleep_ms>:
1000129c:	b5f0      	push	{r4, r5, r6, r7, lr}
1000129e:	46c6      	mov	lr, r8
100012a0:	b500      	push	{lr}
100012a2:	b082      	sub	sp, #8
100012a4:	0004      	movs	r4, r0
100012a6:	f000 f91f 	bl	100014e8 <time_us_64>
100012aa:	22fa      	movs	r2, #250	@ 0xfa
100012ac:	0006      	movs	r6, r0
100012ae:	000f      	movs	r7, r1
100012b0:	0020      	movs	r0, r4
100012b2:	2300      	movs	r3, #0
100012b4:	2100      	movs	r1, #0
100012b6:	0092      	lsls	r2, r2, #2
100012b8:	f000 fda0 	bl	10001dfc <__wrap___aeabi_lmul>
100012bc:	1980      	adds	r0, r0, r6
100012be:	4179      	adcs	r1, r7
100012c0:	0004      	movs	r4, r0
100012c2:	1e0d      	subs	r5, r1, #0
100012c4:	da02      	bge.n	100012cc <sleep_ms+0x30>
100012c6:	2401      	movs	r4, #1
100012c8:	4d2e      	ldr	r5, [pc, #184]	@ (10001384 <sleep_ms+0xe8>)
100012ca:	4264      	negs	r4, r4
100012cc:	2606      	movs	r6, #6
100012ce:	4276      	negs	r6, r6
100012d0:	17f7      	asrs	r7, r6, #31
100012d2:	1936      	adds	r6, r6, r4
100012d4:	416f      	adcs	r7, r5
100012d6:	42af      	cmp	r7, r5
100012d8:	d814      	bhi.n	10001304 <sleep_ms+0x68>
100012da:	d011      	beq.n	10001300 <sleep_ms+0x64>
100012dc:	f000 f904 	bl	100014e8 <time_us_64>
100012e0:	0032      	movs	r2, r6
100012e2:	003b      	movs	r3, r7
100012e4:	1a12      	subs	r2, r2, r0
100012e6:	418b      	sbcs	r3, r1
100012e8:	2b00      	cmp	r3, #0
100012ea:	dc15      	bgt.n	10001318 <sleep_ms+0x7c>
100012ec:	2b00      	cmp	r3, #0
100012ee:	d046      	beq.n	1000137e <sleep_ms+0xe2>
100012f0:	0020      	movs	r0, r4
100012f2:	0029      	movs	r1, r5
100012f4:	f000 f938 	bl	10001568 <busy_wait_until>
100012f8:	b002      	add	sp, #8
100012fa:	bc80      	pop	{r7}
100012fc:	46b8      	mov	r8, r7
100012fe:	bdf0      	pop	{r4, r5, r6, r7, pc}
10001300:	42a6      	cmp	r6, r4
10001302:	d9eb      	bls.n	100012dc <sleep_ms+0x40>
10001304:	2600      	movs	r6, #0
10001306:	2700      	movs	r7, #0
10001308:	f000 f8ee 	bl	100014e8 <time_us_64>
1000130c:	0032      	movs	r2, r6
1000130e:	003b      	movs	r3, r7
10001310:	1a12      	subs	r2, r2, r0
10001312:	418b      	sbcs	r3, r1
10001314:	2b00      	cmp	r3, #0
10001316:	dde9      	ble.n	100012ec <sleep_ms+0x50>
10001318:	f000 f8e6 	bl	100014e8 <time_us_64>
1000131c:	0032      	movs	r2, r6
1000131e:	003b      	movs	r3, r7
10001320:	1a12      	subs	r2, r2, r0
10001322:	418b      	sbcs	r3, r1
10001324:	2b00      	cmp	r3, #0
10001326:	db0a      	blt.n	1000133e <sleep_ms+0xa2>
10001328:	2300      	movs	r3, #0
1000132a:	9301      	str	r3, [sp, #4]
1000132c:	4b16      	ldr	r3, [pc, #88]	@ (10001388 <sleep_ms+0xec>)
1000132e:	0032      	movs	r2, r6
10001330:	9300      	str	r3, [sp, #0]
10001332:	4816      	ldr	r0, [pc, #88]	@ (1000138c <sleep_ms+0xf0>)
10001334:	003b      	movs	r3, r7
10001336:	f7ff ff17 	bl	10001168 <alarm_pool_add_alarm_at_force_in_context>
1000133a:	3001      	adds	r0, #1
1000133c:	d0d8      	beq.n	100012f0 <sleep_ms+0x54>
1000133e:	2300      	movs	r3, #0
10001340:	0039      	movs	r1, r7
10001342:	46b0      	mov	r8, r6
10001344:	469c      	mov	ip, r3
10001346:	4a12      	ldr	r2, [pc, #72]	@ (10001390 <sleep_ms+0xf4>)
10001348:	4812      	ldr	r0, [pc, #72]	@ (10001394 <sleep_ms+0xf8>)
1000134a:	6a53      	ldr	r3, [r2, #36]	@ 0x24
1000134c:	4299      	cmp	r1, r3
1000134e:	d804      	bhi.n	1000135a <sleep_ms+0xbe>
10001350:	6a96      	ldr	r6, [r2, #40]	@ 0x28
10001352:	4546      	cmp	r6, r8
10001354:	d2cc      	bcs.n	100012f0 <sleep_ms+0x54>
10001356:	4299      	cmp	r1, r3
10001358:	d1ca      	bne.n	100012f0 <sleep_ms+0x54>
1000135a:	6806      	ldr	r6, [r0, #0]
1000135c:	f3ef 8710 	mrs	r7, PRIMASK
10001360:	b672      	cpsid	i
10001362:	6833      	ldr	r3, [r6, #0]
10001364:	2b00      	cmp	r3, #0
10001366:	d0fc      	beq.n	10001362 <sleep_ms+0xc6>
10001368:	f3bf 8f5f 	dmb	sy
1000136c:	6803      	ldr	r3, [r0, #0]
1000136e:	f3bf 8f5f 	dmb	sy
10001372:	4666      	mov	r6, ip
10001374:	601e      	str	r6, [r3, #0]
10001376:	f387 8810 	msr	PRIMASK, r7
1000137a:	bf20      	wfe
1000137c:	e7e5      	b.n	1000134a <sleep_ms+0xae>
1000137e:	2a00      	cmp	r2, #0
10001380:	d0b6      	beq.n	100012f0 <sleep_ms+0x54>
10001382:	e7c9      	b.n	10001318 <sleep_ms+0x7c>
10001384:	7fffffff 	.word	0x7fffffff
10001388:	10000c99 	.word	0x10000c99
1000138c:	20000fb0 	.word	0x20000fb0
10001390:	40054000 	.word	0x40054000
10001394:	20002050 	.word	0x20002050

10001398 <best_effort_wfe_or_timeout>:
10001398:	b5f0      	push	{r4, r5, r6, r7, lr}
1000139a:	46ce      	mov	lr, r9
1000139c:	4647      	mov	r7, r8
1000139e:	b580      	push	{r7, lr}
100013a0:	0004      	movs	r4, r0
100013a2:	000d      	movs	r5, r1
100013a4:	b085      	sub	sp, #20
100013a6:	f3ef 8305 	mrs	r3, IPSR
100013aa:	4689      	mov	r9, r1
100013ac:	2b00      	cmp	r3, #0
100013ae:	d132      	bne.n	10001416 <best_effort_wfe_or_timeout+0x7e>
100013b0:	4e40      	ldr	r6, [pc, #256]	@ (100014b4 <best_effort_wfe_or_timeout+0x11c>)
100013b2:	6833      	ldr	r3, [r6, #0]
100013b4:	4283      	cmp	r3, r0
100013b6:	d02a      	beq.n	1000140e <best_effort_wfe_or_timeout+0x76>
100013b8:	4f3f      	ldr	r7, [pc, #252]	@ (100014b8 <best_effort_wfe_or_timeout+0x120>)
100013ba:	68fb      	ldr	r3, [r7, #12]
100013bc:	783a      	ldrb	r2, [r7, #0]
100013be:	4698      	mov	r8, r3
100013c0:	0018      	movs	r0, r3
100013c2:	9203      	str	r2, [sp, #12]
100013c4:	f000 f888 	bl	100014d8 <timer_time_us_64>
100013c8:	9a03      	ldr	r2, [sp, #12]
100013ca:	1d13      	adds	r3, r2, #4
100013cc:	4642      	mov	r2, r8
100013ce:	009b      	lsls	r3, r3, #2
100013d0:	589b      	ldr	r3, [r3, r2]
100013d2:	0022      	movs	r2, r4
100013d4:	1a1b      	subs	r3, r3, r0
100013d6:	469c      	mov	ip, r3
100013d8:	002b      	movs	r3, r5
100013da:	1a12      	subs	r2, r2, r0
100013dc:	418b      	sbcs	r3, r1
100013de:	0019      	movs	r1, r3
100013e0:	2300      	movs	r3, #0
100013e2:	0010      	movs	r0, r2
100013e4:	428b      	cmp	r3, r1
100013e6:	dc25      	bgt.n	10001434 <best_effort_wfe_or_timeout+0x9c>
100013e8:	d022      	beq.n	10001430 <best_effort_wfe_or_timeout+0x98>
100013ea:	bf20      	wfe
100013ec:	4b33      	ldr	r3, [pc, #204]	@ (100014bc <best_effort_wfe_or_timeout+0x124>)
100013ee:	6a58      	ldr	r0, [r3, #36]	@ 0x24
100013f0:	4548      	cmp	r0, r9
100013f2:	d32b      	bcc.n	1000144c <best_effort_wfe_or_timeout+0xb4>
100013f4:	1b40      	subs	r0, r0, r5
100013f6:	6a9a      	ldr	r2, [r3, #40]	@ 0x28
100013f8:	1e43      	subs	r3, r0, #1
100013fa:	4198      	sbcs	r0, r3
100013fc:	2300      	movs	r3, #0
100013fe:	42a2      	cmp	r2, r4
10001400:	415b      	adcs	r3, r3
10001402:	4318      	orrs	r0, r3
10001404:	b005      	add	sp, #20
10001406:	bcc0      	pop	{r6, r7}
10001408:	46b9      	mov	r9, r7
1000140a:	46b0      	mov	r8, r6
1000140c:	bdf0      	pop	{r4, r5, r6, r7, pc}
1000140e:	6873      	ldr	r3, [r6, #4]
10001410:	428b      	cmp	r3, r1
10001412:	d1d1      	bne.n	100013b8 <best_effort_wfe_or_timeout+0x20>
10001414:	e7e9      	b.n	100013ea <best_effort_wfe_or_timeout+0x52>
10001416:	4929      	ldr	r1, [pc, #164]	@ (100014bc <best_effort_wfe_or_timeout+0x124>)
10001418:	2000      	movs	r0, #0
1000141a:	6a4b      	ldr	r3, [r1, #36]	@ 0x24
1000141c:	42ab      	cmp	r3, r5
1000141e:	d3f1      	bcc.n	10001404 <best_effort_wfe_or_timeout+0x6c>
10001420:	6a8a      	ldr	r2, [r1, #40]	@ 0x28
10001422:	1b5b      	subs	r3, r3, r5
10001424:	1e59      	subs	r1, r3, #1
10001426:	418b      	sbcs	r3, r1
10001428:	42a2      	cmp	r2, r4
1000142a:	4140      	adcs	r0, r0
1000142c:	4318      	orrs	r0, r3
1000142e:	e7e9      	b.n	10001404 <best_effort_wfe_or_timeout+0x6c>
10001430:	4584      	cmp	ip, r0
10001432:	d9da      	bls.n	100013ea <best_effort_wfe_or_timeout+0x52>
10001434:	f000 f858 	bl	100014e8 <time_us_64>
10001438:	0022      	movs	r2, r4
1000143a:	002b      	movs	r3, r5
1000143c:	1a12      	subs	r2, r2, r0
1000143e:	418b      	sbcs	r3, r1
10001440:	2b00      	cmp	r3, #0
10001442:	da05      	bge.n	10001450 <best_effort_wfe_or_timeout+0xb8>
10001444:	4a1d      	ldr	r2, [pc, #116]	@ (100014bc <best_effort_wfe_or_timeout+0x124>)
10001446:	6a53      	ldr	r3, [r2, #36]	@ 0x24
10001448:	454b      	cmp	r3, r9
1000144a:	d229      	bcs.n	100014a0 <best_effort_wfe_or_timeout+0x108>
1000144c:	2000      	movs	r0, #0
1000144e:	e7d9      	b.n	10001404 <best_effort_wfe_or_timeout+0x6c>
10001450:	2300      	movs	r3, #0
10001452:	9301      	str	r3, [sp, #4]
10001454:	4b1a      	ldr	r3, [pc, #104]	@ (100014c0 <best_effort_wfe_or_timeout+0x128>)
10001456:	0022      	movs	r2, r4
10001458:	9300      	str	r3, [sp, #0]
1000145a:	0038      	movs	r0, r7
1000145c:	002b      	movs	r3, r5
1000145e:	f7ff fe83 	bl	10001168 <alarm_pool_add_alarm_at_force_in_context>
10001462:	2800      	cmp	r0, #0
10001464:	ddee      	ble.n	10001444 <best_effort_wfe_or_timeout+0xac>
10001466:	4b15      	ldr	r3, [pc, #84]	@ (100014bc <best_effort_wfe_or_timeout+0x124>)
10001468:	c630      	stmia	r6!, {r4, r5}
1000146a:	6a5a      	ldr	r2, [r3, #36]	@ 0x24
1000146c:	454a      	cmp	r2, r9
1000146e:	d315      	bcc.n	1000149c <best_effort_wfe_or_timeout+0x104>
10001470:	6a9b      	ldr	r3, [r3, #40]	@ 0x28
10001472:	42a3      	cmp	r3, r4
10001474:	d310      	bcc.n	10001498 <best_effort_wfe_or_timeout+0x100>
10001476:	0001      	movs	r1, r0
10001478:	0038      	movs	r0, r7
1000147a:	f7ff fed3 	bl	10001224 <alarm_pool_cancel_alarm>
1000147e:	4a0f      	ldr	r2, [pc, #60]	@ (100014bc <best_effort_wfe_or_timeout+0x124>)
10001480:	2000      	movs	r0, #0
10001482:	6a53      	ldr	r3, [r2, #36]	@ 0x24
10001484:	454b      	cmp	r3, r9
10001486:	d3bd      	bcc.n	10001404 <best_effort_wfe_or_timeout+0x6c>
10001488:	6a92      	ldr	r2, [r2, #40]	@ 0x28
1000148a:	1b5b      	subs	r3, r3, r5
1000148c:	1e59      	subs	r1, r3, #1
1000148e:	418b      	sbcs	r3, r1
10001490:	42a2      	cmp	r2, r4
10001492:	4140      	adcs	r0, r0
10001494:	4318      	orrs	r0, r3
10001496:	e7b5      	b.n	10001404 <best_effort_wfe_or_timeout+0x6c>
10001498:	454a      	cmp	r2, r9
1000149a:	d1ec      	bne.n	10001476 <best_effort_wfe_or_timeout+0xde>
1000149c:	bf20      	wfe
1000149e:	e7ea      	b.n	10001476 <best_effort_wfe_or_timeout+0xde>
100014a0:	2000      	movs	r0, #0
100014a2:	6a92      	ldr	r2, [r2, #40]	@ 0x28
100014a4:	1b5b      	subs	r3, r3, r5
100014a6:	42a2      	cmp	r2, r4
100014a8:	4140      	adcs	r0, r0
100014aa:	1e5a      	subs	r2, r3, #1
100014ac:	4193      	sbcs	r3, r2
100014ae:	4318      	orrs	r0, r3
100014b0:	e7a8      	b.n	10001404 <best_effort_wfe_or_timeout+0x6c>
100014b2:	46c0      	nop			@ (mov r8, r8)
100014b4:	20000fa8 	.word	0x20000fa8
100014b8:	20000fb0 	.word	0x20000fb0
100014bc:	40054000 	.word	0x40054000
100014c0:	10000c99 	.word	0x10000c99

100014c4 <timer_hardware_alarm_claim>:
100014c4:	b510      	push	{r4, lr}
100014c6:	4a02      	ldr	r2, [pc, #8]	@ (100014d0 <timer_hardware_alarm_claim+0xc>)
100014c8:	4802      	ldr	r0, [pc, #8]	@ (100014d4 <timer_hardware_alarm_claim+0x10>)
100014ca:	f7ff f841 	bl	10000550 <hw_claim_or_assert>
100014ce:	bd10      	pop	{r4, pc}
100014d0:	10004a98 	.word	0x10004a98
100014d4:	200017c0 	.word	0x200017c0

100014d8 <timer_time_us_64>:
100014d8:	0003      	movs	r3, r0
100014da:	6a41      	ldr	r1, [r0, #36]	@ 0x24
100014dc:	000a      	movs	r2, r1
100014de:	6a98      	ldr	r0, [r3, #40]	@ 0x28
100014e0:	6a59      	ldr	r1, [r3, #36]	@ 0x24
100014e2:	428a      	cmp	r2, r1
100014e4:	d1fa      	bne.n	100014dc <timer_time_us_64+0x4>
100014e6:	4770      	bx	lr

100014e8 <time_us_64>:
100014e8:	4b03      	ldr	r3, [pc, #12]	@ (100014f8 <time_us_64+0x10>)
100014ea:	6a59      	ldr	r1, [r3, #36]	@ 0x24
100014ec:	000a      	movs	r2, r1
100014ee:	6a98      	ldr	r0, [r3, #40]	@ 0x28
100014f0:	6a59      	ldr	r1, [r3, #36]	@ 0x24
100014f2:	4291      	cmp	r1, r2
100014f4:	d1fa      	bne.n	100014ec <time_us_64+0x4>
100014f6:	4770      	bx	lr
100014f8:	40054000 	.word	0x40054000

100014fc <busy_wait_us>:
100014fc:	b570      	push	{r4, r5, r6, lr}
100014fe:	0005      	movs	r5, r0
10001500:	000e      	movs	r6, r1
10001502:	4a18      	ldr	r2, [pc, #96]	@ (10001564 <busy_wait_us+0x68>)
10001504:	6a53      	ldr	r3, [r2, #36]	@ 0x24
10001506:	0019      	movs	r1, r3
10001508:	6a94      	ldr	r4, [r2, #40]	@ 0x28
1000150a:	6a53      	ldr	r3, [r2, #36]	@ 0x24
1000150c:	428b      	cmp	r3, r1
1000150e:	d1fa      	bne.n	10001506 <busy_wait_us+0xa>
10001510:	0020      	movs	r0, r4
10001512:	0019      	movs	r1, r3
10001514:	002c      	movs	r4, r5
10001516:	0035      	movs	r5, r6
10001518:	1824      	adds	r4, r4, r0
1000151a:	414d      	adcs	r5, r1
1000151c:	42ab      	cmp	r3, r5
1000151e:	d816      	bhi.n	1000154e <busy_wait_us+0x52>
10001520:	d013      	beq.n	1000154a <busy_wait_us+0x4e>
10001522:	4b10      	ldr	r3, [pc, #64]	@ (10001564 <busy_wait_us+0x68>)
10001524:	002a      	movs	r2, r5
10001526:	6a5b      	ldr	r3, [r3, #36]	@ 0x24
10001528:	429d      	cmp	r5, r3
1000152a:	d903      	bls.n	10001534 <busy_wait_us+0x38>
1000152c:	490d      	ldr	r1, [pc, #52]	@ (10001564 <busy_wait_us+0x68>)
1000152e:	6a4b      	ldr	r3, [r1, #36]	@ 0x24
10001530:	4293      	cmp	r3, r2
10001532:	d3fc      	bcc.n	1000152e <busy_wait_us+0x32>
10001534:	4293      	cmp	r3, r2
10001536:	d107      	bne.n	10001548 <busy_wait_us+0x4c>
10001538:	4a0a      	ldr	r2, [pc, #40]	@ (10001564 <busy_wait_us+0x68>)
1000153a:	e002      	b.n	10001542 <busy_wait_us+0x46>
1000153c:	6a51      	ldr	r1, [r2, #36]	@ 0x24
1000153e:	4299      	cmp	r1, r3
10001540:	d102      	bne.n	10001548 <busy_wait_us+0x4c>
10001542:	6a91      	ldr	r1, [r2, #40]	@ 0x28
10001544:	42a1      	cmp	r1, r4
10001546:	d3f9      	bcc.n	1000153c <busy_wait_us+0x40>
10001548:	bd70      	pop	{r4, r5, r6, pc}
1000154a:	42a0      	cmp	r0, r4
1000154c:	d9e9      	bls.n	10001522 <busy_wait_us+0x26>
1000154e:	4b05      	ldr	r3, [pc, #20]	@ (10001564 <busy_wait_us+0x68>)
10001550:	6a5b      	ldr	r3, [r3, #36]	@ 0x24
10001552:	001c      	movs	r4, r3
10001554:	1c5a      	adds	r2, r3, #1
10001556:	d0ef      	beq.n	10001538 <busy_wait_us+0x3c>
10001558:	2201      	movs	r2, #1
1000155a:	2401      	movs	r4, #1
1000155c:	4264      	negs	r4, r4
1000155e:	17e5      	asrs	r5, r4, #31
10001560:	4252      	negs	r2, r2
10001562:	e7e3      	b.n	1000152c <busy_wait_us+0x30>
10001564:	40054000 	.word	0x40054000

10001568 <busy_wait_until>:
10001568:	4a06      	ldr	r2, [pc, #24]	@ (10001584 <busy_wait_until+0x1c>)
1000156a:	6a53      	ldr	r3, [r2, #36]	@ 0x24
1000156c:	4299      	cmp	r1, r3
1000156e:	d8fc      	bhi.n	1000156a <busy_wait_until+0x2>
10001570:	d107      	bne.n	10001582 <busy_wait_until+0x1a>
10001572:	4b04      	ldr	r3, [pc, #16]	@ (10001584 <busy_wait_until+0x1c>)
10001574:	e002      	b.n	1000157c <busy_wait_until+0x14>
10001576:	6a5a      	ldr	r2, [r3, #36]	@ 0x24
10001578:	4291      	cmp	r1, r2
1000157a:	d102      	bne.n	10001582 <busy_wait_until+0x1a>
1000157c:	6a9a      	ldr	r2, [r3, #40]	@ 0x28
1000157e:	4290      	cmp	r0, r2
10001580:	d8f9      	bhi.n	10001576 <busy_wait_until+0xe>
10001582:	4770      	bx	lr
10001584:	40054000 	.word	0x40054000

10001588 <uart_init>:
10001588:	b5f8      	push	{r3, r4, r5, r6, r7, lr}
1000158a:	0004      	movs	r4, r0
1000158c:	2006      	movs	r0, #6
1000158e:	000d      	movs	r5, r1
10001590:	f000 f96e 	bl	10001870 <clock_get_hz>
10001594:	2800      	cmp	r0, #0
10001596:	d043      	beq.n	10001620 <uart_init+0x98>
10001598:	4b36      	ldr	r3, [pc, #216]	@ (10001674 <uart_init+0xec>)
1000159a:	4937      	ldr	r1, [pc, #220]	@ (10001678 <uart_init+0xf0>)
1000159c:	18e3      	adds	r3, r4, r3
1000159e:	1e5a      	subs	r2, r3, #1
100015a0:	4193      	sbcs	r3, r2
100015a2:	2280      	movs	r2, #128	@ 0x80
100015a4:	425b      	negs	r3, r3
100015a6:	0d9b      	lsrs	r3, r3, #22
100015a8:	0412      	lsls	r2, r2, #16
100015aa:	059b      	lsls	r3, r3, #22
100015ac:	189b      	adds	r3, r3, r2
100015ae:	4a33      	ldr	r2, [pc, #204]	@ (1000167c <uart_init+0xf4>)
100015b0:	6013      	str	r3, [r2, #0]
100015b2:	4a33      	ldr	r2, [pc, #204]	@ (10001680 <uart_init+0xf8>)
100015b4:	6013      	str	r3, [r2, #0]
100015b6:	0018      	movs	r0, r3
100015b8:	680a      	ldr	r2, [r1, #0]
100015ba:	4390      	bics	r0, r2
100015bc:	d1fb      	bne.n	100015b6 <uart_init+0x2e>
100015be:	4b2d      	ldr	r3, [pc, #180]	@ (10001674 <uart_init+0xec>)
100015c0:	4a30      	ldr	r2, [pc, #192]	@ (10001684 <uart_init+0xfc>)
100015c2:	18e3      	adds	r3, r4, r3
100015c4:	4259      	negs	r1, r3
100015c6:	414b      	adcs	r3, r1
100015c8:	2180      	movs	r1, #128	@ 0x80
100015ca:	005b      	lsls	r3, r3, #1
100015cc:	0049      	lsls	r1, r1, #1
100015ce:	2006      	movs	r0, #6
100015d0:	5299      	strh	r1, [r3, r2]
100015d2:	f000 f94d 	bl	10001870 <clock_get_hz>
100015d6:	0029      	movs	r1, r5
100015d8:	00c0      	lsls	r0, r0, #3
100015da:	f000 fb81 	bl	10001ce0 <__wrap___aeabi_uidiv>
100015de:	3001      	adds	r0, #1
100015e0:	09c3      	lsrs	r3, r0, #7
100015e2:	d11e      	bne.n	10001622 <uart_init+0x9a>
100015e4:	2740      	movs	r7, #64	@ 0x40
100015e6:	2201      	movs	r2, #1
100015e8:	6262      	str	r2, [r4, #36]	@ 0x24
100015ea:	62a3      	str	r3, [r4, #40]	@ 0x28
100015ec:	6b26      	ldr	r6, [r4, #48]	@ 0x30
100015ee:	07f3      	lsls	r3, r6, #31
100015f0:	d422      	bmi.n	10001638 <uart_init+0xb0>
100015f2:	6ae3      	ldr	r3, [r4, #44]	@ 0x2c
100015f4:	4b24      	ldr	r3, [pc, #144]	@ (10001688 <uart_init+0x100>)
100015f6:	2006      	movs	r0, #6
100015f8:	18e5      	adds	r5, r4, r3
100015fa:	2300      	movs	r3, #0
100015fc:	602b      	str	r3, [r5, #0]
100015fe:	6326      	str	r6, [r4, #48]	@ 0x30
10001600:	f000 f936 	bl	10001870 <clock_get_hz>
10001604:	0039      	movs	r1, r7
10001606:	0080      	lsls	r0, r0, #2
10001608:	f000 fb6a 	bl	10001ce0 <__wrap___aeabi_uidiv>
1000160c:	2370      	movs	r3, #112	@ 0x70
1000160e:	6ae2      	ldr	r2, [r4, #44]	@ 0x2c
10001610:	405a      	eors	r2, r3
10001612:	330e      	adds	r3, #14
10001614:	4013      	ands	r3, r2
10001616:	602b      	str	r3, [r5, #0]
10001618:	4b1c      	ldr	r3, [pc, #112]	@ (1000168c <uart_init+0x104>)
1000161a:	6323      	str	r3, [r4, #48]	@ 0x30
1000161c:	2303      	movs	r3, #3
1000161e:	64a3      	str	r3, [r4, #72]	@ 0x48
10001620:	bdf8      	pop	{r3, r4, r5, r6, r7, pc}
10001622:	4a1b      	ldr	r2, [pc, #108]	@ (10001690 <uart_init+0x108>)
10001624:	4293      	cmp	r3, r2
10001626:	d91d      	bls.n	10001664 <uart_init+0xdc>
10001628:	2300      	movs	r3, #0
1000162a:	4a1a      	ldr	r2, [pc, #104]	@ (10001694 <uart_init+0x10c>)
1000162c:	4f1a      	ldr	r7, [pc, #104]	@ (10001698 <uart_init+0x110>)
1000162e:	6262      	str	r2, [r4, #36]	@ 0x24
10001630:	62a3      	str	r3, [r4, #40]	@ 0x28
10001632:	6b26      	ldr	r6, [r4, #48]	@ 0x30
10001634:	07f3      	lsls	r3, r6, #31
10001636:	d5dc      	bpl.n	100015f2 <uart_init+0x6a>
10001638:	4b18      	ldr	r3, [pc, #96]	@ (1000169c <uart_init+0x114>)
1000163a:	4a14      	ldr	r2, [pc, #80]	@ (1000168c <uart_init+0x104>)
1000163c:	18e3      	adds	r3, r4, r3
1000163e:	601a      	str	r2, [r3, #0]
10001640:	6a65      	ldr	r5, [r4, #36]	@ 0x24
10001642:	6aa3      	ldr	r3, [r4, #40]	@ 0x28
10001644:	2006      	movs	r0, #6
10001646:	01ad      	lsls	r5, r5, #6
10001648:	18ed      	adds	r5, r5, r3
1000164a:	f000 f911 	bl	10001870 <clock_get_hz>
1000164e:	4914      	ldr	r1, [pc, #80]	@ (100016a0 <uart_init+0x118>)
10001650:	f000 fb46 	bl	10001ce0 <__wrap___aeabi_uidiv>
10001654:	0001      	movs	r1, r0
10001656:	02a8      	lsls	r0, r5, #10
10001658:	f000 fb42 	bl	10001ce0 <__wrap___aeabi_uidiv>
1000165c:	2100      	movs	r1, #0
1000165e:	f7ff ff4d 	bl	100014fc <busy_wait_us>
10001662:	e7c6      	b.n	100015f2 <uart_init+0x6a>
10001664:	0640      	lsls	r0, r0, #25
10001666:	019a      	lsls	r2, r3, #6
10001668:	0e80      	lsrs	r0, r0, #26
1000166a:	1817      	adds	r7, r2, r0
1000166c:	001a      	movs	r2, r3
1000166e:	0003      	movs	r3, r0
10001670:	e7ba      	b.n	100015e8 <uart_init+0x60>
10001672:	46c0      	nop			@ (mov r8, r8)
10001674:	bffc8000 	.word	0xbffc8000
10001678:	4000c008 	.word	0x4000c008
1000167c:	4000e000 	.word	0x4000e000
10001680:	4000f000 	.word	0x4000f000
10001684:	20002060 	.word	0x20002060
10001688:	0000102c 	.word	0x0000102c
1000168c:	00000301 	.word	0x00000301
10001690:	0000fffe 	.word	0x0000fffe
10001694:	0000ffff 	.word	0x0000ffff
10001698:	003fffc0 	.word	0x003fffc0
1000169c:	00003030 	.word	0x00003030
100016a0:	00000e4e 	.word	0x00000e4e

100016a4 <clock_configure_int_divider>:
100016a4:	b5f8      	push	{r3, r4, r5, r6, r7, lr}
100016a6:	46de      	mov	lr, fp
100016a8:	464e      	mov	r6, r9
100016aa:	4645      	mov	r5, r8
100016ac:	4657      	mov	r7, sl
100016ae:	b5e0      	push	{r5, r6, r7, lr}
100016b0:	0005      	movs	r5, r0
100016b2:	468b      	mov	fp, r1
100016b4:	0018      	movs	r0, r3
100016b6:	990a      	ldr	r1, [sp, #40]	@ 0x28
100016b8:	4691      	mov	r9, r2
100016ba:	f000 fb11 	bl	10001ce0 <__wrap___aeabi_uidiv>
100016be:	9b0a      	ldr	r3, [sp, #40]	@ 0x28
100016c0:	006c      	lsls	r4, r5, #1
100016c2:	021e      	lsls	r6, r3, #8
100016c4:	1964      	adds	r4, r4, r5
100016c6:	4b30      	ldr	r3, [pc, #192]	@ (10001788 <clock_configure_int_divider+0xe4>)
100016c8:	00a4      	lsls	r4, r4, #2
100016ca:	18e4      	adds	r4, r4, r3
100016cc:	6863      	ldr	r3, [r4, #4]
100016ce:	4680      	mov	r8, r0
100016d0:	429e      	cmp	r6, r3
100016d2:	d900      	bls.n	100016d6 <clock_configure_int_divider+0x32>
100016d4:	6066      	str	r6, [r4, #4]
100016d6:	1f2f      	subs	r7, r5, #4
100016d8:	b2fb      	uxtb	r3, r7
100016da:	469a      	mov	sl, r3
100016dc:	2b01      	cmp	r3, #1
100016de:	d92f      	bls.n	10001740 <clock_configure_int_divider+0x9c>
100016e0:	23c0      	movs	r3, #192	@ 0xc0
100016e2:	2280      	movs	r2, #128	@ 0x80
100016e4:	4f29      	ldr	r7, [pc, #164]	@ (1000178c <clock_configure_int_divider+0xe8>)
100016e6:	00ad      	lsls	r5, r5, #2
100016e8:	019b      	lsls	r3, r3, #6
100016ea:	5979      	ldr	r1, [r7, r5]
100016ec:	0112      	lsls	r2, r2, #4
100016ee:	18e3      	adds	r3, r4, r3
100016f0:	601a      	str	r2, [r3, #0]
100016f2:	2900      	cmp	r1, #0
100016f4:	d11b      	bne.n	1000172e <clock_configure_int_divider+0x8a>
100016f6:	464b      	mov	r3, r9
100016f8:	6822      	ldr	r2, [r4, #0]
100016fa:	015b      	lsls	r3, r3, #5
100016fc:	4053      	eors	r3, r2
100016fe:	22e0      	movs	r2, #224	@ 0xe0
10001700:	4013      	ands	r3, r2
10001702:	2280      	movs	r2, #128	@ 0x80
10001704:	0152      	lsls	r2, r2, #5
10001706:	18a2      	adds	r2, r4, r2
10001708:	6013      	str	r3, [r2, #0]
1000170a:	4653      	mov	r3, sl
1000170c:	2b01      	cmp	r3, #1
1000170e:	d92f      	bls.n	10001770 <clock_configure_int_divider+0xcc>
10001710:	2380      	movs	r3, #128	@ 0x80
10001712:	2280      	movs	r2, #128	@ 0x80
10001714:	019b      	lsls	r3, r3, #6
10001716:	18e3      	adds	r3, r4, r3
10001718:	0112      	lsls	r2, r2, #4
1000171a:	601a      	str	r2, [r3, #0]
1000171c:	4643      	mov	r3, r8
1000171e:	6066      	str	r6, [r4, #4]
10001720:	517b      	str	r3, [r7, r5]
10001722:	bcf0      	pop	{r4, r5, r6, r7}
10001724:	46bb      	mov	fp, r7
10001726:	46b2      	mov	sl, r6
10001728:	46a9      	mov	r9, r5
1000172a:	46a0      	mov	r8, r4
1000172c:	bdf8      	pop	{r3, r4, r5, r6, r7, pc}
1000172e:	6978      	ldr	r0, [r7, #20]
10001730:	f000 fad6 	bl	10001ce0 <__wrap___aeabi_uidiv>
10001734:	3001      	adds	r0, #1
10001736:	0043      	lsls	r3, r0, #1
10001738:	181b      	adds	r3, r3, r0
1000173a:	3b03      	subs	r3, #3
1000173c:	d2fd      	bcs.n	1000173a <clock_configure_int_divider+0x96>
1000173e:	e7da      	b.n	100016f6 <clock_configure_int_divider+0x52>
10001740:	465b      	mov	r3, fp
10001742:	2b01      	cmp	r3, #1
10001744:	d1cc      	bne.n	100016e0 <clock_configure_int_divider+0x3c>
10001746:	23c0      	movs	r3, #192	@ 0xc0
10001748:	2203      	movs	r2, #3
1000174a:	019b      	lsls	r3, r3, #6
1000174c:	18e3      	adds	r3, r4, r3
1000174e:	601a      	str	r2, [r3, #0]
10001750:	3a02      	subs	r2, #2
10001752:	68a3      	ldr	r3, [r4, #8]
10001754:	421a      	tst	r2, r3
10001756:	d0fc      	beq.n	10001752 <clock_configure_int_divider+0xae>
10001758:	464a      	mov	r2, r9
1000175a:	6823      	ldr	r3, [r4, #0]
1000175c:	0152      	lsls	r2, r2, #5
1000175e:	405a      	eors	r2, r3
10001760:	23e0      	movs	r3, #224	@ 0xe0
10001762:	4013      	ands	r3, r2
10001764:	2280      	movs	r2, #128	@ 0x80
10001766:	0152      	lsls	r2, r2, #5
10001768:	18a2      	adds	r2, r4, r2
1000176a:	4f08      	ldr	r7, [pc, #32]	@ (1000178c <clock_configure_int_divider+0xe8>)
1000176c:	6013      	str	r3, [r2, #0]
1000176e:	00ad      	lsls	r5, r5, #2
10001770:	4658      	mov	r0, fp
10001772:	2303      	movs	r3, #3
10001774:	6821      	ldr	r1, [r4, #0]
10001776:	4041      	eors	r1, r0
10001778:	400b      	ands	r3, r1
1000177a:	6013      	str	r3, [r2, #0]
1000177c:	2201      	movs	r2, #1
1000177e:	4082      	lsls	r2, r0
10001780:	68a3      	ldr	r3, [r4, #8]
10001782:	421a      	tst	r2, r3
10001784:	d0fc      	beq.n	10001780 <clock_configure_int_divider+0xdc>
10001786:	e7c3      	b.n	10001710 <clock_configure_int_divider+0x6c>
10001788:	40008000 	.word	0x40008000
1000178c:	200017c4 	.word	0x200017c4

10001790 <clock_configure_undivided>:
10001790:	b5f0      	push	{r4, r5, r6, r7, lr}
10001792:	46d6      	mov	lr, sl
10001794:	464f      	mov	r7, r9
10001796:	4646      	mov	r6, r8
10001798:	0044      	lsls	r4, r0, #1
1000179a:	4698      	mov	r8, r3
1000179c:	1824      	adds	r4, r4, r0
1000179e:	4b32      	ldr	r3, [pc, #200]	@ (10001868 <clock_configure_undivided+0xd8>)
100017a0:	00a4      	lsls	r4, r4, #2
100017a2:	18e4      	adds	r4, r4, r3
100017a4:	6863      	ldr	r3, [r4, #4]
100017a6:	468a      	mov	sl, r1
100017a8:	4691      	mov	r9, r2
100017aa:	b5c0      	push	{r6, r7, lr}
100017ac:	2bff      	cmp	r3, #255	@ 0xff
100017ae:	d802      	bhi.n	100017b6 <clock_configure_undivided+0x26>
100017b0:	2380      	movs	r3, #128	@ 0x80
100017b2:	005b      	lsls	r3, r3, #1
100017b4:	6063      	str	r3, [r4, #4]
100017b6:	1f06      	subs	r6, r0, #4
100017b8:	b2f6      	uxtb	r6, r6
100017ba:	2e01      	cmp	r6, #1
100017bc:	d92f      	bls.n	1000181e <clock_configure_undivided+0x8e>
100017be:	23c0      	movs	r3, #192	@ 0xc0
100017c0:	2280      	movs	r2, #128	@ 0x80
100017c2:	4f2a      	ldr	r7, [pc, #168]	@ (1000186c <clock_configure_undivided+0xdc>)
100017c4:	0085      	lsls	r5, r0, #2
100017c6:	019b      	lsls	r3, r3, #6
100017c8:	5979      	ldr	r1, [r7, r5]
100017ca:	0112      	lsls	r2, r2, #4
100017cc:	18e3      	adds	r3, r4, r3
100017ce:	601a      	str	r2, [r3, #0]
100017d0:	2900      	cmp	r1, #0
100017d2:	d11b      	bne.n	1000180c <clock_configure_undivided+0x7c>
100017d4:	464b      	mov	r3, r9
100017d6:	6822      	ldr	r2, [r4, #0]
100017d8:	015b      	lsls	r3, r3, #5
100017da:	4053      	eors	r3, r2
100017dc:	22e0      	movs	r2, #224	@ 0xe0
100017de:	4013      	ands	r3, r2
100017e0:	2280      	movs	r2, #128	@ 0x80
100017e2:	0152      	lsls	r2, r2, #5
100017e4:	18a2      	adds	r2, r4, r2
100017e6:	6013      	str	r3, [r2, #0]
100017e8:	2e01      	cmp	r6, #1
100017ea:	d930      	bls.n	1000184e <clock_configure_undivided+0xbe>
100017ec:	2380      	movs	r3, #128	@ 0x80
100017ee:	2280      	movs	r2, #128	@ 0x80
100017f0:	019b      	lsls	r3, r3, #6
100017f2:	18e3      	adds	r3, r4, r3
100017f4:	0112      	lsls	r2, r2, #4
100017f6:	601a      	str	r2, [r3, #0]
100017f8:	2380      	movs	r3, #128	@ 0x80
100017fa:	005b      	lsls	r3, r3, #1
100017fc:	6063      	str	r3, [r4, #4]
100017fe:	4643      	mov	r3, r8
10001800:	517b      	str	r3, [r7, r5]
10001802:	bce0      	pop	{r5, r6, r7}
10001804:	46ba      	mov	sl, r7
10001806:	46b1      	mov	r9, r6
10001808:	46a8      	mov	r8, r5
1000180a:	bdf0      	pop	{r4, r5, r6, r7, pc}
1000180c:	6978      	ldr	r0, [r7, #20]
1000180e:	f000 fa67 	bl	10001ce0 <__wrap___aeabi_uidiv>
10001812:	3001      	adds	r0, #1
10001814:	0043      	lsls	r3, r0, #1
10001816:	181b      	adds	r3, r3, r0
10001818:	3b03      	subs	r3, #3
1000181a:	d2fd      	bcs.n	10001818 <clock_configure_undivided+0x88>
1000181c:	e7da      	b.n	100017d4 <clock_configure_undivided+0x44>
1000181e:	4653      	mov	r3, sl
10001820:	2b01      	cmp	r3, #1
10001822:	d1cc      	bne.n	100017be <clock_configure_undivided+0x2e>
10001824:	23c0      	movs	r3, #192	@ 0xc0
10001826:	2203      	movs	r2, #3
10001828:	019b      	lsls	r3, r3, #6
1000182a:	18e3      	adds	r3, r4, r3
1000182c:	601a      	str	r2, [r3, #0]
1000182e:	3a02      	subs	r2, #2
10001830:	68a3      	ldr	r3, [r4, #8]
10001832:	421a      	tst	r2, r3
10001834:	d0fc      	beq.n	10001830 <clock_configure_undivided+0xa0>
10001836:	464a      	mov	r2, r9
10001838:	6823      	ldr	r3, [r4, #0]
1000183a:	0152      	lsls	r2, r2, #5
1000183c:	405a      	eors	r2, r3
1000183e:	23e0      	movs	r3, #224	@ 0xe0
10001840:	4013      	ands	r3, r2
10001842:	2280      	movs	r2, #128	@ 0x80
10001844:	0152      	lsls	r2, r2, #5
10001846:	18a2      	adds	r2, r4, r2
10001848:	4f08      	ldr	r7, [pc, #32]	@ (1000186c <clock_configure_undivided+0xdc>)
1000184a:	6013      	str	r3, [r2, #0]
1000184c:	0085      	lsls	r5, r0, #2
1000184e:	4650      	mov	r0, sl
10001850:	2303      	movs	r3, #3
10001852:	6821      	ldr	r1, [r4, #0]
10001854:	4041      	eors	r1, r0
10001856:	400b      	ands	r3, r1
10001858:	6013      	str	r3, [r2, #0]
1000185a:	2201      	movs	r2, #1
1000185c:	4082      	lsls	r2, r0
1000185e:	68a3      	ldr	r3, [r4, #8]
10001860:	421a      	tst	r2, r3
10001862:	d0fc      	beq.n	1000185e <clock_configure_undivided+0xce>
10001864:	e7c2      	b.n	100017ec <clock_configure_undivided+0x5c>
10001866:	46c0      	nop			@ (mov r8, r8)
10001868:	40008000 	.word	0x40008000
1000186c:	200017c4 	.word	0x200017c4

10001870 <clock_get_hz>:
10001870:	4b01      	ldr	r3, [pc, #4]	@ (10001878 <clock_get_hz+0x8>)
10001872:	0080      	lsls	r0, r0, #2
10001874:	58c0      	ldr	r0, [r0, r3]
10001876:	4770      	bx	lr
10001878:	200017c4 	.word	0x200017c4

1000187c <pll_init>:
1000187c:	b5f0      	push	{r4, r5, r6, r7, lr}
1000187e:	46c6      	mov	lr, r8
10001880:	0004      	movs	r4, r0
10001882:	b500      	push	{lr}
10001884:	4823      	ldr	r0, [pc, #140]	@ (10001914 <pll_init+0x98>)
10001886:	0016      	movs	r6, r2
10001888:	4698      	mov	r8, r3
1000188a:	000d      	movs	r5, r1
1000188c:	f000 fa28 	bl	10001ce0 <__wrap___aeabi_uidiv>
10001890:	0001      	movs	r1, r0
10001892:	0030      	movs	r0, r6
10001894:	f000 fa24 	bl	10001ce0 <__wrap___aeabi_uidiv>
10001898:	4643      	mov	r3, r8
1000189a:	9a06      	ldr	r2, [sp, #24]
1000189c:	041b      	lsls	r3, r3, #16
1000189e:	0312      	lsls	r2, r2, #12
100018a0:	4313      	orrs	r3, r2
100018a2:	469c      	mov	ip, r3
100018a4:	6823      	ldr	r3, [r4, #0]
100018a6:	0006      	movs	r6, r0
100018a8:	2b00      	cmp	r3, #0
100018aa:	db22      	blt.n	100018f2 <pll_init+0x76>
100018ac:	4b1a      	ldr	r3, [pc, #104]	@ (10001918 <pll_init+0x9c>)
100018ae:	481b      	ldr	r0, [pc, #108]	@ (1000191c <pll_init+0xa0>)
100018b0:	18e2      	adds	r2, r4, r3
100018b2:	1e53      	subs	r3, r2, #1
100018b4:	419a      	sbcs	r2, r3
100018b6:	2380      	movs	r3, #128	@ 0x80
100018b8:	4252      	negs	r2, r2
100018ba:	0b12      	lsrs	r2, r2, #12
100018bc:	019b      	lsls	r3, r3, #6
100018be:	0312      	lsls	r2, r2, #12
100018c0:	18d2      	adds	r2, r2, r3
100018c2:	4b17      	ldr	r3, [pc, #92]	@ (10001920 <pll_init+0xa4>)
100018c4:	601a      	str	r2, [r3, #0]
100018c6:	4b17      	ldr	r3, [pc, #92]	@ (10001924 <pll_init+0xa8>)
100018c8:	601a      	str	r2, [r3, #0]
100018ca:	0013      	movs	r3, r2
100018cc:	6801      	ldr	r1, [r0, #0]
100018ce:	438b      	bics	r3, r1
100018d0:	d1fb      	bne.n	100018ca <pll_init+0x4e>
100018d2:	2221      	movs	r2, #33	@ 0x21
100018d4:	4b14      	ldr	r3, [pc, #80]	@ (10001928 <pll_init+0xac>)
100018d6:	6025      	str	r5, [r4, #0]
100018d8:	18e3      	adds	r3, r4, r3
100018da:	60a6      	str	r6, [r4, #8]
100018dc:	601a      	str	r2, [r3, #0]
100018de:	6822      	ldr	r2, [r4, #0]
100018e0:	2a00      	cmp	r2, #0
100018e2:	dafc      	bge.n	100018de <pll_init+0x62>
100018e4:	4662      	mov	r2, ip
100018e6:	60e2      	str	r2, [r4, #12]
100018e8:	2208      	movs	r2, #8
100018ea:	601a      	str	r2, [r3, #0]
100018ec:	bc80      	pop	{r7}
100018ee:	46b8      	mov	r8, r7
100018f0:	bdf0      	pop	{r4, r5, r6, r7, pc}
100018f2:	233f      	movs	r3, #63	@ 0x3f
100018f4:	6822      	ldr	r2, [r4, #0]
100018f6:	4013      	ands	r3, r2
100018f8:	42ab      	cmp	r3, r5
100018fa:	d1d7      	bne.n	100018ac <pll_init+0x30>
100018fc:	68a3      	ldr	r3, [r4, #8]
100018fe:	051b      	lsls	r3, r3, #20
10001900:	0d1b      	lsrs	r3, r3, #20
10001902:	4283      	cmp	r3, r0
10001904:	d1d2      	bne.n	100018ac <pll_init+0x30>
10001906:	22ee      	movs	r2, #238	@ 0xee
10001908:	68e3      	ldr	r3, [r4, #12]
1000190a:	02d2      	lsls	r2, r2, #11
1000190c:	4013      	ands	r3, r2
1000190e:	4563      	cmp	r3, ip
10001910:	d1cc      	bne.n	100018ac <pll_init+0x30>
10001912:	e7eb      	b.n	100018ec <pll_init+0x70>
10001914:	00b71b00 	.word	0x00b71b00
10001918:	bffd4000 	.word	0xbffd4000
1000191c:	4000c008 	.word	0x4000c008
10001920:	4000e000 	.word	0x4000e000
10001924:	4000f000 	.word	0x4000f000
10001928:	00003004 	.word	0x00003004

1000192c <watchdog_reboot>:
1000192c:	b510      	push	{r4, lr}
1000192e:	2480      	movs	r4, #128	@ 0x80
10001930:	4b1c      	ldr	r3, [pc, #112]	@ (100019a4 <watchdog_reboot+0x78>)
10001932:	05e4      	lsls	r4, r4, #23
10001934:	601c      	str	r4, [r3, #0]
10001936:	2800      	cmp	r0, #0
10001938:	d01a      	beq.n	10001970 <watchdog_reboot+0x44>
1000193a:	2301      	movs	r3, #1
1000193c:	4c1a      	ldr	r4, [pc, #104]	@ (100019a8 <watchdog_reboot+0x7c>)
1000193e:	4318      	orrs	r0, r3
10001940:	4b1a      	ldr	r3, [pc, #104]	@ (100019ac <watchdog_reboot+0x80>)
10001942:	61dc      	str	r4, [r3, #28]
10001944:	4c1a      	ldr	r4, [pc, #104]	@ (100019b0 <watchdog_reboot+0x84>)
10001946:	4044      	eors	r4, r0
10001948:	621c      	str	r4, [r3, #32]
1000194a:	6259      	str	r1, [r3, #36]	@ 0x24
1000194c:	6298      	str	r0, [r3, #40]	@ 0x28
1000194e:	2180      	movs	r1, #128	@ 0x80
10001950:	4b14      	ldr	r3, [pc, #80]	@ (100019a4 <watchdog_reboot+0x78>)
10001952:	05c9      	lsls	r1, r1, #23
10001954:	6019      	str	r1, [r3, #0]
10001956:	4817      	ldr	r0, [pc, #92]	@ (100019b4 <watchdog_reboot+0x88>)
10001958:	4917      	ldr	r1, [pc, #92]	@ (100019b8 <watchdog_reboot+0x8c>)
1000195a:	6008      	str	r0, [r1, #0]
1000195c:	21e0      	movs	r1, #224	@ 0xe0
1000195e:	04c9      	lsls	r1, r1, #19
10001960:	6019      	str	r1, [r3, #0]
10001962:	2a00      	cmp	r2, #0
10001964:	d107      	bne.n	10001976 <watchdog_reboot+0x4a>
10001966:	2280      	movs	r2, #128	@ 0x80
10001968:	4b14      	ldr	r3, [pc, #80]	@ (100019bc <watchdog_reboot+0x90>)
1000196a:	0612      	lsls	r2, r2, #24
1000196c:	601a      	str	r2, [r3, #0]
1000196e:	bd10      	pop	{r4, pc}
10001970:	4b0e      	ldr	r3, [pc, #56]	@ (100019ac <watchdog_reboot+0x80>)
10001972:	61d8      	str	r0, [r3, #28]
10001974:	e7eb      	b.n	1000194e <watchdog_reboot+0x22>
10001976:	0153      	lsls	r3, r2, #5
10001978:	1a9b      	subs	r3, r3, r2
1000197a:	009b      	lsls	r3, r3, #2
1000197c:	189a      	adds	r2, r3, r2
1000197e:	2380      	movs	r3, #128	@ 0x80
10001980:	0112      	lsls	r2, r2, #4
10001982:	045b      	lsls	r3, r3, #17
10001984:	429a      	cmp	r2, r3
10001986:	d209      	bcs.n	1000199c <watchdog_reboot+0x70>
10001988:	0013      	movs	r3, r2
1000198a:	490d      	ldr	r1, [pc, #52]	@ (100019c0 <watchdog_reboot+0x94>)
1000198c:	600b      	str	r3, [r1, #0]
1000198e:	4b07      	ldr	r3, [pc, #28]	@ (100019ac <watchdog_reboot+0x80>)
10001990:	605a      	str	r2, [r3, #4]
10001992:	2280      	movs	r2, #128	@ 0x80
10001994:	4b09      	ldr	r3, [pc, #36]	@ (100019bc <watchdog_reboot+0x90>)
10001996:	05d2      	lsls	r2, r2, #23
10001998:	601a      	str	r2, [r3, #0]
1000199a:	e7e8      	b.n	1000196e <watchdog_reboot+0x42>
1000199c:	4b09      	ldr	r3, [pc, #36]	@ (100019c4 <watchdog_reboot+0x98>)
1000199e:	001a      	movs	r2, r3
100019a0:	e7f3      	b.n	1000198a <watchdog_reboot+0x5e>
100019a2:	46c0      	nop			@ (mov r8, r8)
100019a4:	4005b000 	.word	0x4005b000
100019a8:	b007c0d3 	.word	0xb007c0d3
100019ac:	40058000 	.word	0x40058000
100019b0:	4ff83f2d 	.word	0x4ff83f2d
100019b4:	0001fffc 	.word	0x0001fffc
100019b8:	40012008 	.word	0x40012008
100019bc:	4005a000 	.word	0x4005a000
100019c0:	20002024 	.word	0x20002024
100019c4:	00ffffff 	.word	0x00ffffff

100019c8 <tick_start>:
100019c8:	2380      	movs	r3, #128	@ 0x80
100019ca:	4a02      	ldr	r2, [pc, #8]	@ (100019d4 <tick_start+0xc>)
100019cc:	009b      	lsls	r3, r3, #2
100019ce:	430b      	orrs	r3, r1
100019d0:	62d3      	str	r3, [r2, #44]	@ 0x2c
100019d2:	4770      	bx	lr
100019d4:	40058000 	.word	0x40058000

100019d8 <rom_func_lookup>:
100019d8:	2300      	movs	r3, #0
100019da:	b510      	push	{r4, lr}
100019dc:	0001      	movs	r1, r0
100019de:	8a98      	ldrh	r0, [r3, #20]
100019e0:	8b1b      	ldrh	r3, [r3, #24]
100019e2:	4798      	blx	r3
100019e4:	bd10      	pop	{r4, pc}
100019e6:	46c0      	nop			@ (mov r8, r8)

100019e8 <rom_data_lookup>:
100019e8:	2316      	movs	r3, #22
100019ea:	b510      	push	{r4, lr}
100019ec:	0001      	movs	r1, r0
100019ee:	8818      	ldrh	r0, [r3, #0]
100019f0:	885b      	ldrh	r3, [r3, #2]
100019f2:	4798      	blx	r3
100019f4:	bd10      	pop	{r4, pc}
100019f6:	46c0      	nop			@ (mov r8, r8)

100019f8 <rom_funcs_lookup>:
100019f8:	b5f8      	push	{r3, r4, r5, r6, r7, lr}
100019fa:	4647      	mov	r7, r8
100019fc:	46ce      	mov	lr, r9
100019fe:	b580      	push	{r7, lr}
10001a00:	1e0f      	subs	r7, r1, #0
10001a02:	d018      	beq.n	10001a36 <rom_funcs_lookup+0x3e>
10001a04:	2314      	movs	r3, #20
10001a06:	4699      	mov	r9, r3
10001a08:	3304      	adds	r3, #4
10001a0a:	0004      	movs	r4, r0
10001a0c:	2500      	movs	r5, #0
10001a0e:	2601      	movs	r6, #1
10001a10:	4698      	mov	r8, r3
10001a12:	464b      	mov	r3, r9
10001a14:	8818      	ldrh	r0, [r3, #0]
10001a16:	4643      	mov	r3, r8
10001a18:	6821      	ldr	r1, [r4, #0]
10001a1a:	881b      	ldrh	r3, [r3, #0]
10001a1c:	4798      	blx	r3
10001a1e:	c401      	stmia	r4!, {r0}
10001a20:	1e43      	subs	r3, r0, #1
10001a22:	4198      	sbcs	r0, r3
10001a24:	3501      	adds	r5, #1
10001a26:	4006      	ands	r6, r0
10001a28:	42af      	cmp	r7, r5
10001a2a:	d1f2      	bne.n	10001a12 <rom_funcs_lookup+0x1a>
10001a2c:	0030      	movs	r0, r6
10001a2e:	bcc0      	pop	{r6, r7}
10001a30:	46b9      	mov	r9, r7
10001a32:	46b0      	mov	r8, r6
10001a34:	bdf8      	pop	{r3, r4, r5, r6, r7, pc}
10001a36:	2601      	movs	r6, #1
10001a38:	e7f8      	b.n	10001a2c <rom_funcs_lookup+0x34>
10001a3a:	46c0      	nop			@ (mov r8, r8)

10001a3c <rom_reset_usb_boot_extra>:
10001a3c:	2300      	movs	r3, #0
10001a3e:	b570      	push	{r4, r5, r6, lr}
10001a40:	0004      	movs	r4, r0
10001a42:	000d      	movs	r5, r1
10001a44:	8a98      	ldrh	r0, [r3, #20]
10001a46:	4905      	ldr	r1, [pc, #20]	@ (10001a5c <rom_reset_usb_boot_extra+0x20>)
10001a48:	8b1b      	ldrh	r3, [r3, #24]
10001a4a:	4798      	blx	r3
10001a4c:	0003      	movs	r3, r0
10001a4e:	2000      	movs	r0, #0
10001a50:	2c00      	cmp	r4, #0
10001a52:	db01      	blt.n	10001a58 <rom_reset_usb_boot_extra+0x1c>
10001a54:	3001      	adds	r0, #1
10001a56:	40a0      	lsls	r0, r4
10001a58:	0029      	movs	r1, r5
10001a5a:	4798      	blx	r3
10001a5c:	00004255 	.word	0x00004255

10001a60 <xosc_init>:
10001a60:	23aa      	movs	r3, #170	@ 0xaa
10001a62:	4a06      	ldr	r2, [pc, #24]	@ (10001a7c <xosc_init+0x1c>)
10001a64:	011b      	lsls	r3, r3, #4
10001a66:	6013      	str	r3, [r2, #0]
10001a68:	238d      	movs	r3, #141	@ 0x8d
10001a6a:	005b      	lsls	r3, r3, #1
10001a6c:	60d3      	str	r3, [r2, #12]
10001a6e:	4904      	ldr	r1, [pc, #16]	@ (10001a80 <xosc_init+0x20>)
10001a70:	4b04      	ldr	r3, [pc, #16]	@ (10001a84 <xosc_init+0x24>)
10001a72:	6019      	str	r1, [r3, #0]
10001a74:	6853      	ldr	r3, [r2, #4]
10001a76:	2b00      	cmp	r3, #0
10001a78:	dafc      	bge.n	10001a74 <xosc_init+0x14>
10001a7a:	4770      	bx	lr
10001a7c:	40024000 	.word	0x40024000
10001a80:	00fab000 	.word	0x00fab000
10001a84:	40026000 	.word	0x40026000

10001a88 <first_per_core_initializer>:
10001a88:	4770      	bx	lr
10001a8a:	46c0      	nop			@ (mov r8, r8)

10001a8c <hard_assertion_failure>:
10001a8c:	b510      	push	{r4, lr}
10001a8e:	4801      	ldr	r0, [pc, #4]	@ (10001a94 <hard_assertion_failure+0x8>)
10001a90:	f7fe fd46 	bl	10000520 <panic>
10001a94:	10004abc 	.word	0x10004abc

10001a98 <runtime_run_initializers>:
10001a98:	b570      	push	{r4, r5, r6, lr}
10001a9a:	4d07      	ldr	r5, [pc, #28]	@ (10001ab8 <runtime_run_initializers+0x20>)
10001a9c:	4e07      	ldr	r6, [pc, #28]	@ (10001abc <runtime_run_initializers+0x24>)
10001a9e:	42b5      	cmp	r5, r6
10001aa0:	d209      	bcs.n	10001ab6 <runtime_run_initializers+0x1e>
10001aa2:	2400      	movs	r4, #0
10001aa4:	3e01      	subs	r6, #1
10001aa6:	1b76      	subs	r6, r6, r5
10001aa8:	08b6      	lsrs	r6, r6, #2
10001aaa:	3601      	adds	r6, #1
10001aac:	cd08      	ldmia	r5!, {r3}
10001aae:	3401      	adds	r4, #1
10001ab0:	4798      	blx	r3
10001ab2:	42b4      	cmp	r4, r6
10001ab4:	d1fa      	bne.n	10001aac <runtime_run_initializers+0x14>
10001ab6:	bd70      	pop	{r4, r5, r6, pc}
10001ab8:	100049f0 	.word	0x100049f0
10001abc:	10004a2c 	.word	0x10004a2c

10001ac0 <runtime_init_early_resets>:
10001ac0:	4b05      	ldr	r3, [pc, #20]	@ (10001ad8 <runtime_init_early_resets+0x18>)
10001ac2:	4a06      	ldr	r2, [pc, #24]	@ (10001adc <runtime_init_early_resets+0x1c>)
10001ac4:	4906      	ldr	r1, [pc, #24]	@ (10001ae0 <runtime_init_early_resets+0x20>)
10001ac6:	601a      	str	r2, [r3, #0]
10001ac8:	4a06      	ldr	r2, [pc, #24]	@ (10001ae4 <runtime_init_early_resets+0x24>)
10001aca:	4b07      	ldr	r3, [pc, #28]	@ (10001ae8 <runtime_init_early_resets+0x28>)
10001acc:	601a      	str	r2, [r3, #0]
10001ace:	0010      	movs	r0, r2
10001ad0:	680b      	ldr	r3, [r1, #0]
10001ad2:	4398      	bics	r0, r3
10001ad4:	d1fb      	bne.n	10001ace <runtime_init_early_resets+0xe>
10001ad6:	4770      	bx	lr
10001ad8:	4000e000 	.word	0x4000e000
10001adc:	fefbcdbf 	.word	0xfefbcdbf
10001ae0:	4000c008 	.word	0x4000c008
10001ae4:	003c7ffe 	.word	0x003c7ffe
10001ae8:	4000f000 	.word	0x4000f000

10001aec <runtime_init_usb_power_down>:
10001aec:	4b04      	ldr	r3, [pc, #16]	@ (10001b00 <runtime_init_usb_power_down+0x14>)
10001aee:	6cdb      	ldr	r3, [r3, #76]	@ 0x4c
10001af0:	2b00      	cmp	r3, #0
10001af2:	d103      	bne.n	10001afc <runtime_init_usb_power_down+0x10>
10001af4:	2280      	movs	r2, #128	@ 0x80
10001af6:	4b03      	ldr	r3, [pc, #12]	@ (10001b04 <runtime_init_usb_power_down+0x18>)
10001af8:	02d2      	lsls	r2, r2, #11
10001afa:	601a      	str	r2, [r3, #0]
10001afc:	4770      	bx	lr
10001afe:	46c0      	nop			@ (mov r8, r8)
10001b00:	50110000 	.word	0x50110000
10001b04:	5011204c 	.word	0x5011204c

10001b08 <runtime_init_post_clock_resets>:
10001b08:	4a04      	ldr	r2, [pc, #16]	@ (10001b1c <runtime_init_post_clock_resets+0x14>)
10001b0a:	4b05      	ldr	r3, [pc, #20]	@ (10001b20 <runtime_init_post_clock_resets+0x18>)
10001b0c:	601a      	str	r2, [r3, #0]
10001b0e:	4a05      	ldr	r2, [pc, #20]	@ (10001b24 <runtime_init_post_clock_resets+0x1c>)
10001b10:	6813      	ldr	r3, [r2, #0]
10001b12:	01db      	lsls	r3, r3, #7
10001b14:	3380      	adds	r3, #128	@ 0x80
10001b16:	d1fb      	bne.n	10001b10 <runtime_init_post_clock_resets+0x8>
10001b18:	4770      	bx	lr
10001b1a:	46c0      	nop			@ (mov r8, r8)
10001b1c:	01ffffff 	.word	0x01ffffff
10001b20:	4000f000 	.word	0x4000f000
10001b24:	4000c008 	.word	0x4000c008

10001b28 <runtime_init_rp2040_gpio_ie_disable>:
10001b28:	2240      	movs	r2, #64	@ 0x40
10001b2a:	4b03      	ldr	r3, [pc, #12]	@ (10001b38 <runtime_init_rp2040_gpio_ie_disable+0x10>)
10001b2c:	679a      	str	r2, [r3, #120]	@ 0x78
10001b2e:	675a      	str	r2, [r3, #116]	@ 0x74
10001b30:	671a      	str	r2, [r3, #112]	@ 0x70
10001b32:	66da      	str	r2, [r3, #108]	@ 0x6c
10001b34:	4770      	bx	lr
10001b36:	46c0      	nop			@ (mov r8, r8)
10001b38:	4001f000 	.word	0x4001f000

10001b3c <runtime_init_spin_locks_reset>:
10001b3c:	b510      	push	{r4, lr}
10001b3e:	f7fe fd8f 	bl	10000660 <spin_locks_reset>
10001b42:	bd10      	pop	{r4, pc}

10001b44 <runtime_init_install_ram_vector_table>:
10001b44:	b570      	push	{r4, r5, r6, lr}
10001b46:	4927      	ldr	r1, [pc, #156]	@ (10001be4 <runtime_init_install_ram_vector_table+0xa0>)
10001b48:	4e27      	ldr	r6, [pc, #156]	@ (10001be8 <runtime_init_install_ram_vector_table+0xa4>)
10001b4a:	4d28      	ldr	r5, [pc, #160]	@ (10001bec <runtime_init_install_ram_vector_table+0xa8>)
10001b4c:	1a76      	subs	r6, r6, r1
10001b4e:	08b4      	lsrs	r4, r6, #2
10001b50:	0022      	movs	r2, r4
10001b52:	2c30      	cmp	r4, #48	@ 0x30
10001b54:	d900      	bls.n	10001b58 <runtime_init_install_ram_vector_table+0x14>
10001b56:	2230      	movs	r2, #48	@ 0x30
10001b58:	0028      	movs	r0, r5
10001b5a:	0092      	lsls	r2, r2, #2
10001b5c:	f000 f9c0 	bl	10001ee0 <__wrap___aeabi_memcpy>
10001b60:	2c2f      	cmp	r4, #47	@ 0x2f
10001b62:	d83b      	bhi.n	10001bdc <runtime_init_install_ram_vector_table+0x98>
10001b64:	0023      	movs	r3, r4
10001b66:	3b2a      	subs	r3, #42	@ 0x2a
10001b68:	4a21      	ldr	r2, [pc, #132]	@ (10001bf0 <runtime_init_install_ram_vector_table+0xac>)
10001b6a:	2b05      	cmp	r3, #5
10001b6c:	d91b      	bls.n	10001ba6 <runtime_init_install_ram_vector_table+0x62>
10001b6e:	2030      	movs	r0, #48	@ 0x30
10001b70:	19ae      	adds	r6, r5, r6
10001b72:	0771      	lsls	r1, r6, #29
10001b74:	1b00      	subs	r0, r0, r4
10001b76:	0026      	movs	r6, r4
10001b78:	0fcb      	lsrs	r3, r1, #31
10001b7a:	2900      	cmp	r1, #0
10001b7c:	da02      	bge.n	10001b84 <runtime_init_install_ram_vector_table+0x40>
10001b7e:	00a1      	lsls	r1, r4, #2
10001b80:	506a      	str	r2, [r5, r1]
10001b82:	1c66      	adds	r6, r4, #1
10001b84:	1ac0      	subs	r0, r0, r3
10001b86:	18e3      	adds	r3, r4, r3
10001b88:	009b      	lsls	r3, r3, #2
10001b8a:	0841      	lsrs	r1, r0, #1
10001b8c:	18eb      	adds	r3, r5, r3
10001b8e:	00c9      	lsls	r1, r1, #3
10001b90:	18c9      	adds	r1, r1, r3
10001b92:	601a      	str	r2, [r3, #0]
10001b94:	605a      	str	r2, [r3, #4]
10001b96:	3308      	adds	r3, #8
10001b98:	428b      	cmp	r3, r1
10001b9a:	d1fa      	bne.n	10001b92 <runtime_init_install_ram_vector_table+0x4e>
10001b9c:	2301      	movs	r3, #1
10001b9e:	4203      	tst	r3, r0
10001ba0:	d01c      	beq.n	10001bdc <runtime_init_install_ram_vector_table+0x98>
10001ba2:	4398      	bics	r0, r3
10001ba4:	1984      	adds	r4, r0, r6
10001ba6:	00a3      	lsls	r3, r4, #2
10001ba8:	50ea      	str	r2, [r5, r3]
10001baa:	1c63      	adds	r3, r4, #1
10001bac:	2c2f      	cmp	r4, #47	@ 0x2f
10001bae:	d015      	beq.n	10001bdc <runtime_init_install_ram_vector_table+0x98>
10001bb0:	009b      	lsls	r3, r3, #2
10001bb2:	50ea      	str	r2, [r5, r3]
10001bb4:	1ca3      	adds	r3, r4, #2
10001bb6:	2c2e      	cmp	r4, #46	@ 0x2e
10001bb8:	d010      	beq.n	10001bdc <runtime_init_install_ram_vector_table+0x98>
10001bba:	009b      	lsls	r3, r3, #2
10001bbc:	50ea      	str	r2, [r5, r3]
10001bbe:	1ce3      	adds	r3, r4, #3
10001bc0:	2c2d      	cmp	r4, #45	@ 0x2d
10001bc2:	d00b      	beq.n	10001bdc <runtime_init_install_ram_vector_table+0x98>
10001bc4:	009b      	lsls	r3, r3, #2
10001bc6:	50ea      	str	r2, [r5, r3]
10001bc8:	1d23      	adds	r3, r4, #4
10001bca:	2c2c      	cmp	r4, #44	@ 0x2c
10001bcc:	d006      	beq.n	10001bdc <runtime_init_install_ram_vector_table+0x98>
10001bce:	009b      	lsls	r3, r3, #2
10001bd0:	50ea      	str	r2, [r5, r3]
10001bd2:	1d63      	adds	r3, r4, #5
10001bd4:	2c2b      	cmp	r4, #43	@ 0x2b
10001bd6:	d001      	beq.n	10001bdc <runtime_init_install_ram_vector_table+0x98>
10001bd8:	009b      	lsls	r3, r3, #2
10001bda:	50ea      	str	r2, [r5, r3]
10001bdc:	4b05      	ldr	r3, [pc, #20]	@ (10001bf4 <runtime_init_install_ram_vector_table+0xb0>)
10001bde:	609d      	str	r5, [r3, #8]
10001be0:	bd70      	pop	{r4, r5, r6, pc}
10001be2:	46c0      	nop			@ (mov r8, r8)
10001be4:	10000100 	.word	0x10000100
10001be8:	100001c0 	.word	0x100001c0
10001bec:	20000000 	.word	0x20000000
10001bf0:	100001c1 	.word	0x100001c1
10001bf4:	e000ed00 	.word	0xe000ed00

10001bf8 <runtime_init_clocks>:
10001bf8:	2300      	movs	r3, #0
10001bfa:	b510      	push	{r4, lr}
10001bfc:	4c29      	ldr	r4, [pc, #164]	@ (10001ca4 <runtime_init_clocks+0xac>)
10001bfe:	b082      	sub	sp, #8
10001c00:	67a3      	str	r3, [r4, #120]	@ 0x78
10001c02:	f7ff ff2d 	bl	10001a60 <xosc_init>
10001c06:	2201      	movs	r2, #1
10001c08:	4b27      	ldr	r3, [pc, #156]	@ (10001ca8 <runtime_init_clocks+0xb0>)
10001c0a:	601a      	str	r2, [r3, #0]
10001c0c:	6c63      	ldr	r3, [r4, #68]	@ 0x44
10001c0e:	2b01      	cmp	r3, #1
10001c10:	d1fc      	bne.n	10001c0c <runtime_init_clocks+0x14>
10001c12:	2203      	movs	r2, #3
10001c14:	4b25      	ldr	r3, [pc, #148]	@ (10001cac <runtime_init_clocks+0xb4>)
10001c16:	601a      	str	r2, [r3, #0]
10001c18:	4a22      	ldr	r2, [pc, #136]	@ (10001ca4 <runtime_init_clocks+0xac>)
10001c1a:	6b93      	ldr	r3, [r2, #56]	@ 0x38
10001c1c:	2b01      	cmp	r3, #1
10001c1e:	d1fc      	bne.n	10001c1a <runtime_init_clocks+0x22>
10001c20:	3301      	adds	r3, #1
10001c22:	9300      	str	r3, [sp, #0]
10001c24:	2101      	movs	r1, #1
10001c26:	4a22      	ldr	r2, [pc, #136]	@ (10001cb0 <runtime_init_clocks+0xb8>)
10001c28:	4822      	ldr	r0, [pc, #136]	@ (10001cb4 <runtime_init_clocks+0xbc>)
10001c2a:	3304      	adds	r3, #4
10001c2c:	f7ff fe26 	bl	1000187c <pll_init>
10001c30:	2305      	movs	r3, #5
10001c32:	2101      	movs	r1, #1
10001c34:	9300      	str	r3, [sp, #0]
10001c36:	4a20      	ldr	r2, [pc, #128]	@ (10001cb8 <runtime_init_clocks+0xc0>)
10001c38:	4820      	ldr	r0, [pc, #128]	@ (10001cbc <runtime_init_clocks+0xc4>)
10001c3a:	f7ff fe1f 	bl	1000187c <pll_init>
10001c3e:	2200      	movs	r2, #0
10001c40:	2102      	movs	r1, #2
10001c42:	2004      	movs	r0, #4
10001c44:	4b1e      	ldr	r3, [pc, #120]	@ (10001cc0 <runtime_init_clocks+0xc8>)
10001c46:	f7ff fda3 	bl	10001790 <clock_configure_undivided>
10001c4a:	2200      	movs	r2, #0
10001c4c:	2101      	movs	r1, #1
10001c4e:	2005      	movs	r0, #5
10001c50:	4b1c      	ldr	r3, [pc, #112]	@ (10001cc4 <runtime_init_clocks+0xcc>)
10001c52:	f7ff fd9d 	bl	10001790 <clock_configure_undivided>
10001c56:	2200      	movs	r2, #0
10001c58:	2100      	movs	r1, #0
10001c5a:	2007      	movs	r0, #7
10001c5c:	4b1a      	ldr	r3, [pc, #104]	@ (10001cc8 <runtime_init_clocks+0xd0>)
10001c5e:	f7ff fd97 	bl	10001790 <clock_configure_undivided>
10001c62:	2200      	movs	r2, #0
10001c64:	2100      	movs	r1, #0
10001c66:	2008      	movs	r0, #8
10001c68:	4b17      	ldr	r3, [pc, #92]	@ (10001cc8 <runtime_init_clocks+0xd0>)
10001c6a:	f7ff fd91 	bl	10001790 <clock_configure_undivided>
10001c6e:	2380      	movs	r3, #128	@ 0x80
10001c70:	00db      	lsls	r3, r3, #3
10001c72:	9300      	str	r3, [sp, #0]
10001c74:	2200      	movs	r2, #0
10001c76:	2100      	movs	r1, #0
10001c78:	2009      	movs	r0, #9
10001c7a:	4b13      	ldr	r3, [pc, #76]	@ (10001cc8 <runtime_init_clocks+0xd0>)
10001c7c:	f7ff fd12 	bl	100016a4 <clock_configure_int_divider>
10001c80:	2200      	movs	r2, #0
10001c82:	4b10      	ldr	r3, [pc, #64]	@ (10001cc4 <runtime_init_clocks+0xcc>)
10001c84:	2100      	movs	r1, #0
10001c86:	2006      	movs	r0, #6
10001c88:	f7ff fd82 	bl	10001790 <clock_configure_undivided>
10001c8c:	2004      	movs	r0, #4
10001c8e:	f7ff fdef 	bl	10001870 <clock_get_hz>
10001c92:	490e      	ldr	r1, [pc, #56]	@ (10001ccc <runtime_init_clocks+0xd4>)
10001c94:	f000 f824 	bl	10001ce0 <__wrap___aeabi_uidiv>
10001c98:	0001      	movs	r1, r0
10001c9a:	2000      	movs	r0, #0
10001c9c:	f7ff fe94 	bl	100019c8 <tick_start>
10001ca0:	b002      	add	sp, #8
10001ca2:	bd10      	pop	{r4, pc}
10001ca4:	40008000 	.word	0x40008000
10001ca8:	4000b03c 	.word	0x4000b03c
10001cac:	4000b030 	.word	0x4000b030
10001cb0:	59682f00 	.word	0x59682f00
10001cb4:	40028000 	.word	0x40028000
10001cb8:	47868c00 	.word	0x47868c00
10001cbc:	4002c000 	.word	0x4002c000
10001cc0:	00b71b00 	.word	0x00b71b00
10001cc4:	07735940 	.word	0x07735940
10001cc8:	02dc6c00 	.word	0x02dc6c00
10001ccc:	000f4240 	.word	0x000f4240

10001cd0 <__aeabi_bits_init>:
10001cd0:	4801      	ldr	r0, [pc, #4]	@ (10001cd8 <__aeabi_bits_init+0x8>)
10001cd2:	2104      	movs	r1, #4
10001cd4:	4b01      	ldr	r3, [pc, #4]	@ (10001cdc <__aeabi_bits_init+0xc>)
10001cd6:	4718      	bx	r3
10001cd8:	20000fd0 	.word	0x20000fd0
10001cdc:	100019f9 	.word	0x100019f9

10001ce0 <__wrap___aeabi_uidiv>:
10001ce0:	4a11      	ldr	r2, [pc, #68]	@ (10001d28 <divmod_u32u32_savestate+0x18>)
10001ce2:	6f93      	ldr	r3, [r2, #120]	@ 0x78
10001ce4:	089b      	lsrs	r3, r3, #2
10001ce6:	d213      	bcs.n	10001d10 <divmod_u32u32_savestate>

10001ce8 <divmod_u32u32_core>:
10001ce8:	6610      	str	r0, [r2, #96]	@ 0x60
10001cea:	6651      	str	r1, [r2, #100]	@ 0x64
10001cec:	2900      	cmp	r1, #0
10001cee:	d005      	beq.n	10001cfc <divmod_u32u32_core+0x14>
10001cf0:	e7ff      	b.n	10001cf2 <divmod_u32u32_core+0xa>
10001cf2:	e7ff      	b.n	10001cf4 <divmod_u32u32_core+0xc>
10001cf4:	e7ff      	b.n	10001cf6 <divmod_u32u32_core+0xe>
10001cf6:	6f51      	ldr	r1, [r2, #116]	@ 0x74
10001cf8:	6f10      	ldr	r0, [r2, #112]	@ 0x70
10001cfa:	4770      	bx	lr
10001cfc:	b504      	push	{r2, lr}
10001cfe:	2800      	cmp	r0, #0
10001d00:	d001      	beq.n	10001d06 <divmod_u32u32_core+0x1e>
10001d02:	2000      	movs	r0, #0
10001d04:	43c0      	mvns	r0, r0
10001d06:	f002 fe43 	bl	10004990 <____aeabi_idiv0_veneer>
10001d0a:	2100      	movs	r1, #0
10001d0c:	bd04      	pop	{r2, pc}
10001d0e:	46c0      	nop			@ (mov r8, r8)

10001d10 <divmod_u32u32_savestate>:
10001d10:	b5f0      	push	{r4, r5, r6, r7, lr}
10001d12:	6e14      	ldr	r4, [r2, #96]	@ 0x60
10001d14:	6e55      	ldr	r5, [r2, #100]	@ 0x64
10001d16:	6f57      	ldr	r7, [r2, #116]	@ 0x74
10001d18:	6f16      	ldr	r6, [r2, #112]	@ 0x70
10001d1a:	f7ff ffe5 	bl	10001ce8 <divmod_u32u32_core>
10001d1e:	6614      	str	r4, [r2, #96]	@ 0x60
10001d20:	6655      	str	r5, [r2, #100]	@ 0x64
10001d22:	6757      	str	r7, [r2, #116]	@ 0x74
10001d24:	6716      	str	r6, [r2, #112]	@ 0x70
10001d26:	bdf0      	pop	{r4, r5, r6, r7, pc}
10001d28:	d0000000 	.word	0xd0000000

10001d2c <__aeabi_double_init>:
10001d2c:	2313      	movs	r3, #19
10001d2e:	b570      	push	{r4, r5, r6, lr}
10001d30:	781d      	ldrb	r5, [r3, #0]
10001d32:	2d01      	cmp	r5, #1
10001d34:	d019      	beq.n	10001d6a <__aeabi_double_init+0x3e>
10001d36:	dd14      	ble.n	10001d62 <__aeabi_double_init+0x36>
10001d38:	481f      	ldr	r0, [pc, #124]	@ (10001db8 <__aeabi_double_init+0x8c>)
10001d3a:	f7ff fe55 	bl	100019e8 <rom_data_lookup>
10001d3e:	0006      	movs	r6, r0
10001d40:	481e      	ldr	r0, [pc, #120]	@ (10001dbc <__aeabi_double_init+0x90>)
10001d42:	f7ff fe51 	bl	100019e8 <rom_data_lookup>
10001d46:	4c1e      	ldr	r4, [pc, #120]	@ (10001dc0 <__aeabi_double_init+0x94>)
10001d48:	2280      	movs	r2, #128	@ 0x80
10001d4a:	0031      	movs	r1, r6
10001d4c:	0020      	movs	r0, r4
10001d4e:	f000 f8c7 	bl	10001ee0 <__wrap___aeabi_memcpy>
10001d52:	2d02      	cmp	r5, #2
10001d54:	d02d      	beq.n	10001db2 <__aeabi_double_init+0x86>
10001d56:	481b      	ldr	r0, [pc, #108]	@ (10001dc4 <__aeabi_double_init+0x98>)
10001d58:	f7ff fe3e 	bl	100019d8 <rom_func_lookup>
10001d5c:	4b1a      	ldr	r3, [pc, #104]	@ (10001dc8 <__aeabi_double_init+0x9c>)
10001d5e:	6018      	str	r0, [r3, #0]
10001d60:	bd70      	pop	{r4, r5, r6, pc}
10001d62:	4b1a      	ldr	r3, [pc, #104]	@ (10001dcc <__aeabi_double_init+0xa0>)
10001d64:	4c16      	ldr	r4, [pc, #88]	@ (10001dc0 <__aeabi_double_init+0x94>)
10001d66:	64a3      	str	r3, [r4, #72]	@ 0x48
10001d68:	e7f5      	b.n	10001d56 <__aeabi_double_init+0x2a>
10001d6a:	4b18      	ldr	r3, [pc, #96]	@ (10001dcc <__aeabi_double_init+0xa0>)
10001d6c:	4c14      	ldr	r4, [pc, #80]	@ (10001dc0 <__aeabi_double_init+0x94>)
10001d6e:	6023      	str	r3, [r4, #0]
10001d70:	6063      	str	r3, [r4, #4]
10001d72:	60a3      	str	r3, [r4, #8]
10001d74:	60e3      	str	r3, [r4, #12]
10001d76:	6123      	str	r3, [r4, #16]
10001d78:	6163      	str	r3, [r4, #20]
10001d7a:	61a3      	str	r3, [r4, #24]
10001d7c:	61e3      	str	r3, [r4, #28]
10001d7e:	6223      	str	r3, [r4, #32]
10001d80:	6263      	str	r3, [r4, #36]	@ 0x24
10001d82:	62a3      	str	r3, [r4, #40]	@ 0x28
10001d84:	62e3      	str	r3, [r4, #44]	@ 0x2c
10001d86:	6323      	str	r3, [r4, #48]	@ 0x30
10001d88:	6363      	str	r3, [r4, #52]	@ 0x34
10001d8a:	63a3      	str	r3, [r4, #56]	@ 0x38
10001d8c:	63e3      	str	r3, [r4, #60]	@ 0x3c
10001d8e:	6423      	str	r3, [r4, #64]	@ 0x40
10001d90:	6463      	str	r3, [r4, #68]	@ 0x44
10001d92:	64a3      	str	r3, [r4, #72]	@ 0x48
10001d94:	64e3      	str	r3, [r4, #76]	@ 0x4c
10001d96:	6523      	str	r3, [r4, #80]	@ 0x50
10001d98:	6563      	str	r3, [r4, #84]	@ 0x54
10001d9a:	65a3      	str	r3, [r4, #88]	@ 0x58
10001d9c:	65e3      	str	r3, [r4, #92]	@ 0x5c
10001d9e:	6623      	str	r3, [r4, #96]	@ 0x60
10001da0:	6663      	str	r3, [r4, #100]	@ 0x64
10001da2:	66a3      	str	r3, [r4, #104]	@ 0x68
10001da4:	66e3      	str	r3, [r4, #108]	@ 0x6c
10001da6:	6723      	str	r3, [r4, #112]	@ 0x70
10001da8:	6763      	str	r3, [r4, #116]	@ 0x74
10001daa:	67a3      	str	r3, [r4, #120]	@ 0x78
10001dac:	67e3      	str	r3, [r4, #124]	@ 0x7c
10001dae:	64a3      	str	r3, [r4, #72]	@ 0x48
10001db0:	e7d1      	b.n	10001d56 <__aeabi_double_init+0x2a>
10001db2:	4b06      	ldr	r3, [pc, #24]	@ (10001dcc <__aeabi_double_init+0xa0>)
10001db4:	64a3      	str	r3, [r4, #72]	@ 0x48
10001db6:	e7ce      	b.n	10001d56 <__aeabi_double_init+0x2a>
10001db8:	00004453 	.word	0x00004453
10001dbc:	00004653 	.word	0x00004653
10001dc0:	200012a8 	.word	0x200012a8
10001dc4:	0000334c 	.word	0x0000334c
10001dc8:	2000204c 	.word	0x2000204c
10001dcc:	10001dd1 	.word	0x10001dd1

10001dd0 <double_table_shim_on_use_helper>:
10001dd0:	b507      	push	{r0, r1, r2, lr}
10001dd2:	4660      	mov	r0, ip
10001dd4:	8801      	ldrh	r1, [r0, #0]
10001dd6:	0a0a      	lsrs	r2, r1, #8
10001dd8:	3002      	adds	r0, #2
10001dda:	2adf      	cmp	r2, #223	@ 0xdf
10001ddc:	d1fa      	bne.n	10001dd4 <double_table_shim_on_use_helper+0x4>
10001dde:	b2c9      	uxtb	r1, r1
10001de0:	0882      	lsrs	r2, r0, #2
10001de2:	d304      	bcc.n	10001dee <double_table_shim_on_use_helper+0x1e>
10001de4:	8802      	ldrh	r2, [r0, #0]
10001de6:	8840      	ldrh	r0, [r0, #2]
10001de8:	0400      	lsls	r0, r0, #16
10001dea:	4310      	orrs	r0, r2
10001dec:	e000      	b.n	10001df0 <double_table_shim_on_use_helper+0x20>
10001dee:	6800      	ldr	r0, [r0, #0]
10001df0:	4a01      	ldr	r2, [pc, #4]	@ (10001df8 <double_table_shim_on_use_helper+0x28>)
10001df2:	5050      	str	r0, [r2, r1]
10001df4:	9003      	str	r0, [sp, #12]
10001df6:	bd07      	pop	{r0, r1, r2, pc}
10001df8:	200012a8 	.word	0x200012a8

10001dfc <__wrap___aeabi_lmul>:
10001dfc:	4351      	muls	r1, r2
10001dfe:	4343      	muls	r3, r0
10001e00:	18c9      	adds	r1, r1, r3
10001e02:	468c      	mov	ip, r1
10001e04:	0c11      	lsrs	r1, r2, #16
10001e06:	b283      	uxth	r3, r0
10001e08:	434b      	muls	r3, r1
10001e0a:	b410      	push	{r4}
10001e0c:	0c04      	lsrs	r4, r0, #16
10001e0e:	4361      	muls	r1, r4
10001e10:	b292      	uxth	r2, r2
10001e12:	b280      	uxth	r0, r0
10001e14:	4350      	muls	r0, r2
10001e16:	4362      	muls	r2, r4
10001e18:	041c      	lsls	r4, r3, #16
10001e1a:	0c1b      	lsrs	r3, r3, #16
10001e1c:	1900      	adds	r0, r0, r4
10001e1e:	bc10      	pop	{r4}
10001e20:	4159      	adcs	r1, r3
10001e22:	0413      	lsls	r3, r2, #16
10001e24:	0c12      	lsrs	r2, r2, #16
10001e26:	18c0      	adds	r0, r0, r3
10001e28:	4151      	adcs	r1, r2
10001e2a:	4461      	add	r1, ip
10001e2c:	4770      	bx	lr
	...

10001e30 <__aeabi_float_init>:
10001e30:	2313      	movs	r3, #19
10001e32:	b510      	push	{r4, lr}
10001e34:	781c      	ldrb	r4, [r3, #0]
10001e36:	4813      	ldr	r0, [pc, #76]	@ (10001e84 <__aeabi_float_init+0x54>)
10001e38:	f7ff fdd6 	bl	100019e8 <rom_data_lookup>
10001e3c:	2c01      	cmp	r4, #1
10001e3e:	d00b      	beq.n	10001e58 <__aeabi_float_init+0x28>
10001e40:	dd04      	ble.n	10001e4c <__aeabi_float_init+0x1c>
10001e42:	0001      	movs	r1, r0
10001e44:	2280      	movs	r2, #128	@ 0x80
10001e46:	4810      	ldr	r0, [pc, #64]	@ (10001e88 <__aeabi_float_init+0x58>)
10001e48:	f000 f84a 	bl	10001ee0 <__wrap___aeabi_memcpy>
10001e4c:	480f      	ldr	r0, [pc, #60]	@ (10001e8c <__aeabi_float_init+0x5c>)
10001e4e:	f7ff fdc3 	bl	100019d8 <rom_func_lookup>
10001e52:	4b0f      	ldr	r3, [pc, #60]	@ (10001e90 <__aeabi_float_init+0x60>)
10001e54:	6018      	str	r0, [r3, #0]
10001e56:	bd10      	pop	{r4, pc}
10001e58:	4c0b      	ldr	r4, [pc, #44]	@ (10001e88 <__aeabi_float_init+0x58>)
10001e5a:	0001      	movs	r1, r0
10001e5c:	2254      	movs	r2, #84	@ 0x54
10001e5e:	0020      	movs	r0, r4
10001e60:	f000 f83e 	bl	10001ee0 <__wrap___aeabi_memcpy>
10001e64:	4b0b      	ldr	r3, [pc, #44]	@ (10001e94 <__aeabi_float_init+0x64>)
10001e66:	6563      	str	r3, [r4, #84]	@ 0x54
10001e68:	65a3      	str	r3, [r4, #88]	@ 0x58
10001e6a:	65e3      	str	r3, [r4, #92]	@ 0x5c
10001e6c:	6623      	str	r3, [r4, #96]	@ 0x60
10001e6e:	6663      	str	r3, [r4, #100]	@ 0x64
10001e70:	66a3      	str	r3, [r4, #104]	@ 0x68
10001e72:	66e3      	str	r3, [r4, #108]	@ 0x6c
10001e74:	6723      	str	r3, [r4, #112]	@ 0x70
10001e76:	6763      	str	r3, [r4, #116]	@ 0x74
10001e78:	67a3      	str	r3, [r4, #120]	@ 0x78
10001e7a:	67e3      	str	r3, [r4, #124]	@ 0x7c
10001e7c:	6223      	str	r3, [r4, #32]
10001e7e:	61e3      	str	r3, [r4, #28]
10001e80:	e7e4      	b.n	10001e4c <__aeabi_float_init+0x1c>
10001e82:	46c0      	nop			@ (mov r8, r8)
10001e84:	00004653 	.word	0x00004653
10001e88:	200013a8 	.word	0x200013a8
10001e8c:	0000334c 	.word	0x0000334c
10001e90:	2000204c 	.word	0x2000204c
10001e94:	10001e99 	.word	0x10001e99

10001e98 <float_table_shim_on_use_helper>:
10001e98:	b507      	push	{r0, r1, r2, lr}
10001e9a:	4660      	mov	r0, ip
10001e9c:	8801      	ldrh	r1, [r0, #0]
10001e9e:	0a0a      	lsrs	r2, r1, #8
10001ea0:	3002      	adds	r0, #2
10001ea2:	2adf      	cmp	r2, #223	@ 0xdf
10001ea4:	d1fa      	bne.n	10001e9c <float_table_shim_on_use_helper+0x4>
10001ea6:	b2c9      	uxtb	r1, r1
10001ea8:	0882      	lsrs	r2, r0, #2
10001eaa:	d304      	bcc.n	10001eb6 <float_table_shim_on_use_helper+0x1e>
10001eac:	8802      	ldrh	r2, [r0, #0]
10001eae:	8840      	ldrh	r0, [r0, #2]
10001eb0:	0400      	lsls	r0, r0, #16
10001eb2:	4310      	orrs	r0, r2
10001eb4:	e000      	b.n	10001eb8 <float_table_shim_on_use_helper+0x20>
10001eb6:	6800      	ldr	r0, [r0, #0]
10001eb8:	4a01      	ldr	r2, [pc, #4]	@ (10001ec0 <float_table_shim_on_use_helper+0x28>)
10001eba:	5050      	str	r0, [r2, r1]
10001ebc:	9003      	str	r0, [sp, #12]
10001ebe:	bd07      	pop	{r0, r1, r2, pc}
10001ec0:	200013a8 	.word	0x200013a8

10001ec4 <__aeabi_mem_init>:
10001ec4:	4801      	ldr	r0, [pc, #4]	@ (10001ecc <__aeabi_mem_init+0x8>)
10001ec6:	2104      	movs	r1, #4
10001ec8:	4b01      	ldr	r3, [pc, #4]	@ (10001ed0 <__aeabi_mem_init+0xc>)
10001eca:	4718      	bx	r3
10001ecc:	20000fe0 	.word	0x20000fe0
10001ed0:	100019f9 	.word	0x100019f9

10001ed4 <__wrap_memset>:
10001ed4:	4b01      	ldr	r3, [pc, #4]	@ (10001edc <__wrap_memset+0x8>)
10001ed6:	681b      	ldr	r3, [r3, #0]
10001ed8:	4718      	bx	r3
10001eda:	0000      	.short	0x0000
10001edc:	20000fe0 	.word	0x20000fe0

10001ee0 <__wrap___aeabi_memcpy>:
10001ee0:	4b01      	ldr	r3, [pc, #4]	@ (10001ee8 <__wrap___aeabi_memcpy+0x8>)
10001ee2:	685b      	ldr	r3, [r3, #4]
10001ee4:	4718      	bx	r3
10001ee6:	0000      	.short	0x0000
10001ee8:	20000fe0 	.word	0x20000fe0

10001eec <_out_char>:
10001eec:	b510      	push	{r4, lr}
10001eee:	2800      	cmp	r0, #0
10001ef0:	d100      	bne.n	10001ef4 <_out_char+0x8>
10001ef2:	bd10      	pop	{r4, pc}
10001ef4:	f000 f922 	bl	1000213c <__wrap_putchar>
10001ef8:	e7fb      	b.n	10001ef2 <_out_char+0x6>
10001efa:	46c0      	nop			@ (mov r8, r8)

10001efc <weak_raw_vprintf>:
10001efc:	b510      	push	{r4, lr}
10001efe:	4a09      	ldr	r2, [pc, #36]	@ (10001f24 <weak_raw_vprintf+0x28>)
10001f00:	0003      	movs	r3, r0
10001f02:	6814      	ldr	r4, [r2, #0]
10001f04:	b084      	sub	sp, #16
10001f06:	2c00      	cmp	r4, #0
10001f08:	d008      	beq.n	10001f1c <weak_raw_vprintf+0x20>
10001f0a:	2201      	movs	r2, #1
10001f0c:	9100      	str	r1, [sp, #0]
10001f0e:	4806      	ldr	r0, [pc, #24]	@ (10001f28 <weak_raw_vprintf+0x2c>)
10001f10:	4252      	negs	r2, r2
10001f12:	a903      	add	r1, sp, #12
10001f14:	47a0      	blx	r4
10001f16:	2001      	movs	r0, #1
10001f18:	b004      	add	sp, #16
10001f1a:	bd10      	pop	{r4, pc}
10001f1c:	f000 f958 	bl	100021d0 <__wrap_puts>
10001f20:	2000      	movs	r0, #0
10001f22:	e7f9      	b.n	10001f18 <weak_raw_vprintf+0x1c>
10001f24:	20002020 	.word	0x20002020
10001f28:	10001eed 	.word	0x10001eed

10001f2c <_exit>:
10001f2c:	be00      	bkpt	0x0000
10001f2e:	e7fd      	b.n	10001f2c <_exit>

10001f30 <_fini>:
10001f30:	4770      	bx	lr
10001f32:	46c0      	nop			@ (mov r8, r8)

10001f34 <exit>:
10001f34:	b510      	push	{r4, lr}
10001f36:	f7ff fff9 	bl	10001f2c <_exit>
10001f3a:	46c0      	nop			@ (mov r8, r8)

10001f3c <runtime_init>:
10001f3c:	b570      	push	{r4, r5, r6, lr}
10001f3e:	f7ff fdab 	bl	10001a98 <runtime_run_initializers>
10001f42:	4d07      	ldr	r5, [pc, #28]	@ (10001f60 <runtime_init+0x24>)
10001f44:	4e07      	ldr	r6, [pc, #28]	@ (10001f64 <runtime_init+0x28>)
10001f46:	42b5      	cmp	r5, r6
10001f48:	d209      	bcs.n	10001f5e <runtime_init+0x22>
10001f4a:	2400      	movs	r4, #0
10001f4c:	3e01      	subs	r6, #1
10001f4e:	1b76      	subs	r6, r6, r5
10001f50:	08b6      	lsrs	r6, r6, #2
10001f52:	3601      	adds	r6, #1
10001f54:	cd08      	ldmia	r5!, {r3}
10001f56:	3401      	adds	r4, #1
10001f58:	4798      	blx	r3
10001f5a:	42b4      	cmp	r4, r6
10001f5c:	d1fa      	bne.n	10001f54 <runtime_init+0x18>
10001f5e:	bd70      	pop	{r4, r5, r6, pc}
10001f60:	10004a2c 	.word	0x10004a2c
10001f64:	10004a30 	.word	0x10004a30

10001f68 <stdio_out_chars_no_crlf>:
10001f68:	0003      	movs	r3, r0
10001f6a:	b510      	push	{r4, lr}
10001f6c:	0008      	movs	r0, r1
10001f6e:	0011      	movs	r1, r2
10001f70:	681b      	ldr	r3, [r3, #0]
10001f72:	4798      	blx	r3
10001f74:	bd10      	pop	{r4, pc}
10001f76:	46c0      	nop			@ (mov r8, r8)

10001f78 <stdio_out_chars_crlf>:
10001f78:	b5f8      	push	{r3, r4, r5, r6, r7, lr}
10001f7a:	7d43      	ldrb	r3, [r0, #21]
10001f7c:	0007      	movs	r7, r0
10001f7e:	000d      	movs	r5, r1
10001f80:	0016      	movs	r6, r2
10001f82:	2b00      	cmp	r3, #0
10001f84:	d038      	beq.n	10001ff8 <stdio_out_chars_crlf+0x80>
10001f86:	2a00      	cmp	r2, #0
10001f88:	dd1a      	ble.n	10001fc0 <stdio_out_chars_crlf+0x48>
10001f8a:	780b      	ldrb	r3, [r1, #0]
10001f8c:	2b0a      	cmp	r3, #10
10001f8e:	d018      	beq.n	10001fc2 <stdio_out_chars_crlf+0x4a>
10001f90:	2000      	movs	r0, #0
10001f92:	2e01      	cmp	r6, #1
10001f94:	d009      	beq.n	10001faa <stdio_out_chars_crlf+0x32>
10001f96:	2401      	movs	r4, #1
10001f98:	0021      	movs	r1, r4
10001f9a:	5c6b      	ldrb	r3, [r5, r1]
10001f9c:	3401      	adds	r4, #1
10001f9e:	2b0a      	cmp	r3, #10
10001fa0:	d01a      	beq.n	10001fd8 <stdio_out_chars_crlf+0x60>
10001fa2:	42b4      	cmp	r4, r6
10001fa4:	d1f8      	bne.n	10001f98 <stdio_out_chars_crlf+0x20>
10001fa6:	4286      	cmp	r6, r0
10001fa8:	dd03      	ble.n	10001fb2 <stdio_out_chars_crlf+0x3a>
10001faa:	1a31      	subs	r1, r6, r0
10001fac:	683b      	ldr	r3, [r7, #0]
10001fae:	1828      	adds	r0, r5, r0
10001fb0:	4798      	blx	r3
10001fb2:	19ad      	adds	r5, r5, r6
10001fb4:	3d01      	subs	r5, #1
10001fb6:	782b      	ldrb	r3, [r5, #0]
10001fb8:	3b0d      	subs	r3, #13
10001fba:	425a      	negs	r2, r3
10001fbc:	4153      	adcs	r3, r2
10001fbe:	753b      	strb	r3, [r7, #20]
10001fc0:	bdf8      	pop	{r3, r4, r5, r6, r7, pc}
10001fc2:	7d03      	ldrb	r3, [r0, #20]
10001fc4:	2b00      	cmp	r3, #0
10001fc6:	d1e3      	bne.n	10001f90 <stdio_out_chars_crlf+0x18>
10001fc8:	2102      	movs	r1, #2
10001fca:	480e      	ldr	r0, [pc, #56]	@ (10002004 <stdio_out_chars_crlf+0x8c>)
10001fcc:	683b      	ldr	r3, [r7, #0]
10001fce:	4798      	blx	r3
10001fd0:	2e01      	cmp	r6, #1
10001fd2:	d0ee      	beq.n	10001fb2 <stdio_out_chars_crlf+0x3a>
10001fd4:	2001      	movs	r0, #1
10001fd6:	e7de      	b.n	10001f96 <stdio_out_chars_crlf+0x1e>
10001fd8:	1e6b      	subs	r3, r5, #1
10001fda:	5c5b      	ldrb	r3, [r3, r1]
10001fdc:	2b0d      	cmp	r3, #13
10001fde:	d0e0      	beq.n	10001fa2 <stdio_out_chars_crlf+0x2a>
10001fe0:	4288      	cmp	r0, r1
10001fe2:	da03      	bge.n	10001fec <stdio_out_chars_crlf+0x74>
10001fe4:	1a09      	subs	r1, r1, r0
10001fe6:	683b      	ldr	r3, [r7, #0]
10001fe8:	1828      	adds	r0, r5, r0
10001fea:	4798      	blx	r3
10001fec:	4805      	ldr	r0, [pc, #20]	@ (10002004 <stdio_out_chars_crlf+0x8c>)
10001fee:	2102      	movs	r1, #2
10001ff0:	683b      	ldr	r3, [r7, #0]
10001ff2:	4798      	blx	r3
10001ff4:	0020      	movs	r0, r4
10001ff6:	e7d4      	b.n	10001fa2 <stdio_out_chars_crlf+0x2a>
10001ff8:	6803      	ldr	r3, [r0, #0]
10001ffa:	0011      	movs	r1, r2
10001ffc:	0028      	movs	r0, r5
10001ffe:	4798      	blx	r3
10002000:	e7de      	b.n	10001fc0 <stdio_out_chars_crlf+0x48>
10002002:	46c0      	nop			@ (mov r8, r8)
10002004:	10004e14 	.word	0x10004e14

10002008 <stdio_put_string>:
10002008:	b5f0      	push	{r4, r5, r6, r7, lr}
1000200a:	4646      	mov	r6, r8
1000200c:	46d6      	mov	lr, sl
1000200e:	464f      	mov	r7, r9
10002010:	b5c0      	push	{r6, r7, lr}
10002012:	b082      	sub	sp, #8
10002014:	4690      	mov	r8, r2
10002016:	001c      	movs	r4, r3
10002018:	0006      	movs	r6, r0
1000201a:	000d      	movs	r5, r1
1000201c:	f7ff fa64 	bl	100014e8 <time_us_64>
10002020:	2300      	movs	r3, #0
10002022:	4a2f      	ldr	r2, [pc, #188]	@ (100020e0 <stdio_put_string+0xd8>)
10002024:	1812      	adds	r2, r2, r0
10002026:	414b      	adcs	r3, r1
10002028:	2b00      	cmp	r3, #0
1000202a:	da02      	bge.n	10002032 <stdio_put_string+0x2a>
1000202c:	2201      	movs	r2, #1
1000202e:	4b2d      	ldr	r3, [pc, #180]	@ (100020e4 <stdio_put_string+0xdc>)
10002030:	4252      	negs	r2, r2
10002032:	492d      	ldr	r1, [pc, #180]	@ (100020e8 <stdio_put_string+0xe0>)
10002034:	0008      	movs	r0, r1
10002036:	468a      	mov	sl, r1
10002038:	f002 fcc2 	bl	100049c0 <__mutex_try_enter_block_until_veneer>
1000203c:	4681      	mov	r9, r0
1000203e:	1c6b      	adds	r3, r5, #1
10002040:	d103      	bne.n	1000204a <stdio_put_string+0x42>
10002042:	0030      	movs	r0, r6
10002044:	f002 fc4c 	bl	100048e0 <strlen>
10002048:	0005      	movs	r5, r0
1000204a:	2c00      	cmp	r4, #0
1000204c:	d027      	beq.n	1000209e <stdio_put_string+0x96>
1000204e:	4f27      	ldr	r7, [pc, #156]	@ (100020ec <stdio_put_string+0xe4>)
10002050:	4b27      	ldr	r3, [pc, #156]	@ (100020f0 <stdio_put_string+0xe8>)
10002052:	681c      	ldr	r4, [r3, #0]
10002054:	2c00      	cmp	r4, #0
10002056:	d018      	beq.n	1000208a <stdio_put_string+0x82>
10002058:	4643      	mov	r3, r8
1000205a:	2b00      	cmp	r3, #0
1000205c:	d121      	bne.n	100020a2 <stdio_put_string+0x9a>
1000205e:	4b25      	ldr	r3, [pc, #148]	@ (100020f4 <stdio_put_string+0xec>)
10002060:	4698      	mov	r8, r3
10002062:	e002      	b.n	1000206a <stdio_put_string+0x62>
10002064:	6924      	ldr	r4, [r4, #16]
10002066:	2c00      	cmp	r4, #0
10002068:	d00f      	beq.n	1000208a <stdio_put_string+0x82>
1000206a:	6823      	ldr	r3, [r4, #0]
1000206c:	2b00      	cmp	r3, #0
1000206e:	d0f9      	beq.n	10002064 <stdio_put_string+0x5c>
10002070:	4643      	mov	r3, r8
10002072:	681b      	ldr	r3, [r3, #0]
10002074:	2b00      	cmp	r3, #0
10002076:	d001      	beq.n	1000207c <stdio_put_string+0x74>
10002078:	429c      	cmp	r4, r3
1000207a:	d1f3      	bne.n	10002064 <stdio_put_string+0x5c>
1000207c:	0020      	movs	r0, r4
1000207e:	002a      	movs	r2, r5
10002080:	0031      	movs	r1, r6
10002082:	47b8      	blx	r7
10002084:	6924      	ldr	r4, [r4, #16]
10002086:	2c00      	cmp	r4, #0
10002088:	d1ef      	bne.n	1000206a <stdio_put_string+0x62>
1000208a:	464b      	mov	r3, r9
1000208c:	2b00      	cmp	r3, #0
1000208e:	d123      	bne.n	100020d8 <stdio_put_string+0xd0>
10002090:	0028      	movs	r0, r5
10002092:	b002      	add	sp, #8
10002094:	bce0      	pop	{r5, r6, r7}
10002096:	46ba      	mov	sl, r7
10002098:	46b1      	mov	r9, r6
1000209a:	46a8      	mov	r8, r5
1000209c:	bdf0      	pop	{r4, r5, r6, r7, pc}
1000209e:	4f16      	ldr	r7, [pc, #88]	@ (100020f8 <stdio_put_string+0xf0>)
100020a0:	e7d6      	b.n	10002050 <stdio_put_string+0x48>
100020a2:	4b14      	ldr	r3, [pc, #80]	@ (100020f4 <stdio_put_string+0xec>)
100020a4:	4698      	mov	r8, r3
100020a6:	e002      	b.n	100020ae <stdio_put_string+0xa6>
100020a8:	6924      	ldr	r4, [r4, #16]
100020aa:	2c00      	cmp	r4, #0
100020ac:	d0ed      	beq.n	1000208a <stdio_put_string+0x82>
100020ae:	6823      	ldr	r3, [r4, #0]
100020b0:	2b00      	cmp	r3, #0
100020b2:	d0f9      	beq.n	100020a8 <stdio_put_string+0xa0>
100020b4:	4643      	mov	r3, r8
100020b6:	681b      	ldr	r3, [r3, #0]
100020b8:	2b00      	cmp	r3, #0
100020ba:	d001      	beq.n	100020c0 <stdio_put_string+0xb8>
100020bc:	42a3      	cmp	r3, r4
100020be:	d1f3      	bne.n	100020a8 <stdio_put_string+0xa0>
100020c0:	002a      	movs	r2, r5
100020c2:	0031      	movs	r1, r6
100020c4:	0020      	movs	r0, r4
100020c6:	47b8      	blx	r7
100020c8:	466b      	mov	r3, sp
100020ca:	220a      	movs	r2, #10
100020cc:	0020      	movs	r0, r4
100020ce:	71da      	strb	r2, [r3, #7]
100020d0:	1dd9      	adds	r1, r3, #7
100020d2:	3a09      	subs	r2, #9
100020d4:	47b8      	blx	r7
100020d6:	e7e7      	b.n	100020a8 <stdio_put_string+0xa0>
100020d8:	4650      	mov	r0, sl
100020da:	f002 fc51 	bl	10004980 <__mutex_exit_veneer>
100020de:	e7d7      	b.n	10002090 <stdio_put_string+0x88>
100020e0:	000f4240 	.word	0x000f4240
100020e4:	7fffffff 	.word	0x7fffffff
100020e8:	20001050 	.word	0x20001050
100020ec:	10001f79 	.word	0x10001f79
100020f0:	20001814 	.word	0x20001814
100020f4:	2000181c 	.word	0x2000181c
100020f8:	10001f69 	.word	0x10001f69

100020fc <stdio_set_driver_enabled>:
100020fc:	4a0a      	ldr	r2, [pc, #40]	@ (10002128 <stdio_set_driver_enabled+0x2c>)
100020fe:	6813      	ldr	r3, [r2, #0]
10002100:	2b00      	cmp	r3, #0
10002102:	d105      	bne.n	10002110 <stdio_set_driver_enabled+0x14>
10002104:	e00c      	b.n	10002120 <stdio_set_driver_enabled+0x24>
10002106:	001a      	movs	r2, r3
10002108:	691b      	ldr	r3, [r3, #16]
1000210a:	3210      	adds	r2, #16
1000210c:	2b00      	cmp	r3, #0
1000210e:	d007      	beq.n	10002120 <stdio_set_driver_enabled+0x24>
10002110:	4283      	cmp	r3, r0
10002112:	d1f8      	bne.n	10002106 <stdio_set_driver_enabled+0xa>
10002114:	2900      	cmp	r1, #0
10002116:	d102      	bne.n	1000211e <stdio_set_driver_enabled+0x22>
10002118:	6918      	ldr	r0, [r3, #16]
1000211a:	6010      	str	r0, [r2, #0]
1000211c:	6119      	str	r1, [r3, #16]
1000211e:	4770      	bx	lr
10002120:	2900      	cmp	r1, #0
10002122:	d0fc      	beq.n	1000211e <stdio_set_driver_enabled+0x22>
10002124:	6010      	str	r0, [r2, #0]
10002126:	e7fa      	b.n	1000211e <stdio_set_driver_enabled+0x22>
10002128:	20001814 	.word	0x20001814

1000212c <stdio_init_all>:
1000212c:	b510      	push	{r4, lr}
1000212e:	f000 f939 	bl	100023a4 <stdio_uart_init>
10002132:	f000 faed 	bl	10002710 <stdio_usb_init>
10002136:	2001      	movs	r0, #1
10002138:	bd10      	pop	{r4, pc}
1000213a:	46c0      	nop			@ (mov r8, r8)

1000213c <__wrap_putchar>:
1000213c:	b5f0      	push	{r4, r5, r6, r7, lr}
1000213e:	46ce      	mov	lr, r9
10002140:	4647      	mov	r7, r8
10002142:	b580      	push	{r7, lr}
10002144:	b083      	sub	sp, #12
10002146:	466b      	mov	r3, sp
10002148:	0006      	movs	r6, r0
1000214a:	1ddd      	adds	r5, r3, #7
1000214c:	7028      	strb	r0, [r5, #0]
1000214e:	f7ff f9cb 	bl	100014e8 <time_us_64>
10002152:	2300      	movs	r3, #0
10002154:	4a19      	ldr	r2, [pc, #100]	@ (100021bc <__wrap_putchar+0x80>)
10002156:	1812      	adds	r2, r2, r0
10002158:	414b      	adcs	r3, r1
1000215a:	2b00      	cmp	r3, #0
1000215c:	da02      	bge.n	10002164 <__wrap_putchar+0x28>
1000215e:	2201      	movs	r2, #1
10002160:	4b17      	ldr	r3, [pc, #92]	@ (100021c0 <__wrap_putchar+0x84>)
10002162:	4252      	negs	r2, r2
10002164:	4917      	ldr	r1, [pc, #92]	@ (100021c4 <__wrap_putchar+0x88>)
10002166:	0008      	movs	r0, r1
10002168:	4689      	mov	r9, r1
1000216a:	f002 fc29 	bl	100049c0 <__mutex_try_enter_block_until_veneer>
1000216e:	4b16      	ldr	r3, [pc, #88]	@ (100021c8 <__wrap_putchar+0x8c>)
10002170:	4680      	mov	r8, r0
10002172:	681c      	ldr	r4, [r3, #0]
10002174:	2c00      	cmp	r4, #0
10002176:	d014      	beq.n	100021a2 <__wrap_putchar+0x66>
10002178:	4f14      	ldr	r7, [pc, #80]	@ (100021cc <__wrap_putchar+0x90>)
1000217a:	e002      	b.n	10002182 <__wrap_putchar+0x46>
1000217c:	6924      	ldr	r4, [r4, #16]
1000217e:	2c00      	cmp	r4, #0
10002180:	d00f      	beq.n	100021a2 <__wrap_putchar+0x66>
10002182:	6823      	ldr	r3, [r4, #0]
10002184:	2b00      	cmp	r3, #0
10002186:	d0f9      	beq.n	1000217c <__wrap_putchar+0x40>
10002188:	683b      	ldr	r3, [r7, #0]
1000218a:	2b00      	cmp	r3, #0
1000218c:	d001      	beq.n	10002192 <__wrap_putchar+0x56>
1000218e:	429c      	cmp	r4, r3
10002190:	d1f4      	bne.n	1000217c <__wrap_putchar+0x40>
10002192:	0020      	movs	r0, r4
10002194:	2201      	movs	r2, #1
10002196:	0029      	movs	r1, r5
10002198:	f7ff feee 	bl	10001f78 <stdio_out_chars_crlf>
1000219c:	6924      	ldr	r4, [r4, #16]
1000219e:	2c00      	cmp	r4, #0
100021a0:	d1ef      	bne.n	10002182 <__wrap_putchar+0x46>
100021a2:	4643      	mov	r3, r8
100021a4:	2b00      	cmp	r3, #0
100021a6:	d105      	bne.n	100021b4 <__wrap_putchar+0x78>
100021a8:	0030      	movs	r0, r6
100021aa:	b003      	add	sp, #12
100021ac:	bcc0      	pop	{r6, r7}
100021ae:	46b9      	mov	r9, r7
100021b0:	46b0      	mov	r8, r6
100021b2:	bdf0      	pop	{r4, r5, r6, r7, pc}
100021b4:	4648      	mov	r0, r9
100021b6:	f002 fbe3 	bl	10004980 <__mutex_exit_veneer>
100021ba:	e7f5      	b.n	100021a8 <__wrap_putchar+0x6c>
100021bc:	000f4240 	.word	0x000f4240
100021c0:	7fffffff 	.word	0x7fffffff
100021c4:	20001050 	.word	0x20001050
100021c8:	20001814 	.word	0x20001814
100021cc:	2000181c 	.word	0x2000181c

100021d0 <__wrap_puts>:
100021d0:	b570      	push	{r4, r5, r6, lr}
100021d2:	0004      	movs	r4, r0
100021d4:	f002 fb84 	bl	100048e0 <strlen>
100021d8:	2301      	movs	r3, #1
100021da:	0001      	movs	r1, r0
100021dc:	0005      	movs	r5, r0
100021de:	2201      	movs	r2, #1
100021e0:	0020      	movs	r0, r4
100021e2:	f7ff ff11 	bl	10002008 <stdio_put_string>
100021e6:	4b08      	ldr	r3, [pc, #32]	@ (10002208 <__wrap_puts+0x38>)
100021e8:	681c      	ldr	r4, [r3, #0]
100021ea:	2c00      	cmp	r4, #0
100021ec:	d006      	beq.n	100021fc <__wrap_puts+0x2c>
100021ee:	6863      	ldr	r3, [r4, #4]
100021f0:	2b00      	cmp	r3, #0
100021f2:	d005      	beq.n	10002200 <__wrap_puts+0x30>
100021f4:	4798      	blx	r3
100021f6:	6924      	ldr	r4, [r4, #16]
100021f8:	2c00      	cmp	r4, #0
100021fa:	d1f8      	bne.n	100021ee <__wrap_puts+0x1e>
100021fc:	0028      	movs	r0, r5
100021fe:	bd70      	pop	{r4, r5, r6, pc}
10002200:	6924      	ldr	r4, [r4, #16]
10002202:	2c00      	cmp	r4, #0
10002204:	d1f3      	bne.n	100021ee <__wrap_puts+0x1e>
10002206:	e7f9      	b.n	100021fc <__wrap_puts+0x2c>
10002208:	20001814 	.word	0x20001814

1000220c <stdio_uart_out_chars>:
1000220c:	b5f0      	push	{r4, r5, r6, r7, lr}
1000220e:	2900      	cmp	r1, #0
10002210:	dd15      	ble.n	1000223e <stdio_uart_out_chars+0x32>
10002212:	4b0e      	ldr	r3, [pc, #56]	@ (1000224c <stdio_uart_out_chars+0x40>)
10002214:	270d      	movs	r7, #13
10002216:	681a      	ldr	r2, [r3, #0]
10002218:	4b0d      	ldr	r3, [pc, #52]	@ (10002250 <stdio_uart_out_chars+0x44>)
1000221a:	4c0e      	ldr	r4, [pc, #56]	@ (10002254 <stdio_uart_out_chars+0x48>)
1000221c:	18d3      	adds	r3, r2, r3
1000221e:	425d      	negs	r5, r3
10002220:	416b      	adcs	r3, r5
10002222:	1845      	adds	r5, r0, r1
10002224:	2120      	movs	r1, #32
10002226:	005b      	lsls	r3, r3, #1
10002228:	5f1e      	ldrsh	r6, [r3, r4]
1000222a:	7804      	ldrb	r4, [r0, #0]
1000222c:	42a6      	cmp	r6, r4
1000222e:	d007      	beq.n	10002240 <stdio_uart_out_chars+0x34>
10002230:	6993      	ldr	r3, [r2, #24]
10002232:	4219      	tst	r1, r3
10002234:	d1fc      	bne.n	10002230 <stdio_uart_out_chars+0x24>
10002236:	3001      	adds	r0, #1
10002238:	6014      	str	r4, [r2, #0]
1000223a:	42a8      	cmp	r0, r5
1000223c:	d1f5      	bne.n	1000222a <stdio_uart_out_chars+0x1e>
1000223e:	bdf0      	pop	{r4, r5, r6, r7, pc}
10002240:	6993      	ldr	r3, [r2, #24]
10002242:	4219      	tst	r1, r3
10002244:	d1fc      	bne.n	10002240 <stdio_uart_out_chars+0x34>
10002246:	6017      	str	r7, [r2, #0]
10002248:	e7f2      	b.n	10002230 <stdio_uart_out_chars+0x24>
1000224a:	46c0      	nop			@ (mov r8, r8)
1000224c:	20002064 	.word	0x20002064
10002250:	bffc8000 	.word	0xbffc8000
10002254:	20002060 	.word	0x20002060

10002258 <stdio_uart_in_chars>:
10002258:	4b1f      	ldr	r3, [pc, #124]	@ (100022d8 <stdio_uart_in_chars+0x80>)
1000225a:	b530      	push	{r4, r5, lr}
1000225c:	681b      	ldr	r3, [r3, #0]
1000225e:	1e0d      	subs	r5, r1, #0
10002260:	469c      	mov	ip, r3
10002262:	dd2a      	ble.n	100022ba <stdio_uart_in_chars+0x62>
10002264:	1e44      	subs	r4, r0, #1
10002266:	2110      	movs	r1, #16
10002268:	2000      	movs	r0, #0
1000226a:	4b1c      	ldr	r3, [pc, #112]	@ (100022dc <stdio_uart_in_chars+0x84>)
1000226c:	681a      	ldr	r2, [r3, #0]
1000226e:	6993      	ldr	r3, [r2, #24]
10002270:	4219      	tst	r1, r3
10002272:	d114      	bne.n	1000229e <stdio_uart_in_chars+0x46>
10002274:	3001      	adds	r0, #1
10002276:	6993      	ldr	r3, [r2, #24]
10002278:	4219      	tst	r1, r3
1000227a:	d1fc      	bne.n	10002276 <stdio_uart_in_chars+0x1e>
1000227c:	6813      	ldr	r3, [r2, #0]
1000227e:	5423      	strb	r3, [r4, r0]
10002280:	4285      	cmp	r5, r0
10002282:	d1f4      	bne.n	1000226e <stdio_uart_in_chars+0x16>
10002284:	4663      	mov	r3, ip
10002286:	2b00      	cmp	r3, #0
10002288:	d007      	beq.n	1000229a <stdio_uart_in_chars+0x42>
1000228a:	2350      	movs	r3, #80	@ 0x50
1000228c:	6393      	str	r3, [r2, #56]	@ 0x38
1000228e:	6b51      	ldr	r1, [r2, #52]	@ 0x34
10002290:	3b18      	subs	r3, #24
10002292:	400b      	ands	r3, r1
10002294:	4912      	ldr	r1, [pc, #72]	@ (100022e0 <stdio_uart_in_chars+0x88>)
10002296:	1852      	adds	r2, r2, r1
10002298:	6013      	str	r3, [r2, #0]
1000229a:	0028      	movs	r0, r5
1000229c:	bd30      	pop	{r4, r5, pc}
1000229e:	4663      	mov	r3, ip
100022a0:	2b00      	cmp	r3, #0
100022a2:	d007      	beq.n	100022b4 <stdio_uart_in_chars+0x5c>
100022a4:	2350      	movs	r3, #80	@ 0x50
100022a6:	6393      	str	r3, [r2, #56]	@ 0x38
100022a8:	6b51      	ldr	r1, [r2, #52]	@ 0x34
100022aa:	3b18      	subs	r3, #24
100022ac:	400b      	ands	r3, r1
100022ae:	490c      	ldr	r1, [pc, #48]	@ (100022e0 <stdio_uart_in_chars+0x88>)
100022b0:	1852      	adds	r2, r2, r1
100022b2:	6013      	str	r3, [r2, #0]
100022b4:	2800      	cmp	r0, #0
100022b6:	d1f1      	bne.n	1000229c <stdio_uart_in_chars+0x44>
100022b8:	e00b      	b.n	100022d2 <stdio_uart_in_chars+0x7a>
100022ba:	2b00      	cmp	r3, #0
100022bc:	d009      	beq.n	100022d2 <stdio_uart_in_chars+0x7a>
100022be:	2250      	movs	r2, #80	@ 0x50
100022c0:	4b06      	ldr	r3, [pc, #24]	@ (100022dc <stdio_uart_in_chars+0x84>)
100022c2:	681b      	ldr	r3, [r3, #0]
100022c4:	639a      	str	r2, [r3, #56]	@ 0x38
100022c6:	6b59      	ldr	r1, [r3, #52]	@ 0x34
100022c8:	3a18      	subs	r2, #24
100022ca:	400a      	ands	r2, r1
100022cc:	4904      	ldr	r1, [pc, #16]	@ (100022e0 <stdio_uart_in_chars+0x88>)
100022ce:	185b      	adds	r3, r3, r1
100022d0:	601a      	str	r2, [r3, #0]
100022d2:	2003      	movs	r0, #3
100022d4:	4240      	negs	r0, r0
100022d6:	e7e1      	b.n	1000229c <stdio_uart_in_chars+0x44>
100022d8:	200017ac 	.word	0x200017ac
100022dc:	20002064 	.word	0x20002064
100022e0:	00001034 	.word	0x00001034

100022e4 <on_uart_rx>:
100022e4:	4b06      	ldr	r3, [pc, #24]	@ (10002300 <on_uart_rx+0x1c>)
100022e6:	b510      	push	{r4, lr}
100022e8:	681b      	ldr	r3, [r3, #0]
100022ea:	2b00      	cmp	r3, #0
100022ec:	d006      	beq.n	100022fc <on_uart_rx+0x18>
100022ee:	2100      	movs	r1, #0
100022f0:	4a04      	ldr	r2, [pc, #16]	@ (10002304 <on_uart_rx+0x20>)
100022f2:	6812      	ldr	r2, [r2, #0]
100022f4:	6391      	str	r1, [r2, #56]	@ 0x38
100022f6:	4a04      	ldr	r2, [pc, #16]	@ (10002308 <on_uart_rx+0x24>)
100022f8:	6810      	ldr	r0, [r2, #0]
100022fa:	4798      	blx	r3
100022fc:	bd10      	pop	{r4, pc}
100022fe:	46c0      	nop			@ (mov r8, r8)
10002300:	200017ac 	.word	0x200017ac
10002304:	20002064 	.word	0x20002064
10002308:	200017b4 	.word	0x200017b4

1000230c <stdio_uart_out_flush>:
1000230c:	2208      	movs	r2, #8
1000230e:	4b03      	ldr	r3, [pc, #12]	@ (1000231c <stdio_uart_out_flush+0x10>)
10002310:	6819      	ldr	r1, [r3, #0]
10002312:	698b      	ldr	r3, [r1, #24]
10002314:	421a      	tst	r2, r3
10002316:	d1fc      	bne.n	10002312 <stdio_uart_out_flush+0x6>
10002318:	4770      	bx	lr
1000231a:	46c0      	nop			@ (mov r8, r8)
1000231c:	20002064 	.word	0x20002064

10002320 <stdio_uart_set_chars_available_callback>:
10002320:	b570      	push	{r4, r5, r6, lr}
10002322:	4e1a      	ldr	r6, [pc, #104]	@ (1000238c <stdio_uart_set_chars_available_callback+0x6c>)
10002324:	4b1a      	ldr	r3, [pc, #104]	@ (10002390 <stdio_uart_set_chars_available_callback+0x70>)
10002326:	6832      	ldr	r2, [r6, #0]
10002328:	0004      	movs	r4, r0
1000232a:	18d3      	adds	r3, r2, r3
1000232c:	4258      	negs	r0, r3
1000232e:	4143      	adcs	r3, r0
10002330:	4d18      	ldr	r5, [pc, #96]	@ (10002394 <stdio_uart_set_chars_available_callback+0x74>)
10002332:	3314      	adds	r3, #20
10002334:	0018      	movs	r0, r3
10002336:	682b      	ldr	r3, [r5, #0]
10002338:	2c00      	cmp	r4, #0
1000233a:	d002      	beq.n	10002342 <stdio_uart_set_chars_available_callback+0x22>
1000233c:	2b00      	cmp	r3, #0
1000233e:	d00f      	beq.n	10002360 <stdio_uart_set_chars_available_callback+0x40>
10002340:	bd70      	pop	{r4, r5, r6, pc}
10002342:	2b00      	cmp	r3, #0
10002344:	d0fc      	beq.n	10002340 <stdio_uart_set_chars_available_callback+0x20>
10002346:	0006      	movs	r6, r0
10002348:	2100      	movs	r1, #0
1000234a:	6394      	str	r4, [r2, #56]	@ 0x38
1000234c:	f7fe f9ba 	bl	100006c4 <irq_set_enabled>
10002350:	0030      	movs	r0, r6
10002352:	4911      	ldr	r1, [pc, #68]	@ (10002398 <stdio_uart_set_chars_available_callback+0x78>)
10002354:	f7fe faf2 	bl	1000093c <irq_remove_handler>
10002358:	4b10      	ldr	r3, [pc, #64]	@ (1000239c <stdio_uart_set_chars_available_callback+0x7c>)
1000235a:	602c      	str	r4, [r5, #0]
1000235c:	601c      	str	r4, [r3, #0]
1000235e:	e7ef      	b.n	10002340 <stdio_uart_set_chars_available_callback+0x20>
10002360:	602c      	str	r4, [r5, #0]
10002362:	0004      	movs	r4, r0
10002364:	4b0d      	ldr	r3, [pc, #52]	@ (1000239c <stdio_uart_set_chars_available_callback+0x7c>)
10002366:	6019      	str	r1, [r3, #0]
10002368:	490b      	ldr	r1, [pc, #44]	@ (10002398 <stdio_uart_set_chars_available_callback+0x78>)
1000236a:	f7fe f9e1 	bl	10000730 <irq_set_exclusive_handler>
1000236e:	2101      	movs	r1, #1
10002370:	0020      	movs	r0, r4
10002372:	f7fe f9a7 	bl	100006c4 <irq_set_enabled>
10002376:	2250      	movs	r2, #80	@ 0x50
10002378:	6833      	ldr	r3, [r6, #0]
1000237a:	639a      	str	r2, [r3, #56]	@ 0x38
1000237c:	6b59      	ldr	r1, [r3, #52]	@ 0x34
1000237e:	3a18      	subs	r2, #24
10002380:	400a      	ands	r2, r1
10002382:	4907      	ldr	r1, [pc, #28]	@ (100023a0 <stdio_uart_set_chars_available_callback+0x80>)
10002384:	185b      	adds	r3, r3, r1
10002386:	601a      	str	r2, [r3, #0]
10002388:	e7da      	b.n	10002340 <stdio_uart_set_chars_available_callback+0x20>
1000238a:	46c0      	nop			@ (mov r8, r8)
1000238c:	20002064 	.word	0x20002064
10002390:	bffc8000 	.word	0xbffc8000
10002394:	200017ac 	.word	0x200017ac
10002398:	100022e5 	.word	0x100022e5
1000239c:	200017b4 	.word	0x200017b4
100023a0:	00001034 	.word	0x00001034

100023a4 <stdio_uart_init>:
100023a4:	4b0d      	ldr	r3, [pc, #52]	@ (100023dc <stdio_uart_init+0x38>)
100023a6:	b510      	push	{r4, lr}
100023a8:	781b      	ldrb	r3, [r3, #0]
100023aa:	4b0d      	ldr	r3, [pc, #52]	@ (100023e0 <stdio_uart_init+0x3c>)
100023ac:	4c0d      	ldr	r4, [pc, #52]	@ (100023e4 <stdio_uart_init+0x40>)
100023ae:	781b      	ldrb	r3, [r3, #0]
100023b0:	4b0d      	ldr	r3, [pc, #52]	@ (100023e8 <stdio_uart_init+0x44>)
100023b2:	2102      	movs	r1, #2
100023b4:	781b      	ldrb	r3, [r3, #0]
100023b6:	4b0d      	ldr	r3, [pc, #52]	@ (100023ec <stdio_uart_init+0x48>)
100023b8:	2000      	movs	r0, #0
100023ba:	6023      	str	r3, [r4, #0]
100023bc:	f7fe f880 	bl	100004c0 <gpio_set_function>
100023c0:	2102      	movs	r1, #2
100023c2:	2001      	movs	r0, #1
100023c4:	f7fe f87c 	bl	100004c0 <gpio_set_function>
100023c8:	21e1      	movs	r1, #225	@ 0xe1
100023ca:	6820      	ldr	r0, [r4, #0]
100023cc:	0249      	lsls	r1, r1, #9
100023ce:	f7ff f8db 	bl	10001588 <uart_init>
100023d2:	2101      	movs	r1, #1
100023d4:	4806      	ldr	r0, [pc, #24]	@ (100023f0 <stdio_uart_init+0x4c>)
100023d6:	f7ff fe91 	bl	100020fc <stdio_set_driver_enabled>
100023da:	bd10      	pop	{r4, pc}
100023dc:	10005098 	.word	0x10005098
100023e0:	10005094 	.word	0x10005094
100023e4:	20002064 	.word	0x20002064
100023e8:	10005090 	.word	0x10005090
100023ec:	40034000 	.word	0x40034000
100023f0:	20000ff0 	.word	0x20000ff0

100023f4 <stdio_usb_set_chars_available_callback>:
100023f4:	4b02      	ldr	r3, [pc, #8]	@ (10002400 <stdio_usb_set_chars_available_callback+0xc>)
100023f6:	6018      	str	r0, [r3, #0]
100023f8:	4b02      	ldr	r3, [pc, #8]	@ (10002404 <stdio_usb_set_chars_available_callback+0x10>)
100023fa:	6019      	str	r1, [r3, #0]
100023fc:	4770      	bx	lr
100023fe:	46c0      	nop			@ (mov r8, r8)
10002400:	200017b0 	.word	0x200017b0
10002404:	200017b8 	.word	0x200017b8

10002408 <usb_irq>:
10002408:	b510      	push	{r4, lr}
1000240a:	4b02      	ldr	r3, [pc, #8]	@ (10002414 <usb_irq+0xc>)
1000240c:	7818      	ldrb	r0, [r3, #0]
1000240e:	f7fe f977 	bl	10000700 <irq_set_pending>
10002412:	bd10      	pop	{r4, pc}
10002414:	2000207f 	.word	0x2000207f

10002418 <timer_task>:
10002418:	4b15      	ldr	r3, [pc, #84]	@ (10002470 <timer_task+0x58>)
1000241a:	b570      	push	{r4, r5, r6, lr}
1000241c:	681a      	ldr	r2, [r3, #0]
1000241e:	2a00      	cmp	r2, #0
10002420:	d022      	beq.n	10002468 <timer_task+0x50>
10002422:	f3ef 8110 	mrs	r1, PRIMASK
10002426:	b672      	cpsid	i
10002428:	6810      	ldr	r0, [r2, #0]
1000242a:	2800      	cmp	r0, #0
1000242c:	d0fc      	beq.n	10002428 <timer_task+0x10>
1000242e:	f3bf 8f5f 	dmb	sy
10002432:	2000      	movs	r0, #0
10002434:	4a0f      	ldr	r2, [pc, #60]	@ (10002474 <timer_task+0x5c>)
10002436:	6059      	str	r1, [r3, #4]
10002438:	7010      	strb	r0, [r2, #0]
1000243a:	681b      	ldr	r3, [r3, #0]
1000243c:	f3bf 8f5f 	dmb	sy
10002440:	6018      	str	r0, [r3, #0]
10002442:	f381 8810 	msr	PRIMASK, r1
10002446:	2400      	movs	r4, #0
10002448:	2500      	movs	r5, #0
1000244a:	4e0b      	ldr	r6, [pc, #44]	@ (10002478 <timer_task+0x60>)
1000244c:	7830      	ldrb	r0, [r6, #0]
1000244e:	f7fe f94b 	bl	100006e8 <irq_is_enabled>
10002452:	2800      	cmp	r0, #0
10002454:	d104      	bne.n	10002460 <timer_task+0x48>
10002456:	2400      	movs	r4, #0
10002458:	2500      	movs	r5, #0
1000245a:	0029      	movs	r1, r5
1000245c:	0020      	movs	r0, r4
1000245e:	bd70      	pop	{r4, r5, r6, pc}
10002460:	7830      	ldrb	r0, [r6, #0]
10002462:	f7fe f94d 	bl	10000700 <irq_set_pending>
10002466:	e7f8      	b.n	1000245a <timer_task+0x42>
10002468:	24fa      	movs	r4, #250	@ 0xfa
1000246a:	2500      	movs	r5, #0
1000246c:	00a4      	lsls	r4, r4, #2
1000246e:	e7ec      	b.n	1000244a <timer_task+0x32>
10002470:	2000202c 	.word	0x2000202c
10002474:	20002080 	.word	0x20002080
10002478:	2000207f 	.word	0x2000207f

1000247c <stdio_usb_in_chars>:
1000247c:	b570      	push	{r4, r5, r6, lr}
1000247e:	0005      	movs	r5, r0
10002480:	2000      	movs	r0, #0
10002482:	000e      	movs	r6, r1
10002484:	f001 fb78 	bl	10003b78 <tud_cdc_n_connected>
10002488:	2800      	cmp	r0, #0
1000248a:	d034      	beq.n	100024f6 <stdio_usb_in_chars+0x7a>
1000248c:	2000      	movs	r0, #0
1000248e:	f001 fb89 	bl	10003ba4 <tud_cdc_n_available>
10002492:	2800      	cmp	r0, #0
10002494:	d02f      	beq.n	100024f6 <stdio_usb_in_chars+0x7a>
10002496:	f7ff f827 	bl	100014e8 <time_us_64>
1000249a:	2300      	movs	r3, #0
1000249c:	4a17      	ldr	r2, [pc, #92]	@ (100024fc <stdio_usb_in_chars+0x80>)
1000249e:	1812      	adds	r2, r2, r0
100024a0:	414b      	adcs	r3, r1
100024a2:	2b00      	cmp	r3, #0
100024a4:	db16      	blt.n	100024d4 <stdio_usb_in_chars+0x58>
100024a6:	4c16      	ldr	r4, [pc, #88]	@ (10002500 <stdio_usb_in_chars+0x84>)
100024a8:	0020      	movs	r0, r4
100024aa:	f002 fa89 	bl	100049c0 <__mutex_try_enter_block_until_veneer>
100024ae:	2800      	cmp	r0, #0
100024b0:	d021      	beq.n	100024f6 <stdio_usb_in_chars+0x7a>
100024b2:	2000      	movs	r0, #0
100024b4:	f001 fb60 	bl	10003b78 <tud_cdc_n_connected>
100024b8:	2800      	cmp	r0, #0
100024ba:	d10f      	bne.n	100024dc <stdio_usb_in_chars+0x60>
100024bc:	2001      	movs	r0, #1
100024be:	2100      	movs	r1, #0
100024c0:	4240      	negs	r0, r0
100024c2:	f000 fd89 	bl	10002fd8 <tud_task_ext>
100024c6:	2503      	movs	r5, #3
100024c8:	426d      	negs	r5, r5
100024ca:	0020      	movs	r0, r4
100024cc:	f002 fa58 	bl	10004980 <__mutex_exit_veneer>
100024d0:	0028      	movs	r0, r5
100024d2:	bd70      	pop	{r4, r5, r6, pc}
100024d4:	2201      	movs	r2, #1
100024d6:	4b0b      	ldr	r3, [pc, #44]	@ (10002504 <stdio_usb_in_chars+0x88>)
100024d8:	4252      	negs	r2, r2
100024da:	e7e4      	b.n	100024a6 <stdio_usb_in_chars+0x2a>
100024dc:	2000      	movs	r0, #0
100024de:	f001 fb61 	bl	10003ba4 <tud_cdc_n_available>
100024e2:	2800      	cmp	r0, #0
100024e4:	d0ea      	beq.n	100024bc <stdio_usb_in_chars+0x40>
100024e6:	0029      	movs	r1, r5
100024e8:	0032      	movs	r2, r6
100024ea:	2000      	movs	r0, #0
100024ec:	f001 fb64 	bl	10003bb8 <tud_cdc_n_read>
100024f0:	1e05      	subs	r5, r0, #0
100024f2:	d1ea      	bne.n	100024ca <stdio_usb_in_chars+0x4e>
100024f4:	e7e7      	b.n	100024c6 <stdio_usb_in_chars+0x4a>
100024f6:	2503      	movs	r5, #3
100024f8:	426d      	negs	r5, r5
100024fa:	e7e9      	b.n	100024d0 <stdio_usb_in_chars+0x54>
100024fc:	000f4240 	.word	0x000f4240
10002500:	20002058 	.word	0x20002058
10002504:	7fffffff 	.word	0x7fffffff

10002508 <stdio_usb_out_flush>:
10002508:	b510      	push	{r4, lr}
1000250a:	f7fe ffed 	bl	100014e8 <time_us_64>
1000250e:	2300      	movs	r3, #0
10002510:	4a0d      	ldr	r2, [pc, #52]	@ (10002548 <stdio_usb_out_flush+0x40>)
10002512:	1812      	adds	r2, r2, r0
10002514:	414b      	adcs	r3, r1
10002516:	2b00      	cmp	r3, #0
10002518:	da02      	bge.n	10002520 <stdio_usb_out_flush+0x18>
1000251a:	2201      	movs	r2, #1
1000251c:	4b0b      	ldr	r3, [pc, #44]	@ (1000254c <stdio_usb_out_flush+0x44>)
1000251e:	4252      	negs	r2, r2
10002520:	480b      	ldr	r0, [pc, #44]	@ (10002550 <stdio_usb_out_flush+0x48>)
10002522:	f002 fa4d 	bl	100049c0 <__mutex_try_enter_block_until_veneer>
10002526:	2800      	cmp	r0, #0
10002528:	d00c      	beq.n	10002544 <stdio_usb_out_flush+0x3c>
1000252a:	2001      	movs	r0, #1
1000252c:	2100      	movs	r1, #0
1000252e:	4240      	negs	r0, r0
10002530:	f000 fd52 	bl	10002fd8 <tud_task_ext>
10002534:	2000      	movs	r0, #0
10002536:	f001 fb83 	bl	10003c40 <tud_cdc_n_write_flush>
1000253a:	2800      	cmp	r0, #0
1000253c:	d1f5      	bne.n	1000252a <stdio_usb_out_flush+0x22>
1000253e:	4804      	ldr	r0, [pc, #16]	@ (10002550 <stdio_usb_out_flush+0x48>)
10002540:	f002 fa1e 	bl	10004980 <__mutex_exit_veneer>
10002544:	bd10      	pop	{r4, pc}
10002546:	46c0      	nop			@ (mov r8, r8)
10002548:	000f4240 	.word	0x000f4240
1000254c:	7fffffff 	.word	0x7fffffff
10002550:	20002058 	.word	0x20002058

10002554 <stdio_usb_out_chars>:
10002554:	b5f8      	push	{r3, r4, r5, r6, r7, lr}
10002556:	46ce      	mov	lr, r9
10002558:	4647      	mov	r7, r8
1000255a:	b580      	push	{r7, lr}
1000255c:	0005      	movs	r5, r0
1000255e:	000c      	movs	r4, r1
10002560:	f7fe ffc2 	bl	100014e8 <time_us_64>
10002564:	2300      	movs	r3, #0
10002566:	4a34      	ldr	r2, [pc, #208]	@ (10002638 <stdio_usb_out_chars+0xe4>)
10002568:	1812      	adds	r2, r2, r0
1000256a:	414b      	adcs	r3, r1
1000256c:	2b00      	cmp	r3, #0
1000256e:	da02      	bge.n	10002576 <stdio_usb_out_chars+0x22>
10002570:	2201      	movs	r2, #1
10002572:	4b32      	ldr	r3, [pc, #200]	@ (1000263c <stdio_usb_out_chars+0xe8>)
10002574:	4252      	negs	r2, r2
10002576:	4932      	ldr	r1, [pc, #200]	@ (10002640 <stdio_usb_out_chars+0xec>)
10002578:	0008      	movs	r0, r1
1000257a:	4688      	mov	r8, r1
1000257c:	f002 fa20 	bl	100049c0 <__mutex_try_enter_block_until_veneer>
10002580:	2800      	cmp	r0, #0
10002582:	d103      	bne.n	1000258c <stdio_usb_out_chars+0x38>
10002584:	bcc0      	pop	{r6, r7}
10002586:	46b9      	mov	r9, r7
10002588:	46b0      	mov	r8, r6
1000258a:	bdf8      	pop	{r3, r4, r5, r6, r7, pc}
1000258c:	2000      	movs	r0, #0
1000258e:	f001 faf3 	bl	10003b78 <tud_cdc_n_connected>
10002592:	2800      	cmp	r0, #0
10002594:	d048      	beq.n	10002628 <stdio_usb_out_chars+0xd4>
10002596:	2600      	movs	r6, #0
10002598:	2c00      	cmp	r4, #0
1000259a:	dd41      	ble.n	10002620 <stdio_usb_out_chars+0xcc>
1000259c:	4b29      	ldr	r3, [pc, #164]	@ (10002644 <stdio_usb_out_chars+0xf0>)
1000259e:	4699      	mov	r9, r3
100025a0:	e013      	b.n	100025ca <stdio_usb_out_chars+0x76>
100025a2:	19a9      	adds	r1, r5, r6
100025a4:	2000      	movs	r0, #0
100025a6:	f001 fb87 	bl	10003cb8 <tud_cdc_n_write>
100025aa:	0007      	movs	r7, r0
100025ac:	2001      	movs	r0, #1
100025ae:	2100      	movs	r1, #0
100025b0:	4240      	negs	r0, r0
100025b2:	f000 fd11 	bl	10002fd8 <tud_task_ext>
100025b6:	2000      	movs	r0, #0
100025b8:	f001 fb42 	bl	10003c40 <tud_cdc_n_write_flush>
100025bc:	f7fe ff94 	bl	100014e8 <time_us_64>
100025c0:	4b20      	ldr	r3, [pc, #128]	@ (10002644 <stdio_usb_out_chars+0xf0>)
100025c2:	19f6      	adds	r6, r6, r7
100025c4:	c303      	stmia	r3!, {r0, r1}
100025c6:	42b4      	cmp	r4, r6
100025c8:	dd2a      	ble.n	10002620 <stdio_usb_out_chars+0xcc>
100025ca:	2000      	movs	r0, #0
100025cc:	f001 fb94 	bl	10003cf8 <tud_cdc_n_write_available>
100025d0:	1ba7      	subs	r7, r4, r6
100025d2:	0002      	movs	r2, r0
100025d4:	42b8      	cmp	r0, r7
100025d6:	dd00      	ble.n	100025da <stdio_usb_out_chars+0x86>
100025d8:	003a      	movs	r2, r7
100025da:	2a00      	cmp	r2, #0
100025dc:	d1e1      	bne.n	100025a2 <stdio_usb_out_chars+0x4e>
100025de:	2001      	movs	r0, #1
100025e0:	2100      	movs	r1, #0
100025e2:	4240      	negs	r0, r0
100025e4:	f000 fcf8 	bl	10002fd8 <tud_task_ext>
100025e8:	2000      	movs	r0, #0
100025ea:	f001 fb29 	bl	10003c40 <tud_cdc_n_write_flush>
100025ee:	2000      	movs	r0, #0
100025f0:	f001 fac2 	bl	10003b78 <tud_cdc_n_connected>
100025f4:	2800      	cmp	r0, #0
100025f6:	d013      	beq.n	10002620 <stdio_usb_out_chars+0xcc>
100025f8:	2000      	movs	r0, #0
100025fa:	f001 fb7d 	bl	10003cf8 <tud_cdc_n_write_available>
100025fe:	2800      	cmp	r0, #0
10002600:	d1e1      	bne.n	100025c6 <stdio_usb_out_chars+0x72>
10002602:	f7fe ff71 	bl	100014e8 <time_us_64>
10002606:	464b      	mov	r3, r9
10002608:	000f      	movs	r7, r1
1000260a:	cb0c      	ldmia	r3, {r2, r3}
1000260c:	2100      	movs	r1, #0
1000260e:	4684      	mov	ip, r0
10002610:	480d      	ldr	r0, [pc, #52]	@ (10002648 <stdio_usb_out_chars+0xf4>)
10002612:	1812      	adds	r2, r2, r0
10002614:	414b      	adcs	r3, r1
10002616:	429f      	cmp	r7, r3
10002618:	d802      	bhi.n	10002620 <stdio_usb_out_chars+0xcc>
1000261a:	d1d4      	bne.n	100025c6 <stdio_usb_out_chars+0x72>
1000261c:	4594      	cmp	ip, r2
1000261e:	d9d2      	bls.n	100025c6 <stdio_usb_out_chars+0x72>
10002620:	4640      	mov	r0, r8
10002622:	f002 f9ad 	bl	10004980 <__mutex_exit_veneer>
10002626:	e7ad      	b.n	10002584 <stdio_usb_out_chars+0x30>
10002628:	2000      	movs	r0, #0
1000262a:	2100      	movs	r1, #0
1000262c:	4b05      	ldr	r3, [pc, #20]	@ (10002644 <stdio_usb_out_chars+0xf0>)
1000262e:	c303      	stmia	r3!, {r0, r1}
10002630:	4640      	mov	r0, r8
10002632:	f002 f9a5 	bl	10004980 <__mutex_exit_veneer>
10002636:	e7a5      	b.n	10002584 <stdio_usb_out_chars+0x30>
10002638:	000f4240 	.word	0x000f4240
1000263c:	7fffffff 	.word	0x7fffffff
10002640:	20002058 	.word	0x20002058
10002644:	200012a0 	.word	0x200012a0
10002648:	0007a120 	.word	0x0007a120

1000264c <low_priority_worker_irq>:
1000264c:	b530      	push	{r4, r5, lr}
1000264e:	2100      	movs	r1, #0
10002650:	b085      	sub	sp, #20
10002652:	4828      	ldr	r0, [pc, #160]	@ (100026f4 <low_priority_worker_irq+0xa8>)
10002654:	f002 f98c 	bl	10004970 <__mutex_try_enter_veneer>
10002658:	2800      	cmp	r0, #0
1000265a:	d11c      	bne.n	10002696 <low_priority_worker_irq+0x4a>
1000265c:	4b26      	ldr	r3, [pc, #152]	@ (100026f8 <low_priority_worker_irq+0xac>)
1000265e:	681a      	ldr	r2, [r3, #0]
10002660:	2a00      	cmp	r2, #0
10002662:	d016      	beq.n	10002692 <low_priority_worker_irq+0x46>
10002664:	f3ef 8110 	mrs	r1, PRIMASK
10002668:	b672      	cpsid	i
1000266a:	6810      	ldr	r0, [r2, #0]
1000266c:	2800      	cmp	r0, #0
1000266e:	d0fc      	beq.n	1000266a <low_priority_worker_irq+0x1e>
10002670:	f3bf 8f5f 	dmb	sy
10002674:	2401      	movs	r4, #1
10002676:	4821      	ldr	r0, [pc, #132]	@ (100026fc <low_priority_worker_irq+0xb0>)
10002678:	6059      	str	r1, [r3, #4]
1000267a:	7802      	ldrb	r2, [r0, #0]
1000267c:	681b      	ldr	r3, [r3, #0]
1000267e:	b2d2      	uxtb	r2, r2
10002680:	7004      	strb	r4, [r0, #0]
10002682:	f3bf 8f5f 	dmb	sy
10002686:	2000      	movs	r0, #0
10002688:	6018      	str	r0, [r3, #0]
1000268a:	f381 8810 	msr	PRIMASK, r1
1000268e:	2a00      	cmp	r2, #0
10002690:	d017      	beq.n	100026c2 <low_priority_worker_irq+0x76>
10002692:	b005      	add	sp, #20
10002694:	bd30      	pop	{r4, r5, pc}
10002696:	2001      	movs	r0, #1
10002698:	2100      	movs	r1, #0
1000269a:	4240      	negs	r0, r0
1000269c:	f000 fc9c 	bl	10002fd8 <tud_task_ext>
100026a0:	2000      	movs	r0, #0
100026a2:	f001 fa7f 	bl	10003ba4 <tud_cdc_n_available>
100026a6:	0005      	movs	r5, r0
100026a8:	4812      	ldr	r0, [pc, #72]	@ (100026f4 <low_priority_worker_irq+0xa8>)
100026aa:	f002 f969 	bl	10004980 <__mutex_exit_veneer>
100026ae:	2d00      	cmp	r5, #0
100026b0:	d0ef      	beq.n	10002692 <low_priority_worker_irq+0x46>
100026b2:	4b13      	ldr	r3, [pc, #76]	@ (10002700 <low_priority_worker_irq+0xb4>)
100026b4:	681b      	ldr	r3, [r3, #0]
100026b6:	2b00      	cmp	r3, #0
100026b8:	d0eb      	beq.n	10002692 <low_priority_worker_irq+0x46>
100026ba:	4a12      	ldr	r2, [pc, #72]	@ (10002704 <low_priority_worker_irq+0xb8>)
100026bc:	6810      	ldr	r0, [r2, #0]
100026be:	4798      	blx	r3
100026c0:	e7e7      	b.n	10002692 <low_priority_worker_irq+0x46>
100026c2:	f7fe fce7 	bl	10001094 <alarm_pool_get_default>
100026c6:	0004      	movs	r4, r0
100026c8:	f7fe ff0e 	bl	100014e8 <time_us_64>
100026cc:	22fa      	movs	r2, #250	@ 0xfa
100026ce:	2300      	movs	r3, #0
100026d0:	0092      	lsls	r2, r2, #2
100026d2:	1812      	adds	r2, r2, r0
100026d4:	414b      	adcs	r3, r1
100026d6:	2b00      	cmp	r3, #0
100026d8:	da02      	bge.n	100026e0 <low_priority_worker_irq+0x94>
100026da:	2201      	movs	r2, #1
100026dc:	4b0a      	ldr	r3, [pc, #40]	@ (10002708 <low_priority_worker_irq+0xbc>)
100026de:	4252      	negs	r2, r2
100026e0:	2101      	movs	r1, #1
100026e2:	9102      	str	r1, [sp, #8]
100026e4:	2100      	movs	r1, #0
100026e6:	9101      	str	r1, [sp, #4]
100026e8:	4908      	ldr	r1, [pc, #32]	@ (1000270c <low_priority_worker_irq+0xc0>)
100026ea:	0020      	movs	r0, r4
100026ec:	9100      	str	r1, [sp, #0]
100026ee:	f7fe fcd5 	bl	1000109c <alarm_pool_add_alarm_at>
100026f2:	e7ce      	b.n	10002692 <low_priority_worker_irq+0x46>
100026f4:	20002058 	.word	0x20002058
100026f8:	2000202c 	.word	0x2000202c
100026fc:	20002080 	.word	0x20002080
10002700:	200017b0 	.word	0x200017b0
10002704:	200017b8 	.word	0x200017b8
10002708:	7fffffff 	.word	0x7fffffff
1000270c:	10002419 	.word	0x10002419

10002710 <stdio_usb_init>:
10002710:	23d0      	movs	r3, #208	@ 0xd0
10002712:	b510      	push	{r4, lr}
10002714:	061b      	lsls	r3, r3, #24
10002716:	b084      	sub	sp, #16
10002718:	681c      	ldr	r4, [r3, #0]
1000271a:	f7fe fcbb 	bl	10001094 <alarm_pool_get_default>
1000271e:	f7fe fdbb 	bl	10001298 <alarm_pool_core_num>
10002722:	42a0      	cmp	r0, r4
10002724:	d002      	beq.n	1000272c <stdio_usb_init+0x1c>
10002726:	2000      	movs	r0, #0
10002728:	b004      	add	sp, #16
1000272a:	bd10      	pop	{r4, pc}
1000272c:	4b28      	ldr	r3, [pc, #160]	@ (100027d0 <stdio_usb_init+0xc0>)
1000272e:	2100      	movs	r1, #0
10002730:	2000      	movs	r0, #0
10002732:	781b      	ldrb	r3, [r3, #0]
10002734:	f001 fca6 	bl	10004084 <tusb_rhport_init>
10002738:	4826      	ldr	r0, [pc, #152]	@ (100027d4 <stdio_usb_init+0xc4>)
1000273a:	6803      	ldr	r3, [r0, #0]
1000273c:	2b00      	cmp	r3, #0
1000273e:	d044      	beq.n	100027ca <stdio_usb_init+0xba>
10002740:	2001      	movs	r0, #1
10002742:	f7fe fa3f 	bl	10000bc4 <user_irq_claim_unused>
10002746:	23ff      	movs	r3, #255	@ 0xff
10002748:	4c23      	ldr	r4, [pc, #140]	@ (100027d8 <stdio_usb_init+0xc8>)
1000274a:	4924      	ldr	r1, [pc, #144]	@ (100027dc <stdio_usb_init+0xcc>)
1000274c:	7020      	strb	r0, [r4, #0]
1000274e:	4018      	ands	r0, r3
10002750:	f7fd ffee 	bl	10000730 <irq_set_exclusive_handler>
10002754:	7820      	ldrb	r0, [r4, #0]
10002756:	2101      	movs	r1, #1
10002758:	f7fd ffb4 	bl	100006c4 <irq_set_enabled>
1000275c:	2005      	movs	r0, #5
1000275e:	f7fd ffd7 	bl	10000710 <irq_has_shared_handler>
10002762:	2800      	cmp	r0, #0
10002764:	d124      	bne.n	100027b0 <stdio_usb_init+0xa0>
10002766:	2208      	movs	r2, #8
10002768:	2100      	movs	r1, #0
1000276a:	481d      	ldr	r0, [pc, #116]	@ (100027e0 <stdio_usb_init+0xd0>)
1000276c:	f7ff fbb2 	bl	10001ed4 <__wrap_memset>
10002770:	f7fe fc90 	bl	10001094 <alarm_pool_get_default>
10002774:	0004      	movs	r4, r0
10002776:	f7fe feb7 	bl	100014e8 <time_us_64>
1000277a:	22fa      	movs	r2, #250	@ 0xfa
1000277c:	2300      	movs	r3, #0
1000277e:	0092      	lsls	r2, r2, #2
10002780:	1812      	adds	r2, r2, r0
10002782:	414b      	adcs	r3, r1
10002784:	2b00      	cmp	r3, #0
10002786:	da02      	bge.n	1000278e <stdio_usb_init+0x7e>
10002788:	2201      	movs	r2, #1
1000278a:	4b16      	ldr	r3, [pc, #88]	@ (100027e4 <stdio_usb_init+0xd4>)
1000278c:	4252      	negs	r2, r2
1000278e:	2101      	movs	r1, #1
10002790:	9102      	str	r1, [sp, #8]
10002792:	2100      	movs	r1, #0
10002794:	9101      	str	r1, [sp, #4]
10002796:	4914      	ldr	r1, [pc, #80]	@ (100027e8 <stdio_usb_init+0xd8>)
10002798:	0020      	movs	r0, r4
1000279a:	9100      	str	r1, [sp, #0]
1000279c:	f7fe fc7e 	bl	1000109c <alarm_pool_add_alarm_at>
100027a0:	2800      	cmp	r0, #0
100027a2:	dbc0      	blt.n	10002726 <stdio_usb_init+0x16>
100027a4:	4811      	ldr	r0, [pc, #68]	@ (100027ec <stdio_usb_init+0xdc>)
100027a6:	2101      	movs	r1, #1
100027a8:	f7ff fca8 	bl	100020fc <stdio_set_driver_enabled>
100027ac:	2001      	movs	r0, #1
100027ae:	e7bb      	b.n	10002728 <stdio_usb_init+0x18>
100027b0:	2001      	movs	r0, #1
100027b2:	f7fd ff45 	bl	10000640 <spin_lock_claim_unused>
100027b6:	0001      	movs	r1, r0
100027b8:	4809      	ldr	r0, [pc, #36]	@ (100027e0 <stdio_usb_init+0xd0>)
100027ba:	f7fe fa63 	bl	10000c84 <critical_section_init_with_lock_num>
100027be:	2200      	movs	r2, #0
100027c0:	2005      	movs	r0, #5
100027c2:	490b      	ldr	r1, [pc, #44]	@ (100027f0 <stdio_usb_init+0xe0>)
100027c4:	f7fd ffde 	bl	10000784 <irq_add_shared_handler>
100027c8:	e7ec      	b.n	100027a4 <stdio_usb_init+0x94>
100027ca:	f7fe fa3f 	bl	10000c4c <mutex_init>
100027ce:	e7b7      	b.n	10002740 <stdio_usb_init+0x30>
100027d0:	1000509c 	.word	0x1000509c
100027d4:	20002058 	.word	0x20002058
100027d8:	2000207f 	.word	0x2000207f
100027dc:	1000264d 	.word	0x1000264d
100027e0:	2000202c 	.word	0x2000202c
100027e4:	7fffffff 	.word	0x7fffffff
100027e8:	10002419 	.word	0x10002419
100027ec:	20001008 	.word	0x20001008
100027f0:	10002409 	.word	0x10002409

100027f4 <tud_descriptor_device_cb>:
100027f4:	4800      	ldr	r0, [pc, #0]	@ (100027f8 <tud_descriptor_device_cb+0x4>)
100027f6:	4770      	bx	lr
100027f8:	10004eac 	.word	0x10004eac

100027fc <tud_descriptor_configuration_cb>:
100027fc:	4800      	ldr	r0, [pc, #0]	@ (10002800 <tud_descriptor_configuration_cb+0x4>)
100027fe:	4770      	bx	lr
10002800:	10004e58 	.word	0x10004e58

10002804 <tud_descriptor_string_cb>:
10002804:	b510      	push	{r4, lr}
10002806:	0004      	movs	r4, r0
10002808:	4816      	ldr	r0, [pc, #88]	@ (10002864 <tud_descriptor_string_cb+0x60>)
1000280a:	7803      	ldrb	r3, [r0, #0]
1000280c:	2b00      	cmp	r3, #0
1000280e:	d020      	beq.n	10002852 <tud_descriptor_string_cb+0x4e>
10002810:	2c00      	cmp	r4, #0
10002812:	d106      	bne.n	10002822 <tud_descriptor_string_cb+0x1e>
10002814:	4b14      	ldr	r3, [pc, #80]	@ (10002868 <tud_descriptor_string_cb+0x64>)
10002816:	4815      	ldr	r0, [pc, #84]	@ (1000286c <tud_descriptor_string_cb+0x68>)
10002818:	8043      	strh	r3, [r0, #2]
1000281a:	3b06      	subs	r3, #6
1000281c:	3bff      	subs	r3, #255	@ 0xff
1000281e:	8003      	strh	r3, [r0, #0]
10002820:	bd10      	pop	{r4, pc}
10002822:	2c05      	cmp	r4, #5
10002824:	d81c      	bhi.n	10002860 <tud_descriptor_string_cb+0x5c>
10002826:	4b12      	ldr	r3, [pc, #72]	@ (10002870 <tud_descriptor_string_cb+0x6c>)
10002828:	00a4      	lsls	r4, r4, #2
1000282a:	58e4      	ldr	r4, [r4, r3]
1000282c:	480f      	ldr	r0, [pc, #60]	@ (1000286c <tud_descriptor_string_cb+0x68>)
1000282e:	2301      	movs	r3, #1
10002830:	1c81      	adds	r1, r0, #2
10002832:	3c01      	subs	r4, #1
10002834:	e004      	b.n	10002840 <tud_descriptor_string_cb+0x3c>
10002836:	3301      	adds	r3, #1
10002838:	800a      	strh	r2, [r1, #0]
1000283a:	3102      	adds	r1, #2
1000283c:	2b14      	cmp	r3, #20
1000283e:	d00c      	beq.n	1000285a <tud_descriptor_string_cb+0x56>
10002840:	5ce2      	ldrb	r2, [r4, r3]
10002842:	2a00      	cmp	r2, #0
10002844:	d1f7      	bne.n	10002836 <tud_descriptor_string_cb+0x32>
10002846:	22c0      	movs	r2, #192	@ 0xc0
10002848:	b2db      	uxtb	r3, r3
1000284a:	005b      	lsls	r3, r3, #1
1000284c:	0092      	lsls	r2, r2, #2
1000284e:	4313      	orrs	r3, r2
10002850:	e7e5      	b.n	1000281e <tud_descriptor_string_cb+0x1a>
10002852:	2111      	movs	r1, #17
10002854:	f000 f816 	bl	10002884 <pico_get_unique_board_id_string>
10002858:	e7da      	b.n	10002810 <tud_descriptor_string_cb+0xc>
1000285a:	23ca      	movs	r3, #202	@ 0xca
1000285c:	009b      	lsls	r3, r3, #2
1000285e:	e7de      	b.n	1000281e <tud_descriptor_string_cb+0x1a>
10002860:	2000      	movs	r0, #0
10002862:	e7dd      	b.n	10002820 <tud_descriptor_string_cb+0x1c>
10002864:	20002068 	.word	0x20002068
10002868:	00000409 	.word	0x00000409
1000286c:	200017ec 	.word	0x200017ec
10002870:	10004e40 	.word	0x10004e40

10002874 <_retrieve_unique_id_on_boot>:
10002874:	b510      	push	{r4, lr}
10002876:	4802      	ldr	r0, [pc, #8]	@ (10002880 <_retrieve_unique_id_on_boot+0xc>)
10002878:	f000 f8f4 	bl	10002a64 <flash_get_unique_id>
1000287c:	bd10      	pop	{r4, pc}
1000287e:	46c0      	nop			@ (mov r8, r8)
10002880:	20002044 	.word	0x20002044

10002884 <pico_get_unique_board_id_string>:
10002884:	b530      	push	{r4, r5, lr}
10002886:	2901      	cmp	r1, #1
10002888:	d100      	bne.n	1000288c <pico_get_unique_board_id_string+0x8>
1000288a:	e0bb      	b.n	10002a04 <pico_get_unique_board_id_string+0x180>
1000288c:	4b74      	ldr	r3, [pc, #464]	@ (10002a60 <pico_get_unique_board_id_string+0x1dc>)
1000288e:	3901      	subs	r1, #1
10002890:	781a      	ldrb	r2, [r3, #0]
10002892:	1112      	asrs	r2, r2, #4
10002894:	0014      	movs	r4, r2
10002896:	3430      	adds	r4, #48	@ 0x30
10002898:	2a09      	cmp	r2, #9
1000289a:	dd00      	ble.n	1000289e <pico_get_unique_board_id_string+0x1a>
1000289c:	e0b5      	b.n	10002a0a <pico_get_unique_board_id_string+0x186>
1000289e:	7004      	strb	r4, [r0, #0]
100028a0:	2901      	cmp	r1, #1
100028a2:	d100      	bne.n	100028a6 <pico_get_unique_board_id_string+0x22>
100028a4:	e0da      	b.n	10002a5c <pico_get_unique_board_id_string+0x1d8>
100028a6:	220f      	movs	r2, #15
100028a8:	781c      	ldrb	r4, [r3, #0]
100028aa:	4022      	ands	r2, r4
100028ac:	0014      	movs	r4, r2
100028ae:	3430      	adds	r4, #48	@ 0x30
100028b0:	2a09      	cmp	r2, #9
100028b2:	d900      	bls.n	100028b6 <pico_get_unique_board_id_string+0x32>
100028b4:	e0ac      	b.n	10002a10 <pico_get_unique_board_id_string+0x18c>
100028b6:	7044      	strb	r4, [r0, #1]
100028b8:	2902      	cmp	r1, #2
100028ba:	d100      	bne.n	100028be <pico_get_unique_board_id_string+0x3a>
100028bc:	e0ce      	b.n	10002a5c <pico_get_unique_board_id_string+0x1d8>
100028be:	785a      	ldrb	r2, [r3, #1]
100028c0:	4694      	mov	ip, r2
100028c2:	1112      	asrs	r2, r2, #4
100028c4:	0014      	movs	r4, r2
100028c6:	3430      	adds	r4, #48	@ 0x30
100028c8:	2a09      	cmp	r2, #9
100028ca:	dd00      	ble.n	100028ce <pico_get_unique_board_id_string+0x4a>
100028cc:	e0a3      	b.n	10002a16 <pico_get_unique_board_id_string+0x192>
100028ce:	7084      	strb	r4, [r0, #2]
100028d0:	2903      	cmp	r1, #3
100028d2:	d100      	bne.n	100028d6 <pico_get_unique_board_id_string+0x52>
100028d4:	e0c2      	b.n	10002a5c <pico_get_unique_board_id_string+0x1d8>
100028d6:	4664      	mov	r4, ip
100028d8:	220f      	movs	r2, #15
100028da:	4022      	ands	r2, r4
100028dc:	0014      	movs	r4, r2
100028de:	3430      	adds	r4, #48	@ 0x30
100028e0:	2a09      	cmp	r2, #9
100028e2:	d900      	bls.n	100028e6 <pico_get_unique_board_id_string+0x62>
100028e4:	e09a      	b.n	10002a1c <pico_get_unique_board_id_string+0x198>
100028e6:	70c4      	strb	r4, [r0, #3]
100028e8:	2904      	cmp	r1, #4
100028ea:	d100      	bne.n	100028ee <pico_get_unique_board_id_string+0x6a>
100028ec:	e0b6      	b.n	10002a5c <pico_get_unique_board_id_string+0x1d8>
100028ee:	789a      	ldrb	r2, [r3, #2]
100028f0:	4694      	mov	ip, r2
100028f2:	1112      	asrs	r2, r2, #4
100028f4:	0014      	movs	r4, r2
100028f6:	3430      	adds	r4, #48	@ 0x30
100028f8:	2a09      	cmp	r2, #9
100028fa:	dd00      	ble.n	100028fe <pico_get_unique_board_id_string+0x7a>
100028fc:	e091      	b.n	10002a22 <pico_get_unique_board_id_string+0x19e>
100028fe:	7104      	strb	r4, [r0, #4]
10002900:	2905      	cmp	r1, #5
10002902:	d100      	bne.n	10002906 <pico_get_unique_board_id_string+0x82>
10002904:	e0aa      	b.n	10002a5c <pico_get_unique_board_id_string+0x1d8>
10002906:	4664      	mov	r4, ip
10002908:	220f      	movs	r2, #15
1000290a:	4022      	ands	r2, r4
1000290c:	0014      	movs	r4, r2
1000290e:	3430      	adds	r4, #48	@ 0x30
10002910:	2a09      	cmp	r2, #9
10002912:	d900      	bls.n	10002916 <pico_get_unique_board_id_string+0x92>
10002914:	e088      	b.n	10002a28 <pico_get_unique_board_id_string+0x1a4>
10002916:	7144      	strb	r4, [r0, #5]
10002918:	2906      	cmp	r1, #6
1000291a:	d100      	bne.n	1000291e <pico_get_unique_board_id_string+0x9a>
1000291c:	e09e      	b.n	10002a5c <pico_get_unique_board_id_string+0x1d8>
1000291e:	2530      	movs	r5, #48	@ 0x30
10002920:	46ac      	mov	ip, r5
10002922:	78dc      	ldrb	r4, [r3, #3]
10002924:	1122      	asrs	r2, r4, #4
10002926:	4494      	add	ip, r2
10002928:	2a09      	cmp	r2, #9
1000292a:	dd00      	ble.n	1000292e <pico_get_unique_board_id_string+0xaa>
1000292c:	e07f      	b.n	10002a2e <pico_get_unique_board_id_string+0x1aa>
1000292e:	4662      	mov	r2, ip
10002930:	7182      	strb	r2, [r0, #6]
10002932:	2907      	cmp	r1, #7
10002934:	d100      	bne.n	10002938 <pico_get_unique_board_id_string+0xb4>
10002936:	e091      	b.n	10002a5c <pico_get_unique_board_id_string+0x1d8>
10002938:	220f      	movs	r2, #15
1000293a:	4022      	ands	r2, r4
1000293c:	0014      	movs	r4, r2
1000293e:	3430      	adds	r4, #48	@ 0x30
10002940:	2a09      	cmp	r2, #9
10002942:	d900      	bls.n	10002946 <pico_get_unique_board_id_string+0xc2>
10002944:	e077      	b.n	10002a36 <pico_get_unique_board_id_string+0x1b2>
10002946:	71c4      	strb	r4, [r0, #7]
10002948:	2908      	cmp	r1, #8
1000294a:	d100      	bne.n	1000294e <pico_get_unique_board_id_string+0xca>
1000294c:	e086      	b.n	10002a5c <pico_get_unique_board_id_string+0x1d8>
1000294e:	2530      	movs	r5, #48	@ 0x30
10002950:	46ac      	mov	ip, r5
10002952:	791c      	ldrb	r4, [r3, #4]
10002954:	1122      	asrs	r2, r4, #4
10002956:	4494      	add	ip, r2
10002958:	2a09      	cmp	r2, #9
1000295a:	dd00      	ble.n	1000295e <pico_get_unique_board_id_string+0xda>
1000295c:	e06e      	b.n	10002a3c <pico_get_unique_board_id_string+0x1b8>
1000295e:	4662      	mov	r2, ip
10002960:	7202      	strb	r2, [r0, #8]
10002962:	2909      	cmp	r1, #9
10002964:	d100      	bne.n	10002968 <pico_get_unique_board_id_string+0xe4>
10002966:	e079      	b.n	10002a5c <pico_get_unique_board_id_string+0x1d8>
10002968:	220f      	movs	r2, #15
1000296a:	4022      	ands	r2, r4
1000296c:	0014      	movs	r4, r2
1000296e:	3430      	adds	r4, #48	@ 0x30
10002970:	2a09      	cmp	r2, #9
10002972:	d867      	bhi.n	10002a44 <pico_get_unique_board_id_string+0x1c0>
10002974:	7244      	strb	r4, [r0, #9]
10002976:	290a      	cmp	r1, #10
10002978:	d100      	bne.n	1000297c <pico_get_unique_board_id_string+0xf8>
1000297a:	e06f      	b.n	10002a5c <pico_get_unique_board_id_string+0x1d8>
1000297c:	2530      	movs	r5, #48	@ 0x30
1000297e:	46ac      	mov	ip, r5
10002980:	795c      	ldrb	r4, [r3, #5]
10002982:	1122      	asrs	r2, r4, #4
10002984:	4494      	add	ip, r2
10002986:	2a09      	cmp	r2, #9
10002988:	dc5f      	bgt.n	10002a4a <pico_get_unique_board_id_string+0x1c6>
1000298a:	4662      	mov	r2, ip
1000298c:	7282      	strb	r2, [r0, #10]
1000298e:	290b      	cmp	r1, #11
10002990:	d064      	beq.n	10002a5c <pico_get_unique_board_id_string+0x1d8>
10002992:	220f      	movs	r2, #15
10002994:	4022      	ands	r2, r4
10002996:	0014      	movs	r4, r2
10002998:	3430      	adds	r4, #48	@ 0x30
1000299a:	2a09      	cmp	r2, #9
1000299c:	d859      	bhi.n	10002a52 <pico_get_unique_board_id_string+0x1ce>
1000299e:	72c4      	strb	r4, [r0, #11]
100029a0:	290c      	cmp	r1, #12
100029a2:	d05b      	beq.n	10002a5c <pico_get_unique_board_id_string+0x1d8>
100029a4:	2530      	movs	r5, #48	@ 0x30
100029a6:	46ac      	mov	ip, r5
100029a8:	799c      	ldrb	r4, [r3, #6]
100029aa:	1122      	asrs	r2, r4, #4
100029ac:	4494      	add	ip, r2
100029ae:	2a09      	cmp	r2, #9
100029b0:	dd02      	ble.n	100029b8 <pico_get_unique_board_id_string+0x134>
100029b2:	3507      	adds	r5, #7
100029b4:	46ac      	mov	ip, r5
100029b6:	4494      	add	ip, r2
100029b8:	4662      	mov	r2, ip
100029ba:	7302      	strb	r2, [r0, #12]
100029bc:	290d      	cmp	r1, #13
100029be:	d04d      	beq.n	10002a5c <pico_get_unique_board_id_string+0x1d8>
100029c0:	220f      	movs	r2, #15
100029c2:	4022      	ands	r2, r4
100029c4:	0014      	movs	r4, r2
100029c6:	3430      	adds	r4, #48	@ 0x30
100029c8:	2a09      	cmp	r2, #9
100029ca:	d901      	bls.n	100029d0 <pico_get_unique_board_id_string+0x14c>
100029cc:	3237      	adds	r2, #55	@ 0x37
100029ce:	0014      	movs	r4, r2
100029d0:	7344      	strb	r4, [r0, #13]
100029d2:	290e      	cmp	r1, #14
100029d4:	d042      	beq.n	10002a5c <pico_get_unique_board_id_string+0x1d8>
100029d6:	79da      	ldrb	r2, [r3, #7]
100029d8:	1113      	asrs	r3, r2, #4
100029da:	001c      	movs	r4, r3
100029dc:	3430      	adds	r4, #48	@ 0x30
100029de:	2b09      	cmp	r3, #9
100029e0:	dd01      	ble.n	100029e6 <pico_get_unique_board_id_string+0x162>
100029e2:	3337      	adds	r3, #55	@ 0x37
100029e4:	001c      	movs	r4, r3
100029e6:	7384      	strb	r4, [r0, #14]
100029e8:	290f      	cmp	r1, #15
100029ea:	d037      	beq.n	10002a5c <pico_get_unique_board_id_string+0x1d8>
100029ec:	230f      	movs	r3, #15
100029ee:	4013      	ands	r3, r2
100029f0:	001a      	movs	r2, r3
100029f2:	3237      	adds	r2, #55	@ 0x37
100029f4:	2b09      	cmp	r3, #9
100029f6:	d801      	bhi.n	100029fc <pico_get_unique_board_id_string+0x178>
100029f8:	3330      	adds	r3, #48	@ 0x30
100029fa:	001a      	movs	r2, r3
100029fc:	73c2      	strb	r2, [r0, #15]
100029fe:	2910      	cmp	r1, #16
10002a00:	d02c      	beq.n	10002a5c <pico_get_unique_board_id_string+0x1d8>
10002a02:	3010      	adds	r0, #16
10002a04:	2300      	movs	r3, #0
10002a06:	7003      	strb	r3, [r0, #0]
10002a08:	bd30      	pop	{r4, r5, pc}
10002a0a:	3237      	adds	r2, #55	@ 0x37
10002a0c:	0014      	movs	r4, r2
10002a0e:	e746      	b.n	1000289e <pico_get_unique_board_id_string+0x1a>
10002a10:	3237      	adds	r2, #55	@ 0x37
10002a12:	0014      	movs	r4, r2
10002a14:	e74f      	b.n	100028b6 <pico_get_unique_board_id_string+0x32>
10002a16:	3237      	adds	r2, #55	@ 0x37
10002a18:	0014      	movs	r4, r2
10002a1a:	e758      	b.n	100028ce <pico_get_unique_board_id_string+0x4a>
10002a1c:	3237      	adds	r2, #55	@ 0x37
10002a1e:	0014      	movs	r4, r2
10002a20:	e761      	b.n	100028e6 <pico_get_unique_board_id_string+0x62>
10002a22:	3237      	adds	r2, #55	@ 0x37
10002a24:	0014      	movs	r4, r2
10002a26:	e76a      	b.n	100028fe <pico_get_unique_board_id_string+0x7a>
10002a28:	3237      	adds	r2, #55	@ 0x37
10002a2a:	0014      	movs	r4, r2
10002a2c:	e773      	b.n	10002916 <pico_get_unique_board_id_string+0x92>
10002a2e:	3507      	adds	r5, #7
10002a30:	46ac      	mov	ip, r5
10002a32:	4494      	add	ip, r2
10002a34:	e77b      	b.n	1000292e <pico_get_unique_board_id_string+0xaa>
10002a36:	3237      	adds	r2, #55	@ 0x37
10002a38:	0014      	movs	r4, r2
10002a3a:	e784      	b.n	10002946 <pico_get_unique_board_id_string+0xc2>
10002a3c:	3507      	adds	r5, #7
10002a3e:	46ac      	mov	ip, r5
10002a40:	4494      	add	ip, r2
10002a42:	e78c      	b.n	1000295e <pico_get_unique_board_id_string+0xda>
10002a44:	3237      	adds	r2, #55	@ 0x37
10002a46:	0014      	movs	r4, r2
10002a48:	e794      	b.n	10002974 <pico_get_unique_board_id_string+0xf0>
10002a4a:	3507      	adds	r5, #7
10002a4c:	46ac      	mov	ip, r5
10002a4e:	4494      	add	ip, r2
10002a50:	e79b      	b.n	1000298a <pico_get_unique_board_id_string+0x106>
10002a52:	3237      	adds	r2, #55	@ 0x37
10002a54:	0014      	movs	r4, r2
10002a56:	72c4      	strb	r4, [r0, #11]
10002a58:	290c      	cmp	r1, #12
10002a5a:	d1a3      	bne.n	100029a4 <pico_get_unique_board_id_string+0x120>
10002a5c:	1840      	adds	r0, r0, r1
10002a5e:	e7d1      	b.n	10002a04 <pico_get_unique_board_id_string+0x180>
10002a60:	20002044 	.word	0x20002044

10002a64 <flash_get_unique_id>:
10002a64:	b510      	push	{r4, lr}
10002a66:	b088      	sub	sp, #32
10002a68:	0004      	movs	r4, r0
10002a6a:	220d      	movs	r2, #13
10002a6c:	2100      	movs	r1, #0
10002a6e:	4668      	mov	r0, sp
10002a70:	f7ff fa30 	bl	10001ed4 <__wrap_memset>
10002a74:	220d      	movs	r2, #13
10002a76:	2100      	movs	r1, #0
10002a78:	a804      	add	r0, sp, #16
10002a7a:	f7ff fa2b 	bl	10001ed4 <__wrap_memset>
10002a7e:	466a      	mov	r2, sp
10002a80:	234b      	movs	r3, #75	@ 0x4b
10002a82:	4668      	mov	r0, sp
10002a84:	7013      	strb	r3, [r2, #0]
10002a86:	a904      	add	r1, sp, #16
10002a88:	2300      	movs	r3, #0
10002a8a:	220d      	movs	r2, #13
10002a8c:	f001 ff58 	bl	10004940 <__flash_do_cmd_cs_veneer>
10002a90:	2115      	movs	r1, #21
10002a92:	2208      	movs	r2, #8
10002a94:	0020      	movs	r0, r4
10002a96:	4469      	add	r1, sp
10002a98:	f7ff fa22 	bl	10001ee0 <__wrap___aeabi_memcpy>
10002a9c:	b008      	add	sp, #32
10002a9e:	bd10      	pop	{r4, pc}

10002aa0 <usb_reset_interface_init>:
10002aa0:	4770      	bx	lr
10002aa2:	46c0      	nop			@ (mov r8, r8)

10002aa4 <usb_reset_interface_reset>:
10002aa4:	2200      	movs	r2, #0
10002aa6:	4b01      	ldr	r3, [pc, #4]	@ (10002aac <usb_reset_interface_reset+0x8>)
10002aa8:	701a      	strb	r2, [r3, #0]
10002aaa:	4770      	bx	lr
10002aac:	2000207e 	.word	0x2000207e

10002ab0 <usb_reset_interface_open>:
10002ab0:	794b      	ldrb	r3, [r1, #5]
10002ab2:	2000      	movs	r0, #0
10002ab4:	2bff      	cmp	r3, #255	@ 0xff
10002ab6:	d10b      	bne.n	10002ad0 <usb_reset_interface_open+0x20>
10002ab8:	798b      	ldrb	r3, [r1, #6]
10002aba:	2b00      	cmp	r3, #0
10002abc:	d108      	bne.n	10002ad0 <usb_reset_interface_open+0x20>
10002abe:	79cb      	ldrb	r3, [r1, #7]
10002ac0:	2b01      	cmp	r3, #1
10002ac2:	d105      	bne.n	10002ad0 <usb_reset_interface_open+0x20>
10002ac4:	2a08      	cmp	r2, #8
10002ac6:	d903      	bls.n	10002ad0 <usb_reset_interface_open+0x20>
10002ac8:	4b02      	ldr	r3, [pc, #8]	@ (10002ad4 <usb_reset_interface_open+0x24>)
10002aca:	788a      	ldrb	r2, [r1, #2]
10002acc:	3009      	adds	r0, #9
10002ace:	701a      	strb	r2, [r3, #0]
10002ad0:	4770      	bx	lr
10002ad2:	46c0      	nop			@ (mov r8, r8)
10002ad4:	2000207e 	.word	0x2000207e

10002ad8 <usb_reset_interface_xfer_cb>:
10002ad8:	2001      	movs	r0, #1
10002ada:	4770      	bx	lr

10002adc <usb_reset_interface_control_xfer_cb>:
10002adc:	b510      	push	{r4, lr}
10002ade:	2901      	cmp	r1, #1
10002ae0:	d113      	bne.n	10002b0a <usb_reset_interface_control_xfer_cb+0x2e>
10002ae2:	4915      	ldr	r1, [pc, #84]	@ (10002b38 <usb_reset_interface_control_xfer_cb+0x5c>)
10002ae4:	7953      	ldrb	r3, [r2, #5]
10002ae6:	7910      	ldrb	r0, [r2, #4]
10002ae8:	7809      	ldrb	r1, [r1, #0]
10002aea:	021b      	lsls	r3, r3, #8
10002aec:	4303      	orrs	r3, r0
10002aee:	2000      	movs	r0, #0
10002af0:	4299      	cmp	r1, r3
10002af2:	d000      	beq.n	10002af6 <usb_reset_interface_control_xfer_cb+0x1a>
10002af4:	bd10      	pop	{r4, pc}
10002af6:	7853      	ldrb	r3, [r2, #1]
10002af8:	2b01      	cmp	r3, #1
10002afa:	d008      	beq.n	10002b0e <usb_reset_interface_control_xfer_cb+0x32>
10002afc:	2b02      	cmp	r3, #2
10002afe:	d1f9      	bne.n	10002af4 <usb_reset_interface_control_xfer_cb+0x18>
10002b00:	2264      	movs	r2, #100	@ 0x64
10002b02:	2100      	movs	r1, #0
10002b04:	2000      	movs	r0, #0
10002b06:	f7fe ff11 	bl	1000192c <watchdog_reboot>
10002b0a:	2001      	movs	r0, #1
10002b0c:	e7f2      	b.n	10002af4 <usb_reset_interface_control_xfer_cb+0x18>
10002b0e:	78d1      	ldrb	r1, [r2, #3]
10002b10:	7893      	ldrb	r3, [r2, #2]
10002b12:	0209      	lsls	r1, r1, #8
10002b14:	4319      	orrs	r1, r3
10002b16:	2380      	movs	r3, #128	@ 0x80
10002b18:	000a      	movs	r2, r1
10002b1a:	005b      	lsls	r3, r3, #1
10002b1c:	401a      	ands	r2, r3
10002b1e:	4219      	tst	r1, r3
10002b20:	d006      	beq.n	10002b30 <usb_reset_interface_control_xfer_cb+0x54>
10002b22:	060a      	lsls	r2, r1, #24
10002b24:	0fd2      	lsrs	r2, r2, #31
10002b26:	0a48      	lsrs	r0, r1, #9
10002b28:	2303      	movs	r3, #3
10002b2a:	4019      	ands	r1, r3
10002b2c:	f7fe ff86 	bl	10001a3c <rom_reset_usb_boot_extra>
10002b30:	2001      	movs	r0, #1
10002b32:	4240      	negs	r0, r0
10002b34:	e7f8      	b.n	10002b28 <usb_reset_interface_control_xfer_cb+0x4c>
10002b36:	46c0      	nop			@ (mov r8, r8)
10002b38:	2000207e 	.word	0x2000207e

10002b3c <tud_descriptor_bos_cb>:
10002b3c:	4800      	ldr	r0, [pc, #0]	@ (10002b40 <tud_descriptor_bos_cb+0x4>)
10002b3e:	4770      	bx	lr
10002b40:	10004f68 	.word	0x10004f68

10002b44 <tud_vendor_control_xfer_cb>:
10002b44:	4694      	mov	ip, r2
10002b46:	2301      	movs	r3, #1
10002b48:	b510      	push	{r4, lr}
10002b4a:	2901      	cmp	r1, #1
10002b4c:	d10a      	bne.n	10002b64 <tud_vendor_control_xfer_cb+0x20>
10002b4e:	7852      	ldrb	r2, [r2, #1]
10002b50:	2300      	movs	r3, #0
10002b52:	2a01      	cmp	r2, #1
10002b54:	d106      	bne.n	10002b64 <tud_vendor_control_xfer_cb+0x20>
10002b56:	4662      	mov	r2, ip
10002b58:	7911      	ldrb	r1, [r2, #4]
10002b5a:	7952      	ldrb	r2, [r2, #5]
10002b5c:	0212      	lsls	r2, r2, #8
10002b5e:	430a      	orrs	r2, r1
10002b60:	2a07      	cmp	r2, #7
10002b62:	d001      	beq.n	10002b68 <tud_vendor_control_xfer_cb+0x24>
10002b64:	0018      	movs	r0, r3
10002b66:	bd10      	pop	{r4, pc}
10002b68:	33a6      	adds	r3, #166	@ 0xa6
10002b6a:	4661      	mov	r1, ip
10002b6c:	4a02      	ldr	r2, [pc, #8]	@ (10002b78 <tud_vendor_control_xfer_cb+0x34>)
10002b6e:	f000 feeb 	bl	10003948 <tud_control_xfer>
10002b72:	0003      	movs	r3, r0
10002b74:	e7f6      	b.n	10002b64 <tud_vendor_control_xfer_cb+0x20>
10002b76:	46c0      	nop			@ (mov r8, r8)
10002b78:	10004ec0 	.word	0x10004ec0

10002b7c <usbd_app_driver_get_cb>:
10002b7c:	2301      	movs	r3, #1
10002b7e:	7003      	strb	r3, [r0, #0]
10002b80:	4800      	ldr	r0, [pc, #0]	@ (10002b84 <usbd_app_driver_get_cb+0x8>)
10002b82:	4770      	bx	lr
10002b84:	10004f8c 	.word	0x10004f8c

10002b88 <tud_cdc_line_coding_cb>:
10002b88:	784b      	ldrb	r3, [r1, #1]
10002b8a:	780a      	ldrb	r2, [r1, #0]
10002b8c:	021b      	lsls	r3, r3, #8
10002b8e:	4313      	orrs	r3, r2
10002b90:	788a      	ldrb	r2, [r1, #2]
10002b92:	b510      	push	{r4, lr}
10002b94:	0412      	lsls	r2, r2, #16
10002b96:	431a      	orrs	r2, r3
10002b98:	78cb      	ldrb	r3, [r1, #3]
10002b9a:	061b      	lsls	r3, r3, #24
10002b9c:	4313      	orrs	r3, r2
10002b9e:	2296      	movs	r2, #150	@ 0x96
10002ba0:	00d2      	lsls	r2, r2, #3
10002ba2:	4293      	cmp	r3, r2
10002ba4:	d000      	beq.n	10002ba8 <tud_cdc_line_coding_cb+0x20>
10002ba6:	bd10      	pop	{r4, pc}
10002ba8:	2200      	movs	r2, #0
10002baa:	2001      	movs	r0, #1
10002bac:	0011      	movs	r1, r2
10002bae:	4240      	negs	r0, r0
10002bb0:	f7fe ff44 	bl	10001a3c <rom_reset_usb_boot_extra>

10002bb4 <dcd_init>:
10002bb4:	b5f8      	push	{r3, r4, r5, r6, r7, lr}
10002bb6:	f000 f93b 	bl	10002e30 <rp2040_usb_init>
10002bba:	230c      	movs	r3, #12
10002bbc:	4d19      	ldr	r5, [pc, #100]	@ (10002c24 <dcd_init+0x70>)
10002bbe:	22ff      	movs	r2, #255	@ 0xff
10002bc0:	67ab      	str	r3, [r5, #120]	@ 0x78
10002bc2:	2005      	movs	r0, #5
10002bc4:	4918      	ldr	r1, [pc, #96]	@ (10002c28 <dcd_init+0x74>)
10002bc6:	f7fd fddd 	bl	10000784 <irq_add_shared_handler>
10002bca:	4c18      	ldr	r4, [pc, #96]	@ (10002c2c <dcd_init+0x78>)
10002bcc:	2240      	movs	r2, #64	@ 0x40
10002bce:	2100      	movs	r1, #0
10002bd0:	0020      	movs	r0, r4
10002bd2:	f7ff f97f 	bl	10001ed4 <__wrap_memset>
10002bd6:	2740      	movs	r7, #64	@ 0x40
10002bd8:	2300      	movs	r3, #0
10002bda:	2601      	movs	r6, #1
10002bdc:	2121      	movs	r1, #33	@ 0x21
10002bde:	4a14      	ldr	r2, [pc, #80]	@ (10002c30 <dcd_init+0x7c>)
10002be0:	7066      	strb	r6, [r4, #1]
10002be2:	8327      	strh	r7, [r4, #24]
10002be4:	60a2      	str	r2, [r4, #8]
10002be6:	6013      	str	r3, [r2, #0]
10002be8:	5463      	strb	r3, [r4, r1]
10002bea:	315f      	adds	r1, #95	@ 0x5f
10002bec:	8461      	strh	r1, [r4, #34]	@ 0x22
10002bee:	3945      	subs	r1, #69	@ 0x45
10002bf0:	5463      	strb	r3, [r4, r1]
10002bf2:	4a10      	ldr	r2, [pc, #64]	@ (10002c34 <dcd_init+0x80>)
10002bf4:	4910      	ldr	r1, [pc, #64]	@ (10002c38 <dcd_init+0x84>)
10002bf6:	6063      	str	r3, [r4, #4]
10002bf8:	60e2      	str	r2, [r4, #12]
10002bfa:	8727      	strh	r7, [r4, #56]	@ 0x38
10002bfc:	62a1      	str	r1, [r4, #40]	@ 0x28
10002bfe:	600b      	str	r3, [r1, #0]
10002c00:	6263      	str	r3, [r4, #36]	@ 0x24
10002c02:	62e2      	str	r2, [r4, #44]	@ 0x2c
10002c04:	f001 feac 	bl	10004960 <__reset_non_control_endpoints_veneer>
10002c08:	2380      	movs	r3, #128	@ 0x80
10002c0a:	059b      	lsls	r3, r3, #22
10002c0c:	642e      	str	r6, [r5, #64]	@ 0x40
10002c0e:	64eb      	str	r3, [r5, #76]	@ 0x4c
10002c10:	2390      	movs	r3, #144	@ 0x90
10002c12:	4a0a      	ldr	r2, [pc, #40]	@ (10002c3c <dcd_init+0x88>)
10002c14:	2001      	movs	r0, #1
10002c16:	50ea      	str	r2, [r5, r3]
10002c18:	2280      	movs	r2, #128	@ 0x80
10002c1a:	4b09      	ldr	r3, [pc, #36]	@ (10002c40 <dcd_init+0x8c>)
10002c1c:	0252      	lsls	r2, r2, #9
10002c1e:	64da      	str	r2, [r3, #76]	@ 0x4c
10002c20:	bdf8      	pop	{r3, r4, r5, r6, r7, pc}
10002c22:	46c0      	nop			@ (mov r8, r8)
10002c24:	50110000 	.word	0x50110000
10002c28:	200004c1 	.word	0x200004c1
10002c2c:	20001c20 	.word	0x20001c20
10002c30:	50100084 	.word	0x50100084
10002c34:	50100100 	.word	0x50100100
10002c38:	50100080 	.word	0x50100080
10002c3c:	0001d010 	.word	0x0001d010
10002c40:	50112000 	.word	0x50112000

10002c44 <dcd_int_enable>:
10002c44:	b510      	push	{r4, lr}
10002c46:	2101      	movs	r1, #1
10002c48:	2005      	movs	r0, #5
10002c4a:	f7fd fd3b 	bl	100006c4 <irq_set_enabled>
10002c4e:	bd10      	pop	{r4, pc}

10002c50 <dcd_set_address>:
10002c50:	b510      	push	{r4, lr}
10002c52:	2200      	movs	r2, #0
10002c54:	2100      	movs	r1, #0
10002c56:	4802      	ldr	r0, [pc, #8]	@ (10002c60 <dcd_set_address+0x10>)
10002c58:	f000 f90a 	bl	10002e70 <hw_endpoint_xfer_start>
10002c5c:	bd10      	pop	{r4, pc}
10002c5e:	46c0      	nop			@ (mov r8, r8)
10002c60:	20001c40 	.word	0x20001c40

10002c64 <dcd_sof_enable>:
10002c64:	4b04      	ldr	r3, [pc, #16]	@ (10002c78 <dcd_sof_enable+0x14>)
10002c66:	7019      	strb	r1, [r3, #0]
10002c68:	2900      	cmp	r1, #0
10002c6a:	d004      	beq.n	10002c76 <dcd_sof_enable+0x12>
10002c6c:	2180      	movs	r1, #128	@ 0x80
10002c6e:	2390      	movs	r3, #144	@ 0x90
10002c70:	4a02      	ldr	r2, [pc, #8]	@ (10002c7c <dcd_sof_enable+0x18>)
10002c72:	0289      	lsls	r1, r1, #10
10002c74:	50d1      	str	r1, [r2, r3]
10002c76:	4770      	bx	lr
10002c78:	2000207a 	.word	0x2000207a
10002c7c:	50112000 	.word	0x50112000

10002c80 <dcd_edpt0_status_complete>:
10002c80:	780b      	ldrb	r3, [r1, #0]
10002c82:	065b      	lsls	r3, r3, #25
10002c84:	d000      	beq.n	10002c88 <dcd_edpt0_status_complete+0x8>
10002c86:	4770      	bx	lr
10002c88:	784b      	ldrb	r3, [r1, #1]
10002c8a:	2b05      	cmp	r3, #5
10002c8c:	d1fb      	bne.n	10002c86 <dcd_edpt0_status_complete+0x6>
10002c8e:	788a      	ldrb	r2, [r1, #2]
10002c90:	4b01      	ldr	r3, [pc, #4]	@ (10002c98 <dcd_edpt0_status_complete+0x18>)
10002c92:	601a      	str	r2, [r3, #0]
10002c94:	e7f7      	b.n	10002c86 <dcd_edpt0_status_complete+0x6>
10002c96:	46c0      	nop			@ (mov r8, r8)
10002c98:	50110000 	.word	0x50110000

10002c9c <dcd_edpt_open>:
10002c9c:	b5f8      	push	{r3, r4, r5, r6, r7, lr}
10002c9e:	46ce      	mov	lr, r9
10002ca0:	4647      	mov	r7, r8
10002ca2:	78cb      	ldrb	r3, [r1, #3]
10002ca4:	b580      	push	{r7, lr}
10002ca6:	079b      	lsls	r3, r3, #30
10002ca8:	0f9a      	lsrs	r2, r3, #30
10002caa:	0010      	movs	r0, r2
10002cac:	2a01      	cmp	r2, #1
10002cae:	d058      	beq.n	10002d62 <dcd_edpt_open+0xc6>
10002cb0:	788c      	ldrb	r4, [r1, #2]
10002cb2:	790a      	ldrb	r2, [r1, #4]
10002cb4:	794b      	ldrb	r3, [r1, #5]
10002cb6:	217f      	movs	r1, #127	@ 0x7f
10002cb8:	021b      	lsls	r3, r3, #8
10002cba:	4021      	ands	r1, r4
10002cbc:	09e5      	lsrs	r5, r4, #7
10002cbe:	4313      	orrs	r3, r2
10002cc0:	004a      	lsls	r2, r1, #1
10002cc2:	4691      	mov	r9, r2
10002cc4:	4e2c      	ldr	r6, [pc, #176]	@ (10002d78 <dcd_edpt_open+0xdc>)
10002cc6:	1952      	adds	r2, r2, r5
10002cc8:	0152      	lsls	r2, r2, #5
10002cca:	18b2      	adds	r2, r6, r2
10002ccc:	7094      	strb	r4, [r2, #2]
10002cce:	2401      	movs	r4, #1
10002cd0:	406c      	eors	r4, r5
10002cd2:	7054      	strb	r4, [r2, #1]
10002cd4:	2400      	movs	r4, #0
10002cd6:	055b      	lsls	r3, r3, #21
10002cd8:	0d5b      	lsrs	r3, r3, #21
10002cda:	70d4      	strb	r4, [r2, #3]
10002cdc:	8313      	strh	r3, [r2, #24]
10002cde:	76d0      	strb	r0, [r2, #27]
10002ce0:	00ca      	lsls	r2, r1, #3
10002ce2:	2d01      	cmp	r5, #1
10002ce4:	d02c      	beq.n	10002d40 <dcd_edpt_open+0xa4>
10002ce6:	4f25      	ldr	r7, [pc, #148]	@ (10002d7c <dcd_edpt_open+0xe0>)
10002ce8:	19d2      	adds	r2, r2, r7
10002cea:	018f      	lsls	r7, r1, #6
10002cec:	46bc      	mov	ip, r7
10002cee:	44b4      	add	ip, r6
10002cf0:	4667      	mov	r7, ip
10002cf2:	60ba      	str	r2, [r7, #8]
10002cf4:	6014      	str	r4, [r2, #0]
10002cf6:	2900      	cmp	r1, #0
10002cf8:	d02c      	beq.n	10002d54 <dcd_edpt_open+0xb8>
10002cfa:	4a21      	ldr	r2, [pc, #132]	@ (10002d80 <dcd_edpt_open+0xe4>)
10002cfc:	00c9      	lsls	r1, r1, #3
10002cfe:	1889      	adds	r1, r1, r2
10002d00:	6079      	str	r1, [r7, #4]
10002d02:	333f      	adds	r3, #63	@ 0x3f
10002d04:	099b      	lsrs	r3, r3, #6
10002d06:	2802      	cmp	r0, #2
10002d08:	d032      	beq.n	10002d70 <dcd_edpt_open+0xd4>
10002d0a:	019a      	lsls	r2, r3, #6
10002d0c:	464b      	mov	r3, r9
10002d0e:	4c1d      	ldr	r4, [pc, #116]	@ (10002d84 <dcd_edpt_open+0xe8>)
10002d10:	195b      	adds	r3, r3, r5
10002d12:	6821      	ldr	r1, [r4, #0]
10002d14:	015b      	lsls	r3, r3, #5
10002d16:	18f6      	adds	r6, r6, r3
10002d18:	4b1b      	ldr	r3, [pc, #108]	@ (10002d88 <dcd_edpt_open+0xec>)
10002d1a:	188a      	adds	r2, r1, r2
10002d1c:	60f1      	str	r1, [r6, #12]
10002d1e:	6022      	str	r2, [r4, #0]
10002d20:	429a      	cmp	r2, r3
10002d22:	d827      	bhi.n	10002d74 <dcd_edpt_open+0xd8>
10002d24:	4a19      	ldr	r2, [pc, #100]	@ (10002d8c <dcd_edpt_open+0xf0>)
10002d26:	0683      	lsls	r3, r0, #26
10002d28:	404a      	eors	r2, r1
10002d2a:	4313      	orrs	r3, r2
10002d2c:	2280      	movs	r2, #128	@ 0x80
10002d2e:	0612      	lsls	r2, r2, #24
10002d30:	4313      	orrs	r3, r2
10002d32:	6872      	ldr	r2, [r6, #4]
10002d34:	6013      	str	r3, [r2, #0]
10002d36:	2001      	movs	r0, #1
10002d38:	bcc0      	pop	{r6, r7}
10002d3a:	46b9      	mov	r9, r7
10002d3c:	46b0      	mov	r8, r6
10002d3e:	bdf8      	pop	{r3, r4, r5, r6, r7, pc}
10002d40:	4f13      	ldr	r7, [pc, #76]	@ (10002d90 <dcd_edpt_open+0xf4>)
10002d42:	19d2      	adds	r2, r2, r7
10002d44:	018f      	lsls	r7, r1, #6
10002d46:	46bc      	mov	ip, r7
10002d48:	44b4      	add	ip, r6
10002d4a:	4667      	mov	r7, ip
10002d4c:	62ba      	str	r2, [r7, #40]	@ 0x28
10002d4e:	6014      	str	r4, [r2, #0]
10002d50:	2900      	cmp	r1, #0
10002d52:	d108      	bne.n	10002d66 <dcd_edpt_open+0xca>
10002d54:	2300      	movs	r3, #0
10002d56:	016d      	lsls	r5, r5, #5
10002d58:	1975      	adds	r5, r6, r5
10002d5a:	606b      	str	r3, [r5, #4]
10002d5c:	4b0d      	ldr	r3, [pc, #52]	@ (10002d94 <dcd_edpt_open+0xf8>)
10002d5e:	60eb      	str	r3, [r5, #12]
10002d60:	e7e9      	b.n	10002d36 <dcd_edpt_open+0x9a>
10002d62:	2000      	movs	r0, #0
10002d64:	e7e8      	b.n	10002d38 <dcd_edpt_open+0x9c>
10002d66:	4a09      	ldr	r2, [pc, #36]	@ (10002d8c <dcd_edpt_open+0xf0>)
10002d68:	00c9      	lsls	r1, r1, #3
10002d6a:	1889      	adds	r1, r1, r2
10002d6c:	6279      	str	r1, [r7, #36]	@ 0x24
10002d6e:	e7c8      	b.n	10002d02 <dcd_edpt_open+0x66>
10002d70:	01da      	lsls	r2, r3, #7
10002d72:	e7cb      	b.n	10002d0c <dcd_edpt_open+0x70>
10002d74:	f7fe fe8a 	bl	10001a8c <hard_assertion_failure>
10002d78:	20001c20 	.word	0x20001c20
10002d7c:	50100084 	.word	0x50100084
10002d80:	50100004 	.word	0x50100004
10002d84:	20002028 	.word	0x20002028
10002d88:	50100fff 	.word	0x50100fff
10002d8c:	50100000 	.word	0x50100000
10002d90:	50100080 	.word	0x50100080
10002d94:	50100100 	.word	0x50100100

10002d98 <dcd_edpt_close_all>:
10002d98:	b510      	push	{r4, lr}
10002d9a:	f001 fde1 	bl	10004960 <__reset_non_control_endpoints_veneer>
10002d9e:	bd10      	pop	{r4, pc}

10002da0 <dcd_edpt_xfer>:
10002da0:	207f      	movs	r0, #127	@ 0x7f
10002da2:	b510      	push	{r4, lr}
10002da4:	4008      	ands	r0, r1
10002da6:	0040      	lsls	r0, r0, #1
10002da8:	09c9      	lsrs	r1, r1, #7
10002daa:	1840      	adds	r0, r0, r1
10002dac:	0011      	movs	r1, r2
10002dae:	4a04      	ldr	r2, [pc, #16]	@ (10002dc0 <dcd_edpt_xfer+0x20>)
10002db0:	0140      	lsls	r0, r0, #5
10002db2:	1880      	adds	r0, r0, r2
10002db4:	001a      	movs	r2, r3
10002db6:	f000 f85b 	bl	10002e70 <hw_endpoint_xfer_start>
10002dba:	2001      	movs	r0, #1
10002dbc:	bd10      	pop	{r4, pc}
10002dbe:	46c0      	nop			@ (mov r8, r8)
10002dc0:	20001c20 	.word	0x20001c20

10002dc4 <dcd_edpt_stall>:
10002dc4:	237f      	movs	r3, #127	@ 0x7f
10002dc6:	0018      	movs	r0, r3
10002dc8:	b500      	push	{lr}
10002dca:	4008      	ands	r0, r1
10002dcc:	b083      	sub	sp, #12
10002dce:	420b      	tst	r3, r1
10002dd0:	d104      	bne.n	10002ddc <dcd_edpt_stall+0x18>
10002dd2:	424b      	negs	r3, r1
10002dd4:	414b      	adcs	r3, r1
10002dd6:	4a08      	ldr	r2, [pc, #32]	@ (10002df8 <dcd_edpt_stall+0x34>)
10002dd8:	3301      	adds	r3, #1
10002dda:	6693      	str	r3, [r2, #104]	@ 0x68
10002ddc:	2280      	movs	r2, #128	@ 0x80
10002dde:	09c9      	lsrs	r1, r1, #7
10002de0:	0040      	lsls	r0, r0, #1
10002de2:	4b06      	ldr	r3, [pc, #24]	@ (10002dfc <dcd_edpt_stall+0x38>)
10002de4:	1840      	adds	r0, r0, r1
10002de6:	0140      	lsls	r0, r0, #5
10002de8:	2100      	movs	r1, #0
10002dea:	18c0      	adds	r0, r0, r3
10002dec:	0112      	lsls	r2, r2, #4
10002dee:	f001 fdaf 	bl	10004950 <___hw_endpoint_buffer_control_update32_veneer>
10002df2:	b003      	add	sp, #12
10002df4:	bd00      	pop	{pc}
10002df6:	46c0      	nop			@ (mov r8, r8)
10002df8:	50112000 	.word	0x50112000
10002dfc:	20001c20 	.word	0x20001c20

10002e00 <dcd_edpt_clear_stall>:
10002e00:	227f      	movs	r2, #127	@ 0x7f
10002e02:	0013      	movs	r3, r2
10002e04:	b510      	push	{r4, lr}
10002e06:	400b      	ands	r3, r1
10002e08:	420a      	tst	r2, r1
10002e0a:	d100      	bne.n	10002e0e <dcd_edpt_clear_stall+0xe>
10002e0c:	bd10      	pop	{r4, pc}
10002e0e:	09c9      	lsrs	r1, r1, #7
10002e10:	005b      	lsls	r3, r3, #1
10002e12:	185b      	adds	r3, r3, r1
10002e14:	4804      	ldr	r0, [pc, #16]	@ (10002e28 <dcd_edpt_clear_stall+0x28>)
10002e16:	015b      	lsls	r3, r3, #5
10002e18:	18c0      	adds	r0, r0, r3
10002e1a:	2300      	movs	r3, #0
10002e1c:	2200      	movs	r2, #0
10002e1e:	4903      	ldr	r1, [pc, #12]	@ (10002e2c <dcd_edpt_clear_stall+0x2c>)
10002e20:	70c3      	strb	r3, [r0, #3]
10002e22:	f001 fd95 	bl	10004950 <___hw_endpoint_buffer_control_update32_veneer>
10002e26:	e7f1      	b.n	10002e0c <dcd_edpt_clear_stall+0xc>
10002e28:	20001c20 	.word	0x20001c20
10002e2c:	fffff7ff 	.word	0xfffff7ff

10002e30 <rp2040_usb_init>:
10002e30:	2280      	movs	r2, #128	@ 0x80
10002e32:	4b0a      	ldr	r3, [pc, #40]	@ (10002e5c <rp2040_usb_init+0x2c>)
10002e34:	0452      	lsls	r2, r2, #17
10002e36:	b510      	push	{r4, lr}
10002e38:	601a      	str	r2, [r3, #0]
10002e3a:	4b09      	ldr	r3, [pc, #36]	@ (10002e60 <rp2040_usb_init+0x30>)
10002e3c:	4909      	ldr	r1, [pc, #36]	@ (10002e64 <rp2040_usb_init+0x34>)
10002e3e:	601a      	str	r2, [r3, #0]
10002e40:	0010      	movs	r0, r2
10002e42:	680b      	ldr	r3, [r1, #0]
10002e44:	4398      	bics	r0, r3
10002e46:	d1fb      	bne.n	10002e40 <rp2040_usb_init+0x10>
10002e48:	2280      	movs	r2, #128	@ 0x80
10002e4a:	2100      	movs	r1, #0
10002e4c:	0152      	lsls	r2, r2, #5
10002e4e:	4806      	ldr	r0, [pc, #24]	@ (10002e68 <rp2040_usb_init+0x38>)
10002e50:	f7ff f840 	bl	10001ed4 <__wrap_memset>
10002e54:	2209      	movs	r2, #9
10002e56:	4b05      	ldr	r3, [pc, #20]	@ (10002e6c <rp2040_usb_init+0x3c>)
10002e58:	675a      	str	r2, [r3, #116]	@ 0x74
10002e5a:	bd10      	pop	{r4, pc}
10002e5c:	4000e000 	.word	0x4000e000
10002e60:	4000f000 	.word	0x4000f000
10002e64:	4000c008 	.word	0x4000c008
10002e68:	50100000 	.word	0x50100000
10002e6c:	50110000 	.word	0x50110000

10002e70 <hw_endpoint_xfer_start>:
10002e70:	2300      	movs	r3, #0
10002e72:	b510      	push	{r4, lr}
10002e74:	82c3      	strh	r3, [r0, #22]
10002e76:	3301      	adds	r3, #1
10002e78:	8282      	strh	r2, [r0, #20]
10002e7a:	7683      	strb	r3, [r0, #26]
10002e7c:	6101      	str	r1, [r0, #16]
10002e7e:	0004      	movs	r4, r0
10002e80:	f001 fd96 	bl	100049b0 <__e15_is_bulkin_ep_veneer>
10002e84:	2800      	cmp	r0, #0
10002e86:	d004      	beq.n	10002e92 <hw_endpoint_xfer_start+0x22>
10002e88:	2180      	movs	r1, #128	@ 0x80
10002e8a:	2390      	movs	r3, #144	@ 0x90
10002e8c:	4a07      	ldr	r2, [pc, #28]	@ (10002eac <hw_endpoint_xfer_start+0x3c>)
10002e8e:	0289      	lsls	r1, r1, #10
10002e90:	50d1      	str	r1, [r2, r3]
10002e92:	0020      	movs	r0, r4
10002e94:	f001 fda4 	bl	100049e0 <__e15_is_critical_frame_period_veneer>
10002e98:	2800      	cmp	r0, #0
10002e9a:	d002      	beq.n	10002ea2 <hw_endpoint_xfer_start+0x32>
10002e9c:	2301      	movs	r3, #1
10002e9e:	7723      	strb	r3, [r4, #28]
10002ea0:	bd10      	pop	{r4, pc}
10002ea2:	0020      	movs	r0, r4
10002ea4:	f001 fd7c 	bl	100049a0 <__hw_endpoint_start_next_buffer_veneer>
10002ea8:	e7fa      	b.n	10002ea0 <hw_endpoint_xfer_start+0x30>
10002eaa:	46c0      	nop			@ (mov r8, r8)
10002eac:	50112000 	.word	0x50112000

10002eb0 <tud_event_hook_cb>:
10002eb0:	4770      	bx	lr
10002eb2:	46c0      	nop			@ (mov r8, r8)

10002eb4 <tud_sof_cb>:
10002eb4:	4770      	bx	lr
10002eb6:	46c0      	nop			@ (mov r8, r8)

10002eb8 <tud_descriptor_device_qualifier_cb>:
10002eb8:	2000      	movs	r0, #0
10002eba:	4770      	bx	lr

10002ebc <tud_descriptor_other_speed_configuration_cb>:
10002ebc:	2000      	movs	r0, #0
10002ebe:	4770      	bx	lr

10002ec0 <tud_mount_cb>:
10002ec0:	4770      	bx	lr
10002ec2:	46c0      	nop			@ (mov r8, r8)

10002ec4 <tud_umount_cb>:
10002ec4:	4770      	bx	lr
10002ec6:	46c0      	nop			@ (mov r8, r8)

10002ec8 <tud_suspend_cb>:
10002ec8:	4770      	bx	lr
10002eca:	46c0      	nop			@ (mov r8, r8)

10002ecc <tud_resume_cb>:
10002ecc:	4770      	bx	lr
10002ece:	46c0      	nop			@ (mov r8, r8)

10002ed0 <tud_mounted>:
10002ed0:	4b02      	ldr	r3, [pc, #8]	@ (10002edc <tud_mounted+0xc>)
10002ed2:	7858      	ldrb	r0, [r3, #1]
10002ed4:	1e43      	subs	r3, r0, #1
10002ed6:	4198      	sbcs	r0, r3
10002ed8:	b2c0      	uxtb	r0, r0
10002eda:	4770      	bx	lr
10002edc:	20001590 	.word	0x20001590

10002ee0 <tud_suspended>:
10002ee0:	4b02      	ldr	r3, [pc, #8]	@ (10002eec <tud_suspended+0xc>)
10002ee2:	7818      	ldrb	r0, [r3, #0]
10002ee4:	0740      	lsls	r0, r0, #29
10002ee6:	0fc0      	lsrs	r0, r0, #31
10002ee8:	4770      	bx	lr
10002eea:	46c0      	nop			@ (mov r8, r8)
10002eec:	20001590 	.word	0x20001590

10002ef0 <tud_rhport_init>:
10002ef0:	b5f0      	push	{r4, r5, r6, r7, lr}
10002ef2:	46d6      	mov	lr, sl
10002ef4:	464f      	mov	r7, r9
10002ef6:	4646      	mov	r6, r8
10002ef8:	b5c0      	push	{r6, r7, lr}
10002efa:	4b2c      	ldr	r3, [pc, #176]	@ (10002fac <tud_rhport_init+0xbc>)
10002efc:	4681      	mov	r9, r0
10002efe:	4698      	mov	r8, r3
10002f00:	781b      	ldrb	r3, [r3, #0]
10002f02:	468a      	mov	sl, r1
10002f04:	2bff      	cmp	r3, #255	@ 0xff
10002f06:	d14b      	bne.n	10002fa0 <tud_rhport_init+0xb0>
10002f08:	2900      	cmp	r1, #0
10002f0a:	d03b      	beq.n	10002f84 <tud_rhport_init+0x94>
10002f0c:	2100      	movs	r1, #0
10002f0e:	2254      	movs	r2, #84	@ 0x54
10002f10:	4827      	ldr	r0, [pc, #156]	@ (10002fb0 <tud_rhport_init+0xc0>)
10002f12:	f7fe ffdf 	bl	10001ed4 <__wrap_memset>
10002f16:	2200      	movs	r2, #0
10002f18:	4c26      	ldr	r4, [pc, #152]	@ (10002fb4 <tud_rhport_init+0xc4>)
10002f1a:	4b27      	ldr	r3, [pc, #156]	@ (10002fb8 <tud_rhport_init+0xc8>)
10002f1c:	0020      	movs	r0, r4
10002f1e:	701a      	strb	r2, [r3, #0]
10002f20:	f7fd fe94 	bl	10000c4c <mutex_init>
10002f24:	4b25      	ldr	r3, [pc, #148]	@ (10002fbc <tud_rhport_init+0xcc>)
10002f26:	601c      	str	r4, [r3, #0]
10002f28:	4c25      	ldr	r4, [pc, #148]	@ (10002fc0 <tud_rhport_init+0xd0>)
10002f2a:	0020      	movs	r0, r4
10002f2c:	3c14      	subs	r4, #20
10002f2e:	f7fd fe9b 	bl	10000c68 <critical_section_init>
10002f32:	0020      	movs	r0, r4
10002f34:	f001 fb98 	bl	10004668 <tu_fifo_clear>
10002f38:	4b22      	ldr	r3, [pc, #136]	@ (10002fc4 <tud_rhport_init+0xd4>)
10002f3a:	4d23      	ldr	r5, [pc, #140]	@ (10002fc8 <tud_rhport_init+0xd8>)
10002f3c:	601c      	str	r4, [r3, #0]
10002f3e:	4b23      	ldr	r3, [pc, #140]	@ (10002fcc <tud_rhport_init+0xdc>)
10002f40:	2b00      	cmp	r3, #0
10002f42:	d004      	beq.n	10002f4e <tud_rhport_init+0x5e>
10002f44:	0028      	movs	r0, r5
10002f46:	f7ff fe19 	bl	10002b7c <usbd_app_driver_get_cb>
10002f4a:	4b21      	ldr	r3, [pc, #132]	@ (10002fd0 <tud_rhport_init+0xe0>)
10002f4c:	6018      	str	r0, [r3, #0]
10002f4e:	2400      	movs	r4, #0
10002f50:	782b      	ldrb	r3, [r5, #0]
10002f52:	4f20      	ldr	r7, [pc, #128]	@ (10002fd4 <tud_rhport_init+0xe4>)
10002f54:	4e1e      	ldr	r6, [pc, #120]	@ (10002fd0 <tud_rhport_init+0xe0>)
10002f56:	e00d      	b.n	10002f74 <tud_rhport_init+0x84>
10002f58:	6833      	ldr	r3, [r6, #0]
10002f5a:	0162      	lsls	r2, r4, #5
10002f5c:	189b      	adds	r3, r3, r2
10002f5e:	2b00      	cmp	r3, #0
10002f60:	d010      	beq.n	10002f84 <tud_rhport_init+0x94>
10002f62:	685b      	ldr	r3, [r3, #4]
10002f64:	2b00      	cmp	r3, #0
10002f66:	d00d      	beq.n	10002f84 <tud_rhport_init+0x94>
10002f68:	4798      	blx	r3
10002f6a:	3401      	adds	r4, #1
10002f6c:	782b      	ldrb	r3, [r5, #0]
10002f6e:	b2e4      	uxtb	r4, r4
10002f70:	42a3      	cmp	r3, r4
10002f72:	d309      	bcc.n	10002f88 <tud_rhport_init+0x98>
10002f74:	42a3      	cmp	r3, r4
10002f76:	d8ef      	bhi.n	10002f58 <tud_rhport_init+0x68>
10002f78:	1ae3      	subs	r3, r4, r3
10002f7a:	015b      	lsls	r3, r3, #5
10002f7c:	19db      	adds	r3, r3, r7
10002f7e:	685b      	ldr	r3, [r3, #4]
10002f80:	2b00      	cmp	r3, #0
10002f82:	d1f1      	bne.n	10002f68 <tud_rhport_init+0x78>
10002f84:	2000      	movs	r0, #0
10002f86:	e00c      	b.n	10002fa2 <tud_rhport_init+0xb2>
10002f88:	4642      	mov	r2, r8
10002f8a:	464b      	mov	r3, r9
10002f8c:	4651      	mov	r1, sl
10002f8e:	4648      	mov	r0, r9
10002f90:	7013      	strb	r3, [r2, #0]
10002f92:	f7ff fe0f 	bl	10002bb4 <dcd_init>
10002f96:	2800      	cmp	r0, #0
10002f98:	d0f4      	beq.n	10002f84 <tud_rhport_init+0x94>
10002f9a:	4648      	mov	r0, r9
10002f9c:	f7ff fe52 	bl	10002c44 <dcd_int_enable>
10002fa0:	2001      	movs	r0, #1
10002fa2:	bce0      	pop	{r5, r6, r7}
10002fa4:	46ba      	mov	sl, r7
10002fa6:	46b1      	mov	r9, r6
10002fa8:	46a8      	mov	r8, r5
10002faa:	bdf0      	pop	{r4, r5, r6, r7, pc}
10002fac:	2000103c 	.word	0x2000103c
10002fb0:	20001590 	.word	0x20001590
10002fb4:	20001588 	.word	0x20001588
10002fb8:	2000207b 	.word	0x2000207b
10002fbc:	200015e4 	.word	0x200015e4
10002fc0:	20001034 	.word	0x20001034
10002fc4:	200015e8 	.word	0x200015e8
10002fc8:	20002079 	.word	0x20002079
10002fcc:	10002b7d 	.word	0x10002b7d
10002fd0:	200014a8 	.word	0x200014a8
10002fd4:	10005054 	.word	0x10005054

10002fd8 <tud_task_ext>:
10002fd8:	b5f0      	push	{r4, r5, r6, r7, lr}
10002fda:	46de      	mov	lr, fp
10002fdc:	4657      	mov	r7, sl
10002fde:	464e      	mov	r6, r9
10002fe0:	4645      	mov	r5, r8
10002fe2:	b5e0      	push	{r5, r6, r7, lr}
10002fe4:	4bc8      	ldr	r3, [pc, #800]	@ (10003308 <tud_task_ext+0x330>)
10002fe6:	b091      	sub	sp, #68	@ 0x44
10002fe8:	9303      	str	r3, [sp, #12]
10002fea:	781b      	ldrb	r3, [r3, #0]
10002fec:	2bff      	cmp	r3, #255	@ 0xff
10002fee:	d100      	bne.n	10002ff2 <tud_task_ext+0x1a>
10002ff0:	e142      	b.n	10003278 <tud_task_ext+0x2a0>
10002ff2:	4bc6      	ldr	r3, [pc, #792]	@ (1000330c <tud_task_ext+0x334>)
10002ff4:	4ec6      	ldr	r6, [pc, #792]	@ (10003310 <tud_task_ext+0x338>)
10002ff6:	001f      	movs	r7, r3
10002ff8:	4bc6      	ldr	r3, [pc, #792]	@ (10003314 <tud_task_ext+0x33c>)
10002ffa:	ac0d      	add	r4, sp, #52	@ 0x34
10002ffc:	9302      	str	r3, [sp, #8]
10002ffe:	4bc6      	ldr	r3, [pc, #792]	@ (10003318 <tud_task_ext+0x340>)
10003000:	9301      	str	r3, [sp, #4]
10003002:	6835      	ldr	r5, [r6, #0]
10003004:	696a      	ldr	r2, [r5, #20]
10003006:	f3ef 8110 	mrs	r1, PRIMASK
1000300a:	b672      	cpsid	i
1000300c:	6813      	ldr	r3, [r2, #0]
1000300e:	2b00      	cmp	r3, #0
10003010:	d0fc      	beq.n	1000300c <tud_task_ext+0x34>
10003012:	f3bf 8f5f 	dmb	sy
10003016:	61a9      	str	r1, [r5, #24]
10003018:	0028      	movs	r0, r5
1000301a:	0021      	movs	r1, r4
1000301c:	f001 f95a 	bl	100042d4 <tu_fifo_read>
10003020:	696a      	ldr	r2, [r5, #20]
10003022:	69ab      	ldr	r3, [r5, #24]
10003024:	f3bf 8f5f 	dmb	sy
10003028:	2100      	movs	r1, #0
1000302a:	6011      	str	r1, [r2, #0]
1000302c:	f383 8810 	msr	PRIMASK, r3
10003030:	2800      	cmp	r0, #0
10003032:	d100      	bne.n	10003036 <tud_task_ext+0x5e>
10003034:	e120      	b.n	10003278 <tud_task_ext+0x2a0>
10003036:	7863      	ldrb	r3, [r4, #1]
10003038:	2b08      	cmp	r3, #8
1000303a:	d8e2      	bhi.n	10003002 <tud_task_ext+0x2a>
1000303c:	009b      	lsls	r3, r3, #2
1000303e:	58fb      	ldr	r3, [r7, r3]
10003040:	469f      	mov	pc, r3
10003042:	6863      	ldr	r3, [r4, #4]
10003044:	2b00      	cmp	r3, #0
10003046:	d0dc      	beq.n	10003002 <tud_task_ext+0x2a>
10003048:	68a0      	ldr	r0, [r4, #8]
1000304a:	4798      	blx	r3
1000304c:	e7d9      	b.n	10003002 <tud_task_ext+0x2a>
1000304e:	227f      	movs	r2, #127	@ 0x7f
10003050:	7921      	ldrb	r1, [r4, #4]
10003052:	4db0      	ldr	r5, [pc, #704]	@ (10003314 <tud_task_ext+0x33c>)
10003054:	400a      	ands	r2, r1
10003056:	0053      	lsls	r3, r2, #1
10003058:	18eb      	adds	r3, r5, r3
1000305a:	4698      	mov	r8, r3
1000305c:	09c8      	lsrs	r0, r1, #7
1000305e:	4480      	add	r8, r0
10003060:	4640      	mov	r0, r8
10003062:	2301      	movs	r3, #1
10003064:	3030      	adds	r0, #48	@ 0x30
10003066:	7905      	ldrb	r5, [r0, #4]
10003068:	439d      	bics	r5, r3
1000306a:	7105      	strb	r5, [r0, #4]
1000306c:	7905      	ldrb	r5, [r0, #4]
1000306e:	3303      	adds	r3, #3
10003070:	439d      	bics	r5, r3
10003072:	7105      	strb	r5, [r0, #4]
10003074:	2a00      	cmp	r2, #0
10003076:	d100      	bne.n	1000307a <tud_task_ext+0xa2>
10003078:	e105      	b.n	10003286 <tud_task_ext+0x2ae>
1000307a:	4643      	mov	r3, r8
1000307c:	4aa7      	ldr	r2, [pc, #668]	@ (1000331c <tud_task_ext+0x344>)
1000307e:	7d1b      	ldrb	r3, [r3, #20]
10003080:	7812      	ldrb	r2, [r2, #0]
10003082:	4293      	cmp	r3, r2
10003084:	d300      	bcc.n	10003088 <tud_task_ext+0xb0>
10003086:	e0f5      	b.n	10003274 <tud_task_ext+0x29c>
10003088:	4aa5      	ldr	r2, [pc, #660]	@ (10003320 <tud_task_ext+0x348>)
1000308a:	015b      	lsls	r3, r3, #5
1000308c:	6815      	ldr	r5, [r2, #0]
1000308e:	18ed      	adds	r5, r5, r3
10003090:	2d00      	cmp	r5, #0
10003092:	d100      	bne.n	10003096 <tud_task_ext+0xbe>
10003094:	e0f0      	b.n	10003278 <tud_task_ext+0x2a0>
10003096:	68a3      	ldr	r3, [r4, #8]
10003098:	7962      	ldrb	r2, [r4, #5]
1000309a:	7820      	ldrb	r0, [r4, #0]
1000309c:	69ad      	ldr	r5, [r5, #24]
1000309e:	47a8      	blx	r5
100030a0:	e7af      	b.n	10003002 <tud_task_ext+0x2a>
100030a2:	4ba0      	ldr	r3, [pc, #640]	@ (10003324 <tud_task_ext+0x34c>)
100030a4:	781a      	ldrb	r2, [r3, #0]
100030a6:	2a00      	cmp	r2, #0
100030a8:	d100      	bne.n	100030ac <tud_task_ext+0xd4>
100030aa:	e0e5      	b.n	10003278 <tud_task_ext+0x2a0>
100030ac:	781a      	ldrb	r2, [r3, #0]
100030ae:	3a01      	subs	r2, #1
100030b0:	701a      	strb	r2, [r3, #0]
100030b2:	781b      	ldrb	r3, [r3, #0]
100030b4:	2b00      	cmp	r3, #0
100030b6:	d1a4      	bne.n	10003002 <tud_task_ext+0x2a>
100030b8:	2201      	movs	r2, #1
100030ba:	4d96      	ldr	r5, [pc, #600]	@ (10003314 <tud_task_ext+0x33c>)
100030bc:	2101      	movs	r1, #1
100030be:	782b      	ldrb	r3, [r5, #0]
100030c0:	2004      	movs	r0, #4
100030c2:	4313      	orrs	r3, r2
100030c4:	702b      	strb	r3, [r5, #0]
100030c6:	2334      	movs	r3, #52	@ 0x34
100030c8:	5cea      	ldrb	r2, [r5, r3]
100030ca:	438a      	bics	r2, r1
100030cc:	54ea      	strb	r2, [r5, r3]
100030ce:	5cea      	ldrb	r2, [r5, r3]
100030d0:	4382      	bics	r2, r0
100030d2:	54ea      	strb	r2, [r5, r3]
100030d4:	3301      	adds	r3, #1
100030d6:	5cea      	ldrb	r2, [r5, r3]
100030d8:	438a      	bics	r2, r1
100030da:	54ea      	strb	r2, [r5, r3]
100030dc:	5cea      	ldrb	r2, [r5, r3]
100030de:	4382      	bics	r2, r0
100030e0:	54ea      	strb	r2, [r5, r3]
100030e2:	7823      	ldrb	r3, [r4, #0]
100030e4:	2000      	movs	r0, #0
100030e6:	469b      	mov	fp, r3
100030e8:	f000 fc88 	bl	100039fc <usbd_control_set_complete_callback>
100030ec:	2260      	movs	r2, #96	@ 0x60
100030ee:	7923      	ldrb	r3, [r4, #4]
100030f0:	401a      	ands	r2, r3
100030f2:	2a60      	cmp	r2, #96	@ 0x60
100030f4:	d100      	bne.n	100030f8 <tud_task_ext+0x120>
100030f6:	e0f1      	b.n	100032dc <tud_task_ext+0x304>
100030f8:	2a40      	cmp	r2, #64	@ 0x40
100030fa:	d100      	bne.n	100030fe <tud_task_ext+0x126>
100030fc:	e0f7      	b.n	100032ee <tud_task_ext+0x316>
100030fe:	06db      	lsls	r3, r3, #27
10003100:	0edb      	lsrs	r3, r3, #27
10003102:	2b01      	cmp	r3, #1
10003104:	d100      	bne.n	10003108 <tud_task_ext+0x130>
10003106:	e115      	b.n	10003334 <tud_task_ext+0x35c>
10003108:	2b02      	cmp	r3, #2
1000310a:	d100      	bne.n	1000310e <tud_task_ext+0x136>
1000310c:	e0ca      	b.n	100032a4 <tud_task_ext+0x2cc>
1000310e:	2b00      	cmp	r3, #0
10003110:	d000      	beq.n	10003114 <tud_task_ext+0x13c>
10003112:	e0e3      	b.n	100032dc <tud_task_ext+0x304>
10003114:	2a20      	cmp	r2, #32
10003116:	d100      	bne.n	1000311a <tud_task_ext+0x142>
10003118:	e211      	b.n	1000353e <tud_task_ext+0x566>
1000311a:	2a00      	cmp	r2, #0
1000311c:	d000      	beq.n	10003120 <tud_task_ext+0x148>
1000311e:	e0dd      	b.n	100032dc <tud_task_ext+0x304>
10003120:	7963      	ldrb	r3, [r4, #5]
10003122:	2b09      	cmp	r3, #9
10003124:	d900      	bls.n	10003128 <tud_task_ext+0x150>
10003126:	e0d9      	b.n	100032dc <tud_task_ext+0x304>
10003128:	4a7f      	ldr	r2, [pc, #508]	@ (10003328 <tud_task_ext+0x350>)
1000312a:	009b      	lsls	r3, r3, #2
1000312c:	58d3      	ldr	r3, [r2, r3]
1000312e:	469f      	mov	pc, r3
10003130:	4d78      	ldr	r5, [pc, #480]	@ (10003314 <tud_task_ext+0x33c>)
10003132:	782b      	ldrb	r3, [r5, #0]
10003134:	07db      	lsls	r3, r3, #31
10003136:	d400      	bmi.n	1000313a <tud_task_ext+0x162>
10003138:	e763      	b.n	10003002 <tud_task_ext+0x2a>
1000313a:	f7ff fec7 	bl	10002ecc <tud_resume_cb>
1000313e:	e760      	b.n	10003002 <tud_task_ext+0x2a>
10003140:	9b02      	ldr	r3, [sp, #8]
10003142:	78db      	ldrb	r3, [r3, #3]
10003144:	07db      	lsls	r3, r3, #31
10003146:	d400      	bmi.n	1000314a <tud_task_ext+0x172>
10003148:	e75b      	b.n	10003002 <tud_task_ext+0x2a>
1000314a:	6860      	ldr	r0, [r4, #4]
1000314c:	f7ff feb2 	bl	10002eb4 <tud_sof_cb>
10003150:	e757      	b.n	10003002 <tud_task_ext+0x2a>
10003152:	4d70      	ldr	r5, [pc, #448]	@ (10003314 <tud_task_ext+0x33c>)
10003154:	782b      	ldrb	r3, [r5, #0]
10003156:	07db      	lsls	r3, r3, #31
10003158:	d400      	bmi.n	1000315c <tud_task_ext+0x184>
1000315a:	e752      	b.n	10003002 <tud_task_ext+0x2a>
1000315c:	7828      	ldrb	r0, [r5, #0]
1000315e:	0700      	lsls	r0, r0, #28
10003160:	0fc0      	lsrs	r0, r0, #31
10003162:	f7ff feb1 	bl	10002ec8 <tud_suspend_cb>
10003166:	e74c      	b.n	10003002 <tud_task_ext+0x2a>
10003168:	7823      	ldrb	r3, [r4, #0]
1000316a:	4a6b      	ldr	r2, [pc, #428]	@ (10003318 <tud_task_ext+0x340>)
1000316c:	4699      	mov	r9, r3
1000316e:	4693      	mov	fp, r2
10003170:	4b6a      	ldr	r3, [pc, #424]	@ (1000331c <tud_task_ext+0x344>)
10003172:	4a6b      	ldr	r2, [pc, #428]	@ (10003320 <tud_task_ext+0x348>)
10003174:	4698      	mov	r8, r3
10003176:	4692      	mov	sl, r2
10003178:	003a      	movs	r2, r7
1000317a:	2500      	movs	r5, #0
1000317c:	4647      	mov	r7, r8
1000317e:	781b      	ldrb	r3, [r3, #0]
10003180:	46b0      	mov	r8, r6
10003182:	464e      	mov	r6, r9
10003184:	4691      	mov	r9, r2
10003186:	e00e      	b.n	100031a6 <tud_task_ext+0x1ce>
10003188:	4653      	mov	r3, sl
1000318a:	681b      	ldr	r3, [r3, #0]
1000318c:	016a      	lsls	r2, r5, #5
1000318e:	189b      	adds	r3, r3, r2
10003190:	2b00      	cmp	r3, #0
10003192:	d100      	bne.n	10003196 <tud_task_ext+0x1be>
10003194:	e07d      	b.n	10003292 <tud_task_ext+0x2ba>
10003196:	68db      	ldr	r3, [r3, #12]
10003198:	0030      	movs	r0, r6
1000319a:	4798      	blx	r3
1000319c:	3501      	adds	r5, #1
1000319e:	783b      	ldrb	r3, [r7, #0]
100031a0:	b2ed      	uxtb	r5, r5
100031a2:	42ab      	cmp	r3, r5
100031a4:	d30c      	bcc.n	100031c0 <tud_task_ext+0x1e8>
100031a6:	42ab      	cmp	r3, r5
100031a8:	d8ee      	bhi.n	10003188 <tud_task_ext+0x1b0>
100031aa:	1aeb      	subs	r3, r5, r3
100031ac:	015b      	lsls	r3, r3, #5
100031ae:	445b      	add	r3, fp
100031b0:	68db      	ldr	r3, [r3, #12]
100031b2:	0030      	movs	r0, r6
100031b4:	4798      	blx	r3
100031b6:	3501      	adds	r5, #1
100031b8:	783b      	ldrb	r3, [r7, #0]
100031ba:	b2ed      	uxtb	r5, r5
100031bc:	42ab      	cmp	r3, r5
100031be:	d2f2      	bcs.n	100031a6 <tud_task_ext+0x1ce>
100031c0:	4d54      	ldr	r5, [pc, #336]	@ (10003314 <tud_task_ext+0x33c>)
100031c2:	2254      	movs	r2, #84	@ 0x54
100031c4:	2100      	movs	r1, #0
100031c6:	0028      	movs	r0, r5
100031c8:	f7fe fe84 	bl	10001ed4 <__wrap_memset>
100031cc:	2210      	movs	r2, #16
100031ce:	21ff      	movs	r1, #255	@ 0xff
100031d0:	1d28      	adds	r0, r5, #4
100031d2:	f7fe fe7f 	bl	10001ed4 <__wrap_memset>
100031d6:	0028      	movs	r0, r5
100031d8:	2220      	movs	r2, #32
100031da:	21ff      	movs	r1, #255	@ 0xff
100031dc:	3014      	adds	r0, #20
100031de:	4646      	mov	r6, r8
100031e0:	464f      	mov	r7, r9
100031e2:	f7fe fe77 	bl	10001ed4 <__wrap_memset>
100031e6:	f000 fbff 	bl	100039e8 <usbd_control_reset>
100031ea:	7923      	ldrb	r3, [r4, #4]
100031ec:	70ab      	strb	r3, [r5, #2]
100031ee:	e708      	b.n	10003002 <tud_task_ext+0x2a>
100031f0:	7823      	ldrb	r3, [r4, #0]
100031f2:	4a4b      	ldr	r2, [pc, #300]	@ (10003320 <tud_task_ext+0x348>)
100031f4:	4699      	mov	r9, r3
100031f6:	4b49      	ldr	r3, [pc, #292]	@ (1000331c <tud_task_ext+0x344>)
100031f8:	4692      	mov	sl, r2
100031fa:	4698      	mov	r8, r3
100031fc:	0032      	movs	r2, r6
100031fe:	46bb      	mov	fp, r7
10003200:	464e      	mov	r6, r9
10003202:	2500      	movs	r5, #0
10003204:	4647      	mov	r7, r8
10003206:	4691      	mov	r9, r2
10003208:	781b      	ldrb	r3, [r3, #0]
1000320a:	e00d      	b.n	10003228 <tud_task_ext+0x250>
1000320c:	4653      	mov	r3, sl
1000320e:	681b      	ldr	r3, [r3, #0]
10003210:	016a      	lsls	r2, r5, #5
10003212:	189b      	adds	r3, r3, r2
10003214:	2b00      	cmp	r3, #0
10003216:	d040      	beq.n	1000329a <tud_task_ext+0x2c2>
10003218:	68db      	ldr	r3, [r3, #12]
1000321a:	0030      	movs	r0, r6
1000321c:	4798      	blx	r3
1000321e:	3501      	adds	r5, #1
10003220:	783b      	ldrb	r3, [r7, #0]
10003222:	b2ed      	uxtb	r5, r5
10003224:	42ab      	cmp	r3, r5
10003226:	d30d      	bcc.n	10003244 <tud_task_ext+0x26c>
10003228:	429d      	cmp	r5, r3
1000322a:	d3ef      	bcc.n	1000320c <tud_task_ext+0x234>
1000322c:	9a01      	ldr	r2, [sp, #4]
1000322e:	1aeb      	subs	r3, r5, r3
10003230:	015b      	lsls	r3, r3, #5
10003232:	18d3      	adds	r3, r2, r3
10003234:	68db      	ldr	r3, [r3, #12]
10003236:	0030      	movs	r0, r6
10003238:	4798      	blx	r3
1000323a:	3501      	adds	r5, #1
1000323c:	783b      	ldrb	r3, [r7, #0]
1000323e:	b2ed      	uxtb	r5, r5
10003240:	42ab      	cmp	r3, r5
10003242:	d2f1      	bcs.n	10003228 <tud_task_ext+0x250>
10003244:	9d02      	ldr	r5, [sp, #8]
10003246:	2254      	movs	r2, #84	@ 0x54
10003248:	2100      	movs	r1, #0
1000324a:	0028      	movs	r0, r5
1000324c:	f7fe fe42 	bl	10001ed4 <__wrap_memset>
10003250:	2210      	movs	r2, #16
10003252:	21ff      	movs	r1, #255	@ 0xff
10003254:	4835      	ldr	r0, [pc, #212]	@ (1000332c <tud_task_ext+0x354>)
10003256:	f7fe fe3d 	bl	10001ed4 <__wrap_memset>
1000325a:	0028      	movs	r0, r5
1000325c:	2220      	movs	r2, #32
1000325e:	21ff      	movs	r1, #255	@ 0xff
10003260:	3014      	adds	r0, #20
10003262:	464e      	mov	r6, r9
10003264:	465f      	mov	r7, fp
10003266:	f7fe fe35 	bl	10001ed4 <__wrap_memset>
1000326a:	f000 fbbd 	bl	100039e8 <usbd_control_reset>
1000326e:	f7ff fe29 	bl	10002ec4 <tud_umount_cb>
10003272:	e6c6      	b.n	10003002 <tud_task_ext+0x2a>
10003274:	4293      	cmp	r3, r2
10003276:	d013      	beq.n	100032a0 <tud_task_ext+0x2c8>
10003278:	b011      	add	sp, #68	@ 0x44
1000327a:	bcf0      	pop	{r4, r5, r6, r7}
1000327c:	46bb      	mov	fp, r7
1000327e:	46b2      	mov	sl, r6
10003280:	46a9      	mov	r9, r5
10003282:	46a0      	mov	r8, r4
10003284:	bdf0      	pop	{r4, r5, r6, r7, pc}
10003286:	68a3      	ldr	r3, [r4, #8]
10003288:	7962      	ldrb	r2, [r4, #5]
1000328a:	7820      	ldrb	r0, [r4, #0]
1000328c:	f000 fbca 	bl	10003a24 <usbd_control_xfer_cb>
10003290:	e6b7      	b.n	10003002 <tud_task_ext+0x2a>
10003292:	4646      	mov	r6, r8
10003294:	464f      	mov	r7, r9
10003296:	4d1f      	ldr	r5, [pc, #124]	@ (10003314 <tud_task_ext+0x33c>)
10003298:	e7a5      	b.n	100031e6 <tud_task_ext+0x20e>
1000329a:	464e      	mov	r6, r9
1000329c:	465f      	mov	r7, fp
1000329e:	e7e4      	b.n	1000326a <tud_task_ext+0x292>
100032a0:	4d1d      	ldr	r5, [pc, #116]	@ (10003318 <tud_task_ext+0x340>)
100032a2:	e6f8      	b.n	10003096 <tud_task_ext+0xbe>
100032a4:	2370      	movs	r3, #112	@ 0x70
100032a6:	7a21      	ldrb	r1, [r4, #8]
100032a8:	420b      	tst	r3, r1
100032aa:	d117      	bne.n	100032dc <tud_task_ext+0x304>
100032ac:	09c8      	lsrs	r0, r1, #7
100032ae:	4682      	mov	sl, r0
100032b0:	330f      	adds	r3, #15
100032b2:	400b      	ands	r3, r1
100032b4:	005b      	lsls	r3, r3, #1
100032b6:	4698      	mov	r8, r3
100032b8:	4818      	ldr	r0, [pc, #96]	@ (1000331c <tud_task_ext+0x344>)
100032ba:	18eb      	adds	r3, r5, r3
100032bc:	4453      	add	r3, sl
100032be:	7d1b      	ldrb	r3, [r3, #20]
100032c0:	7800      	ldrb	r0, [r0, #0]
100032c2:	4283      	cmp	r3, r0
100032c4:	d264      	bcs.n	10003390 <tud_task_ext+0x3b8>
100032c6:	4816      	ldr	r0, [pc, #88]	@ (10003320 <tud_task_ext+0x348>)
100032c8:	015b      	lsls	r3, r3, #5
100032ca:	6800      	ldr	r0, [r0, #0]
100032cc:	4681      	mov	r9, r0
100032ce:	4499      	add	r9, r3
100032d0:	2a00      	cmp	r2, #0
100032d2:	d100      	bne.n	100032d6 <tud_task_ext+0x2fe>
100032d4:	e155      	b.n	10003582 <tud_task_ext+0x5aa>
100032d6:	464b      	mov	r3, r9
100032d8:	2b00      	cmp	r3, #0
100032da:	d161      	bne.n	100033a0 <tud_task_ext+0x3c8>
100032dc:	7820      	ldrb	r0, [r4, #0]
100032de:	2100      	movs	r1, #0
100032e0:	f7ff fd70 	bl	10002dc4 <dcd_edpt_stall>
100032e4:	2180      	movs	r1, #128	@ 0x80
100032e6:	7820      	ldrb	r0, [r4, #0]
100032e8:	f7ff fd6c 	bl	10002dc4 <dcd_edpt_stall>
100032ec:	e689      	b.n	10003002 <tud_task_ext+0x2a>
100032ee:	4810      	ldr	r0, [pc, #64]	@ (10003330 <tud_task_ext+0x358>)
100032f0:	f000 fb84 	bl	100039fc <usbd_control_set_complete_callback>
100032f4:	2101      	movs	r1, #1
100032f6:	4658      	mov	r0, fp
100032f8:	aa0e      	add	r2, sp, #56	@ 0x38
100032fa:	f7ff fc23 	bl	10002b44 <tud_vendor_control_xfer_cb>
100032fe:	2800      	cmp	r0, #0
10003300:	d000      	beq.n	10003304 <tud_task_ext+0x32c>
10003302:	e67e      	b.n	10003002 <tud_task_ext+0x2a>
10003304:	e7ea      	b.n	100032dc <tud_task_ext+0x304>
10003306:	46c0      	nop			@ (mov r8, r8)
10003308:	2000103c 	.word	0x2000103c
1000330c:	10004fac 	.word	0x10004fac
10003310:	200015e8 	.word	0x200015e8
10003314:	20001590 	.word	0x20001590
10003318:	10005054 	.word	0x10005054
1000331c:	20002079 	.word	0x20002079
10003320:	200014a8 	.word	0x200014a8
10003324:	2000207b 	.word	0x2000207b
10003328:	10004fd0 	.word	0x10004fd0
1000332c:	20001594 	.word	0x20001594
10003330:	10002b45 	.word	0x10002b45
10003334:	7a23      	ldrb	r3, [r4, #8]
10003336:	8922      	ldrh	r2, [r4, #8]
10003338:	2b0f      	cmp	r3, #15
1000333a:	d8cf      	bhi.n	100032dc <tud_task_ext+0x304>
1000333c:	23ff      	movs	r3, #255	@ 0xff
1000333e:	4013      	ands	r3, r2
10003340:	4ad1      	ldr	r2, [pc, #836]	@ (10003688 <tud_task_ext+0x6b0>)
10003342:	18eb      	adds	r3, r5, r3
10003344:	791b      	ldrb	r3, [r3, #4]
10003346:	7812      	ldrb	r2, [r2, #0]
10003348:	4293      	cmp	r3, r2
1000334a:	d334      	bcc.n	100033b6 <tud_task_ext+0x3de>
1000334c:	d1c6      	bne.n	100032dc <tud_task_ext+0x304>
1000334e:	4dcf      	ldr	r5, [pc, #828]	@ (1000368c <tud_task_ext+0x6b4>)
10003350:	6968      	ldr	r0, [r5, #20]
10003352:	f000 fb53 	bl	100039fc <usbd_control_set_complete_callback>
10003356:	2101      	movs	r1, #1
10003358:	4658      	mov	r0, fp
1000335a:	696b      	ldr	r3, [r5, #20]
1000335c:	aa0e      	add	r2, sp, #56	@ 0x38
1000335e:	4798      	blx	r3
10003360:	2800      	cmp	r0, #0
10003362:	d000      	beq.n	10003366 <tud_task_ext+0x38e>
10003364:	e64d      	b.n	10003002 <tud_task_ext+0x2a>
10003366:	2260      	movs	r2, #96	@ 0x60
10003368:	0015      	movs	r5, r2
1000336a:	7923      	ldrb	r3, [r4, #4]
1000336c:	401d      	ands	r5, r3
1000336e:	421a      	tst	r2, r3
10003370:	d1b4      	bne.n	100032dc <tud_task_ext+0x304>
10003372:	7963      	ldrb	r3, [r4, #5]
10003374:	3b0a      	subs	r3, #10
10003376:	2b01      	cmp	r3, #1
10003378:	d8b0      	bhi.n	100032dc <tud_task_ext+0x304>
1000337a:	f000 fb3f 	bl	100039fc <usbd_control_set_complete_callback>
1000337e:	7963      	ldrb	r3, [r4, #5]
10003380:	2b0a      	cmp	r3, #10
10003382:	d100      	bne.n	10003386 <tud_task_ext+0x3ae>
10003384:	e18a      	b.n	1000369c <tud_task_ext+0x6c4>
10003386:	4658      	mov	r0, fp
10003388:	a90e      	add	r1, sp, #56	@ 0x38
1000338a:	f000 fac7 	bl	1000391c <tud_control_status>
1000338e:	e638      	b.n	10003002 <tud_task_ext+0x2a>
10003390:	4283      	cmp	r3, r0
10003392:	d000      	beq.n	10003396 <tud_task_ext+0x3be>
10003394:	e0f0      	b.n	10003578 <tud_task_ext+0x5a0>
10003396:	4bbd      	ldr	r3, [pc, #756]	@ (1000368c <tud_task_ext+0x6b4>)
10003398:	4699      	mov	r9, r3
1000339a:	2a00      	cmp	r2, #0
1000339c:	d100      	bne.n	100033a0 <tud_task_ext+0x3c8>
1000339e:	e0f0      	b.n	10003582 <tud_task_ext+0x5aa>
100033a0:	464b      	mov	r3, r9
100033a2:	6958      	ldr	r0, [r3, #20]
100033a4:	f000 fb2a 	bl	100039fc <usbd_control_set_complete_callback>
100033a8:	464b      	mov	r3, r9
100033aa:	2101      	movs	r1, #1
100033ac:	4658      	mov	r0, fp
100033ae:	695b      	ldr	r3, [r3, #20]
100033b0:	aa0e      	add	r2, sp, #56	@ 0x38
100033b2:	4798      	blx	r3
100033b4:	e7a3      	b.n	100032fe <tud_task_ext+0x326>
100033b6:	4ab6      	ldr	r2, [pc, #728]	@ (10003690 <tud_task_ext+0x6b8>)
100033b8:	015b      	lsls	r3, r3, #5
100033ba:	6815      	ldr	r5, [r2, #0]
100033bc:	18ed      	adds	r5, r5, r3
100033be:	2d00      	cmp	r5, #0
100033c0:	d1c6      	bne.n	10003350 <tud_task_ext+0x378>
100033c2:	e78b      	b.n	100032dc <tud_task_ext+0x304>
100033c4:	79a3      	ldrb	r3, [r4, #6]
100033c6:	4699      	mov	r9, r3
100033c8:	786b      	ldrb	r3, [r5, #1]
100033ca:	4599      	cmp	r9, r3
100033cc:	d0db      	beq.n	10003386 <tud_task_ext+0x3ae>
100033ce:	786b      	ldrb	r3, [r5, #1]
100033d0:	2b00      	cmp	r3, #0
100033d2:	d000      	beq.n	100033d6 <tud_task_ext+0x3fe>
100033d4:	e12c      	b.n	10003630 <tud_task_ext+0x658>
100033d6:	464b      	mov	r3, r9
100033d8:	706b      	strb	r3, [r5, #1]
100033da:	2b00      	cmp	r3, #0
100033dc:	d100      	bne.n	100033e0 <tud_task_ext+0x408>
100033de:	e124      	b.n	1000362a <tud_task_ext+0x652>
100033e0:	4648      	mov	r0, r9
100033e2:	3801      	subs	r0, #1
100033e4:	b2c0      	uxtb	r0, r0
100033e6:	f7ff fa09 	bl	100027fc <tud_descriptor_configuration_cb>
100033ea:	2800      	cmp	r0, #0
100033ec:	d100      	bne.n	100033f0 <tud_task_ext+0x418>
100033ee:	e174      	b.n	100036da <tud_task_ext+0x702>
100033f0:	7843      	ldrb	r3, [r0, #1]
100033f2:	9307      	str	r3, [sp, #28]
100033f4:	2b02      	cmp	r3, #2
100033f6:	d000      	beq.n	100033fa <tud_task_ext+0x422>
100033f8:	e16f      	b.n	100036da <tud_task_ext+0x702>
100033fa:	2201      	movs	r2, #1
100033fc:	79c1      	ldrb	r1, [r0, #7]
100033fe:	46b1      	mov	r9, r6
10003400:	118b      	asrs	r3, r1, #6
10003402:	1149      	asrs	r1, r1, #5
10003404:	4013      	ands	r3, r2
10003406:	400a      	ands	r2, r1
10003408:	2130      	movs	r1, #48	@ 0x30
1000340a:	0112      	lsls	r2, r2, #4
1000340c:	015b      	lsls	r3, r3, #5
1000340e:	4313      	orrs	r3, r2
10003410:	782a      	ldrb	r2, [r5, #0]
10003412:	46a8      	mov	r8, r5
10003414:	438a      	bics	r2, r1
10003416:	4313      	orrs	r3, r2
10003418:	702b      	strb	r3, [r5, #0]
1000341a:	2309      	movs	r3, #9
1000341c:	469a      	mov	sl, r3
1000341e:	4482      	add	sl, r0
10003420:	4656      	mov	r6, sl
10003422:	46ba      	mov	sl, r7
10003424:	78c3      	ldrb	r3, [r0, #3]
10003426:	7882      	ldrb	r2, [r0, #2]
10003428:	021b      	lsls	r3, r3, #8
1000342a:	4313      	orrs	r3, r2
1000342c:	18c3      	adds	r3, r0, r3
1000342e:	9305      	str	r3, [sp, #20]
10003430:	4b95      	ldr	r3, [pc, #596]	@ (10003688 <tud_task_ext+0x6b0>)
10003432:	9304      	str	r3, [sp, #16]
10003434:	4b95      	ldr	r3, [pc, #596]	@ (1000368c <tud_task_ext+0x6b4>)
10003436:	9308      	str	r3, [sp, #32]
10003438:	4b95      	ldr	r3, [pc, #596]	@ (10003690 <tud_task_ext+0x6b8>)
1000343a:	9309      	str	r3, [sp, #36]	@ 0x24
1000343c:	4b95      	ldr	r3, [pc, #596]	@ (10003694 <tud_task_ext+0x6bc>)
1000343e:	930a      	str	r3, [sp, #40]	@ 0x28
10003440:	9b05      	ldr	r3, [sp, #20]
10003442:	42b3      	cmp	r3, r6
10003444:	d800      	bhi.n	10003448 <tud_task_ext+0x470>
10003446:	e14b      	b.n	100036e0 <tud_task_ext+0x708>
10003448:	7873      	ldrb	r3, [r6, #1]
1000344a:	2201      	movs	r2, #1
1000344c:	2b0b      	cmp	r3, #11
1000344e:	d103      	bne.n	10003458 <tud_task_ext+0x480>
10003450:	7833      	ldrb	r3, [r6, #0]
10003452:	78f2      	ldrb	r2, [r6, #3]
10003454:	18f6      	adds	r6, r6, r3
10003456:	7873      	ldrb	r3, [r6, #1]
10003458:	2b04      	cmp	r3, #4
1000345a:	d000      	beq.n	1000345e <tud_task_ext+0x486>
1000345c:	e13a      	b.n	100036d4 <tud_task_ext+0x6fc>
1000345e:	9b05      	ldr	r3, [sp, #20]
10003460:	2700      	movs	r7, #0
10003462:	1b9b      	subs	r3, r3, r6
10003464:	b29b      	uxth	r3, r3
10003466:	9306      	str	r3, [sp, #24]
10003468:	9b04      	ldr	r3, [sp, #16]
1000346a:	920b      	str	r2, [sp, #44]	@ 0x2c
1000346c:	781d      	ldrb	r5, [r3, #0]
1000346e:	e019      	b.n	100034a4 <tud_task_ext+0x4cc>
10003470:	9a09      	ldr	r2, [sp, #36]	@ 0x24
10003472:	017b      	lsls	r3, r7, #5
10003474:	6815      	ldr	r5, [r2, #0]
10003476:	18ed      	adds	r5, r5, r3
10003478:	2d00      	cmp	r5, #0
1000347a:	d100      	bne.n	1000347e <tud_task_ext+0x4a6>
1000347c:	e12a      	b.n	100036d4 <tud_task_ext+0x6fc>
1000347e:	0031      	movs	r1, r6
10003480:	4658      	mov	r0, fp
10003482:	692b      	ldr	r3, [r5, #16]
10003484:	9a06      	ldr	r2, [sp, #24]
10003486:	4798      	blx	r3
10003488:	4684      	mov	ip, r0
1000348a:	2808      	cmp	r0, #8
1000348c:	d903      	bls.n	10003496 <tud_task_ext+0x4be>
1000348e:	9a06      	ldr	r2, [sp, #24]
10003490:	4282      	cmp	r2, r0
10003492:	d300      	bcc.n	10003496 <tud_task_ext+0x4be>
10003494:	e10b      	b.n	100036ae <tud_task_ext+0x6d6>
10003496:	9b04      	ldr	r3, [sp, #16]
10003498:	3701      	adds	r7, #1
1000349a:	781d      	ldrb	r5, [r3, #0]
1000349c:	b2ff      	uxtb	r7, r7
1000349e:	42bd      	cmp	r5, r7
100034a0:	d200      	bcs.n	100034a4 <tud_task_ext+0x4cc>
100034a2:	e117      	b.n	100036d4 <tud_task_ext+0x6fc>
100034a4:	42bd      	cmp	r5, r7
100034a6:	d8e3      	bhi.n	10003470 <tud_task_ext+0x498>
100034a8:	9b08      	ldr	r3, [sp, #32]
100034aa:	1b7d      	subs	r5, r7, r5
100034ac:	016d      	lsls	r5, r5, #5
100034ae:	195d      	adds	r5, r3, r5
100034b0:	e7e5      	b.n	1000347e <tud_task_ext+0x4a6>
100034b2:	786b      	ldrb	r3, [r5, #1]
100034b4:	aa0c      	add	r2, sp, #48	@ 0x30
100034b6:	3202      	adds	r2, #2
100034b8:	7013      	strb	r3, [r2, #0]
100034ba:	4658      	mov	r0, fp
100034bc:	2301      	movs	r3, #1
100034be:	a90e      	add	r1, sp, #56	@ 0x38
100034c0:	f000 fa42 	bl	10003948 <tud_control_xfer>
100034c4:	e59d      	b.n	10003002 <tud_task_ext+0x2a>
100034c6:	88e0      	ldrh	r0, [r4, #6]
100034c8:	0a03      	lsrs	r3, r0, #8
100034ca:	b2c0      	uxtb	r0, r0
100034cc:	2b0f      	cmp	r3, #15
100034ce:	d900      	bls.n	100034d2 <tud_task_ext+0x4fa>
100034d0:	e704      	b.n	100032dc <tud_task_ext+0x304>
100034d2:	4971      	ldr	r1, [pc, #452]	@ (10003698 <tud_task_ext+0x6c0>)
100034d4:	009a      	lsls	r2, r3, #2
100034d6:	588a      	ldr	r2, [r1, r2]
100034d8:	4697      	mov	pc, r2
100034da:	a80e      	add	r0, sp, #56	@ 0x38
100034dc:	f000 fa94 	bl	10003a08 <usbd_control_set_request>
100034e0:	4658      	mov	r0, fp
100034e2:	79a1      	ldrb	r1, [r4, #6]
100034e4:	f7ff fbb4 	bl	10002c50 <dcd_set_address>
100034e8:	2202      	movs	r2, #2
100034ea:	782b      	ldrb	r3, [r5, #0]
100034ec:	4313      	orrs	r3, r2
100034ee:	702b      	strb	r3, [r5, #0]
100034f0:	e587      	b.n	10003002 <tud_task_ext+0x2a>
100034f2:	88e3      	ldrh	r3, [r4, #6]
100034f4:	2b01      	cmp	r3, #1
100034f6:	d000      	beq.n	100034fa <tud_task_ext+0x522>
100034f8:	e6f0      	b.n	100032dc <tud_task_ext+0x304>
100034fa:	2208      	movs	r2, #8
100034fc:	782b      	ldrb	r3, [r5, #0]
100034fe:	4658      	mov	r0, fp
10003500:	4393      	bics	r3, r2
10003502:	a90e      	add	r1, sp, #56	@ 0x38
10003504:	702b      	strb	r3, [r5, #0]
10003506:	f000 fa09 	bl	1000391c <tud_control_status>
1000350a:	e57a      	b.n	10003002 <tud_task_ext+0x2a>
1000350c:	2002      	movs	r0, #2
1000350e:	7829      	ldrb	r1, [r5, #0]
10003510:	ab0c      	add	r3, sp, #48	@ 0x30
10003512:	1c9a      	adds	r2, r3, #2
10003514:	068b      	lsls	r3, r1, #26
10003516:	0889      	lsrs	r1, r1, #2
10003518:	0fdb      	lsrs	r3, r3, #31
1000351a:	4001      	ands	r1, r0
1000351c:	430b      	orrs	r3, r1
1000351e:	8013      	strh	r3, [r2, #0]
10003520:	4658      	mov	r0, fp
10003522:	2302      	movs	r3, #2
10003524:	a90e      	add	r1, sp, #56	@ 0x38
10003526:	f000 fa0f 	bl	10003948 <tud_control_xfer>
1000352a:	e56a      	b.n	10003002 <tud_task_ext+0x2a>
1000352c:	88e3      	ldrh	r3, [r4, #6]
1000352e:	2b01      	cmp	r3, #1
10003530:	d000      	beq.n	10003534 <tud_task_ext+0x55c>
10003532:	e6d3      	b.n	100032dc <tud_task_ext+0x304>
10003534:	2208      	movs	r2, #8
10003536:	782b      	ldrb	r3, [r5, #0]
10003538:	4313      	orrs	r3, r2
1000353a:	702b      	strb	r3, [r5, #0]
1000353c:	e723      	b.n	10003386 <tud_task_ext+0x3ae>
1000353e:	7a23      	ldrb	r3, [r4, #8]
10003540:	8922      	ldrh	r2, [r4, #8]
10003542:	2b0f      	cmp	r3, #15
10003544:	d900      	bls.n	10003548 <tud_task_ext+0x570>
10003546:	e6c9      	b.n	100032dc <tud_task_ext+0x304>
10003548:	23ff      	movs	r3, #255	@ 0xff
1000354a:	4013      	ands	r3, r2
1000354c:	4a4e      	ldr	r2, [pc, #312]	@ (10003688 <tud_task_ext+0x6b0>)
1000354e:	18eb      	adds	r3, r5, r3
10003550:	791b      	ldrb	r3, [r3, #4]
10003552:	7812      	ldrb	r2, [r2, #0]
10003554:	4293      	cmp	r3, r2
10003556:	d228      	bcs.n	100035aa <tud_task_ext+0x5d2>
10003558:	4a4d      	ldr	r2, [pc, #308]	@ (10003690 <tud_task_ext+0x6b8>)
1000355a:	015b      	lsls	r3, r3, #5
1000355c:	6815      	ldr	r5, [r2, #0]
1000355e:	18ed      	adds	r5, r5, r3
10003560:	2d00      	cmp	r5, #0
10003562:	d100      	bne.n	10003566 <tud_task_ext+0x58e>
10003564:	e6ba      	b.n	100032dc <tud_task_ext+0x304>
10003566:	6968      	ldr	r0, [r5, #20]
10003568:	f000 fa48 	bl	100039fc <usbd_control_set_complete_callback>
1000356c:	2101      	movs	r1, #1
1000356e:	4658      	mov	r0, fp
10003570:	696b      	ldr	r3, [r5, #20]
10003572:	aa0e      	add	r2, sp, #56	@ 0x38
10003574:	4798      	blx	r3
10003576:	e6c2      	b.n	100032fe <tud_task_ext+0x326>
10003578:	2a00      	cmp	r2, #0
1000357a:	d000      	beq.n	1000357e <tud_task_ext+0x5a6>
1000357c:	e6ae      	b.n	100032dc <tud_task_ext+0x304>
1000357e:	2300      	movs	r3, #0
10003580:	4699      	mov	r9, r3
10003582:	7962      	ldrb	r2, [r4, #5]
10003584:	2002      	movs	r0, #2
10003586:	0013      	movs	r3, r2
10003588:	9204      	str	r2, [sp, #16]
1000358a:	4383      	bics	r3, r0
1000358c:	2b01      	cmp	r3, #1
1000358e:	d011      	beq.n	100035b4 <tud_task_ext+0x5dc>
10003590:	2a00      	cmp	r2, #0
10003592:	d000      	beq.n	10003596 <tud_task_ext+0x5be>
10003594:	e6a2      	b.n	100032dc <tud_task_ext+0x304>
10003596:	002b      	movs	r3, r5
10003598:	4443      	add	r3, r8
1000359a:	4453      	add	r3, sl
1000359c:	3330      	adds	r3, #48	@ 0x30
1000359e:	791b      	ldrb	r3, [r3, #4]
100035a0:	aa0c      	add	r2, sp, #48	@ 0x30
100035a2:	079b      	lsls	r3, r3, #30
100035a4:	0fdb      	lsrs	r3, r3, #31
100035a6:	3202      	adds	r2, #2
100035a8:	e7b9      	b.n	1000351e <tud_task_ext+0x546>
100035aa:	4293      	cmp	r3, r2
100035ac:	d000      	beq.n	100035b0 <tud_task_ext+0x5d8>
100035ae:	e695      	b.n	100032dc <tud_task_ext+0x304>
100035b0:	4d36      	ldr	r5, [pc, #216]	@ (1000368c <tud_task_ext+0x6b4>)
100035b2:	e7d8      	b.n	10003566 <tud_task_ext+0x58e>
100035b4:	88e3      	ldrh	r3, [r4, #6]
100035b6:	2b00      	cmp	r3, #0
100035b8:	d112      	bne.n	100035e0 <tud_task_ext+0x608>
100035ba:	9b03      	ldr	r3, [sp, #12]
100035bc:	7818      	ldrb	r0, [r3, #0]
100035be:	9b04      	ldr	r3, [sp, #16]
100035c0:	2b01      	cmp	r3, #1
100035c2:	d023      	beq.n	1000360c <tud_task_ext+0x634>
100035c4:	f7ff fbfe 	bl	10002dc4 <dcd_edpt_stall>
100035c8:	4643      	mov	r3, r8
100035ca:	2102      	movs	r1, #2
100035cc:	18eb      	adds	r3, r5, r3
100035ce:	4453      	add	r3, sl
100035d0:	3330      	adds	r3, #48	@ 0x30
100035d2:	791a      	ldrb	r2, [r3, #4]
100035d4:	430a      	orrs	r2, r1
100035d6:	2101      	movs	r1, #1
100035d8:	711a      	strb	r2, [r3, #4]
100035da:	791a      	ldrb	r2, [r3, #4]
100035dc:	430a      	orrs	r2, r1
100035de:	711a      	strb	r2, [r3, #4]
100035e0:	464b      	mov	r3, r9
100035e2:	2b00      	cmp	r3, #0
100035e4:	d100      	bne.n	100035e8 <tud_task_ext+0x610>
100035e6:	e50c      	b.n	10003002 <tud_task_ext+0x2a>
100035e8:	6958      	ldr	r0, [r3, #20]
100035ea:	f000 fa07 	bl	100039fc <usbd_control_set_complete_callback>
100035ee:	464b      	mov	r3, r9
100035f0:	2101      	movs	r1, #1
100035f2:	695b      	ldr	r3, [r3, #20]
100035f4:	aa0e      	add	r2, sp, #56	@ 0x38
100035f6:	4658      	mov	r0, fp
100035f8:	4798      	blx	r3
100035fa:	2000      	movs	r0, #0
100035fc:	f000 f9fe 	bl	100039fc <usbd_control_set_complete_callback>
10003600:	2335      	movs	r3, #53	@ 0x35
10003602:	5ceb      	ldrb	r3, [r5, r3]
10003604:	07db      	lsls	r3, r3, #31
10003606:	d500      	bpl.n	1000360a <tud_task_ext+0x632>
10003608:	e4fb      	b.n	10003002 <tud_task_ext+0x2a>
1000360a:	e6bc      	b.n	10003386 <tud_task_ext+0x3ae>
1000360c:	f7ff fbf8 	bl	10002e00 <dcd_edpt_clear_stall>
10003610:	4643      	mov	r3, r8
10003612:	2102      	movs	r1, #2
10003614:	18eb      	adds	r3, r5, r3
10003616:	4453      	add	r3, sl
10003618:	3330      	adds	r3, #48	@ 0x30
1000361a:	791a      	ldrb	r2, [r3, #4]
1000361c:	438a      	bics	r2, r1
1000361e:	711a      	strb	r2, [r3, #4]
10003620:	791a      	ldrb	r2, [r3, #4]
10003622:	9904      	ldr	r1, [sp, #16]
10003624:	438a      	bics	r2, r1
10003626:	711a      	strb	r2, [r3, #4]
10003628:	e7da      	b.n	100035e0 <tud_task_ext+0x608>
1000362a:	f7ff fc4b 	bl	10002ec4 <tud_umount_cb>
1000362e:	e6aa      	b.n	10003386 <tud_task_ext+0x3ae>
10003630:	2100      	movs	r1, #0
10003632:	4658      	mov	r0, fp
10003634:	f7ff fb16 	bl	10002c64 <dcd_sof_enable>
10003638:	4658      	mov	r0, fp
1000363a:	f7ff fbad 	bl	10002d98 <dcd_edpt_close_all>
1000363e:	2200      	movs	r2, #0
10003640:	4692      	mov	sl, r2
10003642:	4a12      	ldr	r2, [pc, #72]	@ (1000368c <tud_task_ext+0x6b4>)
10003644:	78ab      	ldrb	r3, [r5, #2]
10003646:	9205      	str	r2, [sp, #20]
10003648:	4a11      	ldr	r2, [pc, #68]	@ (10003690 <tud_task_ext+0x6b8>)
1000364a:	9304      	str	r3, [sp, #16]
1000364c:	9206      	str	r2, [sp, #24]
1000364e:	002a      	movs	r2, r5
10003650:	4b0d      	ldr	r3, [pc, #52]	@ (10003688 <tud_task_ext+0x6b0>)
10003652:	4655      	mov	r5, sl
10003654:	4698      	mov	r8, r3
10003656:	4692      	mov	sl, r2
10003658:	781b      	ldrb	r3, [r3, #0]
1000365a:	e00e      	b.n	1000367a <tud_task_ext+0x6a2>
1000365c:	9b06      	ldr	r3, [sp, #24]
1000365e:	016a      	lsls	r2, r5, #5
10003660:	681b      	ldr	r3, [r3, #0]
10003662:	189b      	adds	r3, r3, r2
10003664:	2b00      	cmp	r3, #0
10003666:	d054      	beq.n	10003712 <tud_task_ext+0x73a>
10003668:	68db      	ldr	r3, [r3, #12]
1000366a:	4658      	mov	r0, fp
1000366c:	4798      	blx	r3
1000366e:	4643      	mov	r3, r8
10003670:	3501      	adds	r5, #1
10003672:	781b      	ldrb	r3, [r3, #0]
10003674:	b2ed      	uxtb	r5, r5
10003676:	42ab      	cmp	r3, r5
10003678:	d337      	bcc.n	100036ea <tud_task_ext+0x712>
1000367a:	42ab      	cmp	r3, r5
1000367c:	d8ee      	bhi.n	1000365c <tud_task_ext+0x684>
1000367e:	9a05      	ldr	r2, [sp, #20]
10003680:	1aeb      	subs	r3, r5, r3
10003682:	015b      	lsls	r3, r3, #5
10003684:	18d3      	adds	r3, r2, r3
10003686:	e7ef      	b.n	10003668 <tud_task_ext+0x690>
10003688:	20002079 	.word	0x20002079
1000368c:	10005054 	.word	0x10005054
10003690:	200014a8 	.word	0x200014a8
10003694:	200015a4 	.word	0x200015a4
10003698:	10004ff8 	.word	0x10004ff8
1000369c:	ab0c      	add	r3, sp, #48	@ 0x30
1000369e:	1c9a      	adds	r2, r3, #2
100036a0:	4658      	mov	r0, fp
100036a2:	2301      	movs	r3, #1
100036a4:	a90e      	add	r1, sp, #56	@ 0x38
100036a6:	7015      	strb	r5, [r2, #0]
100036a8:	f000 f94e 	bl	10003948 <tud_control_xfer>
100036ac:	e4a9      	b.n	10003002 <tud_task_ext+0x2a>
100036ae:	9a0b      	ldr	r2, [sp, #44]	@ 0x2c
100036b0:	2a01      	cmp	r2, #1
100036b2:	d04c      	beq.n	1000374e <tud_task_ext+0x776>
100036b4:	2a00      	cmp	r2, #0
100036b6:	d03c      	beq.n	10003732 <tud_task_ext+0x75a>
100036b8:	2300      	movs	r3, #0
100036ba:	78b0      	ldrb	r0, [r6, #2]
100036bc:	e004      	b.n	100036c8 <tud_task_ext+0x6f0>
100036be:	3301      	adds	r3, #1
100036c0:	b2db      	uxtb	r3, r3
100036c2:	710f      	strb	r7, [r1, #4]
100036c4:	4293      	cmp	r3, r2
100036c6:	d234      	bcs.n	10003732 <tud_task_ext+0x75a>
100036c8:	18c1      	adds	r1, r0, r3
100036ca:	b2c9      	uxtb	r1, r1
100036cc:	4441      	add	r1, r8
100036ce:	790d      	ldrb	r5, [r1, #4]
100036d0:	2dff      	cmp	r5, #255	@ 0xff
100036d2:	d0f4      	beq.n	100036be <tud_task_ext+0x6e6>
100036d4:	464e      	mov	r6, r9
100036d6:	4645      	mov	r5, r8
100036d8:	4657      	mov	r7, sl
100036da:	2300      	movs	r3, #0
100036dc:	706b      	strb	r3, [r5, #1]
100036de:	e5fd      	b.n	100032dc <tud_task_ext+0x304>
100036e0:	464e      	mov	r6, r9
100036e2:	4657      	mov	r7, sl
100036e4:	f7ff fbec 	bl	10002ec0 <tud_mount_cb>
100036e8:	e64d      	b.n	10003386 <tud_task_ext+0x3ae>
100036ea:	4655      	mov	r5, sl
100036ec:	2254      	movs	r2, #84	@ 0x54
100036ee:	2100      	movs	r1, #0
100036f0:	0028      	movs	r0, r5
100036f2:	f7fe fbef 	bl	10001ed4 <__wrap_memset>
100036f6:	2210      	movs	r2, #16
100036f8:	21ff      	movs	r1, #255	@ 0xff
100036fa:	1d28      	adds	r0, r5, #4
100036fc:	f7fe fbea 	bl	10001ed4 <__wrap_memset>
10003700:	0028      	movs	r0, r5
10003702:	2220      	movs	r2, #32
10003704:	21ff      	movs	r1, #255	@ 0xff
10003706:	3014      	adds	r0, #20
10003708:	f7fe fbe4 	bl	10001ed4 <__wrap_memset>
1000370c:	9b04      	ldr	r3, [sp, #16]
1000370e:	70ab      	strb	r3, [r5, #2]
10003710:	e661      	b.n	100033d6 <tud_task_ext+0x3fe>
10003712:	4655      	mov	r5, sl
10003714:	e7fa      	b.n	1000370c <tud_task_ext+0x734>
10003716:	f7ff fa11 	bl	10002b3c <tud_descriptor_bos_cb>
1000371a:	1e02      	subs	r2, r0, #0
1000371c:	d100      	bne.n	10003720 <tud_task_ext+0x748>
1000371e:	e5dd      	b.n	100032dc <tud_task_ext+0x304>
10003720:	78d3      	ldrb	r3, [r2, #3]
10003722:	7891      	ldrb	r1, [r2, #2]
10003724:	021b      	lsls	r3, r3, #8
10003726:	430b      	orrs	r3, r1
10003728:	4658      	mov	r0, fp
1000372a:	a90e      	add	r1, sp, #56	@ 0x38
1000372c:	f000 f90c 	bl	10003948 <tud_control_xfer>
10003730:	e5e5      	b.n	100032fe <tud_task_ext+0x326>
10003732:	4665      	mov	r5, ip
10003734:	003b      	movs	r3, r7
10003736:	0031      	movs	r1, r6
10003738:	002a      	movs	r2, r5
1000373a:	980a      	ldr	r0, [sp, #40]	@ 0x28
1000373c:	f000 fd46 	bl	100041cc <tu_edpt_bind_driver>
10003740:	9b04      	ldr	r3, [sp, #16]
10003742:	1976      	adds	r6, r6, r5
10003744:	781b      	ldrb	r3, [r3, #0]
10003746:	42bb      	cmp	r3, r7
10003748:	d300      	bcc.n	1000374c <tud_task_ext+0x774>
1000374a:	e679      	b.n	10003440 <tud_task_ext+0x468>
1000374c:	e7c2      	b.n	100036d4 <tud_task_ext+0x6fc>
1000374e:	4b17      	ldr	r3, [pc, #92]	@ (100037ac <tud_task_ext+0x7d4>)
10003750:	6929      	ldr	r1, [r5, #16]
10003752:	4299      	cmp	r1, r3
10003754:	d1b0      	bne.n	100036b8 <tud_task_ext+0x6e0>
10003756:	9a07      	ldr	r2, [sp, #28]
10003758:	e7ae      	b.n	100036b8 <tud_task_ext+0x6e0>
1000375a:	f7ff fbad 	bl	10002eb8 <tud_descriptor_device_qualifier_cb>
1000375e:	1e02      	subs	r2, r0, #0
10003760:	d100      	bne.n	10003764 <tud_task_ext+0x78c>
10003762:	e5bb      	b.n	100032dc <tud_task_ext+0x304>
10003764:	4658      	mov	r0, fp
10003766:	7813      	ldrb	r3, [r2, #0]
10003768:	a90e      	add	r1, sp, #56	@ 0x38
1000376a:	f000 f8ed 	bl	10003948 <tud_control_xfer>
1000376e:	e5c6      	b.n	100032fe <tud_task_ext+0x326>
10003770:	8921      	ldrh	r1, [r4, #8]
10003772:	f7ff f847 	bl	10002804 <tud_descriptor_string_cb>
10003776:	1e02      	subs	r2, r0, #0
10003778:	d1f4      	bne.n	10003764 <tud_task_ext+0x78c>
1000377a:	e5af      	b.n	100032dc <tud_task_ext+0x304>
1000377c:	2b02      	cmp	r3, #2
1000377e:	d00f      	beq.n	100037a0 <tud_task_ext+0x7c8>
10003780:	f7ff fb9c 	bl	10002ebc <tud_descriptor_other_speed_configuration_cb>
10003784:	1e02      	subs	r2, r0, #0
10003786:	d1cb      	bne.n	10003720 <tud_task_ext+0x748>
10003788:	e5a8      	b.n	100032dc <tud_task_ext+0x304>
1000378a:	f7ff f833 	bl	100027f4 <tud_descriptor_device_cb>
1000378e:	1e02      	subs	r2, r0, #0
10003790:	d100      	bne.n	10003794 <tud_task_ext+0x7bc>
10003792:	e5a3      	b.n	100032dc <tud_task_ext+0x304>
10003794:	2312      	movs	r3, #18
10003796:	4658      	mov	r0, fp
10003798:	a90e      	add	r1, sp, #56	@ 0x38
1000379a:	f000 f8d5 	bl	10003948 <tud_control_xfer>
1000379e:	e5ae      	b.n	100032fe <tud_task_ext+0x326>
100037a0:	f7ff f82c 	bl	100027fc <tud_descriptor_configuration_cb>
100037a4:	1e02      	subs	r2, r0, #0
100037a6:	d1bb      	bne.n	10003720 <tud_task_ext+0x748>
100037a8:	e598      	b.n	100032dc <tud_task_ext+0x304>
100037aa:	46c0      	nop			@ (mov r8, r8)
100037ac:	10003df5 	.word	0x10003df5

100037b0 <usbd_open_edpt_pair>:
100037b0:	b5f0      	push	{r4, r5, r6, r7, lr}
100037b2:	464f      	mov	r7, r9
100037b4:	4646      	mov	r6, r8
100037b6:	46d6      	mov	lr, sl
100037b8:	b5c0      	push	{r6, r7, lr}
100037ba:	000c      	movs	r4, r1
100037bc:	0016      	movs	r6, r2
100037be:	001f      	movs	r7, r3
100037c0:	b082      	sub	sp, #8
100037c2:	2a00      	cmp	r2, #0
100037c4:	d03a      	beq.n	1000383c <usbd_open_edpt_pair+0x8c>
100037c6:	2370      	movs	r3, #112	@ 0x70
100037c8:	4698      	mov	r8, r3
100037ca:	4b1d      	ldr	r3, [pc, #116]	@ (10003840 <usbd_open_edpt_pair+0x90>)
100037cc:	2500      	movs	r5, #0
100037ce:	4699      	mov	r9, r3
100037d0:	4b1c      	ldr	r3, [pc, #112]	@ (10003844 <usbd_open_edpt_pair+0x94>)
100037d2:	469a      	mov	sl, r3
100037d4:	e01a      	b.n	1000380c <usbd_open_edpt_pair+0x5c>
100037d6:	464b      	mov	r3, r9
100037d8:	781b      	ldrb	r3, [r3, #0]
100037da:	0020      	movs	r0, r4
100037dc:	9301      	str	r3, [sp, #4]
100037de:	4653      	mov	r3, sl
100037e0:	7899      	ldrb	r1, [r3, #2]
100037e2:	f000 fcb9 	bl	10004158 <tu_edpt_validate>
100037e6:	2800      	cmp	r0, #0
100037e8:	d01c      	beq.n	10003824 <usbd_open_edpt_pair+0x74>
100037ea:	0021      	movs	r1, r4
100037ec:	9801      	ldr	r0, [sp, #4]
100037ee:	f7ff fa55 	bl	10002c9c <dcd_edpt_open>
100037f2:	2800      	cmp	r0, #0
100037f4:	d016      	beq.n	10003824 <usbd_open_edpt_pair+0x74>
100037f6:	78a3      	ldrb	r3, [r4, #2]
100037f8:	09da      	lsrs	r2, r3, #7
100037fa:	2a01      	cmp	r2, #1
100037fc:	d019      	beq.n	10003832 <usbd_open_edpt_pair+0x82>
100037fe:	9a0a      	ldr	r2, [sp, #40]	@ 0x28
10003800:	3501      	adds	r5, #1
10003802:	7013      	strb	r3, [r2, #0]
10003804:	42b5      	cmp	r5, r6
10003806:	da19      	bge.n	1000383c <usbd_open_edpt_pair+0x8c>
10003808:	7823      	ldrb	r3, [r4, #0]
1000380a:	18e4      	adds	r4, r4, r3
1000380c:	7863      	ldrb	r3, [r4, #1]
1000380e:	2b05      	cmp	r3, #5
10003810:	d108      	bne.n	10003824 <usbd_open_edpt_pair+0x74>
10003812:	78e3      	ldrb	r3, [r4, #3]
10003814:	079b      	lsls	r3, r3, #30
10003816:	0f9b      	lsrs	r3, r3, #30
10003818:	42bb      	cmp	r3, r7
1000381a:	d103      	bne.n	10003824 <usbd_open_edpt_pair+0x74>
1000381c:	4642      	mov	r2, r8
1000381e:	78a3      	ldrb	r3, [r4, #2]
10003820:	421a      	tst	r2, r3
10003822:	d0d8      	beq.n	100037d6 <usbd_open_edpt_pair+0x26>
10003824:	2000      	movs	r0, #0
10003826:	b002      	add	sp, #8
10003828:	bce0      	pop	{r5, r6, r7}
1000382a:	46ba      	mov	sl, r7
1000382c:	46b1      	mov	r9, r6
1000382e:	46a8      	mov	r8, r5
10003830:	bdf0      	pop	{r4, r5, r6, r7, pc}
10003832:	9a0b      	ldr	r2, [sp, #44]	@ 0x2c
10003834:	3501      	adds	r5, #1
10003836:	7013      	strb	r3, [r2, #0]
10003838:	42b5      	cmp	r5, r6
1000383a:	dbe5      	blt.n	10003808 <usbd_open_edpt_pair+0x58>
1000383c:	2001      	movs	r0, #1
1000383e:	e7f2      	b.n	10003826 <usbd_open_edpt_pair+0x76>
10003840:	2000103c 	.word	0x2000103c
10003844:	20001590 	.word	0x20001590

10003848 <usbd_edpt_open>:
10003848:	2270      	movs	r2, #112	@ 0x70
1000384a:	b570      	push	{r4, r5, r6, lr}
1000384c:	788b      	ldrb	r3, [r1, #2]
1000384e:	000c      	movs	r4, r1
10003850:	421a      	tst	r2, r3
10003852:	d001      	beq.n	10003858 <usbd_edpt_open+0x10>
10003854:	2000      	movs	r0, #0
10003856:	bd70      	pop	{r4, r5, r6, pc}
10003858:	4b06      	ldr	r3, [pc, #24]	@ (10003874 <usbd_edpt_open+0x2c>)
1000385a:	0020      	movs	r0, r4
1000385c:	781d      	ldrb	r5, [r3, #0]
1000385e:	4b06      	ldr	r3, [pc, #24]	@ (10003878 <usbd_edpt_open+0x30>)
10003860:	7899      	ldrb	r1, [r3, #2]
10003862:	f000 fc79 	bl	10004158 <tu_edpt_validate>
10003866:	2800      	cmp	r0, #0
10003868:	d0f4      	beq.n	10003854 <usbd_edpt_open+0xc>
1000386a:	0021      	movs	r1, r4
1000386c:	0028      	movs	r0, r5
1000386e:	f7ff fa15 	bl	10002c9c <dcd_edpt_open>
10003872:	e7f0      	b.n	10003856 <usbd_edpt_open+0xe>
10003874:	2000103c 	.word	0x2000103c
10003878:	20001590 	.word	0x20001590

1000387c <usbd_edpt_claim>:
1000387c:	207f      	movs	r0, #127	@ 0x7f
1000387e:	4b07      	ldr	r3, [pc, #28]	@ (1000389c <usbd_edpt_claim+0x20>)
10003880:	b510      	push	{r4, lr}
10003882:	681a      	ldr	r2, [r3, #0]
10003884:	4008      	ands	r0, r1
10003886:	09cb      	lsrs	r3, r1, #7
10003888:	3334      	adds	r3, #52	@ 0x34
1000388a:	0040      	lsls	r0, r0, #1
1000388c:	18c0      	adds	r0, r0, r3
1000388e:	4b04      	ldr	r3, [pc, #16]	@ (100038a0 <usbd_edpt_claim+0x24>)
10003890:	0011      	movs	r1, r2
10003892:	18c0      	adds	r0, r0, r3
10003894:	f000 fc1c 	bl	100040d0 <tu_edpt_claim>
10003898:	bd10      	pop	{r4, pc}
1000389a:	46c0      	nop			@ (mov r8, r8)
1000389c:	200015e4 	.word	0x200015e4
100038a0:	20001590 	.word	0x20001590

100038a4 <usbd_edpt_release>:
100038a4:	207f      	movs	r0, #127	@ 0x7f
100038a6:	4b07      	ldr	r3, [pc, #28]	@ (100038c4 <usbd_edpt_release+0x20>)
100038a8:	b510      	push	{r4, lr}
100038aa:	681a      	ldr	r2, [r3, #0]
100038ac:	4008      	ands	r0, r1
100038ae:	09cb      	lsrs	r3, r1, #7
100038b0:	3334      	adds	r3, #52	@ 0x34
100038b2:	0040      	lsls	r0, r0, #1
100038b4:	18c0      	adds	r0, r0, r3
100038b6:	4b04      	ldr	r3, [pc, #16]	@ (100038c8 <usbd_edpt_release+0x24>)
100038b8:	0011      	movs	r1, r2
100038ba:	18c0      	adds	r0, r0, r3
100038bc:	f000 fc30 	bl	10004120 <tu_edpt_release>
100038c0:	bd10      	pop	{r4, pc}
100038c2:	46c0      	nop			@ (mov r8, r8)
100038c4:	200015e4 	.word	0x200015e4
100038c8:	20001590 	.word	0x20001590

100038cc <usbd_edpt_xfer>:
100038cc:	b570      	push	{r4, r5, r6, lr}
100038ce:	247f      	movs	r4, #127	@ 0x7f
100038d0:	09c8      	lsrs	r0, r1, #7
100038d2:	4684      	mov	ip, r0
100038d4:	400c      	ands	r4, r1
100038d6:	480f      	ldr	r0, [pc, #60]	@ (10003914 <usbd_edpt_xfer+0x48>)
100038d8:	0064      	lsls	r4, r4, #1
100038da:	1904      	adds	r4, r0, r4
100038dc:	4464      	add	r4, ip
100038de:	3430      	adds	r4, #48	@ 0x30
100038e0:	7920      	ldrb	r0, [r4, #4]
100038e2:	07c0      	lsls	r0, r0, #31
100038e4:	d501      	bpl.n	100038ea <usbd_edpt_xfer+0x1e>
100038e6:	2000      	movs	r0, #0
100038e8:	bd70      	pop	{r4, r5, r6, pc}
100038ea:	480b      	ldr	r0, [pc, #44]	@ (10003918 <usbd_edpt_xfer+0x4c>)
100038ec:	2501      	movs	r5, #1
100038ee:	7800      	ldrb	r0, [r0, #0]
100038f0:	4684      	mov	ip, r0
100038f2:	7920      	ldrb	r0, [r4, #4]
100038f4:	4328      	orrs	r0, r5
100038f6:	7120      	strb	r0, [r4, #4]
100038f8:	4660      	mov	r0, ip
100038fa:	f7ff fa51 	bl	10002da0 <dcd_edpt_xfer>
100038fe:	2800      	cmp	r0, #0
10003900:	d1f2      	bne.n	100038e8 <usbd_edpt_xfer+0x1c>
10003902:	2201      	movs	r2, #1
10003904:	7923      	ldrb	r3, [r4, #4]
10003906:	4393      	bics	r3, r2
10003908:	7123      	strb	r3, [r4, #4]
1000390a:	7923      	ldrb	r3, [r4, #4]
1000390c:	3203      	adds	r2, #3
1000390e:	4393      	bics	r3, r2
10003910:	7123      	strb	r3, [r4, #4]
10003912:	e7e8      	b.n	100038e6 <usbd_edpt_xfer+0x1a>
10003914:	20001590 	.word	0x20001590
10003918:	2000103c 	.word	0x2000103c

1000391c <tud_control_status>:
1000391c:	b570      	push	{r4, r5, r6, lr}
1000391e:	4c09      	ldr	r4, [pc, #36]	@ (10003944 <tud_control_status+0x28>)
10003920:	0006      	movs	r6, r0
10003922:	2208      	movs	r2, #8
10003924:	0020      	movs	r0, r4
10003926:	000d      	movs	r5, r1
10003928:	f7fe fada 	bl	10001ee0 <__wrap___aeabi_memcpy>
1000392c:	2300      	movs	r3, #0
1000392e:	2180      	movs	r1, #128	@ 0x80
10003930:	60e3      	str	r3, [r4, #12]
10003932:	60a3      	str	r3, [r4, #8]
10003934:	782b      	ldrb	r3, [r5, #0]
10003936:	0030      	movs	r0, r6
10003938:	4399      	bics	r1, r3
1000393a:	2200      	movs	r2, #0
1000393c:	2300      	movs	r3, #0
1000393e:	f7ff ffc5 	bl	100038cc <usbd_edpt_xfer>
10003942:	bd70      	pop	{r4, r5, r6, pc}
10003944:	20001570 	.word	0x20001570

10003948 <tud_control_xfer>:
10003948:	b5f0      	push	{r4, r5, r6, r7, lr}
1000394a:	46c6      	mov	lr, r8
1000394c:	4c24      	ldr	r4, [pc, #144]	@ (100039e0 <tud_control_xfer+0x98>)
1000394e:	0017      	movs	r7, r2
10003950:	4680      	mov	r8, r0
10003952:	2208      	movs	r2, #8
10003954:	0020      	movs	r0, r4
10003956:	b500      	push	{lr}
10003958:	000d      	movs	r5, r1
1000395a:	001e      	movs	r6, r3
1000395c:	f7fe fac0 	bl	10001ee0 <__wrap___aeabi_memcpy>
10003960:	2300      	movs	r3, #0
10003962:	60a7      	str	r7, [r4, #8]
10003964:	81e3      	strh	r3, [r4, #14]
10003966:	79eb      	ldrb	r3, [r5, #7]
10003968:	79aa      	ldrb	r2, [r5, #6]
1000396a:	021b      	lsls	r3, r3, #8
1000396c:	4313      	orrs	r3, r2
1000396e:	1c1a      	adds	r2, r3, #0
10003970:	42b3      	cmp	r3, r6
10003972:	d900      	bls.n	10003976 <tud_control_xfer+0x2e>
10003974:	1c32      	adds	r2, r6, #0
10003976:	b296      	uxth	r6, r2
10003978:	81a2      	strh	r2, [r4, #12]
1000397a:	2b00      	cmp	r3, #0
1000397c:	d00c      	beq.n	10003998 <tud_control_xfer+0x50>
1000397e:	2e00      	cmp	r6, #0
10003980:	d015      	beq.n	100039ae <tud_control_xfer+0x66>
10003982:	2f00      	cmp	r7, #0
10003984:	d02a      	beq.n	100039dc <tud_control_xfer+0x94>
10003986:	2e40      	cmp	r6, #64	@ 0x40
10003988:	d81a      	bhi.n	100039c0 <tud_control_xfer+0x78>
1000398a:	7823      	ldrb	r3, [r4, #0]
1000398c:	b296      	uxth	r6, r2
1000398e:	2b7f      	cmp	r3, #127	@ 0x7f
10003990:	d81b      	bhi.n	100039ca <tud_control_xfer+0x82>
10003992:	2100      	movs	r1, #0
10003994:	4a13      	ldr	r2, [pc, #76]	@ (100039e4 <tud_control_xfer+0x9c>)
10003996:	e00e      	b.n	100039b6 <tud_control_xfer+0x6e>
10003998:	2180      	movs	r1, #128	@ 0x80
1000399a:	782b      	ldrb	r3, [r5, #0]
1000399c:	2200      	movs	r2, #0
1000399e:	4399      	bics	r1, r3
100039a0:	4640      	mov	r0, r8
100039a2:	2300      	movs	r3, #0
100039a4:	f7ff ff92 	bl	100038cc <usbd_edpt_xfer>
100039a8:	bc80      	pop	{r7}
100039aa:	46b8      	mov	r8, r7
100039ac:	bdf0      	pop	{r4, r5, r6, r7, pc}
100039ae:	237f      	movs	r3, #127	@ 0x7f
100039b0:	2200      	movs	r2, #0
100039b2:	7821      	ldrb	r1, [r4, #0]
100039b4:	4399      	bics	r1, r3
100039b6:	0033      	movs	r3, r6
100039b8:	4640      	mov	r0, r8
100039ba:	f7ff ff87 	bl	100038cc <usbd_edpt_xfer>
100039be:	e7f3      	b.n	100039a8 <tud_control_xfer+0x60>
100039c0:	2240      	movs	r2, #64	@ 0x40
100039c2:	7823      	ldrb	r3, [r4, #0]
100039c4:	b296      	uxth	r6, r2
100039c6:	2b7f      	cmp	r3, #127	@ 0x7f
100039c8:	d9e3      	bls.n	10003992 <tud_control_xfer+0x4a>
100039ca:	4c06      	ldr	r4, [pc, #24]	@ (100039e4 <tud_control_xfer+0x9c>)
100039cc:	0032      	movs	r2, r6
100039ce:	0039      	movs	r1, r7
100039d0:	0020      	movs	r0, r4
100039d2:	f7fe fa85 	bl	10001ee0 <__wrap___aeabi_memcpy>
100039d6:	2180      	movs	r1, #128	@ 0x80
100039d8:	0022      	movs	r2, r4
100039da:	e7ec      	b.n	100039b6 <tud_control_xfer+0x6e>
100039dc:	2000      	movs	r0, #0
100039de:	e7e3      	b.n	100039a8 <tud_control_xfer+0x60>
100039e0:	20001570 	.word	0x20001570
100039e4:	20001530 	.word	0x20001530

100039e8 <usbd_control_reset>:
100039e8:	b510      	push	{r4, lr}
100039ea:	2214      	movs	r2, #20
100039ec:	2100      	movs	r1, #0
100039ee:	4802      	ldr	r0, [pc, #8]	@ (100039f8 <usbd_control_reset+0x10>)
100039f0:	f7fe fa70 	bl	10001ed4 <__wrap_memset>
100039f4:	bd10      	pop	{r4, pc}
100039f6:	46c0      	nop			@ (mov r8, r8)
100039f8:	20001570 	.word	0x20001570

100039fc <usbd_control_set_complete_callback>:
100039fc:	4b01      	ldr	r3, [pc, #4]	@ (10003a04 <usbd_control_set_complete_callback+0x8>)
100039fe:	6118      	str	r0, [r3, #16]
10003a00:	4770      	bx	lr
10003a02:	46c0      	nop			@ (mov r8, r8)
10003a04:	20001570 	.word	0x20001570

10003a08 <usbd_control_set_request>:
10003a08:	b510      	push	{r4, lr}
10003a0a:	4c05      	ldr	r4, [pc, #20]	@ (10003a20 <usbd_control_set_request+0x18>)
10003a0c:	0001      	movs	r1, r0
10003a0e:	2208      	movs	r2, #8
10003a10:	0020      	movs	r0, r4
10003a12:	f7fe fa65 	bl	10001ee0 <__wrap___aeabi_memcpy>
10003a16:	2300      	movs	r3, #0
10003a18:	60a3      	str	r3, [r4, #8]
10003a1a:	60e3      	str	r3, [r4, #12]
10003a1c:	bd10      	pop	{r4, pc}
10003a1e:	46c0      	nop			@ (mov r8, r8)
10003a20:	20001570 	.word	0x20001570

10003a24 <usbd_control_xfer_cb>:
10003a24:	b570      	push	{r4, r5, r6, lr}
10003a26:	4c37      	ldr	r4, [pc, #220]	@ (10003b04 <usbd_control_xfer_cb+0xe0>)
10003a28:	001d      	movs	r5, r3
10003a2a:	7823      	ldrb	r3, [r4, #0]
10003a2c:	0006      	movs	r6, r0
10003a2e:	09da      	lsrs	r2, r3, #7
10003a30:	09c9      	lsrs	r1, r1, #7
10003a32:	428a      	cmp	r2, r1
10003a34:	d010      	beq.n	10003a58 <usbd_control_xfer_cb+0x34>
10003a36:	2000      	movs	r0, #0
10003a38:	2d00      	cmp	r5, #0
10003a3a:	d000      	beq.n	10003a3e <usbd_control_xfer_cb+0x1a>
10003a3c:	bd70      	pop	{r4, r5, r6, pc}
10003a3e:	0021      	movs	r1, r4
10003a40:	0030      	movs	r0, r6
10003a42:	f7ff f91d 	bl	10002c80 <dcd_edpt0_status_complete>
10003a46:	6923      	ldr	r3, [r4, #16]
10003a48:	2b00      	cmp	r3, #0
10003a4a:	d003      	beq.n	10003a54 <usbd_control_xfer_cb+0x30>
10003a4c:	0022      	movs	r2, r4
10003a4e:	2103      	movs	r1, #3
10003a50:	0030      	movs	r0, r6
10003a52:	4798      	blx	r3
10003a54:	2001      	movs	r0, #1
10003a56:	e7f1      	b.n	10003a3c <usbd_control_xfer_cb+0x18>
10003a58:	2b7f      	cmp	r3, #127	@ 0x7f
10003a5a:	d806      	bhi.n	10003a6a <usbd_control_xfer_cb+0x46>
10003a5c:	68a0      	ldr	r0, [r4, #8]
10003a5e:	2800      	cmp	r0, #0
10003a60:	d0ec      	beq.n	10003a3c <usbd_control_xfer_cb+0x18>
10003a62:	002a      	movs	r2, r5
10003a64:	4928      	ldr	r1, [pc, #160]	@ (10003b08 <usbd_control_xfer_cb+0xe4>)
10003a66:	f7fe fa3b 	bl	10001ee0 <__wrap___aeabi_memcpy>
10003a6a:	89e2      	ldrh	r2, [r4, #14]
10003a6c:	68a1      	ldr	r1, [r4, #8]
10003a6e:	1952      	adds	r2, r2, r5
10003a70:	88e3      	ldrh	r3, [r4, #6]
10003a72:	b292      	uxth	r2, r2
10003a74:	1949      	adds	r1, r1, r5
10003a76:	81e2      	strh	r2, [r4, #14]
10003a78:	60a1      	str	r1, [r4, #8]
10003a7a:	4293      	cmp	r3, r2
10003a7c:	d014      	beq.n	10003aa8 <usbd_control_xfer_cb+0x84>
10003a7e:	2d3f      	cmp	r5, #63	@ 0x3f
10003a80:	d912      	bls.n	10003aa8 <usbd_control_xfer_cb+0x84>
10003a82:	89a3      	ldrh	r3, [r4, #12]
10003a84:	1a98      	subs	r0, r3, r2
10003a86:	1c05      	adds	r5, r0, #0
10003a88:	b280      	uxth	r0, r0
10003a8a:	2840      	cmp	r0, #64	@ 0x40
10003a8c:	d828      	bhi.n	10003ae0 <usbd_control_xfer_cb+0xbc>
10003a8e:	7820      	ldrb	r0, [r4, #0]
10003a90:	b2ad      	uxth	r5, r5
10003a92:	287f      	cmp	r0, #127	@ 0x7f
10003a94:	d826      	bhi.n	10003ae4 <usbd_control_xfer_cb+0xc0>
10003a96:	2100      	movs	r1, #0
10003a98:	429a      	cmp	r2, r3
10003a9a:	d030      	beq.n	10003afe <usbd_control_xfer_cb+0xda>
10003a9c:	4a1a      	ldr	r2, [pc, #104]	@ (10003b08 <usbd_control_xfer_cb+0xe4>)
10003a9e:	002b      	movs	r3, r5
10003aa0:	0030      	movs	r0, r6
10003aa2:	f7ff ff13 	bl	100038cc <usbd_edpt_xfer>
10003aa6:	e7c9      	b.n	10003a3c <usbd_control_xfer_cb+0x18>
10003aa8:	6923      	ldr	r3, [r4, #16]
10003aaa:	2b00      	cmp	r3, #0
10003aac:	d005      	beq.n	10003aba <usbd_control_xfer_cb+0x96>
10003aae:	0022      	movs	r2, r4
10003ab0:	2102      	movs	r1, #2
10003ab2:	0030      	movs	r0, r6
10003ab4:	4798      	blx	r3
10003ab6:	2800      	cmp	r0, #0
10003ab8:	d008      	beq.n	10003acc <usbd_control_xfer_cb+0xa8>
10003aba:	2180      	movs	r1, #128	@ 0x80
10003abc:	7823      	ldrb	r3, [r4, #0]
10003abe:	2200      	movs	r2, #0
10003ac0:	4399      	bics	r1, r3
10003ac2:	0030      	movs	r0, r6
10003ac4:	2300      	movs	r3, #0
10003ac6:	f7ff ff01 	bl	100038cc <usbd_edpt_xfer>
10003aca:	e7b7      	b.n	10003a3c <usbd_control_xfer_cb+0x18>
10003acc:	2100      	movs	r1, #0
10003ace:	0030      	movs	r0, r6
10003ad0:	f7ff f978 	bl	10002dc4 <dcd_edpt_stall>
10003ad4:	0030      	movs	r0, r6
10003ad6:	2180      	movs	r1, #128	@ 0x80
10003ad8:	f7ff f974 	bl	10002dc4 <dcd_edpt_stall>
10003adc:	2001      	movs	r0, #1
10003ade:	e7ad      	b.n	10003a3c <usbd_control_xfer_cb+0x18>
10003ae0:	2540      	movs	r5, #64	@ 0x40
10003ae2:	e7d4      	b.n	10003a8e <usbd_control_xfer_cb+0x6a>
10003ae4:	429a      	cmp	r2, r3
10003ae6:	d007      	beq.n	10003af8 <usbd_control_xfer_cb+0xd4>
10003ae8:	4c07      	ldr	r4, [pc, #28]	@ (10003b08 <usbd_control_xfer_cb+0xe4>)
10003aea:	002a      	movs	r2, r5
10003aec:	0020      	movs	r0, r4
10003aee:	f7fe f9f7 	bl	10001ee0 <__wrap___aeabi_memcpy>
10003af2:	2180      	movs	r1, #128	@ 0x80
10003af4:	0022      	movs	r2, r4
10003af6:	e7d2      	b.n	10003a9e <usbd_control_xfer_cb+0x7a>
10003af8:	2180      	movs	r1, #128	@ 0x80
10003afa:	2200      	movs	r2, #0
10003afc:	e7cf      	b.n	10003a9e <usbd_control_xfer_cb+0x7a>
10003afe:	2200      	movs	r2, #0
10003b00:	e7cd      	b.n	10003a9e <usbd_control_xfer_cb+0x7a>
10003b02:	46c0      	nop			@ (mov r8, r8)
10003b04:	20001570 	.word	0x20001570
10003b08:	20001530 	.word	0x20001530

10003b0c <_prep_out_transaction.isra.0>:
10003b0c:	b570      	push	{r4, r5, r6, lr}
10003b0e:	0004      	movs	r4, r0
10003b10:	f7ff f9de 	bl	10002ed0 <tud_mounted>
10003b14:	2800      	cmp	r0, #0
10003b16:	d100      	bne.n	10003b1a <_prep_out_transaction.isra.0+0xe>
10003b18:	bd70      	pop	{r4, r5, r6, pc}
10003b1a:	f7ff f9e1 	bl	10002ee0 <tud_suspended>
10003b1e:	2800      	cmp	r0, #0
10003b20:	d1fa      	bne.n	10003b18 <_prep_out_transaction.isra.0+0xc>
10003b22:	23c8      	movs	r3, #200	@ 0xc8
10003b24:	4363      	muls	r3, r4
10003b26:	4a12      	ldr	r2, [pc, #72]	@ (10003b70 <_prep_out_transaction.isra.0+0x64>)
10003b28:	0025      	movs	r5, r4
10003b2a:	18d4      	adds	r4, r2, r3
10003b2c:	78e1      	ldrb	r1, [r4, #3]
10003b2e:	2900      	cmp	r1, #0
10003b30:	d0f2      	beq.n	10003b18 <_prep_out_transaction.isra.0+0xc>
10003b32:	3310      	adds	r3, #16
10003b34:	189e      	adds	r6, r3, r2
10003b36:	0030      	movs	r0, r6
10003b38:	f000 fbb6 	bl	100042a8 <tu_fifo_remaining>
10003b3c:	283f      	cmp	r0, #63	@ 0x3f
10003b3e:	d9eb      	bls.n	10003b18 <_prep_out_transaction.isra.0+0xc>
10003b40:	2000      	movs	r0, #0
10003b42:	78e1      	ldrb	r1, [r4, #3]
10003b44:	f7ff fe9a 	bl	1000387c <usbd_edpt_claim>
10003b48:	2800      	cmp	r0, #0
10003b4a:	d0e5      	beq.n	10003b18 <_prep_out_transaction.isra.0+0xc>
10003b4c:	0030      	movs	r0, r6
10003b4e:	f000 fbab 	bl	100042a8 <tu_fifo_remaining>
10003b52:	78e1      	ldrb	r1, [r4, #3]
10003b54:	283f      	cmp	r0, #63	@ 0x3f
10003b56:	d907      	bls.n	10003b68 <_prep_out_transaction.isra.0+0x5c>
10003b58:	4b06      	ldr	r3, [pc, #24]	@ (10003b74 <_prep_out_transaction.isra.0+0x68>)
10003b5a:	01ea      	lsls	r2, r5, #7
10003b5c:	18d2      	adds	r2, r2, r3
10003b5e:	2000      	movs	r0, #0
10003b60:	2340      	movs	r3, #64	@ 0x40
10003b62:	f7ff feb3 	bl	100038cc <usbd_edpt_xfer>
10003b66:	e7d7      	b.n	10003b18 <_prep_out_transaction.isra.0+0xc>
10003b68:	2000      	movs	r0, #0
10003b6a:	f7ff fe9b 	bl	100038a4 <usbd_edpt_release>
10003b6e:	e7d3      	b.n	10003b18 <_prep_out_transaction.isra.0+0xc>
10003b70:	20001058 	.word	0x20001058
10003b74:	200014ac 	.word	0x200014ac

10003b78 <tud_cdc_n_connected>:
10003b78:	b510      	push	{r4, lr}
10003b7a:	0004      	movs	r4, r0
10003b7c:	f7ff f9a8 	bl	10002ed0 <tud_mounted>
10003b80:	2800      	cmp	r0, #0
10003b82:	d101      	bne.n	10003b88 <tud_cdc_n_connected+0x10>
10003b84:	2000      	movs	r0, #0
10003b86:	bd10      	pop	{r4, pc}
10003b88:	f7ff f9aa 	bl	10002ee0 <tud_suspended>
10003b8c:	2800      	cmp	r0, #0
10003b8e:	d1f9      	bne.n	10003b84 <tud_cdc_n_connected+0xc>
10003b90:	22c8      	movs	r2, #200	@ 0xc8
10003b92:	4362      	muls	r2, r4
10003b94:	4b02      	ldr	r3, [pc, #8]	@ (10003ba0 <tud_cdc_n_connected+0x28>)
10003b96:	3001      	adds	r0, #1
10003b98:	189b      	adds	r3, r3, r2
10003b9a:	791b      	ldrb	r3, [r3, #4]
10003b9c:	4018      	ands	r0, r3
10003b9e:	e7f2      	b.n	10003b86 <tud_cdc_n_connected+0xe>
10003ba0:	20001058 	.word	0x20001058

10003ba4 <tud_cdc_n_available>:
10003ba4:	23c8      	movs	r3, #200	@ 0xc8
10003ba6:	b510      	push	{r4, lr}
10003ba8:	4343      	muls	r3, r0
10003baa:	4802      	ldr	r0, [pc, #8]	@ (10003bb4 <tud_cdc_n_available+0x10>)
10003bac:	1818      	adds	r0, r3, r0
10003bae:	f000 fb5d 	bl	1000426c <tu_fifo_count>
10003bb2:	bd10      	pop	{r4, pc}
10003bb4:	20001068 	.word	0x20001068

10003bb8 <tud_cdc_n_read>:
10003bb8:	b5f8      	push	{r3, r4, r5, r6, r7, lr}
10003bba:	23c8      	movs	r3, #200	@ 0xc8
10003bbc:	4343      	muls	r3, r0
10003bbe:	4d1d      	ldr	r5, [pc, #116]	@ (10003c34 <tud_cdc_n_read+0x7c>)
10003bc0:	3310      	adds	r3, #16
10003bc2:	18ee      	adds	r6, r5, r3
10003bc4:	2380      	movs	r3, #128	@ 0x80
10003bc6:	0004      	movs	r4, r0
10003bc8:	025b      	lsls	r3, r3, #9
10003bca:	429a      	cmp	r2, r3
10003bcc:	d300      	bcc.n	10003bd0 <tud_cdc_n_read+0x18>
10003bce:	4a1a      	ldr	r2, [pc, #104]	@ (10003c38 <tud_cdc_n_read+0x80>)
10003bd0:	0030      	movs	r0, r6
10003bd2:	b292      	uxth	r2, r2
10003bd4:	f000 fbcc 	bl	10004370 <tu_fifo_read_n>
10003bd8:	0007      	movs	r7, r0
10003bda:	f7ff f979 	bl	10002ed0 <tud_mounted>
10003bde:	2800      	cmp	r0, #0
10003be0:	d101      	bne.n	10003be6 <tud_cdc_n_read+0x2e>
10003be2:	0038      	movs	r0, r7
10003be4:	bdf8      	pop	{r3, r4, r5, r6, r7, pc}
10003be6:	f7ff f97b 	bl	10002ee0 <tud_suspended>
10003bea:	2800      	cmp	r0, #0
10003bec:	d1f9      	bne.n	10003be2 <tud_cdc_n_read+0x2a>
10003bee:	23c8      	movs	r3, #200	@ 0xc8
10003bf0:	4363      	muls	r3, r4
10003bf2:	18ed      	adds	r5, r5, r3
10003bf4:	78eb      	ldrb	r3, [r5, #3]
10003bf6:	2b00      	cmp	r3, #0
10003bf8:	d0f3      	beq.n	10003be2 <tud_cdc_n_read+0x2a>
10003bfa:	0030      	movs	r0, r6
10003bfc:	f000 fb54 	bl	100042a8 <tu_fifo_remaining>
10003c00:	283f      	cmp	r0, #63	@ 0x3f
10003c02:	d9ee      	bls.n	10003be2 <tud_cdc_n_read+0x2a>
10003c04:	2000      	movs	r0, #0
10003c06:	78e9      	ldrb	r1, [r5, #3]
10003c08:	f7ff fe38 	bl	1000387c <usbd_edpt_claim>
10003c0c:	2800      	cmp	r0, #0
10003c0e:	d0e8      	beq.n	10003be2 <tud_cdc_n_read+0x2a>
10003c10:	0030      	movs	r0, r6
10003c12:	f000 fb49 	bl	100042a8 <tu_fifo_remaining>
10003c16:	78e9      	ldrb	r1, [r5, #3]
10003c18:	283f      	cmp	r0, #63	@ 0x3f
10003c1a:	d907      	bls.n	10003c2c <tud_cdc_n_read+0x74>
10003c1c:	4b07      	ldr	r3, [pc, #28]	@ (10003c3c <tud_cdc_n_read+0x84>)
10003c1e:	01e2      	lsls	r2, r4, #7
10003c20:	18d2      	adds	r2, r2, r3
10003c22:	2000      	movs	r0, #0
10003c24:	2340      	movs	r3, #64	@ 0x40
10003c26:	f7ff fe51 	bl	100038cc <usbd_edpt_xfer>
10003c2a:	e7da      	b.n	10003be2 <tud_cdc_n_read+0x2a>
10003c2c:	2000      	movs	r0, #0
10003c2e:	f7ff fe39 	bl	100038a4 <usbd_edpt_release>
10003c32:	e7d6      	b.n	10003be2 <tud_cdc_n_read+0x2a>
10003c34:	20001058 	.word	0x20001058
10003c38:	0000ffff 	.word	0x0000ffff
10003c3c:	200014ac 	.word	0x200014ac

10003c40 <tud_cdc_n_write_flush>:
10003c40:	b5f8      	push	{r3, r4, r5, r6, r7, lr}
10003c42:	0004      	movs	r4, r0
10003c44:	f7ff f944 	bl	10002ed0 <tud_mounted>
10003c48:	2800      	cmp	r0, #0
10003c4a:	d101      	bne.n	10003c50 <tud_cdc_n_write_flush+0x10>
10003c4c:	2000      	movs	r0, #0
10003c4e:	bdf8      	pop	{r3, r4, r5, r6, r7, pc}
10003c50:	f7ff f946 	bl	10002ee0 <tud_suspended>
10003c54:	2800      	cmp	r0, #0
10003c56:	d1f9      	bne.n	10003c4c <tud_cdc_n_write_flush+0xc>
10003c58:	23c8      	movs	r3, #200	@ 0xc8
10003c5a:	0025      	movs	r5, r4
10003c5c:	435d      	muls	r5, r3
10003c5e:	002b      	movs	r3, r5
10003c60:	4e13      	ldr	r6, [pc, #76]	@ (10003cb0 <tud_cdc_n_write_flush+0x70>)
10003c62:	3324      	adds	r3, #36	@ 0x24
10003c64:	18f7      	adds	r7, r6, r3
10003c66:	0038      	movs	r0, r7
10003c68:	f000 fb00 	bl	1000426c <tu_fifo_count>
10003c6c:	2800      	cmp	r0, #0
10003c6e:	d0ed      	beq.n	10003c4c <tud_cdc_n_write_flush+0xc>
10003c70:	1975      	adds	r5, r6, r5
10003c72:	2000      	movs	r0, #0
10003c74:	78a9      	ldrb	r1, [r5, #2]
10003c76:	f7ff fe01 	bl	1000387c <usbd_edpt_claim>
10003c7a:	2800      	cmp	r0, #0
10003c7c:	d0e6      	beq.n	10003c4c <tud_cdc_n_write_flush+0xc>
10003c7e:	4a0d      	ldr	r2, [pc, #52]	@ (10003cb4 <tud_cdc_n_write_flush+0x74>)
10003c80:	01e3      	lsls	r3, r4, #7
10003c82:	189c      	adds	r4, r3, r2
10003c84:	0021      	movs	r1, r4
10003c86:	2240      	movs	r2, #64	@ 0x40
10003c88:	0038      	movs	r0, r7
10003c8a:	f000 fb71 	bl	10004370 <tu_fifo_read_n>
10003c8e:	78a9      	ldrb	r1, [r5, #2]
10003c90:	0003      	movs	r3, r0
10003c92:	1e05      	subs	r5, r0, #0
10003c94:	d007      	beq.n	10003ca6 <tud_cdc_n_write_flush+0x66>
10003c96:	0022      	movs	r2, r4
10003c98:	2000      	movs	r0, #0
10003c9a:	f7ff fe17 	bl	100038cc <usbd_edpt_xfer>
10003c9e:	2800      	cmp	r0, #0
10003ca0:	d0d4      	beq.n	10003c4c <tud_cdc_n_write_flush+0xc>
10003ca2:	0028      	movs	r0, r5
10003ca4:	e7d3      	b.n	10003c4e <tud_cdc_n_write_flush+0xe>
10003ca6:	2000      	movs	r0, #0
10003ca8:	f7ff fdfc 	bl	100038a4 <usbd_edpt_release>
10003cac:	e7ce      	b.n	10003c4c <tud_cdc_n_write_flush+0xc>
10003cae:	46c0      	nop			@ (mov r8, r8)
10003cb0:	20001058 	.word	0x20001058
10003cb4:	200014ec 	.word	0x200014ec

10003cb8 <tud_cdc_n_write>:
10003cb8:	b570      	push	{r4, r5, r6, lr}
10003cba:	24c8      	movs	r4, #200	@ 0xc8
10003cbc:	4344      	muls	r4, r0
10003cbe:	4b0c      	ldr	r3, [pc, #48]	@ (10003cf0 <tud_cdc_n_write+0x38>)
10003cc0:	0005      	movs	r5, r0
10003cc2:	18e4      	adds	r4, r4, r3
10003cc4:	2380      	movs	r3, #128	@ 0x80
10003cc6:	025b      	lsls	r3, r3, #9
10003cc8:	429a      	cmp	r2, r3
10003cca:	d300      	bcc.n	10003cce <tud_cdc_n_write+0x16>
10003ccc:	4a09      	ldr	r2, [pc, #36]	@ (10003cf4 <tud_cdc_n_write+0x3c>)
10003cce:	0020      	movs	r0, r4
10003cd0:	b292      	uxth	r2, r2
10003cd2:	f000 fc15 	bl	10004500 <tu_fifo_write_n>
10003cd6:	0006      	movs	r6, r0
10003cd8:	0020      	movs	r0, r4
10003cda:	f000 fac7 	bl	1000426c <tu_fifo_count>
10003cde:	283f      	cmp	r0, #63	@ 0x3f
10003ce0:	d801      	bhi.n	10003ce6 <tud_cdc_n_write+0x2e>
10003ce2:	0030      	movs	r0, r6
10003ce4:	bd70      	pop	{r4, r5, r6, pc}
10003ce6:	0028      	movs	r0, r5
10003ce8:	f7ff ffaa 	bl	10003c40 <tud_cdc_n_write_flush>
10003cec:	e7f9      	b.n	10003ce2 <tud_cdc_n_write+0x2a>
10003cee:	46c0      	nop			@ (mov r8, r8)
10003cf0:	2000107c 	.word	0x2000107c
10003cf4:	0000ffff 	.word	0x0000ffff

10003cf8 <tud_cdc_n_write_available>:
10003cf8:	23c8      	movs	r3, #200	@ 0xc8
10003cfa:	b510      	push	{r4, lr}
10003cfc:	4343      	muls	r3, r0
10003cfe:	4802      	ldr	r0, [pc, #8]	@ (10003d08 <tud_cdc_n_write_available+0x10>)
10003d00:	1818      	adds	r0, r3, r0
10003d02:	f000 fad1 	bl	100042a8 <tu_fifo_remaining>
10003d06:	bd10      	pop	{r4, pc}
10003d08:	2000107c 	.word	0x2000107c

10003d0c <cdcd_init>:
10003d0c:	b5f0      	push	{r4, r5, r6, r7, lr}
10003d0e:	2500      	movs	r5, #0
10003d10:	4c18      	ldr	r4, [pc, #96]	@ (10003d74 <cdcd_init+0x68>)
10003d12:	b083      	sub	sp, #12
10003d14:	22c8      	movs	r2, #200	@ 0xc8
10003d16:	2100      	movs	r1, #0
10003d18:	0020      	movs	r0, r4
10003d1a:	f7fe f8db 	bl	10001ed4 <__wrap_memset>
10003d1e:	4b16      	ldr	r3, [pc, #88]	@ (10003d78 <cdcd_init+0x6c>)
10003d20:	0021      	movs	r1, r4
10003d22:	701d      	strb	r5, [r3, #0]
10003d24:	23ff      	movs	r3, #255	@ 0xff
10003d26:	7163      	strb	r3, [r4, #5]
10003d28:	23e1      	movs	r3, #225	@ 0xe1
10003d2a:	025b      	lsls	r3, r3, #9
10003d2c:	60a3      	str	r3, [r4, #8]
10003d2e:	0020      	movs	r0, r4
10003d30:	2308      	movs	r3, #8
10003d32:	2240      	movs	r2, #64	@ 0x40
10003d34:	73a3      	strb	r3, [r4, #14]
10003d36:	3138      	adds	r1, #56	@ 0x38
10003d38:	9500      	str	r5, [sp, #0]
10003d3a:	3b07      	subs	r3, #7
10003d3c:	3010      	adds	r0, #16
10003d3e:	f000 fa5f 	bl	10004200 <tu_fifo_config>
10003d42:	0027      	movs	r7, r4
10003d44:	2301      	movs	r3, #1
10003d46:	0021      	movs	r1, r4
10003d48:	0020      	movs	r0, r4
10003d4a:	0026      	movs	r6, r4
10003d4c:	2240      	movs	r2, #64	@ 0x40
10003d4e:	3178      	adds	r1, #120	@ 0x78
10003d50:	9300      	str	r3, [sp, #0]
10003d52:	37b8      	adds	r7, #184	@ 0xb8
10003d54:	3024      	adds	r0, #36	@ 0x24
10003d56:	f000 fa53 	bl	10004200 <tu_fifo_config>
10003d5a:	36c0      	adds	r6, #192	@ 0xc0
10003d5c:	0038      	movs	r0, r7
10003d5e:	f7fc ff75 	bl	10000c4c <mutex_init>
10003d62:	0030      	movs	r0, r6
10003d64:	f7fc ff72 	bl	10000c4c <mutex_init>
10003d68:	61e5      	str	r5, [r4, #28]
10003d6a:	6227      	str	r7, [r4, #32]
10003d6c:	6326      	str	r6, [r4, #48]	@ 0x30
10003d6e:	6365      	str	r5, [r4, #52]	@ 0x34
10003d70:	b003      	add	sp, #12
10003d72:	bdf0      	pop	{r4, r5, r6, r7, pc}
10003d74:	20001058 	.word	0x20001058
10003d78:	2000152c 	.word	0x2000152c

10003d7c <cdcd_deinit>:
10003d7c:	4b0a      	ldr	r3, [pc, #40]	@ (10003da8 <cdcd_deinit+0x2c>)
10003d7e:	6b19      	ldr	r1, [r3, #48]	@ 0x30
10003d80:	6a1a      	ldr	r2, [r3, #32]
10003d82:	2900      	cmp	r1, #0
10003d84:	d00c      	beq.n	10003da0 <cdcd_deinit+0x24>
10003d86:	2a00      	cmp	r2, #0
10003d88:	d007      	beq.n	10003d9a <cdcd_deinit+0x1e>
10003d8a:	2200      	movs	r2, #0
10003d8c:	61da      	str	r2, [r3, #28]
10003d8e:	635a      	str	r2, [r3, #52]	@ 0x34
10003d90:	631a      	str	r2, [r3, #48]	@ 0x30
10003d92:	2200      	movs	r2, #0
10003d94:	621a      	str	r2, [r3, #32]
10003d96:	2001      	movs	r0, #1
10003d98:	4770      	bx	lr
10003d9a:	635a      	str	r2, [r3, #52]	@ 0x34
10003d9c:	631a      	str	r2, [r3, #48]	@ 0x30
10003d9e:	e7fa      	b.n	10003d96 <cdcd_deinit+0x1a>
10003da0:	2a00      	cmp	r2, #0
10003da2:	d0f8      	beq.n	10003d96 <cdcd_deinit+0x1a>
10003da4:	61d9      	str	r1, [r3, #28]
10003da6:	e7f4      	b.n	10003d92 <cdcd_deinit+0x16>
10003da8:	20001058 	.word	0x20001058

10003dac <cdcd_reset>:
10003dac:	b570      	push	{r4, r5, r6, lr}
10003dae:	2205      	movs	r2, #5
10003db0:	2100      	movs	r1, #0
10003db2:	480d      	ldr	r0, [pc, #52]	@ (10003de8 <cdcd_reset+0x3c>)
10003db4:	f7fe f88e 	bl	10001ed4 <__wrap_memset>
10003db8:	4d0c      	ldr	r5, [pc, #48]	@ (10003dec <cdcd_reset+0x40>)
10003dba:	782b      	ldrb	r3, [r5, #0]
10003dbc:	07da      	lsls	r2, r3, #31
10003dbe:	d507      	bpl.n	10003dd0 <cdcd_reset+0x24>
10003dc0:	4c0b      	ldr	r4, [pc, #44]	@ (10003df0 <cdcd_reset+0x44>)
10003dc2:	079b      	lsls	r3, r3, #30
10003dc4:	d50c      	bpl.n	10003de0 <cdcd_reset+0x34>
10003dc6:	2101      	movs	r1, #1
10003dc8:	0020      	movs	r0, r4
10003dca:	f000 fc6d 	bl	100046a8 <tu_fifo_set_overwritable>
10003dce:	bd70      	pop	{r4, r5, r6, pc}
10003dd0:	4805      	ldr	r0, [pc, #20]	@ (10003de8 <cdcd_reset+0x3c>)
10003dd2:	3010      	adds	r0, #16
10003dd4:	f000 fc48 	bl	10004668 <tu_fifo_clear>
10003dd8:	782b      	ldrb	r3, [r5, #0]
10003dda:	4c05      	ldr	r4, [pc, #20]	@ (10003df0 <cdcd_reset+0x44>)
10003ddc:	079b      	lsls	r3, r3, #30
10003dde:	d4f2      	bmi.n	10003dc6 <cdcd_reset+0x1a>
10003de0:	0020      	movs	r0, r4
10003de2:	f000 fc41 	bl	10004668 <tu_fifo_clear>
10003de6:	e7ee      	b.n	10003dc6 <cdcd_reset+0x1a>
10003de8:	20001058 	.word	0x20001058
10003dec:	2000152c 	.word	0x2000152c
10003df0:	2000107c 	.word	0x2000107c

10003df4 <cdcd_open>:
10003df4:	b5f0      	push	{r4, r5, r6, r7, lr}
10003df6:	794b      	ldrb	r3, [r1, #5]
10003df8:	0007      	movs	r7, r0
10003dfa:	b083      	sub	sp, #12
10003dfc:	2b02      	cmp	r3, #2
10003dfe:	d102      	bne.n	10003e06 <cdcd_open+0x12>
10003e00:	798b      	ldrb	r3, [r1, #6]
10003e02:	2b02      	cmp	r3, #2
10003e04:	d003      	beq.n	10003e0e <cdcd_open+0x1a>
10003e06:	2400      	movs	r4, #0
10003e08:	0020      	movs	r0, r4
10003e0a:	b003      	add	sp, #12
10003e0c:	bdf0      	pop	{r4, r5, r6, r7, pc}
10003e0e:	4b21      	ldr	r3, [pc, #132]	@ (10003e94 <cdcd_open+0xa0>)
10003e10:	001e      	movs	r6, r3
10003e12:	789b      	ldrb	r3, [r3, #2]
10003e14:	2b00      	cmp	r3, #0
10003e16:	d1f6      	bne.n	10003e06 <cdcd_open+0x12>
10003e18:	788b      	ldrb	r3, [r1, #2]
10003e1a:	2409      	movs	r4, #9
10003e1c:	7033      	strb	r3, [r6, #0]
10003e1e:	780d      	ldrb	r5, [r1, #0]
10003e20:	194d      	adds	r5, r1, r5
10003e22:	786b      	ldrb	r3, [r5, #1]
10003e24:	2b24      	cmp	r3, #36	@ 0x24
10003e26:	d007      	beq.n	10003e38 <cdcd_open+0x44>
10003e28:	e00c      	b.n	10003e44 <cdcd_open+0x50>
10003e2a:	782b      	ldrb	r3, [r5, #0]
10003e2c:	18ed      	adds	r5, r5, r3
10003e2e:	191c      	adds	r4, r3, r4
10003e30:	786b      	ldrb	r3, [r5, #1]
10003e32:	b2a4      	uxth	r4, r4
10003e34:	2b24      	cmp	r3, #36	@ 0x24
10003e36:	d105      	bne.n	10003e44 <cdcd_open+0x50>
10003e38:	42a2      	cmp	r2, r4
10003e3a:	d2f6      	bcs.n	10003e2a <cdcd_open+0x36>
10003e3c:	2000      	movs	r0, #0
10003e3e:	f7ff fe65 	bl	10003b0c <_prep_out_transaction.isra.0>
10003e42:	e7e1      	b.n	10003e08 <cdcd_open+0x14>
10003e44:	001a      	movs	r2, r3
10003e46:	2b05      	cmp	r3, #5
10003e48:	d015      	beq.n	10003e76 <cdcd_open+0x82>
10003e4a:	2a04      	cmp	r2, #4
10003e4c:	d1f6      	bne.n	10003e3c <cdcd_open+0x48>
10003e4e:	796b      	ldrb	r3, [r5, #5]
10003e50:	2b0a      	cmp	r3, #10
10003e52:	d1f3      	bne.n	10003e3c <cdcd_open+0x48>
10003e54:	4b10      	ldr	r3, [pc, #64]	@ (10003e98 <cdcd_open+0xa4>)
10003e56:	782e      	ldrb	r6, [r5, #0]
10003e58:	9301      	str	r3, [sp, #4]
10003e5a:	3301      	adds	r3, #1
10003e5c:	9300      	str	r3, [sp, #0]
10003e5e:	0038      	movs	r0, r7
10003e60:	2302      	movs	r3, #2
10003e62:	19a9      	adds	r1, r5, r6
10003e64:	3a02      	subs	r2, #2
10003e66:	f7ff fca3 	bl	100037b0 <usbd_open_edpt_pair>
10003e6a:	2800      	cmp	r0, #0
10003e6c:	d0cb      	beq.n	10003e06 <cdcd_open+0x12>
10003e6e:	340e      	adds	r4, #14
10003e70:	19a4      	adds	r4, r4, r6
10003e72:	b2a4      	uxth	r4, r4
10003e74:	e7e2      	b.n	10003e3c <cdcd_open+0x48>
10003e76:	0029      	movs	r1, r5
10003e78:	0038      	movs	r0, r7
10003e7a:	f7ff fce5 	bl	10003848 <usbd_edpt_open>
10003e7e:	2800      	cmp	r0, #0
10003e80:	d0c1      	beq.n	10003e06 <cdcd_open+0x12>
10003e82:	78ab      	ldrb	r3, [r5, #2]
10003e84:	7073      	strb	r3, [r6, #1]
10003e86:	782b      	ldrb	r3, [r5, #0]
10003e88:	191c      	adds	r4, r3, r4
10003e8a:	18ed      	adds	r5, r5, r3
10003e8c:	786a      	ldrb	r2, [r5, #1]
10003e8e:	b2a4      	uxth	r4, r4
10003e90:	e7db      	b.n	10003e4a <cdcd_open+0x56>
10003e92:	46c0      	nop			@ (mov r8, r8)
10003e94:	20001058 	.word	0x20001058
10003e98:	2000105a 	.word	0x2000105a

10003e9c <cdcd_control_xfer_cb>:
10003e9c:	2360      	movs	r3, #96	@ 0x60
10003e9e:	468c      	mov	ip, r1
10003ea0:	0011      	movs	r1, r2
10003ea2:	7812      	ldrb	r2, [r2, #0]
10003ea4:	b570      	push	{r4, r5, r6, lr}
10003ea6:	4013      	ands	r3, r2
10003ea8:	2200      	movs	r2, #0
10003eaa:	2b20      	cmp	r3, #32
10003eac:	d108      	bne.n	10003ec0 <cdcd_control_xfer_cb+0x24>
10003eae:	4c32      	ldr	r4, [pc, #200]	@ (10003f78 <cdcd_control_xfer_cb+0xdc>)
10003eb0:	794b      	ldrb	r3, [r1, #5]
10003eb2:	0026      	movs	r6, r4
10003eb4:	790d      	ldrb	r5, [r1, #4]
10003eb6:	7824      	ldrb	r4, [r4, #0]
10003eb8:	021b      	lsls	r3, r3, #8
10003eba:	432b      	orrs	r3, r5
10003ebc:	429c      	cmp	r4, r3
10003ebe:	d001      	beq.n	10003ec4 <cdcd_control_xfer_cb+0x28>
10003ec0:	0010      	movs	r0, r2
10003ec2:	bd70      	pop	{r4, r5, r6, pc}
10003ec4:	784b      	ldrb	r3, [r1, #1]
10003ec6:	2b22      	cmp	r3, #34	@ 0x22
10003ec8:	d01c      	beq.n	10003f04 <cdcd_control_xfer_cb+0x68>
10003eca:	d808      	bhi.n	10003ede <cdcd_control_xfer_cb+0x42>
10003ecc:	2b20      	cmp	r3, #32
10003ece:	d039      	beq.n	10003f44 <cdcd_control_xfer_cb+0xa8>
10003ed0:	2b21      	cmp	r3, #33	@ 0x21
10003ed2:	d1f5      	bne.n	10003ec0 <cdcd_control_xfer_cb+0x24>
10003ed4:	4663      	mov	r3, ip
10003ed6:	2b01      	cmp	r3, #1
10003ed8:	d043      	beq.n	10003f62 <cdcd_control_xfer_cb+0xc6>
10003eda:	2201      	movs	r2, #1
10003edc:	e7f0      	b.n	10003ec0 <cdcd_control_xfer_cb+0x24>
10003ede:	2b23      	cmp	r3, #35	@ 0x23
10003ee0:	d1ee      	bne.n	10003ec0 <cdcd_control_xfer_cb+0x24>
10003ee2:	4663      	mov	r3, ip
10003ee4:	2b01      	cmp	r3, #1
10003ee6:	d042      	beq.n	10003f6e <cdcd_control_xfer_cb+0xd2>
10003ee8:	2b03      	cmp	r3, #3
10003eea:	d1f6      	bne.n	10003eda <cdcd_control_xfer_cb+0x3e>
10003eec:	4b23      	ldr	r3, [pc, #140]	@ (10003f7c <cdcd_control_xfer_cb+0xe0>)
10003eee:	2b00      	cmp	r3, #0
10003ef0:	d0f3      	beq.n	10003eda <cdcd_control_xfer_cb+0x3e>
10003ef2:	788b      	ldrb	r3, [r1, #2]
10003ef4:	78c9      	ldrb	r1, [r1, #3]
10003ef6:	2000      	movs	r0, #0
10003ef8:	0209      	lsls	r1, r1, #8
10003efa:	4319      	orrs	r1, r3
10003efc:	e000      	b.n	10003f00 <cdcd_control_xfer_cb+0x64>
10003efe:	bf00      	nop
10003f00:	2201      	movs	r2, #1
10003f02:	e7dd      	b.n	10003ec0 <cdcd_control_xfer_cb+0x24>
10003f04:	4663      	mov	r3, ip
10003f06:	2b01      	cmp	r3, #1
10003f08:	d031      	beq.n	10003f6e <cdcd_control_xfer_cb+0xd2>
10003f0a:	2b03      	cmp	r3, #3
10003f0c:	d1e5      	bne.n	10003eda <cdcd_control_xfer_cb+0x3e>
10003f0e:	2501      	movs	r5, #1
10003f10:	78cb      	ldrb	r3, [r1, #3]
10003f12:	788a      	ldrb	r2, [r1, #2]
10003f14:	021b      	lsls	r3, r3, #8
10003f16:	4313      	orrs	r3, r2
10003f18:	001c      	movs	r4, r3
10003f1a:	401d      	ands	r5, r3
10003f1c:	0033      	movs	r3, r6
10003f1e:	2101      	movs	r1, #1
10003f20:	3324      	adds	r3, #36	@ 0x24
10003f22:	0018      	movs	r0, r3
10003f24:	4069      	eors	r1, r5
10003f26:	7134      	strb	r4, [r6, #4]
10003f28:	f000 fbbe 	bl	100046a8 <tu_fifo_set_overwritable>
10003f2c:	4b14      	ldr	r3, [pc, #80]	@ (10003f80 <cdcd_control_xfer_cb+0xe4>)
10003f2e:	2b00      	cmp	r3, #0
10003f30:	d0d3      	beq.n	10003eda <cdcd_control_xfer_cb+0x3e>
10003f32:	2301      	movs	r3, #1
10003f34:	0862      	lsrs	r2, r4, #1
10003f36:	401a      	ands	r2, r3
10003f38:	0029      	movs	r1, r5
10003f3a:	2000      	movs	r0, #0
10003f3c:	e000      	b.n	10003f40 <cdcd_control_xfer_cb+0xa4>
10003f3e:	bf00      	nop
10003f40:	2201      	movs	r2, #1
10003f42:	e7bd      	b.n	10003ec0 <cdcd_control_xfer_cb+0x24>
10003f44:	4663      	mov	r3, ip
10003f46:	2b01      	cmp	r3, #1
10003f48:	d00b      	beq.n	10003f62 <cdcd_control_xfer_cb+0xc6>
10003f4a:	2b03      	cmp	r3, #3
10003f4c:	d1c5      	bne.n	10003eda <cdcd_control_xfer_cb+0x3e>
10003f4e:	4b0d      	ldr	r3, [pc, #52]	@ (10003f84 <cdcd_control_xfer_cb+0xe8>)
10003f50:	2b00      	cmp	r3, #0
10003f52:	d0c2      	beq.n	10003eda <cdcd_control_xfer_cb+0x3e>
10003f54:	0031      	movs	r1, r6
10003f56:	2000      	movs	r0, #0
10003f58:	3108      	adds	r1, #8
10003f5a:	f7fe fe15 	bl	10002b88 <tud_cdc_line_coding_cb>
10003f5e:	2201      	movs	r2, #1
10003f60:	e7ae      	b.n	10003ec0 <cdcd_control_xfer_cb+0x24>
10003f62:	4a09      	ldr	r2, [pc, #36]	@ (10003f88 <cdcd_control_xfer_cb+0xec>)
10003f64:	2307      	movs	r3, #7
10003f66:	f7ff fcef 	bl	10003948 <tud_control_xfer>
10003f6a:	2201      	movs	r2, #1
10003f6c:	e7a8      	b.n	10003ec0 <cdcd_control_xfer_cb+0x24>
10003f6e:	f7ff fcd5 	bl	1000391c <tud_control_status>
10003f72:	2201      	movs	r2, #1
10003f74:	e7a4      	b.n	10003ec0 <cdcd_control_xfer_cb+0x24>
10003f76:	46c0      	nop			@ (mov r8, r8)
10003f78:	20001058 	.word	0x20001058
	...
10003f84:	10002b89 	.word	0x10002b89
10003f88:	20001060 	.word	0x20001060

10003f8c <cdcd_xfer_cb>:
10003f8c:	b5f8      	push	{r3, r4, r5, r6, r7, lr}
10003f8e:	4647      	mov	r7, r8
10003f90:	46ce      	mov	lr, r9
10003f92:	b580      	push	{r7, lr}
10003f94:	4c34      	ldr	r4, [pc, #208]	@ (10004068 <cdcd_xfer_cb+0xdc>)
10003f96:	001f      	movs	r7, r3
10003f98:	78e3      	ldrb	r3, [r4, #3]
10003f9a:	4680      	mov	r8, r0
10003f9c:	000d      	movs	r5, r1
10003f9e:	428b      	cmp	r3, r1
10003fa0:	d03b      	beq.n	1000401a <cdcd_xfer_cb+0x8e>
10003fa2:	78a3      	ldrb	r3, [r4, #2]
10003fa4:	2000      	movs	r0, #0
10003fa6:	428b      	cmp	r3, r1
10003fa8:	d011      	beq.n	10003fce <cdcd_xfer_cb+0x42>
10003faa:	bcc0      	pop	{r6, r7}
10003fac:	46b9      	mov	r9, r7
10003fae:	46b0      	mov	r8, r6
10003fb0:	bdf8      	pop	{r3, r4, r5, r6, r7, pc}
10003fb2:	4b2e      	ldr	r3, [pc, #184]	@ (1000406c <cdcd_xfer_cb+0xe0>)
10003fb4:	2b00      	cmp	r3, #0
10003fb6:	d004      	beq.n	10003fc2 <cdcd_xfer_cb+0x36>
10003fb8:	482d      	ldr	r0, [pc, #180]	@ (10004070 <cdcd_xfer_cb+0xe4>)
10003fba:	f000 f96d 	bl	10004298 <tu_fifo_empty>
10003fbe:	2800      	cmp	r0, #0
10003fc0:	d04f      	beq.n	10004062 <cdcd_xfer_cb+0xd6>
10003fc2:	2000      	movs	r0, #0
10003fc4:	f7ff fda2 	bl	10003b0c <_prep_out_transaction.isra.0>
10003fc8:	78a3      	ldrb	r3, [r4, #2]
10003fca:	42ab      	cmp	r3, r5
10003fcc:	d10a      	bne.n	10003fe4 <cdcd_xfer_cb+0x58>
10003fce:	4b29      	ldr	r3, [pc, #164]	@ (10004074 <cdcd_xfer_cb+0xe8>)
10003fd0:	2b00      	cmp	r3, #0
10003fd2:	d002      	beq.n	10003fda <cdcd_xfer_cb+0x4e>
10003fd4:	2000      	movs	r0, #0
10003fd6:	e000      	b.n	10003fda <cdcd_xfer_cb+0x4e>
10003fd8:	bf00      	nop
10003fda:	2000      	movs	r0, #0
10003fdc:	f7ff fe30 	bl	10003c40 <tud_cdc_n_write_flush>
10003fe0:	2800      	cmp	r0, #0
10003fe2:	d001      	beq.n	10003fe8 <cdcd_xfer_cb+0x5c>
10003fe4:	2001      	movs	r0, #1
10003fe6:	e7e0      	b.n	10003faa <cdcd_xfer_cb+0x1e>
10003fe8:	4c23      	ldr	r4, [pc, #140]	@ (10004078 <cdcd_xfer_cb+0xec>)
10003fea:	0020      	movs	r0, r4
10003fec:	f000 f93e 	bl	1000426c <tu_fifo_count>
10003ff0:	2800      	cmp	r0, #0
10003ff2:	d1f7      	bne.n	10003fe4 <cdcd_xfer_cb+0x58>
10003ff4:	2f00      	cmp	r7, #0
10003ff6:	d0f5      	beq.n	10003fe4 <cdcd_xfer_cb+0x58>
10003ff8:	06bb      	lsls	r3, r7, #26
10003ffa:	d1f3      	bne.n	10003fe4 <cdcd_xfer_cb+0x58>
10003ffc:	3c24      	subs	r4, #36	@ 0x24
10003ffe:	4640      	mov	r0, r8
10004000:	78a1      	ldrb	r1, [r4, #2]
10004002:	f7ff fc3b 	bl	1000387c <usbd_edpt_claim>
10004006:	2800      	cmp	r0, #0
10004008:	d0ec      	beq.n	10003fe4 <cdcd_xfer_cb+0x58>
1000400a:	2300      	movs	r3, #0
1000400c:	2200      	movs	r2, #0
1000400e:	4640      	mov	r0, r8
10004010:	78a1      	ldrb	r1, [r4, #2]
10004012:	f7ff fc5b 	bl	100038cc <usbd_edpt_xfer>
10004016:	2001      	movs	r0, #1
10004018:	e7c7      	b.n	10003faa <cdcd_xfer_cb+0x1e>
1000401a:	4e18      	ldr	r6, [pc, #96]	@ (1000407c <cdcd_xfer_cb+0xf0>)
1000401c:	4814      	ldr	r0, [pc, #80]	@ (10004070 <cdcd_xfer_cb+0xe4>)
1000401e:	0031      	movs	r1, r6
10004020:	b2ba      	uxth	r2, r7
10004022:	f000 fa6d 	bl	10004500 <tu_fifo_write_n>
10004026:	4b16      	ldr	r3, [pc, #88]	@ (10004080 <cdcd_xfer_cb+0xf4>)
10004028:	2b00      	cmp	r3, #0
1000402a:	d0c2      	beq.n	10003fb2 <cdcd_xfer_cb+0x26>
1000402c:	7963      	ldrb	r3, [r4, #5]
1000402e:	2bff      	cmp	r3, #255	@ 0xff
10004030:	d0bf      	beq.n	10003fb2 <cdcd_xfer_cb+0x26>
10004032:	2f00      	cmp	r7, #0
10004034:	d0bd      	beq.n	10003fb2 <cdcd_xfer_cb+0x26>
10004036:	46bc      	mov	ip, r7
10004038:	44b4      	add	ip, r6
1000403a:	46e1      	mov	r9, ip
1000403c:	e003      	b.n	10004046 <cdcd_xfer_cb+0xba>
1000403e:	3601      	adds	r6, #1
10004040:	454e      	cmp	r6, r9
10004042:	d0b6      	beq.n	10003fb2 <cdcd_xfer_cb+0x26>
10004044:	7963      	ldrb	r3, [r4, #5]
10004046:	7832      	ldrb	r2, [r6, #0]
10004048:	429a      	cmp	r2, r3
1000404a:	d1f8      	bne.n	1000403e <cdcd_xfer_cb+0xb2>
1000404c:	4808      	ldr	r0, [pc, #32]	@ (10004070 <cdcd_xfer_cb+0xe4>)
1000404e:	f000 f923 	bl	10004298 <tu_fifo_empty>
10004052:	2800      	cmp	r0, #0
10004054:	d1f3      	bne.n	1000403e <cdcd_xfer_cb+0xb2>
10004056:	4b06      	ldr	r3, [pc, #24]	@ (10004070 <cdcd_xfer_cb+0xe4>)
10004058:	3b10      	subs	r3, #16
1000405a:	7959      	ldrb	r1, [r3, #5]
1000405c:	e000      	b.n	10004060 <cdcd_xfer_cb+0xd4>
1000405e:	bf00      	nop
10004060:	e7ed      	b.n	1000403e <cdcd_xfer_cb+0xb2>
10004062:	e000      	b.n	10004066 <cdcd_xfer_cb+0xda>
10004064:	bf00      	nop
10004066:	e7ac      	b.n	10003fc2 <cdcd_xfer_cb+0x36>
10004068:	20001058 	.word	0x20001058
1000406c:	00000000 	.word	0x00000000
10004070:	20001068 	.word	0x20001068
10004074:	00000000 	.word	0x00000000
10004078:	2000107c 	.word	0x2000107c
1000407c:	200014ac 	.word	0x200014ac
10004080:	00000000 	.word	0x00000000

10004084 <tusb_rhport_init>:
10004084:	b500      	push	{lr}
10004086:	0003      	movs	r3, r0
10004088:	b083      	sub	sp, #12
1000408a:	2900      	cmp	r1, #0
1000408c:	d010      	beq.n	100040b0 <tusb_rhport_init+0x2c>
1000408e:	2000      	movs	r0, #0
10004090:	2b01      	cmp	r3, #1
10004092:	d807      	bhi.n	100040a4 <tusb_rhport_init+0x20>
10004094:	780a      	ldrb	r2, [r1, #0]
10004096:	2a00      	cmp	r2, #0
10004098:	d004      	beq.n	100040a4 <tusb_rhport_init+0x20>
1000409a:	480c      	ldr	r0, [pc, #48]	@ (100040cc <tusb_rhport_init+0x48>)
1000409c:	54c2      	strb	r2, [r0, r3]
1000409e:	2001      	movs	r0, #1
100040a0:	2a01      	cmp	r2, #1
100040a2:	d001      	beq.n	100040a8 <tusb_rhport_init+0x24>
100040a4:	b003      	add	sp, #12
100040a6:	bd00      	pop	{pc}
100040a8:	0018      	movs	r0, r3
100040aa:	f7fe ff21 	bl	10002ef0 <tud_rhport_init>
100040ae:	e7f9      	b.n	100040a4 <tusb_rhport_init+0x20>
100040b0:	2301      	movs	r3, #1
100040b2:	466a      	mov	r2, sp
100040b4:	2000      	movs	r0, #0
100040b6:	a901      	add	r1, sp, #4
100040b8:	8093      	strh	r3, [r2, #4]
100040ba:	f7fe ff19 	bl	10002ef0 <tud_rhport_init>
100040be:	2800      	cmp	r0, #0
100040c0:	d0f0      	beq.n	100040a4 <tusb_rhport_init+0x20>
100040c2:	2201      	movs	r2, #1
100040c4:	4b01      	ldr	r3, [pc, #4]	@ (100040cc <tusb_rhport_init+0x48>)
100040c6:	701a      	strb	r2, [r3, #0]
100040c8:	e7ec      	b.n	100040a4 <tusb_rhport_init+0x20>
100040ca:	46c0      	nop			@ (mov r8, r8)
100040cc:	20001584 	.word	0x20001584

100040d0 <tu_edpt_claim>:
100040d0:	b570      	push	{r4, r5, r6, lr}
100040d2:	0004      	movs	r4, r0
100040d4:	7823      	ldrb	r3, [r4, #0]
100040d6:	0008      	movs	r0, r1
100040d8:	07db      	lsls	r3, r3, #31
100040da:	000e      	movs	r6, r1
100040dc:	0fdd      	lsrs	r5, r3, #31
100040de:	2b00      	cmp	r3, #0
100040e0:	d116      	bne.n	10004110 <tu_edpt_claim+0x40>
100040e2:	7823      	ldrb	r3, [r4, #0]
100040e4:	075b      	lsls	r3, r3, #29
100040e6:	d501      	bpl.n	100040ec <tu_edpt_claim+0x1c>
100040e8:	0028      	movs	r0, r5
100040ea:	bd70      	pop	{r4, r5, r6, pc}
100040ec:	2101      	movs	r1, #1
100040ee:	4249      	negs	r1, r1
100040f0:	f000 fc6e 	bl	100049d0 <__mutex_enter_timeout_ms_veneer>
100040f4:	7823      	ldrb	r3, [r4, #0]
100040f6:	07db      	lsls	r3, r3, #31
100040f8:	0fdd      	lsrs	r5, r3, #31
100040fa:	2b00      	cmp	r3, #0
100040fc:	d10a      	bne.n	10004114 <tu_edpt_claim+0x44>
100040fe:	7823      	ldrb	r3, [r4, #0]
10004100:	075b      	lsls	r3, r3, #29
10004102:	d408      	bmi.n	10004116 <tu_edpt_claim+0x46>
10004104:	2204      	movs	r2, #4
10004106:	7823      	ldrb	r3, [r4, #0]
10004108:	2501      	movs	r5, #1
1000410a:	4313      	orrs	r3, r2
1000410c:	7023      	strb	r3, [r4, #0]
1000410e:	e002      	b.n	10004116 <tu_edpt_claim+0x46>
10004110:	2500      	movs	r5, #0
10004112:	e7e9      	b.n	100040e8 <tu_edpt_claim+0x18>
10004114:	2500      	movs	r5, #0
10004116:	0030      	movs	r0, r6
10004118:	f000 fc32 	bl	10004980 <__mutex_exit_veneer>
1000411c:	e7e4      	b.n	100040e8 <tu_edpt_claim+0x18>
1000411e:	46c0      	nop			@ (mov r8, r8)

10004120 <tu_edpt_release>:
10004120:	b570      	push	{r4, r5, r6, lr}
10004122:	000d      	movs	r5, r1
10004124:	2101      	movs	r1, #1
10004126:	0004      	movs	r4, r0
10004128:	4249      	negs	r1, r1
1000412a:	0028      	movs	r0, r5
1000412c:	f000 fc50 	bl	100049d0 <__mutex_enter_timeout_ms_veneer>
10004130:	7823      	ldrb	r3, [r4, #0]
10004132:	075b      	lsls	r3, r3, #29
10004134:	0fde      	lsrs	r6, r3, #31
10004136:	2b00      	cmp	r3, #0
10004138:	db04      	blt.n	10004144 <tu_edpt_release+0x24>
1000413a:	0028      	movs	r0, r5
1000413c:	f000 fc20 	bl	10004980 <__mutex_exit_veneer>
10004140:	0030      	movs	r0, r6
10004142:	bd70      	pop	{r4, r5, r6, pc}
10004144:	7823      	ldrb	r3, [r4, #0]
10004146:	07db      	lsls	r3, r3, #31
10004148:	d404      	bmi.n	10004154 <tu_edpt_release+0x34>
1000414a:	2204      	movs	r2, #4
1000414c:	7823      	ldrb	r3, [r4, #0]
1000414e:	4393      	bics	r3, r2
10004150:	7023      	strb	r3, [r4, #0]
10004152:	e7f2      	b.n	1000413a <tu_edpt_release+0x1a>
10004154:	2600      	movs	r6, #0
10004156:	e7f0      	b.n	1000413a <tu_edpt_release+0x1a>

10004158 <tu_edpt_validate>:
10004158:	7943      	ldrb	r3, [r0, #5]
1000415a:	7902      	ldrb	r2, [r0, #4]
1000415c:	021b      	lsls	r3, r3, #8
1000415e:	4313      	orrs	r3, r2
10004160:	78c2      	ldrb	r2, [r0, #3]
10004162:	055b      	lsls	r3, r3, #21
10004164:	0792      	lsls	r2, r2, #30
10004166:	0d5b      	lsrs	r3, r3, #21
10004168:	0f92      	lsrs	r2, r2, #30
1000416a:	2a02      	cmp	r2, #2
1000416c:	d01a      	beq.n	100041a4 <tu_edpt_validate+0x4c>
1000416e:	2a03      	cmp	r2, #3
10004170:	d00b      	beq.n	1000418a <tu_edpt_validate+0x32>
10004172:	2000      	movs	r0, #0
10004174:	2a01      	cmp	r2, #1
10004176:	d107      	bne.n	10004188 <tu_edpt_validate+0x30>
10004178:	3902      	subs	r1, #2
1000417a:	424a      	negs	r2, r1
1000417c:	4151      	adcs	r1, r2
1000417e:	4a10      	ldr	r2, [pc, #64]	@ (100041c0 <tu_edpt_validate+0x68>)
10004180:	1889      	adds	r1, r1, r2
10004182:	4299      	cmp	r1, r3
10004184:	4140      	adcs	r0, r0
10004186:	b2c0      	uxtb	r0, r0
10004188:	4770      	bx	lr
1000418a:	3902      	subs	r1, #2
1000418c:	1e4a      	subs	r2, r1, #1
1000418e:	4191      	sbcs	r1, r2
10004190:	4a0c      	ldr	r2, [pc, #48]	@ (100041c4 <tu_edpt_validate+0x6c>)
10004192:	4249      	negs	r1, r1
10004194:	4011      	ands	r1, r2
10004196:	2280      	movs	r2, #128	@ 0x80
10004198:	2000      	movs	r0, #0
1000419a:	00d2      	lsls	r2, r2, #3
1000419c:	1889      	adds	r1, r1, r2
1000419e:	4299      	cmp	r1, r3
100041a0:	4140      	adcs	r0, r0
100041a2:	e7f1      	b.n	10004188 <tu_edpt_validate+0x30>
100041a4:	2902      	cmp	r1, #2
100041a6:	d004      	beq.n	100041b2 <tu_edpt_validate+0x5a>
100041a8:	2000      	movs	r0, #0
100041aa:	2240      	movs	r2, #64	@ 0x40
100041ac:	429a      	cmp	r2, r3
100041ae:	4140      	adcs	r0, r0
100041b0:	e7ea      	b.n	10004188 <tu_edpt_validate+0x30>
100041b2:	4a05      	ldr	r2, [pc, #20]	@ (100041c8 <tu_edpt_validate+0x70>)
100041b4:	1898      	adds	r0, r3, r2
100041b6:	4243      	negs	r3, r0
100041b8:	4158      	adcs	r0, r3
100041ba:	b2c0      	uxtb	r0, r0
100041bc:	e7e4      	b.n	10004188 <tu_edpt_validate+0x30>
100041be:	46c0      	nop			@ (mov r8, r8)
100041c0:	000003ff 	.word	0x000003ff
100041c4:	fffffc40 	.word	0xfffffc40
100041c8:	fffffe00 	.word	0xfffffe00

100041cc <tu_edpt_bind_driver>:
100041cc:	4684      	mov	ip, r0
100041ce:	1888      	adds	r0, r1, r2
100041d0:	b530      	push	{r4, r5, lr}
100041d2:	001c      	movs	r4, r3
100041d4:	4281      	cmp	r1, r0
100041d6:	d206      	bcs.n	100041e6 <tu_edpt_bind_driver+0x1a>
100041d8:	784a      	ldrb	r2, [r1, #1]
100041da:	2a05      	cmp	r2, #5
100041dc:	d004      	beq.n	100041e8 <tu_edpt_bind_driver+0x1c>
100041de:	780a      	ldrb	r2, [r1, #0]
100041e0:	1889      	adds	r1, r1, r2
100041e2:	4288      	cmp	r0, r1
100041e4:	d8f8      	bhi.n	100041d8 <tu_edpt_bind_driver+0xc>
100041e6:	bd30      	pop	{r4, r5, pc}
100041e8:	227f      	movs	r2, #127	@ 0x7f
100041ea:	788b      	ldrb	r3, [r1, #2]
100041ec:	401a      	ands	r2, r3
100041ee:	0052      	lsls	r2, r2, #1
100041f0:	4462      	add	r2, ip
100041f2:	09db      	lsrs	r3, r3, #7
100041f4:	54d4      	strb	r4, [r2, r3]
100041f6:	780a      	ldrb	r2, [r1, #0]
100041f8:	1889      	adds	r1, r1, r2
100041fa:	4288      	cmp	r0, r1
100041fc:	d8ec      	bhi.n	100041d8 <tu_edpt_bind_driver+0xc>
100041fe:	e7f2      	b.n	100041e6 <tu_edpt_bind_driver+0x1a>

10004200 <tu_fifo_config>:
10004200:	b5f0      	push	{r4, r5, r6, r7, lr}
10004202:	46c6      	mov	lr, r8
10004204:	b500      	push	{lr}
10004206:	4698      	mov	r8, r3
10004208:	466b      	mov	r3, sp
1000420a:	7e1e      	ldrb	r6, [r3, #24]
1000420c:	2380      	movs	r3, #128	@ 0x80
1000420e:	0004      	movs	r4, r0
10004210:	000f      	movs	r7, r1
10004212:	0015      	movs	r5, r2
10004214:	021b      	lsls	r3, r3, #8
10004216:	429a      	cmp	r2, r3
10004218:	d826      	bhi.n	10004268 <tu_fifo_config+0x68>
1000421a:	68c0      	ldr	r0, [r0, #12]
1000421c:	2800      	cmp	r0, #0
1000421e:	d003      	beq.n	10004228 <tu_fifo_config+0x28>
10004220:	2101      	movs	r1, #1
10004222:	4249      	negs	r1, r1
10004224:	f000 fbd4 	bl	100049d0 <__mutex_enter_timeout_ms_veneer>
10004228:	6920      	ldr	r0, [r4, #16]
1000422a:	2800      	cmp	r0, #0
1000422c:	d003      	beq.n	10004236 <tu_fifo_config+0x36>
1000422e:	2101      	movs	r1, #1
10004230:	4249      	negs	r1, r1
10004232:	f000 fbcd 	bl	100049d0 <__mutex_enter_timeout_ms_veneer>
10004236:	4642      	mov	r2, r8
10004238:	0452      	lsls	r2, r2, #17
1000423a:	03f3      	lsls	r3, r6, #15
1000423c:	0c52      	lsrs	r2, r2, #17
1000423e:	4313      	orrs	r3, r2
10004240:	80e3      	strh	r3, [r4, #6]
10004242:	2300      	movs	r3, #0
10004244:	68e0      	ldr	r0, [r4, #12]
10004246:	8163      	strh	r3, [r4, #10]
10004248:	6027      	str	r7, [r4, #0]
1000424a:	80a5      	strh	r5, [r4, #4]
1000424c:	8123      	strh	r3, [r4, #8]
1000424e:	2800      	cmp	r0, #0
10004250:	d001      	beq.n	10004256 <tu_fifo_config+0x56>
10004252:	f000 fb95 	bl	10004980 <__mutex_exit_veneer>
10004256:	6920      	ldr	r0, [r4, #16]
10004258:	2800      	cmp	r0, #0
1000425a:	d001      	beq.n	10004260 <tu_fifo_config+0x60>
1000425c:	f000 fb90 	bl	10004980 <__mutex_exit_veneer>
10004260:	2001      	movs	r0, #1
10004262:	bc80      	pop	{r7}
10004264:	46b8      	mov	r8, r7
10004266:	bdf0      	pop	{r4, r5, r6, r7, pc}
10004268:	2000      	movs	r0, #0
1000426a:	e7fa      	b.n	10004262 <tu_fifo_config+0x62>

1000426c <tu_fifo_count>:
1000426c:	8903      	ldrh	r3, [r0, #8]
1000426e:	8941      	ldrh	r1, [r0, #10]
10004270:	469c      	mov	ip, r3
10004272:	8882      	ldrh	r2, [r0, #4]
10004274:	b29b      	uxth	r3, r3
10004276:	b288      	uxth	r0, r1
10004278:	458c      	cmp	ip, r1
1000427a:	d307      	bcc.n	1000428c <tu_fifo_count+0x20>
1000427c:	1a1b      	subs	r3, r3, r0
1000427e:	b29b      	uxth	r3, r3
10004280:	1c10      	adds	r0, r2, #0
10004282:	429a      	cmp	r2, r3
10004284:	d900      	bls.n	10004288 <tu_fifo_count+0x1c>
10004286:	1c18      	adds	r0, r3, #0
10004288:	b280      	uxth	r0, r0
1000428a:	4770      	bx	lr
1000428c:	0051      	lsls	r1, r2, #1
1000428e:	1a09      	subs	r1, r1, r0
10004290:	185b      	adds	r3, r3, r1
10004292:	b29b      	uxth	r3, r3
10004294:	e7f4      	b.n	10004280 <tu_fifo_count+0x14>
10004296:	46c0      	nop			@ (mov r8, r8)

10004298 <tu_fifo_empty>:
10004298:	8903      	ldrh	r3, [r0, #8]
1000429a:	8940      	ldrh	r0, [r0, #10]
1000429c:	1a18      	subs	r0, r3, r0
1000429e:	4243      	negs	r3, r0
100042a0:	4158      	adcs	r0, r3
100042a2:	b2c0      	uxtb	r0, r0
100042a4:	4770      	bx	lr
100042a6:	46c0      	nop			@ (mov r8, r8)

100042a8 <tu_fifo_remaining>:
100042a8:	8903      	ldrh	r3, [r0, #8]
100042aa:	8941      	ldrh	r1, [r0, #10]
100042ac:	469c      	mov	ip, r3
100042ae:	8882      	ldrh	r2, [r0, #4]
100042b0:	b29b      	uxth	r3, r3
100042b2:	b288      	uxth	r0, r1
100042b4:	458c      	cmp	ip, r1
100042b6:	d307      	bcc.n	100042c8 <tu_fifo_remaining+0x20>
100042b8:	1a1b      	subs	r3, r3, r0
100042ba:	b29b      	uxth	r3, r3
100042bc:	2000      	movs	r0, #0
100042be:	429a      	cmp	r2, r3
100042c0:	d901      	bls.n	100042c6 <tu_fifo_remaining+0x1e>
100042c2:	1ad2      	subs	r2, r2, r3
100042c4:	b290      	uxth	r0, r2
100042c6:	4770      	bx	lr
100042c8:	0051      	lsls	r1, r2, #1
100042ca:	1a09      	subs	r1, r1, r0
100042cc:	185b      	adds	r3, r3, r1
100042ce:	b29b      	uxth	r3, r3
100042d0:	e7f4      	b.n	100042bc <tu_fifo_remaining+0x14>
100042d2:	46c0      	nop			@ (mov r8, r8)

100042d4 <tu_fifo_read>:
100042d4:	b570      	push	{r4, r5, r6, lr}
100042d6:	0004      	movs	r4, r0
100042d8:	6900      	ldr	r0, [r0, #16]
100042da:	000d      	movs	r5, r1
100042dc:	2800      	cmp	r0, #0
100042de:	d003      	beq.n	100042e8 <tu_fifo_read+0x14>
100042e0:	2101      	movs	r1, #1
100042e2:	4249      	negs	r1, r1
100042e4:	f000 fb74 	bl	100049d0 <__mutex_enter_timeout_ms_veneer>
100042e8:	8923      	ldrh	r3, [r4, #8]
100042ea:	8962      	ldrh	r2, [r4, #10]
100042ec:	469c      	mov	ip, r3
100042ee:	b298      	uxth	r0, r3
100042f0:	b291      	uxth	r1, r2
100042f2:	88a3      	ldrh	r3, [r4, #4]
100042f4:	4594      	cmp	ip, r2
100042f6:	d332      	bcc.n	1000435e <tu_fifo_read+0x8a>
100042f8:	1a42      	subs	r2, r0, r1
100042fa:	b292      	uxth	r2, r2
100042fc:	2a00      	cmp	r2, #0
100042fe:	d027      	beq.n	10004350 <tu_fifo_read+0x7c>
10004300:	4293      	cmp	r3, r2
10004302:	d208      	bcs.n	10004316 <tu_fifo_read+0x42>
10004304:	4298      	cmp	r0, r3
10004306:	d32f      	bcc.n	10004368 <tu_fifo_read+0x94>
10004308:	1ac0      	subs	r0, r0, r3
1000430a:	b281      	uxth	r1, r0
1000430c:	8161      	strh	r1, [r4, #10]
1000430e:	428b      	cmp	r3, r1
10004310:	d803      	bhi.n	1000431a <tu_fifo_read+0x46>
10004312:	1ac9      	subs	r1, r1, r3
10004314:	b289      	uxth	r1, r1
10004316:	428b      	cmp	r3, r1
10004318:	d9fb      	bls.n	10004312 <tu_fifo_read+0x3e>
1000431a:	88e2      	ldrh	r2, [r4, #6]
1000431c:	6823      	ldr	r3, [r4, #0]
1000431e:	0452      	lsls	r2, r2, #17
10004320:	0c52      	lsrs	r2, r2, #17
10004322:	4351      	muls	r1, r2
10004324:	0028      	movs	r0, r5
10004326:	1859      	adds	r1, r3, r1
10004328:	f7fd fdda 	bl	10001ee0 <__wrap___aeabi_memcpy>
1000432c:	8961      	ldrh	r1, [r4, #10]
1000432e:	2501      	movs	r5, #1
10004330:	1c4a      	adds	r2, r1, #1
10004332:	b292      	uxth	r2, r2
10004334:	88a3      	ldrh	r3, [r4, #4]
10004336:	4291      	cmp	r1, r2
10004338:	d90d      	bls.n	10004356 <tu_fifo_read+0x82>
1000433a:	2200      	movs	r2, #0
1000433c:	005b      	lsls	r3, r3, #1
1000433e:	1ad2      	subs	r2, r2, r3
10004340:	6920      	ldr	r0, [r4, #16]
10004342:	8162      	strh	r2, [r4, #10]
10004344:	2800      	cmp	r0, #0
10004346:	d001      	beq.n	1000434c <tu_fifo_read+0x78>
10004348:	f000 fb1a 	bl	10004980 <__mutex_exit_veneer>
1000434c:	0028      	movs	r0, r5
1000434e:	bd70      	pop	{r4, r5, r6, pc}
10004350:	2500      	movs	r5, #0
10004352:	8962      	ldrh	r2, [r4, #10]
10004354:	b292      	uxth	r2, r2
10004356:	005b      	lsls	r3, r3, #1
10004358:	429a      	cmp	r2, r3
1000435a:	dbf1      	blt.n	10004340 <tu_fifo_read+0x6c>
1000435c:	e7ef      	b.n	1000433e <tu_fifo_read+0x6a>
1000435e:	005a      	lsls	r2, r3, #1
10004360:	1a52      	subs	r2, r2, r1
10004362:	1882      	adds	r2, r0, r2
10004364:	b292      	uxth	r2, r2
10004366:	e7c9      	b.n	100042fc <tu_fifo_read+0x28>
10004368:	18c0      	adds	r0, r0, r3
1000436a:	b281      	uxth	r1, r0
1000436c:	8161      	strh	r1, [r4, #10]
1000436e:	e7ce      	b.n	1000430e <tu_fifo_read+0x3a>

10004370 <tu_fifo_read_n>:
10004370:	b5f0      	push	{r4, r5, r6, r7, lr}
10004372:	4646      	mov	r6, r8
10004374:	46d6      	mov	lr, sl
10004376:	464f      	mov	r7, r9
10004378:	b5c0      	push	{r6, r7, lr}
1000437a:	0006      	movs	r6, r0
1000437c:	6900      	ldr	r0, [r0, #16]
1000437e:	468a      	mov	sl, r1
10004380:	4690      	mov	r8, r2
10004382:	b082      	sub	sp, #8
10004384:	2800      	cmp	r0, #0
10004386:	d003      	beq.n	10004390 <tu_fifo_read_n+0x20>
10004388:	2101      	movs	r1, #1
1000438a:	4249      	negs	r1, r1
1000438c:	f000 fb20 	bl	100049d0 <__mutex_enter_timeout_ms_veneer>
10004390:	8931      	ldrh	r1, [r6, #8]
10004392:	8972      	ldrh	r2, [r6, #10]
10004394:	88b5      	ldrh	r5, [r6, #4]
10004396:	b28b      	uxth	r3, r1
10004398:	b294      	uxth	r4, r2
1000439a:	4291      	cmp	r1, r2
1000439c:	d355      	bcc.n	1000444a <tu_fifo_read_n+0xda>
1000439e:	1b1f      	subs	r7, r3, r4
100043a0:	b2bf      	uxth	r7, r7
100043a2:	2f00      	cmp	r7, #0
100043a4:	d04b      	beq.n	1000443e <tu_fifo_read_n+0xce>
100043a6:	42bd      	cmp	r5, r7
100043a8:	d205      	bcs.n	100043b6 <tu_fifo_read_n+0x46>
100043aa:	42ab      	cmp	r3, r5
100043ac:	d252      	bcs.n	10004454 <tu_fifo_read_n+0xe4>
100043ae:	195b      	adds	r3, r3, r5
100043b0:	b29c      	uxth	r4, r3
100043b2:	002f      	movs	r7, r5
100043b4:	8174      	strh	r4, [r6, #10]
100043b6:	4643      	mov	r3, r8
100043b8:	45b8      	cmp	r8, r7
100043ba:	d83e      	bhi.n	1000443a <tu_fifo_read_n+0xca>
100043bc:	b29f      	uxth	r7, r3
100043be:	42a5      	cmp	r5, r4
100043c0:	d803      	bhi.n	100043ca <tu_fifo_read_n+0x5a>
100043c2:	1b64      	subs	r4, r4, r5
100043c4:	b2a4      	uxth	r4, r4
100043c6:	42a5      	cmp	r5, r4
100043c8:	d9fb      	bls.n	100043c2 <tu_fifo_read_n+0x52>
100043ca:	88f2      	ldrh	r2, [r6, #6]
100043cc:	6831      	ldr	r1, [r6, #0]
100043ce:	0452      	lsls	r2, r2, #17
100043d0:	0c50      	lsrs	r0, r2, #17
100043d2:	0002      	movs	r2, r0
100043d4:	4362      	muls	r2, r4
100043d6:	1b2b      	subs	r3, r5, r4
100043d8:	b29b      	uxth	r3, r3
100043da:	1889      	adds	r1, r1, r2
100043dc:	9001      	str	r0, [sp, #4]
100043de:	0002      	movs	r2, r0
100043e0:	429f      	cmp	r7, r3
100043e2:	d925      	bls.n	10004430 <tu_fifo_read_n+0xc0>
100043e4:	4343      	muls	r3, r0
100043e6:	b29b      	uxth	r3, r3
100043e8:	001a      	movs	r2, r3
100043ea:	4650      	mov	r0, sl
100043ec:	4699      	mov	r9, r3
100043ee:	f7fd fd77 	bl	10001ee0 <__wrap___aeabi_memcpy>
100043f2:	4650      	mov	r0, sl
100043f4:	9a01      	ldr	r2, [sp, #4]
100043f6:	1b7d      	subs	r5, r7, r5
100043f8:	1964      	adds	r4, r4, r5
100043fa:	4354      	muls	r4, r2
100043fc:	6831      	ldr	r1, [r6, #0]
100043fe:	4448      	add	r0, r9
10004400:	b2a2      	uxth	r2, r4
10004402:	f7fd fd6d 	bl	10001ee0 <__wrap___aeabi_memcpy>
10004406:	8971      	ldrh	r1, [r6, #10]
10004408:	88b5      	ldrh	r5, [r6, #4]
1000440a:	19cb      	adds	r3, r1, r7
1000440c:	b29b      	uxth	r3, r3
1000440e:	006a      	lsls	r2, r5, #1
10004410:	4299      	cmp	r1, r3
10004412:	d916      	bls.n	10004442 <tu_fifo_read_n+0xd2>
10004414:	1a9b      	subs	r3, r3, r2
10004416:	6930      	ldr	r0, [r6, #16]
10004418:	8173      	strh	r3, [r6, #10]
1000441a:	2800      	cmp	r0, #0
1000441c:	d001      	beq.n	10004422 <tu_fifo_read_n+0xb2>
1000441e:	f000 faaf 	bl	10004980 <__mutex_exit_veneer>
10004422:	0038      	movs	r0, r7
10004424:	b002      	add	sp, #8
10004426:	bce0      	pop	{r5, r6, r7}
10004428:	46ba      	mov	sl, r7
1000442a:	46b1      	mov	r9, r6
1000442c:	46a8      	mov	r8, r5
1000442e:	bdf0      	pop	{r4, r5, r6, r7, pc}
10004430:	4650      	mov	r0, sl
10004432:	437a      	muls	r2, r7
10004434:	f7fd fd54 	bl	10001ee0 <__wrap___aeabi_memcpy>
10004438:	e7e5      	b.n	10004406 <tu_fifo_read_n+0x96>
1000443a:	1c3b      	adds	r3, r7, #0
1000443c:	e7be      	b.n	100043bc <tu_fifo_read_n+0x4c>
1000443e:	8973      	ldrh	r3, [r6, #10]
10004440:	b29b      	uxth	r3, r3
10004442:	006a      	lsls	r2, r5, #1
10004444:	4293      	cmp	r3, r2
10004446:	dbe6      	blt.n	10004416 <tu_fifo_read_n+0xa6>
10004448:	e7e4      	b.n	10004414 <tu_fifo_read_n+0xa4>
1000444a:	006f      	lsls	r7, r5, #1
1000444c:	1b3f      	subs	r7, r7, r4
1000444e:	19df      	adds	r7, r3, r7
10004450:	b2bf      	uxth	r7, r7
10004452:	e7a6      	b.n	100043a2 <tu_fifo_read_n+0x32>
10004454:	1b5b      	subs	r3, r3, r5
10004456:	b29c      	uxth	r4, r3
10004458:	e7ab      	b.n	100043b2 <tu_fifo_read_n+0x42>
1000445a:	46c0      	nop			@ (mov r8, r8)

1000445c <tu_fifo_write>:
1000445c:	b5f8      	push	{r3, r4, r5, r6, r7, lr}
1000445e:	0004      	movs	r4, r0
10004460:	68c0      	ldr	r0, [r0, #12]
10004462:	000f      	movs	r7, r1
10004464:	2800      	cmp	r0, #0
10004466:	d003      	beq.n	10004470 <tu_fifo_write+0x14>
10004468:	2101      	movs	r1, #1
1000446a:	4249      	negs	r1, r1
1000446c:	f000 fab0 	bl	100049d0 <__mutex_enter_timeout_ms_veneer>
10004470:	8925      	ldrh	r5, [r4, #8]
10004472:	8920      	ldrh	r0, [r4, #8]
10004474:	8961      	ldrh	r1, [r4, #10]
10004476:	88a2      	ldrh	r2, [r4, #4]
10004478:	b2ad      	uxth	r5, r5
1000447a:	b283      	uxth	r3, r0
1000447c:	b28e      	uxth	r6, r1
1000447e:	4288      	cmp	r0, r1
10004480:	d328      	bcc.n	100044d4 <tu_fifo_write+0x78>
10004482:	1b9b      	subs	r3, r3, r6
10004484:	b29b      	uxth	r3, r3
10004486:	429a      	cmp	r2, r3
10004488:	d809      	bhi.n	1000449e <tu_fifo_write+0x42>
1000448a:	79e6      	ldrb	r6, [r4, #7]
1000448c:	09f6      	lsrs	r6, r6, #7
1000448e:	d106      	bne.n	1000449e <tu_fifo_write+0x42>
10004490:	68e0      	ldr	r0, [r4, #12]
10004492:	2800      	cmp	r0, #0
10004494:	d001      	beq.n	1000449a <tu_fifo_write+0x3e>
10004496:	f000 fa73 	bl	10004980 <__mutex_exit_veneer>
1000449a:	0030      	movs	r0, r6
1000449c:	bdf8      	pop	{r3, r4, r5, r6, r7, pc}
1000449e:	002b      	movs	r3, r5
100044a0:	4295      	cmp	r5, r2
100044a2:	d31c      	bcc.n	100044de <tu_fifo_write+0x82>
100044a4:	1a9b      	subs	r3, r3, r2
100044a6:	b29b      	uxth	r3, r3
100044a8:	4293      	cmp	r3, r2
100044aa:	d2fb      	bcs.n	100044a4 <tu_fifo_write+0x48>
100044ac:	88e2      	ldrh	r2, [r4, #6]
100044ae:	6820      	ldr	r0, [r4, #0]
100044b0:	0452      	lsls	r2, r2, #17
100044b2:	0c52      	lsrs	r2, r2, #17
100044b4:	4353      	muls	r3, r2
100044b6:	0039      	movs	r1, r7
100044b8:	18c0      	adds	r0, r0, r3
100044ba:	f7fd fd11 	bl	10001ee0 <__wrap___aeabi_memcpy>
100044be:	1c6b      	adds	r3, r5, #1
100044c0:	b29b      	uxth	r3, r3
100044c2:	88a2      	ldrh	r2, [r4, #4]
100044c4:	429d      	cmp	r5, r3
100044c6:	d916      	bls.n	100044f6 <tu_fifo_write+0x9a>
100044c8:	2300      	movs	r3, #0
100044ca:	0052      	lsls	r2, r2, #1
100044cc:	1a9b      	subs	r3, r3, r2
100044ce:	2601      	movs	r6, #1
100044d0:	8123      	strh	r3, [r4, #8]
100044d2:	e7dd      	b.n	10004490 <tu_fifo_write+0x34>
100044d4:	0051      	lsls	r1, r2, #1
100044d6:	1b89      	subs	r1, r1, r6
100044d8:	185b      	adds	r3, r3, r1
100044da:	b29b      	uxth	r3, r3
100044dc:	e7d3      	b.n	10004486 <tu_fifo_write+0x2a>
100044de:	88e2      	ldrh	r2, [r4, #6]
100044e0:	6820      	ldr	r0, [r4, #0]
100044e2:	0452      	lsls	r2, r2, #17
100044e4:	0c52      	lsrs	r2, r2, #17
100044e6:	4353      	muls	r3, r2
100044e8:	0039      	movs	r1, r7
100044ea:	18c0      	adds	r0, r0, r3
100044ec:	f7fd fcf8 	bl	10001ee0 <__wrap___aeabi_memcpy>
100044f0:	3501      	adds	r5, #1
100044f2:	88a2      	ldrh	r2, [r4, #4]
100044f4:	b2ab      	uxth	r3, r5
100044f6:	0052      	lsls	r2, r2, #1
100044f8:	4293      	cmp	r3, r2
100044fa:	dbe8      	blt.n	100044ce <tu_fifo_write+0x72>
100044fc:	e7e6      	b.n	100044cc <tu_fifo_write+0x70>
100044fe:	46c0      	nop			@ (mov r8, r8)

10004500 <tu_fifo_write_n>:
10004500:	b5f0      	push	{r4, r5, r6, r7, lr}
10004502:	464e      	mov	r6, r9
10004504:	4645      	mov	r5, r8
10004506:	46de      	mov	lr, fp
10004508:	4657      	mov	r7, sl
1000450a:	b5e0      	push	{r5, r6, r7, lr}
1000450c:	4689      	mov	r9, r1
1000450e:	0005      	movs	r5, r0
10004510:	0016      	movs	r6, r2
10004512:	b083      	sub	sp, #12
10004514:	2a00      	cmp	r2, #0
10004516:	d06b      	beq.n	100045f0 <tu_fifo_write_n+0xf0>
10004518:	68c0      	ldr	r0, [r0, #12]
1000451a:	2800      	cmp	r0, #0
1000451c:	d003      	beq.n	10004526 <tu_fifo_write_n+0x26>
1000451e:	2101      	movs	r1, #1
10004520:	4249      	negs	r1, r1
10004522:	f000 fa55 	bl	100049d0 <__mutex_enter_timeout_ms_veneer>
10004526:	892f      	ldrh	r7, [r5, #8]
10004528:	79ea      	ldrb	r2, [r5, #7]
1000452a:	b2bb      	uxth	r3, r7
1000452c:	4698      	mov	r8, r3
1000452e:	896b      	ldrh	r3, [r5, #10]
10004530:	88af      	ldrh	r7, [r5, #4]
10004532:	b29b      	uxth	r3, r3
10004534:	09d2      	lsrs	r2, r2, #7
10004536:	d13d      	bne.n	100045b4 <tu_fifo_write_n+0xb4>
10004538:	4598      	cmp	r8, r3
1000453a:	d262      	bcs.n	10004602 <tu_fifo_write_n+0x102>
1000453c:	007a      	lsls	r2, r7, #1
1000453e:	1ad3      	subs	r3, r2, r3
10004540:	4443      	add	r3, r8
10004542:	b29b      	uxth	r3, r3
10004544:	42bb      	cmp	r3, r7
10004546:	d261      	bcs.n	1000460c <tu_fifo_write_n+0x10c>
10004548:	1afb      	subs	r3, r7, r3
1000454a:	1c1a      	adds	r2, r3, #0
1000454c:	b29b      	uxth	r3, r3
1000454e:	42b3      	cmp	r3, r6
10004550:	d900      	bls.n	10004554 <tu_fifo_write_n+0x54>
10004552:	1c32      	adds	r2, r6, #0
10004554:	b296      	uxth	r6, r2
10004556:	1bf3      	subs	r3, r6, r7
10004558:	9301      	str	r3, [sp, #4]
1000455a:	4643      	mov	r3, r8
1000455c:	18f3      	adds	r3, r6, r3
1000455e:	b29b      	uxth	r3, r3
10004560:	469b      	mov	fp, r3
10004562:	88ea      	ldrh	r2, [r5, #6]
10004564:	4644      	mov	r4, r8
10004566:	45b8      	cmp	r8, r7
10004568:	d303      	bcc.n	10004572 <tu_fifo_write_n+0x72>
1000456a:	1be4      	subs	r4, r4, r7
1000456c:	b2a4      	uxth	r4, r4
1000456e:	42bc      	cmp	r4, r7
10004570:	d2fb      	bcs.n	1000456a <tu_fifo_write_n+0x6a>
10004572:	0452      	lsls	r2, r2, #17
10004574:	1b3b      	subs	r3, r7, r4
10004576:	0c57      	lsrs	r7, r2, #17
10004578:	003a      	movs	r2, r7
1000457a:	4362      	muls	r2, r4
1000457c:	6828      	ldr	r0, [r5, #0]
1000457e:	b29b      	uxth	r3, r3
10004580:	1880      	adds	r0, r0, r2
10004582:	42b3      	cmp	r3, r6
10004584:	d356      	bcc.n	10004634 <tu_fifo_write_n+0x134>
10004586:	003a      	movs	r2, r7
10004588:	4649      	mov	r1, r9
1000458a:	4372      	muls	r2, r6
1000458c:	f7fd fca8 	bl	10001ee0 <__wrap___aeabi_memcpy>
10004590:	88ab      	ldrh	r3, [r5, #4]
10004592:	005b      	lsls	r3, r3, #1
10004594:	45d8      	cmp	r8, fp
10004596:	d801      	bhi.n	1000459c <tu_fifo_write_n+0x9c>
10004598:	459b      	cmp	fp, r3
1000459a:	db02      	blt.n	100045a2 <tu_fifo_write_n+0xa2>
1000459c:	465a      	mov	r2, fp
1000459e:	1ad3      	subs	r3, r2, r3
100045a0:	469b      	mov	fp, r3
100045a2:	465b      	mov	r3, fp
100045a4:	0037      	movs	r7, r6
100045a6:	812b      	strh	r3, [r5, #8]
100045a8:	68e8      	ldr	r0, [r5, #12]
100045aa:	2800      	cmp	r0, #0
100045ac:	d021      	beq.n	100045f2 <tu_fifo_write_n+0xf2>
100045ae:	f000 f9e7 	bl	10004980 <__mutex_exit_veneer>
100045b2:	e01e      	b.n	100045f2 <tu_fifo_write_n+0xf2>
100045b4:	42be      	cmp	r6, r7
100045b6:	d22b      	bcs.n	10004610 <tu_fifo_write_n+0x110>
100045b8:	4598      	cmp	r8, r3
100045ba:	d34c      	bcc.n	10004656 <tu_fifo_write_n+0x156>
100045bc:	4642      	mov	r2, r8
100045be:	1ad2      	subs	r2, r2, r3
100045c0:	b292      	uxth	r2, r2
100045c2:	0079      	lsls	r1, r7, #1
100045c4:	1bf0      	subs	r0, r6, r7
100045c6:	1992      	adds	r2, r2, r6
100045c8:	9001      	str	r0, [sp, #4]
100045ca:	428a      	cmp	r2, r1
100045cc:	dbc5      	blt.n	1000455a <tu_fifo_write_n+0x5a>
100045ce:	19da      	adds	r2, r3, r7
100045d0:	b292      	uxth	r2, r2
100045d2:	4693      	mov	fp, r2
100045d4:	1b92      	subs	r2, r2, r6
100045d6:	b292      	uxth	r2, r2
100045d8:	4690      	mov	r8, r2
100045da:	4293      	cmp	r3, r2
100045dc:	d940      	bls.n	10004660 <tu_fifo_write_n+0x160>
100045de:	4643      	mov	r3, r8
100045e0:	1a59      	subs	r1, r3, r1
100045e2:	b28b      	uxth	r3, r1
100045e4:	4698      	mov	r8, r3
100045e6:	18f3      	adds	r3, r6, r3
100045e8:	b29b      	uxth	r3, r3
100045ea:	469b      	mov	fp, r3
100045ec:	88ea      	ldrh	r2, [r5, #6]
100045ee:	e7b9      	b.n	10004564 <tu_fifo_write_n+0x64>
100045f0:	2700      	movs	r7, #0
100045f2:	0038      	movs	r0, r7
100045f4:	b003      	add	sp, #12
100045f6:	bcf0      	pop	{r4, r5, r6, r7}
100045f8:	46bb      	mov	fp, r7
100045fa:	46b2      	mov	sl, r6
100045fc:	46a9      	mov	r9, r5
100045fe:	46a0      	mov	r8, r4
10004600:	bdf0      	pop	{r4, r5, r6, r7, pc}
10004602:	4642      	mov	r2, r8
10004604:	1ad3      	subs	r3, r2, r3
10004606:	b29b      	uxth	r3, r3
10004608:	42bb      	cmp	r3, r7
1000460a:	d39d      	bcc.n	10004548 <tu_fifo_write_n+0x48>
1000460c:	2700      	movs	r7, #0
1000460e:	e7cb      	b.n	100045a8 <tu_fifo_write_n+0xa8>
10004610:	2f00      	cmp	r7, #0
10004612:	d0c9      	beq.n	100045a8 <tu_fifo_write_n+0xa8>
10004614:	46cc      	mov	ip, r9
10004616:	88ea      	ldrh	r2, [r5, #6]
10004618:	1bf6      	subs	r6, r6, r7
1000461a:	0451      	lsls	r1, r2, #17
1000461c:	0c49      	lsrs	r1, r1, #17
1000461e:	4371      	muls	r1, r6
10004620:	4698      	mov	r8, r3
10004622:	448c      	add	ip, r1
10004624:	19d9      	adds	r1, r3, r7
10004626:	2300      	movs	r3, #0
10004628:	b289      	uxth	r1, r1
1000462a:	46e1      	mov	r9, ip
1000462c:	468b      	mov	fp, r1
1000462e:	003e      	movs	r6, r7
10004630:	9301      	str	r3, [sp, #4]
10004632:	e797      	b.n	10004564 <tu_fifo_write_n+0x64>
10004634:	437b      	muls	r3, r7
10004636:	b29b      	uxth	r3, r3
10004638:	001a      	movs	r2, r3
1000463a:	4649      	mov	r1, r9
1000463c:	469a      	mov	sl, r3
1000463e:	f7fd fc4f 	bl	10001ee0 <__wrap___aeabi_memcpy>
10004642:	4649      	mov	r1, r9
10004644:	9b01      	ldr	r3, [sp, #4]
10004646:	6828      	ldr	r0, [r5, #0]
10004648:	18e2      	adds	r2, r4, r3
1000464a:	437a      	muls	r2, r7
1000464c:	4451      	add	r1, sl
1000464e:	b292      	uxth	r2, r2
10004650:	f7fd fc46 	bl	10001ee0 <__wrap___aeabi_memcpy>
10004654:	e79c      	b.n	10004590 <tu_fifo_write_n+0x90>
10004656:	0079      	lsls	r1, r7, #1
10004658:	1aca      	subs	r2, r1, r3
1000465a:	4442      	add	r2, r8
1000465c:	b292      	uxth	r2, r2
1000465e:	e7b1      	b.n	100045c4 <tu_fifo_write_n+0xc4>
10004660:	4291      	cmp	r1, r2
10004662:	ddbc      	ble.n	100045de <tu_fifo_write_n+0xde>
10004664:	e7c2      	b.n	100045ec <tu_fifo_write_n+0xec>
10004666:	46c0      	nop			@ (mov r8, r8)

10004668 <tu_fifo_clear>:
10004668:	b510      	push	{r4, lr}
1000466a:	0004      	movs	r4, r0
1000466c:	68c0      	ldr	r0, [r0, #12]
1000466e:	2800      	cmp	r0, #0
10004670:	d003      	beq.n	1000467a <tu_fifo_clear+0x12>
10004672:	2101      	movs	r1, #1
10004674:	4249      	negs	r1, r1
10004676:	f000 f9ab 	bl	100049d0 <__mutex_enter_timeout_ms_veneer>
1000467a:	6920      	ldr	r0, [r4, #16]
1000467c:	2800      	cmp	r0, #0
1000467e:	d003      	beq.n	10004688 <tu_fifo_clear+0x20>
10004680:	2101      	movs	r1, #1
10004682:	4249      	negs	r1, r1
10004684:	f000 f9a4 	bl	100049d0 <__mutex_enter_timeout_ms_veneer>
10004688:	2300      	movs	r3, #0
1000468a:	68e0      	ldr	r0, [r4, #12]
1000468c:	8163      	strh	r3, [r4, #10]
1000468e:	8123      	strh	r3, [r4, #8]
10004690:	2800      	cmp	r0, #0
10004692:	d001      	beq.n	10004698 <tu_fifo_clear+0x30>
10004694:	f000 f974 	bl	10004980 <__mutex_exit_veneer>
10004698:	6920      	ldr	r0, [r4, #16]
1000469a:	2800      	cmp	r0, #0
1000469c:	d001      	beq.n	100046a2 <tu_fifo_clear+0x3a>
1000469e:	f000 f96f 	bl	10004980 <__mutex_exit_veneer>
100046a2:	2001      	movs	r0, #1
100046a4:	bd10      	pop	{r4, pc}
100046a6:	46c0      	nop			@ (mov r8, r8)

100046a8 <tu_fifo_set_overwritable>:
100046a8:	b570      	push	{r4, r5, r6, lr}
100046aa:	0004      	movs	r4, r0
100046ac:	68c0      	ldr	r0, [r0, #12]
100046ae:	000d      	movs	r5, r1
100046b0:	2800      	cmp	r0, #0
100046b2:	d003      	beq.n	100046bc <tu_fifo_set_overwritable+0x14>
100046b4:	2101      	movs	r1, #1
100046b6:	4249      	negs	r1, r1
100046b8:	f000 f98a 	bl	100049d0 <__mutex_enter_timeout_ms_veneer>
100046bc:	6920      	ldr	r0, [r4, #16]
100046be:	2800      	cmp	r0, #0
100046c0:	d003      	beq.n	100046ca <tu_fifo_set_overwritable+0x22>
100046c2:	2101      	movs	r1, #1
100046c4:	4249      	negs	r1, r1
100046c6:	f000 f983 	bl	100049d0 <__mutex_enter_timeout_ms_veneer>
100046ca:	217f      	movs	r1, #127	@ 0x7f
100046cc:	79e2      	ldrb	r2, [r4, #7]
100046ce:	01eb      	lsls	r3, r5, #7
100046d0:	4011      	ands	r1, r2
100046d2:	68e0      	ldr	r0, [r4, #12]
100046d4:	4319      	orrs	r1, r3
100046d6:	71e1      	strb	r1, [r4, #7]
100046d8:	2800      	cmp	r0, #0
100046da:	d001      	beq.n	100046e0 <tu_fifo_set_overwritable+0x38>
100046dc:	f000 f950 	bl	10004980 <__mutex_exit_veneer>
100046e0:	6920      	ldr	r0, [r4, #16]
100046e2:	2800      	cmp	r0, #0
100046e4:	d001      	beq.n	100046ea <tu_fifo_set_overwritable+0x42>
100046e6:	f000 f94b 	bl	10004980 <__mutex_exit_veneer>
100046ea:	2001      	movs	r0, #1
100046ec:	bd70      	pop	{r4, r5, r6, pc}
100046ee:	46c0      	nop			@ (mov r8, r8)

100046f0 <i2c_write_blocking_internal.constprop.0>:
100046f0:	b5f0      	push	{r4, r5, r6, r7, lr}
100046f2:	464e      	mov	r6, r9
100046f4:	4645      	mov	r5, r8
100046f6:	46de      	mov	lr, fp
100046f8:	4657      	mov	r7, sl
100046fa:	4684      	mov	ip, r0
100046fc:	b5e0      	push	{r5, r6, r7, lr}
100046fe:	b085      	sub	sp, #20
10004700:	4698      	mov	r8, r3
10004702:	ab0e      	add	r3, sp, #56	@ 0x38
10004704:	4691      	mov	r9, r2
10004706:	781a      	ldrb	r2, [r3, #0]
10004708:	4663      	mov	r3, ip
1000470a:	0008      	movs	r0, r1
1000470c:	6819      	ldr	r1, [r3, #0]
1000470e:	2300      	movs	r3, #0
10004710:	66cb      	str	r3, [r1, #108]	@ 0x6c
10004712:	3301      	adds	r3, #1
10004714:	6048      	str	r0, [r1, #4]
10004716:	66cb      	str	r3, [r1, #108]	@ 0x6c
10004718:	4643      	mov	r3, r8
1000471a:	9203      	str	r2, [sp, #12]
1000471c:	2b00      	cmp	r3, #0
1000471e:	dd4e      	ble.n	100047be <i2c_write_blocking_internal.constprop.0+0xce>
10004720:	2701      	movs	r7, #1
10004722:	1e5e      	subs	r6, r3, #1
10004724:	4663      	mov	r3, ip
10004726:	2480      	movs	r4, #128	@ 0x80
10004728:	4057      	eors	r7, r2
1000472a:	791a      	ldrb	r2, [r3, #4]
1000472c:	46a2      	mov	sl, r4
1000472e:	2580      	movs	r5, #128	@ 0x80
10004730:	464c      	mov	r4, r9
10004732:	0292      	lsls	r2, r2, #10
10004734:	2000      	movs	r0, #0
10004736:	2310      	movs	r3, #16
10004738:	4691      	mov	r9, r2
1000473a:	00ad      	lsls	r5, r5, #2
1000473c:	9401      	str	r4, [sp, #4]
1000473e:	1b84      	subs	r4, r0, r6
10004740:	4262      	negs	r2, r4
10004742:	4162      	adcs	r2, r4
10004744:	9c01      	ldr	r4, [sp, #4]
10004746:	403a      	ands	r2, r7
10004748:	5c24      	ldrb	r4, [r4, r0]
1000474a:	0252      	lsls	r2, r2, #9
1000474c:	4322      	orrs	r2, r4
1000474e:	464c      	mov	r4, r9
10004750:	4322      	orrs	r2, r4
10004752:	9c01      	ldr	r4, [sp, #4]
10004754:	610a      	str	r2, [r1, #16]
10004756:	6b4a      	ldr	r2, [r1, #52]	@ 0x34
10004758:	4213      	tst	r3, r2
1000475a:	d0fc      	beq.n	10004756 <i2c_write_blocking_internal.constprop.0+0x66>
1000475c:	4652      	mov	r2, sl
1000475e:	588a      	ldr	r2, [r1, r2]
10004760:	9401      	str	r4, [sp, #4]
10004762:	4691      	mov	r9, r2
10004764:	2a00      	cmp	r2, #0
10004766:	d110      	bne.n	1000478a <i2c_write_blocking_internal.constprop.0+0x9a>
10004768:	42b0      	cmp	r0, r6
1000476a:	d023      	beq.n	100047b4 <i2c_write_blocking_internal.constprop.0+0xc4>
1000476c:	2200      	movs	r2, #0
1000476e:	3001      	adds	r0, #1
10004770:	4691      	mov	r9, r2
10004772:	4580      	cmp	r8, r0
10004774:	d1e3      	bne.n	1000473e <i2c_write_blocking_internal.constprop.0+0x4e>
10004776:	4663      	mov	r3, ip
10004778:	9a03      	ldr	r2, [sp, #12]
1000477a:	711a      	strb	r2, [r3, #4]
1000477c:	b005      	add	sp, #20
1000477e:	bcf0      	pop	{r4, r5, r6, r7}
10004780:	46bb      	mov	fp, r7
10004782:	46b2      	mov	sl, r6
10004784:	46a9      	mov	r9, r5
10004786:	46a0      	mov	r8, r4
10004788:	bdf0      	pop	{r4, r5, r6, r7, pc}
1000478a:	6d4a      	ldr	r2, [r1, #84]	@ 0x54
1000478c:	2201      	movs	r2, #1
1000478e:	4693      	mov	fp, r2
10004790:	6b4a      	ldr	r2, [r1, #52]	@ 0x34
10004792:	422a      	tst	r2, r5
10004794:	d0fc      	beq.n	10004790 <i2c_write_blocking_internal.constprop.0+0xa0>
10004796:	6e0a      	ldr	r2, [r1, #96]	@ 0x60
10004798:	465a      	mov	r2, fp
1000479a:	9401      	str	r4, [sp, #4]
1000479c:	2a00      	cmp	r2, #0
1000479e:	d0e5      	beq.n	1000476c <i2c_write_blocking_internal.constprop.0+0x7c>
100047a0:	464c      	mov	r4, r9
100047a2:	2c00      	cmp	r4, #0
100047a4:	d003      	beq.n	100047ae <i2c_write_blocking_internal.constprop.0+0xbe>
100047a6:	2309      	movs	r3, #9
100047a8:	4023      	ands	r3, r4
100047aa:	2b08      	cmp	r3, #8
100047ac:	d0e3      	beq.n	10004776 <i2c_write_blocking_internal.constprop.0+0x86>
100047ae:	2001      	movs	r0, #1
100047b0:	4240      	negs	r0, r0
100047b2:	e7e0      	b.n	10004776 <i2c_write_blocking_internal.constprop.0+0x86>
100047b4:	9a03      	ldr	r2, [sp, #12]
100047b6:	2a00      	cmp	r2, #0
100047b8:	d1d8      	bne.n	1000476c <i2c_write_blocking_internal.constprop.0+0x7c>
100047ba:	4693      	mov	fp, r2
100047bc:	e7e8      	b.n	10004790 <i2c_write_blocking_internal.constprop.0+0xa0>
100047be:	2000      	movs	r0, #0
100047c0:	e7d9      	b.n	10004776 <i2c_write_blocking_internal.constprop.0+0x86>
100047c2:	46c0      	nop			@ (mov r8, r8)

100047c4 <i2c_set_baudrate>:
100047c4:	b5f0      	push	{r4, r5, r6, r7, lr}
100047c6:	46d6      	mov	lr, sl
100047c8:	464f      	mov	r7, r9
100047ca:	4646      	mov	r6, r8
100047cc:	4682      	mov	sl, r0
100047ce:	b5c0      	push	{r6, r7, lr}
100047d0:	2005      	movs	r0, #5
100047d2:	000c      	movs	r4, r1
100047d4:	f7fd f84c 	bl	10001870 <clock_get_hz>
100047d8:	0005      	movs	r5, r0
100047da:	0860      	lsrs	r0, r4, #1
100047dc:	0021      	movs	r1, r4
100047de:	1940      	adds	r0, r0, r5
100047e0:	f7fd fa7e 	bl	10001ce0 <__wrap___aeabi_uidiv>
100047e4:	0047      	lsls	r7, r0, #1
100047e6:	183f      	adds	r7, r7, r0
100047e8:	0006      	movs	r6, r0
100047ea:	2105      	movs	r1, #5
100047ec:	0038      	movs	r0, r7
100047ee:	f7fd fa77 	bl	10001ce0 <__wrap___aeabi_uidiv>
100047f2:	46a0      	mov	r8, r4
100047f4:	4b1c      	ldr	r3, [pc, #112]	@ (10004868 <i2c_set_baudrate+0xa4>)
100047f6:	1a32      	subs	r2, r6, r0
100047f8:	0004      	movs	r4, r0
100047fa:	0068      	lsls	r0, r5, #1
100047fc:	4691      	mov	r9, r2
100047fe:	1940      	adds	r0, r0, r5
10004800:	4598      	cmp	r8, r3
10004802:	d82b      	bhi.n	1000485c <i2c_set_baudrate+0x98>
10004804:	4919      	ldr	r1, [pc, #100]	@ (1000486c <i2c_set_baudrate+0xa8>)
10004806:	f7fd fa6b 	bl	10001ce0 <__wrap___aeabi_uidiv>
1000480a:	3001      	adds	r0, #1
1000480c:	4653      	mov	r3, sl
1000480e:	2200      	movs	r2, #0
10004810:	681b      	ldr	r3, [r3, #0]
10004812:	66da      	str	r2, [r3, #108]	@ 0x6c
10004814:	6819      	ldr	r1, [r3, #0]
10004816:	3204      	adds	r2, #4
10004818:	4051      	eors	r1, r2
1000481a:	3202      	adds	r2, #2
1000481c:	400a      	ands	r2, r1
1000481e:	2180      	movs	r1, #128	@ 0x80
10004820:	0149      	lsls	r1, r1, #5
10004822:	1859      	adds	r1, r3, r1
10004824:	600a      	str	r2, [r1, #0]
10004826:	464a      	mov	r2, r9
10004828:	61da      	str	r2, [r3, #28]
1000482a:	2201      	movs	r2, #1
1000482c:	621c      	str	r4, [r3, #32]
1000482e:	2f4f      	cmp	r7, #79	@ 0x4f
10004830:	d900      	bls.n	10004834 <i2c_set_baudrate+0x70>
10004832:	0922      	lsrs	r2, r4, #4
10004834:	21a0      	movs	r1, #160	@ 0xa0
10004836:	505a      	str	r2, [r3, r1]
10004838:	6fda      	ldr	r2, [r3, #124]	@ 0x7c
1000483a:	0031      	movs	r1, r6
1000483c:	4050      	eors	r0, r2
1000483e:	4a0c      	ldr	r2, [pc, #48]	@ (10004870 <i2c_set_baudrate+0xac>)
10004840:	0400      	lsls	r0, r0, #16
10004842:	189a      	adds	r2, r3, r2
10004844:	0c00      	lsrs	r0, r0, #16
10004846:	6010      	str	r0, [r2, #0]
10004848:	2201      	movs	r2, #1
1000484a:	0028      	movs	r0, r5
1000484c:	66da      	str	r2, [r3, #108]	@ 0x6c
1000484e:	f7fd fa47 	bl	10001ce0 <__wrap___aeabi_uidiv>
10004852:	bce0      	pop	{r5, r6, r7}
10004854:	46ba      	mov	sl, r7
10004856:	46b1      	mov	r9, r6
10004858:	46a8      	mov	r8, r5
1000485a:	bdf0      	pop	{r4, r5, r6, r7, pc}
1000485c:	4905      	ldr	r1, [pc, #20]	@ (10004874 <i2c_set_baudrate+0xb0>)
1000485e:	f7fd fa3f 	bl	10001ce0 <__wrap___aeabi_uidiv>
10004862:	3001      	adds	r0, #1
10004864:	e7d2      	b.n	1000480c <i2c_set_baudrate+0x48>
10004866:	46c0      	nop			@ (mov r8, r8)
10004868:	000f423f 	.word	0x000f423f
1000486c:	00989680 	.word	0x00989680
10004870:	0000107c 	.word	0x0000107c
10004874:	017d7840 	.word	0x017d7840

10004878 <i2c_init>:
10004878:	4a10      	ldr	r2, [pc, #64]	@ (100048bc <i2c_init+0x44>)
1000487a:	b570      	push	{r4, r5, r6, lr}
1000487c:	1a82      	subs	r2, r0, r2
1000487e:	1e53      	subs	r3, r2, #1
10004880:	419a      	sbcs	r2, r3
10004882:	2307      	movs	r3, #7
10004884:	4252      	negs	r2, r2
10004886:	439a      	bics	r2, r3
10004888:	4b0d      	ldr	r3, [pc, #52]	@ (100048c0 <i2c_init+0x48>)
1000488a:	3210      	adds	r2, #16
1000488c:	601a      	str	r2, [r3, #0]
1000488e:	4b0d      	ldr	r3, [pc, #52]	@ (100048c4 <i2c_init+0x4c>)
10004890:	4c0d      	ldr	r4, [pc, #52]	@ (100048c8 <i2c_init+0x50>)
10004892:	601a      	str	r2, [r3, #0]
10004894:	0015      	movs	r5, r2
10004896:	6823      	ldr	r3, [r4, #0]
10004898:	439d      	bics	r5, r3
1000489a:	1e2b      	subs	r3, r5, #0
1000489c:	d1fa      	bne.n	10004894 <i2c_init+0x1c>
1000489e:	2466      	movs	r4, #102	@ 0x66
100048a0:	6802      	ldr	r2, [r0, #0]
100048a2:	34ff      	adds	r4, #255	@ 0xff
100048a4:	7105      	strb	r5, [r0, #4]
100048a6:	66d5      	str	r5, [r2, #108]	@ 0x6c
100048a8:	6014      	str	r4, [r2, #0]
100048aa:	3c63      	subs	r4, #99	@ 0x63
100048ac:	3388      	adds	r3, #136	@ 0x88
100048ae:	3cff      	subs	r4, #255	@ 0xff
100048b0:	63d5      	str	r5, [r2, #60]	@ 0x3c
100048b2:	6395      	str	r5, [r2, #56]	@ 0x38
100048b4:	50d4      	str	r4, [r2, r3]
100048b6:	f7ff ff85 	bl	100047c4 <i2c_set_baudrate>
100048ba:	bd70      	pop	{r4, r5, r6, pc}
100048bc:	20001040 	.word	0x20001040
100048c0:	4000e000 	.word	0x4000e000
100048c4:	4000f000 	.word	0x4000f000
100048c8:	4000c008 	.word	0x4000c008

100048cc <i2c_write_blocking>:
100048cc:	b510      	push	{r4, lr}
100048ce:	b082      	sub	sp, #8
100048d0:	466c      	mov	r4, sp
100048d2:	7c24      	ldrb	r4, [r4, #16]
100048d4:	9400      	str	r4, [sp, #0]
100048d6:	f7ff ff0b 	bl	100046f0 <i2c_write_blocking_internal.constprop.0>
100048da:	b002      	add	sp, #8
100048dc:	bd10      	pop	{r4, pc}
100048de:	46c0      	nop			@ (mov r8, r8)

100048e0 <strlen>:
100048e0:	0003      	movs	r3, r0
100048e2:	4684      	mov	ip, r0
100048e4:	079b      	lsls	r3, r3, #30
100048e6:	d00b      	beq.n	10004900 <strlen+0x20>
100048e8:	0003      	movs	r3, r0
100048ea:	2103      	movs	r1, #3
100048ec:	e002      	b.n	100048f4 <strlen+0x14>
100048ee:	3301      	adds	r3, #1
100048f0:	420b      	tst	r3, r1
100048f2:	d006      	beq.n	10004902 <strlen+0x22>
100048f4:	781a      	ldrb	r2, [r3, #0]
100048f6:	2a00      	cmp	r2, #0
100048f8:	d1f9      	bne.n	100048ee <strlen+0xe>
100048fa:	4662      	mov	r2, ip
100048fc:	1a98      	subs	r0, r3, r2
100048fe:	4770      	bx	lr
10004900:	0003      	movs	r3, r0
10004902:	6819      	ldr	r1, [r3, #0]
10004904:	4a0c      	ldr	r2, [pc, #48]	@ (10004938 <strlen+0x58>)
10004906:	480d      	ldr	r0, [pc, #52]	@ (1000493c <strlen+0x5c>)
10004908:	188a      	adds	r2, r1, r2
1000490a:	438a      	bics	r2, r1
1000490c:	4202      	tst	r2, r0
1000490e:	d10f      	bne.n	10004930 <strlen+0x50>
10004910:	6859      	ldr	r1, [r3, #4]
10004912:	4a09      	ldr	r2, [pc, #36]	@ (10004938 <strlen+0x58>)
10004914:	3304      	adds	r3, #4
10004916:	188a      	adds	r2, r1, r2
10004918:	438a      	bics	r2, r1
1000491a:	4202      	tst	r2, r0
1000491c:	d108      	bne.n	10004930 <strlen+0x50>
1000491e:	6859      	ldr	r1, [r3, #4]
10004920:	4a05      	ldr	r2, [pc, #20]	@ (10004938 <strlen+0x58>)
10004922:	3304      	adds	r3, #4
10004924:	188a      	adds	r2, r1, r2
10004926:	438a      	bics	r2, r1
10004928:	4202      	tst	r2, r0
1000492a:	d0f1      	beq.n	10004910 <strlen+0x30>
1000492c:	e000      	b.n	10004930 <strlen+0x50>
1000492e:	3301      	adds	r3, #1
10004930:	781a      	ldrb	r2, [r3, #0]
10004932:	2a00      	cmp	r2, #0
10004934:	d1fb      	bne.n	1000492e <strlen+0x4e>
10004936:	e7e0      	b.n	100048fa <strlen+0x1a>
10004938:	fefefeff 	.word	0xfefefeff
1000493c:	80808080 	.word	0x80808080

10004940 <__flash_do_cmd_cs_veneer>:
10004940:	b401      	push	{r0}
10004942:	4802      	ldr	r0, [pc, #8]	@ (1000494c <__flash_do_cmd_cs_veneer+0xc>)
10004944:	4684      	mov	ip, r0
10004946:	bc01      	pop	{r0}
10004948:	4760      	bx	ip
1000494a:	bf00      	nop
1000494c:	20000289 	.word	0x20000289

10004950 <___hw_endpoint_buffer_control_update32_veneer>:
10004950:	b401      	push	{r0}
10004952:	4802      	ldr	r0, [pc, #8]	@ (1000495c <___hw_endpoint_buffer_control_update32_veneer+0xc>)
10004954:	4684      	mov	ip, r0
10004956:	bc01      	pop	{r0}
10004958:	4760      	bx	ip
1000495a:	bf00      	nop
1000495c:	20000bed 	.word	0x20000bed

10004960 <__reset_non_control_endpoints_veneer>:
10004960:	b401      	push	{r0}
10004962:	4802      	ldr	r0, [pc, #8]	@ (1000496c <__reset_non_control_endpoints_veneer+0xc>)
10004964:	4684      	mov	ip, r0
10004966:	bc01      	pop	{r0}
10004968:	4760      	bx	ip
1000496a:	bf00      	nop
1000496c:	200003d1 	.word	0x200003d1

10004970 <__mutex_try_enter_veneer>:
10004970:	b401      	push	{r0}
10004972:	4802      	ldr	r0, [pc, #8]	@ (1000497c <__mutex_try_enter_veneer+0xc>)
10004974:	4684      	mov	ip, r0
10004976:	bc01      	pop	{r0}
10004978:	4760      	bx	ip
1000497a:	bf00      	nop
1000497c:	200000c1 	.word	0x200000c1

10004980 <__mutex_exit_veneer>:
10004980:	b401      	push	{r0}
10004982:	4802      	ldr	r0, [pc, #8]	@ (1000498c <__mutex_exit_veneer+0xc>)
10004984:	4684      	mov	ip, r0
10004986:	bc01      	pop	{r0}
10004988:	4760      	bx	ip
1000498a:	bf00      	nop
1000498c:	200001d5 	.word	0x200001d5

10004990 <____aeabi_idiv0_veneer>:
10004990:	b401      	push	{r0}
10004992:	4802      	ldr	r0, [pc, #8]	@ (1000499c <____aeabi_idiv0_veneer+0xc>)
10004994:	4684      	mov	ip, r0
10004996:	bc01      	pop	{r0}
10004998:	4760      	bx	ip
1000499a:	bf00      	nop
1000499c:	20000eb9 	.word	0x20000eb9

100049a0 <__hw_endpoint_start_next_buffer_veneer>:
100049a0:	b401      	push	{r0}
100049a2:	4802      	ldr	r0, [pc, #8]	@ (100049ac <__hw_endpoint_start_next_buffer_veneer+0xc>)
100049a4:	4684      	mov	ip, r0
100049a6:	bc01      	pop	{r0}
100049a8:	4760      	bx	ip
100049aa:	bf00      	nop
100049ac:	20000c3d 	.word	0x20000c3d

100049b0 <__e15_is_bulkin_ep_veneer>:
100049b0:	b401      	push	{r0}
100049b2:	4802      	ldr	r0, [pc, #8]	@ (100049bc <__e15_is_bulkin_ep_veneer+0xc>)
100049b4:	4684      	mov	ip, r0
100049b6:	bc01      	pop	{r0}
100049b8:	4760      	bx	ip
100049ba:	bf00      	nop
100049bc:	20000b89 	.word	0x20000b89

100049c0 <__mutex_try_enter_block_until_veneer>:
100049c0:	b401      	push	{r0}
100049c2:	4802      	ldr	r0, [pc, #8]	@ (100049cc <__mutex_try_enter_block_until_veneer+0xc>)
100049c4:	4684      	mov	ip, r0
100049c6:	bc01      	pop	{r0}
100049c8:	4760      	bx	ip
100049ca:	bf00      	nop
100049cc:	20000165 	.word	0x20000165

100049d0 <__mutex_enter_timeout_ms_veneer>:
100049d0:	b401      	push	{r0}
100049d2:	4802      	ldr	r0, [pc, #8]	@ (100049dc <__mutex_enter_timeout_ms_veneer+0xc>)
100049d4:	4684      	mov	ip, r0
100049d6:	bc01      	pop	{r0}
100049d8:	4760      	bx	ip
100049da:	bf00      	nop
100049dc:	20000199 	.word	0x20000199

100049e0 <__e15_is_critical_frame_period_veneer>:
100049e0:	b401      	push	{r0}
100049e2:	4802      	ldr	r0, [pc, #8]	@ (100049ec <__e15_is_critical_frame_period_veneer+0xc>)
100049e4:	4684      	mov	ip, r0
100049e6:	bc01      	pop	{r0}
100049e8:	4760      	bx	ip
100049ea:	bf00      	nop
100049ec:	20000bb1 	.word	0x20000bb1

100049f0 <__pre_init_runtime_init_early_resets>:
100049f0:	10001ac1                                ....

100049f4 <__pre_init_runtime_init_usb_power_down>:
100049f4:	10001aed 10001cd1 10001ec5 10001d2d     ............-...
10004a04:	10001e31                                1...

10004a08 <__pre_init_runtime_init_clocks>:
10004a08:	10001bf9                                ....

10004a0c <__pre_init_runtime_init_post_clock_resets>:
10004a0c:	10001b09                                ....

10004a10 <__pre_init_runtime_init_rp2040_gpio_ie_disable>:
10004a10:	10001b29                                )...

10004a14 <__pre_init_runtime_init_spin_locks_reset>:
10004a14:	10001b3d                                =...

10004a18 <__pre_init_runtime_init_mutex>:
10004a18:	10000bfd                                ....

10004a1c <__pre_init_runtime_init_install_ram_vector_table>:
10004a1c:	10001b45                                E...

10004a20 <__pre_init_runtime_init_default_alarm_pool>:
10004a20:	10000fbd                                ....

10004a24 <__pre_init_first_per_core_initializer>:
10004a24:	10001a89                                ....

10004a28 <__pre_init_runtime_init_per_core_irq_priorities>:
10004a28:	1000067d                                }...

10004a2c <__init_array_start>:
10004a2c:	10002875 	.word	0x10002875

Disassembly of section .data:

200000c0 <mutex_try_enter>:
200000c0:	0003      	movs	r3, r0
200000c2:	6800      	ldr	r0, [r0, #0]
200000c4:	f3ef 8c10 	mrs	ip, PRIMASK
200000c8:	b672      	cpsid	i
200000ca:	6802      	ldr	r2, [r0, #0]
200000cc:	2a00      	cmp	r2, #0
200000ce:	d0fc      	beq.n	200000ca <mutex_try_enter+0xa>
200000d0:	f3bf 8f5f 	dmb	sy
200000d4:	2204      	movs	r2, #4
200000d6:	569a      	ldrsb	r2, [r3, r2]
200000d8:	2a00      	cmp	r2, #0
200000da:	db0b      	blt.n	200000f4 <mutex_try_enter+0x34>
200000dc:	2900      	cmp	r1, #0
200000de:	d000      	beq.n	200000e2 <mutex_try_enter+0x22>
200000e0:	600a      	str	r2, [r1, #0]
200000e2:	2000      	movs	r0, #0
200000e4:	681b      	ldr	r3, [r3, #0]
200000e6:	f3bf 8f5f 	dmb	sy
200000ea:	2200      	movs	r2, #0
200000ec:	601a      	str	r2, [r3, #0]
200000ee:	f38c 8810 	msr	PRIMASK, ip
200000f2:	4770      	bx	lr
200000f4:	22d0      	movs	r2, #208	@ 0xd0
200000f6:	0612      	lsls	r2, r2, #24
200000f8:	6812      	ldr	r2, [r2, #0]
200000fa:	2001      	movs	r0, #1
200000fc:	711a      	strb	r2, [r3, #4]
200000fe:	e7f1      	b.n	200000e4 <mutex_try_enter+0x24>

20000100 <mutex_enter_block_until>:
20000100:	b5f0      	push	{r4, r5, r6, r7, lr}
20000102:	001f      	movs	r7, r3
20000104:	23d0      	movs	r3, #208	@ 0xd0
20000106:	46c6      	mov	lr, r8
20000108:	061b      	lsls	r3, r3, #24
2000010a:	681b      	ldr	r3, [r3, #0]
2000010c:	0004      	movs	r4, r0
2000010e:	0016      	movs	r6, r2
20000110:	4698      	mov	r8, r3
20000112:	2500      	movs	r5, #0
20000114:	b500      	push	{lr}
20000116:	e00a      	b.n	2000012e <mutex_enter_block_until+0x2e>
20000118:	f3bf 8f5f 	dmb	sy
2000011c:	6015      	str	r5, [r2, #0]
2000011e:	f381 8810 	msr	PRIMASK, r1
20000122:	0030      	movs	r0, r6
20000124:	0039      	movs	r1, r7
20000126:	f000 fef3 	bl	20000f10 <__best_effort_wfe_or_timeout_veneer>
2000012a:	2800      	cmp	r0, #0
2000012c:	d118      	bne.n	20000160 <mutex_enter_block_until+0x60>
2000012e:	6822      	ldr	r2, [r4, #0]
20000130:	f3ef 8110 	mrs	r1, PRIMASK
20000134:	b672      	cpsid	i
20000136:	6813      	ldr	r3, [r2, #0]
20000138:	2b00      	cmp	r3, #0
2000013a:	d0fc      	beq.n	20000136 <mutex_enter_block_until+0x36>
2000013c:	f3bf 8f5f 	dmb	sy
20000140:	7923      	ldrb	r3, [r4, #4]
20000142:	6822      	ldr	r2, [r4, #0]
20000144:	2b7f      	cmp	r3, #127	@ 0x7f
20000146:	d9e7      	bls.n	20000118 <mutex_enter_block_until+0x18>
20000148:	4643      	mov	r3, r8
2000014a:	7123      	strb	r3, [r4, #4]
2000014c:	f3bf 8f5f 	dmb	sy
20000150:	2300      	movs	r3, #0
20000152:	6013      	str	r3, [r2, #0]
20000154:	f381 8810 	msr	PRIMASK, r1
20000158:	2001      	movs	r0, #1
2000015a:	bc80      	pop	{r7}
2000015c:	46b8      	mov	r8, r7
2000015e:	bdf0      	pop	{r4, r5, r6, r7, pc}
20000160:	2000      	movs	r0, #0
20000162:	e7fa      	b.n	2000015a <mutex_enter_block_until+0x5a>

20000164 <mutex_try_enter_block_until>:
20000164:	b570      	push	{r4, r5, r6, lr}
20000166:	b082      	sub	sp, #8
20000168:	a901      	add	r1, sp, #4
2000016a:	0006      	movs	r6, r0
2000016c:	0014      	movs	r4, r2
2000016e:	001d      	movs	r5, r3
20000170:	f7ff ffa6 	bl	200000c0 <mutex_try_enter>
20000174:	2800      	cmp	r0, #0
20000176:	d107      	bne.n	20000188 <mutex_try_enter_block_until+0x24>
20000178:	22d0      	movs	r2, #208	@ 0xd0
2000017a:	0612      	lsls	r2, r2, #24
2000017c:	9b01      	ldr	r3, [sp, #4]
2000017e:	7812      	ldrb	r2, [r2, #0]
20000180:	b25b      	sxtb	r3, r3
20000182:	b252      	sxtb	r2, r2
20000184:	4293      	cmp	r3, r2
20000186:	d101      	bne.n	2000018c <mutex_try_enter_block_until+0x28>
20000188:	b002      	add	sp, #8
2000018a:	bd70      	pop	{r4, r5, r6, pc}
2000018c:	0022      	movs	r2, r4
2000018e:	002b      	movs	r3, r5
20000190:	0030      	movs	r0, r6
20000192:	f7ff ffb5 	bl	20000100 <mutex_enter_block_until>
20000196:	e7f7      	b.n	20000188 <mutex_try_enter_block_until+0x24>

20000198 <mutex_enter_timeout_ms>:
20000198:	b5f8      	push	{r3, r4, r5, r6, r7, lr}
2000019a:	000e      	movs	r6, r1
2000019c:	0007      	movs	r7, r0
2000019e:	f000 fea7 	bl	20000ef0 <__time_us_64_veneer>
200001a2:	22fa      	movs	r2, #250	@ 0xfa
200001a4:	0004      	movs	r4, r0
200001a6:	000d      	movs	r5, r1
200001a8:	2300      	movs	r3, #0
200001aa:	0092      	lsls	r2, r2, #2
200001ac:	0030      	movs	r0, r6
200001ae:	2100      	movs	r1, #0
200001b0:	f000 fe96 	bl	20000ee0 <____wrap___aeabi_lmul_veneer>
200001b4:	0022      	movs	r2, r4
200001b6:	002b      	movs	r3, r5
200001b8:	1812      	adds	r2, r2, r0
200001ba:	414b      	adcs	r3, r1
200001bc:	2b00      	cmp	r3, #0
200001be:	da02      	bge.n	200001c6 <mutex_enter_timeout_ms+0x2e>
200001c0:	2201      	movs	r2, #1
200001c2:	4b03      	ldr	r3, [pc, #12]	@ (200001d0 <mutex_enter_timeout_ms+0x38>)
200001c4:	4252      	negs	r2, r2
200001c6:	0038      	movs	r0, r7
200001c8:	f7ff ff9a 	bl	20000100 <mutex_enter_block_until>
200001cc:	bdf8      	pop	{r3, r4, r5, r6, r7, pc}
200001ce:	46c0      	nop			@ (mov r8, r8)
200001d0:	7fffffff 	.word	0x7fffffff

200001d4 <mutex_exit>:
200001d4:	6802      	ldr	r2, [r0, #0]
200001d6:	f3ef 8110 	mrs	r1, PRIMASK
200001da:	b672      	cpsid	i
200001dc:	6813      	ldr	r3, [r2, #0]
200001de:	2b00      	cmp	r3, #0
200001e0:	d0fc      	beq.n	200001dc <mutex_exit+0x8>
200001e2:	f3bf 8f5f 	dmb	sy
200001e6:	23ff      	movs	r3, #255	@ 0xff
200001e8:	7103      	strb	r3, [r0, #4]
200001ea:	6803      	ldr	r3, [r0, #0]
200001ec:	f3bf 8f5f 	dmb	sy
200001f0:	2200      	movs	r2, #0
200001f2:	601a      	str	r2, [r3, #0]
200001f4:	f381 8810 	msr	PRIMASK, r1
200001f8:	bf40      	sev
200001fa:	4770      	bx	lr

200001fc <flash_init_boot2_copyout>:
200001fc:	4b08      	ldr	r3, [pc, #32]	@ (20000220 <flash_init_boot2_copyout+0x24>)
200001fe:	469c      	mov	ip, r3
20000200:	781b      	ldrb	r3, [r3, #0]
20000202:	2b00      	cmp	r3, #0
20000204:	d10b      	bne.n	2000021e <flash_init_boot2_copyout+0x22>
20000206:	2380      	movs	r3, #128	@ 0x80
20000208:	4806      	ldr	r0, [pc, #24]	@ (20000224 <flash_init_boot2_copyout+0x28>)
2000020a:	4907      	ldr	r1, [pc, #28]	@ (20000228 <flash_init_boot2_copyout+0x2c>)
2000020c:	055b      	lsls	r3, r3, #21
2000020e:	681a      	ldr	r2, [r3, #0]
20000210:	50c2      	str	r2, [r0, r3]
20000212:	3304      	adds	r3, #4
20000214:	428b      	cmp	r3, r1
20000216:	d1fa      	bne.n	2000020e <flash_init_boot2_copyout+0x12>
20000218:	2301      	movs	r3, #1
2000021a:	4662      	mov	r2, ip
2000021c:	7013      	strb	r3, [r2, #0]
2000021e:	4770      	bx	lr
20000220:	2000207c 	.word	0x2000207c
20000224:	100016ac 	.word	0x100016ac
20000228:	10000100 	.word	0x10000100

2000022c <flash_enable_xip_via_boot2>:
2000022c:	b510      	push	{r4, lr}
2000022e:	4b01      	ldr	r3, [pc, #4]	@ (20000234 <flash_enable_xip_via_boot2+0x8>)
20000230:	4798      	blx	r3
20000232:	bd10      	pop	{r4, pc}
20000234:	200016ad 	.word	0x200016ad

20000238 <flash_save_hardware_state>:
20000238:	4b08      	ldr	r3, [pc, #32]	@ (2000025c <flash_save_hardware_state+0x24>)
2000023a:	685a      	ldr	r2, [r3, #4]
2000023c:	6042      	str	r2, [r0, #4]
2000023e:	689a      	ldr	r2, [r3, #8]
20000240:	6082      	str	r2, [r0, #8]
20000242:	68da      	ldr	r2, [r3, #12]
20000244:	60c2      	str	r2, [r0, #12]
20000246:	691a      	ldr	r2, [r3, #16]
20000248:	6102      	str	r2, [r0, #16]
2000024a:	695a      	ldr	r2, [r3, #20]
2000024c:	6142      	str	r2, [r0, #20]
2000024e:	699b      	ldr	r3, [r3, #24]
20000250:	6183      	str	r3, [r0, #24]
20000252:	23a0      	movs	r3, #160	@ 0xa0
20000254:	055b      	lsls	r3, r3, #21
20000256:	681b      	ldr	r3, [r3, #0]
20000258:	6003      	str	r3, [r0, #0]
2000025a:	4770      	bx	lr
2000025c:	40020000 	.word	0x40020000

20000260 <flash_restore_hardware_state>:
20000260:	6842      	ldr	r2, [r0, #4]
20000262:	4b08      	ldr	r3, [pc, #32]	@ (20000284 <flash_restore_hardware_state+0x24>)
20000264:	605a      	str	r2, [r3, #4]
20000266:	6882      	ldr	r2, [r0, #8]
20000268:	609a      	str	r2, [r3, #8]
2000026a:	68c2      	ldr	r2, [r0, #12]
2000026c:	60da      	str	r2, [r3, #12]
2000026e:	6902      	ldr	r2, [r0, #16]
20000270:	611a      	str	r2, [r3, #16]
20000272:	6942      	ldr	r2, [r0, #20]
20000274:	615a      	str	r2, [r3, #20]
20000276:	6982      	ldr	r2, [r0, #24]
20000278:	619a      	str	r2, [r3, #24]
2000027a:	23a0      	movs	r3, #160	@ 0xa0
2000027c:	6802      	ldr	r2, [r0, #0]
2000027e:	055b      	lsls	r3, r3, #21
20000280:	601a      	str	r2, [r3, #0]
20000282:	4770      	bx	lr
20000284:	40020000 	.word	0x40020000

20000288 <flash_do_cmd_cs>:
20000288:	b5f0      	push	{r4, r5, r6, r7, lr}
2000028a:	46d6      	mov	lr, sl
2000028c:	464f      	mov	r7, r9
2000028e:	4646      	mov	r6, r8
20000290:	2300      	movs	r3, #0
20000292:	b5c0      	push	{r6, r7, lr}
20000294:	2718      	movs	r7, #24
20000296:	b088      	sub	sp, #32
20000298:	001e      	movs	r6, r3
2000029a:	4681      	mov	r9, r0
2000029c:	000d      	movs	r5, r1
2000029e:	8a98      	ldrh	r0, [r3, #20]
200002a0:	4946      	ldr	r1, [pc, #280]	@ (200003bc <flash_do_cmd_cs+0x134>)
200002a2:	883b      	ldrh	r3, [r7, #0]
200002a4:	0014      	movs	r4, r2
200002a6:	4798      	blx	r3
200002a8:	883b      	ldrh	r3, [r7, #0]
200002aa:	4680      	mov	r8, r0
200002ac:	4944      	ldr	r1, [pc, #272]	@ (200003c0 <flash_do_cmd_cs+0x138>)
200002ae:	8ab0      	ldrh	r0, [r6, #20]
200002b0:	4798      	blx	r3
200002b2:	2300      	movs	r3, #0
200002b4:	4943      	ldr	r1, [pc, #268]	@ (200003c4 <flash_do_cmd_cs+0x13c>)
200002b6:	0006      	movs	r6, r0
200002b8:	8a98      	ldrh	r0, [r3, #20]
200002ba:	883b      	ldrh	r3, [r7, #0]
200002bc:	4798      	blx	r3
200002be:	4682      	mov	sl, r0
200002c0:	f7ff ff9c 	bl	200001fc <flash_init_boot2_copyout>
200002c4:	a801      	add	r0, sp, #4
200002c6:	f7ff ffb7 	bl	20000238 <flash_save_hardware_state>
200002ca:	47c0      	blx	r8
200002cc:	47b0      	blx	r6
200002ce:	4b3e      	ldr	r3, [pc, #248]	@ (200003c8 <flash_do_cmd_cs+0x140>)
200002d0:	0021      	movs	r1, r4
200002d2:	681a      	ldr	r2, [r3, #0]
200002d4:	2380      	movs	r3, #128	@ 0x80
200002d6:	009b      	lsls	r3, r3, #2
200002d8:	4053      	eors	r3, r2
200002da:	22c0      	movs	r2, #192	@ 0xc0
200002dc:	0092      	lsls	r2, r2, #2
200002de:	4013      	ands	r3, r2
200002e0:	4a3a      	ldr	r2, [pc, #232]	@ (200003cc <flash_do_cmd_cs+0x144>)
200002e2:	6013      	str	r3, [r2, #0]
200002e4:	2c00      	cmp	r4, #0
200002e6:	d01c      	beq.n	20000322 <flash_do_cmd_cs+0x9a>
200002e8:	2308      	movs	r3, #8
200002ea:	20c0      	movs	r0, #192	@ 0xc0
200002ec:	469c      	mov	ip, r3
200002ee:	0540      	lsls	r0, r0, #21
200002f0:	3f16      	subs	r7, #22
200002f2:	4662      	mov	r2, ip
200002f4:	6a83      	ldr	r3, [r0, #40]	@ 0x28
200002f6:	401a      	ands	r2, r3
200002f8:	421f      	tst	r7, r3
200002fa:	d039      	beq.n	20000370 <flash_do_cmd_cs+0xe8>
200002fc:	1a63      	subs	r3, r4, r1
200002fe:	2900      	cmp	r1, #0
20000300:	d12b      	bne.n	2000035a <flash_do_cmd_cs+0xd2>
20000302:	2a00      	cmp	r2, #0
20000304:	d10b      	bne.n	2000031e <flash_do_cmd_cs+0x96>
20000306:	2c00      	cmp	r4, #0
20000308:	d00b      	beq.n	20000322 <flash_do_cmd_cs+0x9a>
2000030a:	23c0      	movs	r3, #192	@ 0xc0
2000030c:	2208      	movs	r2, #8
2000030e:	2602      	movs	r6, #2
20000310:	055b      	lsls	r3, r3, #21
20000312:	6a9b      	ldr	r3, [r3, #40]	@ 0x28
20000314:	401a      	ands	r2, r3
20000316:	421e      	tst	r6, r3
20000318:	d042      	beq.n	200003a0 <flash_do_cmd_cs+0x118>
2000031a:	2a00      	cmp	r2, #0
2000031c:	d0f5      	beq.n	2000030a <flash_do_cmd_cs+0x82>
2000031e:	2c00      	cmp	r4, #0
20000320:	d130      	bne.n	20000384 <flash_do_cmd_cs+0xfc>
20000322:	4b29      	ldr	r3, [pc, #164]	@ (200003c8 <flash_do_cmd_cs+0x140>)
20000324:	681a      	ldr	r2, [r3, #0]
20000326:	23c0      	movs	r3, #192	@ 0xc0
20000328:	009b      	lsls	r3, r3, #2
2000032a:	4393      	bics	r3, r2
2000032c:	4a27      	ldr	r2, [pc, #156]	@ (200003cc <flash_do_cmd_cs+0x144>)
2000032e:	6013      	str	r3, [r2, #0]
20000330:	47d0      	blx	sl
20000332:	f7ff ff7b 	bl	2000022c <flash_enable_xip_via_boot2>
20000336:	a801      	add	r0, sp, #4
20000338:	f7ff ff92 	bl	20000260 <flash_restore_hardware_state>
2000033c:	b008      	add	sp, #32
2000033e:	bce0      	pop	{r5, r6, r7}
20000340:	46ba      	mov	sl, r7
20000342:	46b1      	mov	r9, r6
20000344:	46a8      	mov	r8, r5
20000346:	bdf0      	pop	{r4, r5, r6, r7, pc}
20000348:	2c00      	cmp	r4, #0
2000034a:	d12b      	bne.n	200003a4 <flash_do_cmd_cs+0x11c>
2000034c:	22c0      	movs	r2, #192	@ 0xc0
2000034e:	0552      	lsls	r2, r2, #21
20000350:	6a96      	ldr	r6, [r2, #40]	@ 0x28
20000352:	2208      	movs	r2, #8
20000354:	4032      	ands	r2, r6
20000356:	07b6      	lsls	r6, r6, #30
20000358:	d52b      	bpl.n	200003b2 <flash_do_cmd_cs+0x12a>
2000035a:	2b0d      	cmp	r3, #13
2000035c:	d919      	bls.n	20000392 <flash_do_cmd_cs+0x10a>
2000035e:	2a00      	cmp	r2, #0
20000360:	d1f2      	bne.n	20000348 <flash_do_cmd_cs+0xc0>
20000362:	22c0      	movs	r2, #192	@ 0xc0
20000364:	0552      	lsls	r2, r2, #21
20000366:	6a96      	ldr	r6, [r2, #40]	@ 0x28
20000368:	2208      	movs	r2, #8
2000036a:	4032      	ands	r2, r6
2000036c:	07b6      	lsls	r6, r6, #30
2000036e:	d4f4      	bmi.n	2000035a <flash_do_cmd_cs+0xd2>
20000370:	2a00      	cmp	r2, #0
20000372:	d104      	bne.n	2000037e <flash_do_cmd_cs+0xf6>
20000374:	000b      	movs	r3, r1
20000376:	4323      	orrs	r3, r4
20000378:	2b00      	cmp	r3, #0
2000037a:	d1ba      	bne.n	200002f2 <flash_do_cmd_cs+0x6a>
2000037c:	e7d1      	b.n	20000322 <flash_do_cmd_cs+0x9a>
2000037e:	000b      	movs	r3, r1
20000380:	2c00      	cmp	r4, #0
20000382:	d0f9      	beq.n	20000378 <flash_do_cmd_cs+0xf0>
20000384:	6e03      	ldr	r3, [r0, #96]	@ 0x60
20000386:	3c01      	subs	r4, #1
20000388:	702b      	strb	r3, [r5, #0]
2000038a:	0023      	movs	r3, r4
2000038c:	3501      	adds	r5, #1
2000038e:	430b      	orrs	r3, r1
20000390:	e7f2      	b.n	20000378 <flash_do_cmd_cs+0xf0>
20000392:	464b      	mov	r3, r9
20000394:	781b      	ldrb	r3, [r3, #0]
20000396:	3901      	subs	r1, #1
20000398:	6603      	str	r3, [r0, #96]	@ 0x60
2000039a:	2301      	movs	r3, #1
2000039c:	4499      	add	r9, r3
2000039e:	e7e7      	b.n	20000370 <flash_do_cmd_cs+0xe8>
200003a0:	2100      	movs	r1, #0
200003a2:	e7e5      	b.n	20000370 <flash_do_cmd_cs+0xe8>
200003a4:	23c0      	movs	r3, #192	@ 0xc0
200003a6:	055b      	lsls	r3, r3, #21
200003a8:	6e1b      	ldr	r3, [r3, #96]	@ 0x60
200003aa:	3c01      	subs	r4, #1
200003ac:	702b      	strb	r3, [r5, #0]
200003ae:	3501      	adds	r5, #1
200003b0:	e79f      	b.n	200002f2 <flash_do_cmd_cs+0x6a>
200003b2:	000b      	movs	r3, r1
200003b4:	42a2      	cmp	r2, r4
200003b6:	d1df      	bne.n	20000378 <flash_do_cmd_cs+0xf0>
200003b8:	e7dc      	b.n	20000374 <flash_do_cmd_cs+0xec>
200003ba:	46c0      	nop			@ (mov r8, r8)
200003bc:	00004649 	.word	0x00004649
200003c0:	00005845 	.word	0x00005845
200003c4:	00004346 	.word	0x00004346
200003c8:	4001800c 	.word	0x4001800c
200003cc:	4001900c 	.word	0x4001900c

200003d0 <reset_non_control_endpoints>:
200003d0:	2200      	movs	r2, #0
200003d2:	4b15      	ldr	r3, [pc, #84]	@ (20000428 <reset_non_control_endpoints+0x58>)
200003d4:	b510      	push	{r4, lr}
200003d6:	609a      	str	r2, [r3, #8]
200003d8:	60da      	str	r2, [r3, #12]
200003da:	611a      	str	r2, [r3, #16]
200003dc:	615a      	str	r2, [r3, #20]
200003de:	619a      	str	r2, [r3, #24]
200003e0:	61da      	str	r2, [r3, #28]
200003e2:	621a      	str	r2, [r3, #32]
200003e4:	625a      	str	r2, [r3, #36]	@ 0x24
200003e6:	629a      	str	r2, [r3, #40]	@ 0x28
200003e8:	62da      	str	r2, [r3, #44]	@ 0x2c
200003ea:	631a      	str	r2, [r3, #48]	@ 0x30
200003ec:	635a      	str	r2, [r3, #52]	@ 0x34
200003ee:	639a      	str	r2, [r3, #56]	@ 0x38
200003f0:	63da      	str	r2, [r3, #60]	@ 0x3c
200003f2:	641a      	str	r2, [r3, #64]	@ 0x40
200003f4:	645a      	str	r2, [r3, #68]	@ 0x44
200003f6:	649a      	str	r2, [r3, #72]	@ 0x48
200003f8:	64da      	str	r2, [r3, #76]	@ 0x4c
200003fa:	651a      	str	r2, [r3, #80]	@ 0x50
200003fc:	655a      	str	r2, [r3, #84]	@ 0x54
200003fe:	659a      	str	r2, [r3, #88]	@ 0x58
20000400:	65da      	str	r2, [r3, #92]	@ 0x5c
20000402:	661a      	str	r2, [r3, #96]	@ 0x60
20000404:	665a      	str	r2, [r3, #100]	@ 0x64
20000406:	669a      	str	r2, [r3, #104]	@ 0x68
20000408:	66da      	str	r2, [r3, #108]	@ 0x6c
2000040a:	671a      	str	r2, [r3, #112]	@ 0x70
2000040c:	675a      	str	r2, [r3, #116]	@ 0x74
2000040e:	679a      	str	r2, [r3, #120]	@ 0x78
20000410:	67da      	str	r2, [r3, #124]	@ 0x7c
20000412:	32f0      	adds	r2, #240	@ 0xf0
20000414:	0092      	lsls	r2, r2, #2
20000416:	2100      	movs	r1, #0
20000418:	4804      	ldr	r0, [pc, #16]	@ (2000042c <reset_non_control_endpoints+0x5c>)
2000041a:	f000 fd59 	bl	20000ed0 <____wrap_memset_veneer>
2000041e:	4b04      	ldr	r3, [pc, #16]	@ (20000430 <reset_non_control_endpoints+0x60>)
20000420:	4a04      	ldr	r2, [pc, #16]	@ (20000434 <reset_non_control_endpoints+0x64>)
20000422:	601a      	str	r2, [r3, #0]
20000424:	bd10      	pop	{r4, pc}
20000426:	46c0      	nop			@ (mov r8, r8)
20000428:	50100000 	.word	0x50100000
2000042c:	20001c60 	.word	0x20001c60
20000430:	20002028 	.word	0x20002028
20000434:	50100180 	.word	0x50100180

20000438 <hw_handle_buff_status>:
20000438:	b5f0      	push	{r4, r5, r6, r7, lr}
2000043a:	4647      	mov	r7, r8
2000043c:	46ce      	mov	lr, r9
2000043e:	b580      	push	{r7, lr}
20000440:	4b1c      	ldr	r3, [pc, #112]	@ (200004b4 <hw_handle_buff_status+0x7c>)
20000442:	2400      	movs	r4, #0
20000444:	6d9f      	ldr	r7, [r3, #88]	@ 0x58
20000446:	2601      	movs	r6, #1
20000448:	b085      	sub	sp, #20
2000044a:	2f00      	cmp	r7, #0
2000044c:	d01b      	beq.n	20000486 <hw_handle_buff_status+0x4e>
2000044e:	4b1a      	ldr	r3, [pc, #104]	@ (200004b8 <hw_handle_buff_status+0x80>)
20000450:	4698      	mov	r8, r3
20000452:	4b1a      	ldr	r3, [pc, #104]	@ (200004bc <hw_handle_buff_status+0x84>)
20000454:	4699      	mov	r9, r3
20000456:	e004      	b.n	20000462 <hw_handle_buff_status+0x2a>
20000458:	3401      	adds	r4, #1
2000045a:	b2e4      	uxtb	r4, r4
2000045c:	0076      	lsls	r6, r6, #1
2000045e:	2c20      	cmp	r4, #32
20000460:	d011      	beq.n	20000486 <hw_handle_buff_status+0x4e>
20000462:	423e      	tst	r6, r7
20000464:	d0f8      	beq.n	20000458 <hw_handle_buff_status+0x20>
20000466:	4643      	mov	r3, r8
20000468:	659e      	str	r6, [r3, #88]	@ 0x58
2000046a:	2301      	movs	r3, #1
2000046c:	0865      	lsrs	r5, r4, #1
2000046e:	006d      	lsls	r5, r5, #1
20000470:	43a3      	bics	r3, r4
20000472:	18ed      	adds	r5, r5, r3
20000474:	016d      	lsls	r5, r5, #5
20000476:	444d      	add	r5, r9
20000478:	0028      	movs	r0, r5
2000047a:	f000 fc13 	bl	20000ca4 <hw_endpoint_xfer_continue>
2000047e:	2800      	cmp	r0, #0
20000480:	d106      	bne.n	20000490 <hw_handle_buff_status+0x58>
20000482:	43b7      	bics	r7, r6
20000484:	d1e8      	bne.n	20000458 <hw_handle_buff_status+0x20>
20000486:	b005      	add	sp, #20
20000488:	bcc0      	pop	{r6, r7}
2000048a:	46b9      	mov	r9, r7
2000048c:	46b0      	mov	r8, r6
2000048e:	bdf0      	pop	{r4, r5, r6, r7, pc}
20000490:	8aeb      	ldrh	r3, [r5, #22]
20000492:	21e0      	movs	r1, #224	@ 0xe0
20000494:	9303      	str	r3, [sp, #12]
20000496:	2300      	movs	r3, #0
20000498:	a801      	add	r0, sp, #4
2000049a:	78aa      	ldrb	r2, [r5, #2]
2000049c:	00c9      	lsls	r1, r1, #3
2000049e:	8001      	strh	r1, [r0, #0]
200004a0:	2101      	movs	r1, #1
200004a2:	7102      	strb	r2, [r0, #4]
200004a4:	7143      	strb	r3, [r0, #5]
200004a6:	f000 fc1d 	bl	20000ce4 <dcd_event_handler>
200004aa:	0028      	movs	r0, r5
200004ac:	f000 fb98 	bl	20000be0 <hw_endpoint_reset_transfer>
200004b0:	e7e7      	b.n	20000482 <hw_handle_buff_status+0x4a>
200004b2:	46c0      	nop			@ (mov r8, r8)
200004b4:	50110000 	.word	0x50110000
200004b8:	50113000 	.word	0x50113000
200004bc:	20001c20 	.word	0x20001c20

200004c0 <dcd_rp2040_irq>:
200004c0:	2398      	movs	r3, #152	@ 0x98
200004c2:	4ac6      	ldr	r2, [pc, #792]	@ (200007dc <dcd_rp2040_irq+0x31c>)
200004c4:	b5f0      	push	{r4, r5, r6, r7, lr}
200004c6:	58d5      	ldr	r5, [r2, r3]
200004c8:	2380      	movs	r3, #128	@ 0x80
200004ca:	002e      	movs	r6, r5
200004cc:	029b      	lsls	r3, r3, #10
200004ce:	2410      	movs	r4, #16
200004d0:	b085      	sub	sp, #20
200004d2:	401e      	ands	r6, r3
200004d4:	421d      	tst	r5, r3
200004d6:	d074      	beq.n	200005c2 <dcd_rp2040_irq+0x102>
200004d8:	4bc1      	ldr	r3, [pc, #772]	@ (200007e0 <dcd_rp2040_irq+0x320>)
200004da:	4cc2      	ldr	r4, [pc, #776]	@ (200007e4 <dcd_rp2040_irq+0x324>)
200004dc:	6a9a      	ldr	r2, [r3, #40]	@ 0x28
200004de:	4bc2      	ldr	r3, [pc, #776]	@ (200007e8 <dcd_rp2040_irq+0x328>)
200004e0:	2600      	movs	r6, #0
200004e2:	601a      	str	r2, [r3, #0]
200004e4:	233b      	movs	r3, #59	@ 0x3b
200004e6:	5ce3      	ldrb	r3, [r4, r3]
200004e8:	2b02      	cmp	r3, #2
200004ea:	d100      	bne.n	200004ee <dcd_rp2040_irq+0x2e>
200004ec:	e14b      	b.n	20000786 <dcd_rp2040_irq+0x2c6>
200004ee:	237b      	movs	r3, #123	@ 0x7b
200004f0:	5ce3      	ldrb	r3, [r4, r3]
200004f2:	2b02      	cmp	r3, #2
200004f4:	d100      	bne.n	200004f8 <dcd_rp2040_irq+0x38>
200004f6:	e0ef      	b.n	200006d8 <dcd_rp2040_irq+0x218>
200004f8:	23bb      	movs	r3, #187	@ 0xbb
200004fa:	5ce3      	ldrb	r3, [r4, r3]
200004fc:	2b02      	cmp	r3, #2
200004fe:	d100      	bne.n	20000502 <dcd_rp2040_irq+0x42>
20000500:	e0f6      	b.n	200006f0 <dcd_rp2040_irq+0x230>
20000502:	23fb      	movs	r3, #251	@ 0xfb
20000504:	5ce3      	ldrb	r3, [r4, r3]
20000506:	2b02      	cmp	r3, #2
20000508:	d100      	bne.n	2000050c <dcd_rp2040_irq+0x4c>
2000050a:	e0fd      	b.n	20000708 <dcd_rp2040_irq+0x248>
2000050c:	233c      	movs	r3, #60	@ 0x3c
2000050e:	33ff      	adds	r3, #255	@ 0xff
20000510:	5ce3      	ldrb	r3, [r4, r3]
20000512:	2b02      	cmp	r3, #2
20000514:	d100      	bne.n	20000518 <dcd_rp2040_irq+0x58>
20000516:	e129      	b.n	2000076c <dcd_rp2040_irq+0x2ac>
20000518:	237c      	movs	r3, #124	@ 0x7c
2000051a:	33ff      	adds	r3, #255	@ 0xff
2000051c:	5ce3      	ldrb	r3, [r4, r3]
2000051e:	2b02      	cmp	r3, #2
20000520:	d100      	bne.n	20000524 <dcd_rp2040_irq+0x64>
20000522:	e10a      	b.n	2000073a <dcd_rp2040_irq+0x27a>
20000524:	23bc      	movs	r3, #188	@ 0xbc
20000526:	33ff      	adds	r3, #255	@ 0xff
20000528:	5ce3      	ldrb	r3, [r4, r3]
2000052a:	2b02      	cmp	r3, #2
2000052c:	d100      	bne.n	20000530 <dcd_rp2040_irq+0x70>
2000052e:	e13b      	b.n	200007a8 <dcd_rp2040_irq+0x2e8>
20000530:	23fc      	movs	r3, #252	@ 0xfc
20000532:	33ff      	adds	r3, #255	@ 0xff
20000534:	5ce3      	ldrb	r3, [r4, r3]
20000536:	2b02      	cmp	r3, #2
20000538:	d100      	bne.n	2000053c <dcd_rp2040_irq+0x7c>
2000053a:	e0f1      	b.n	20000720 <dcd_rp2040_irq+0x260>
2000053c:	4bab      	ldr	r3, [pc, #684]	@ (200007ec <dcd_rp2040_irq+0x32c>)
2000053e:	5ce3      	ldrb	r3, [r4, r3]
20000540:	2b02      	cmp	r3, #2
20000542:	d100      	bne.n	20000546 <dcd_rp2040_irq+0x86>
20000544:	e170      	b.n	20000828 <dcd_rp2040_irq+0x368>
20000546:	4baa      	ldr	r3, [pc, #680]	@ (200007f0 <dcd_rp2040_irq+0x330>)
20000548:	5ce3      	ldrb	r3, [r4, r3]
2000054a:	2b02      	cmp	r3, #2
2000054c:	d100      	bne.n	20000550 <dcd_rp2040_irq+0x90>
2000054e:	e101      	b.n	20000754 <dcd_rp2040_irq+0x294>
20000550:	4ba8      	ldr	r3, [pc, #672]	@ (200007f4 <dcd_rp2040_irq+0x334>)
20000552:	5ce3      	ldrb	r3, [r4, r3]
20000554:	2b02      	cmp	r3, #2
20000556:	d100      	bne.n	2000055a <dcd_rp2040_irq+0x9a>
20000558:	e171      	b.n	2000083e <dcd_rp2040_irq+0x37e>
2000055a:	4ba7      	ldr	r3, [pc, #668]	@ (200007f8 <dcd_rp2040_irq+0x338>)
2000055c:	5ce3      	ldrb	r3, [r4, r3]
2000055e:	2b02      	cmp	r3, #2
20000560:	d100      	bne.n	20000564 <dcd_rp2040_irq+0xa4>
20000562:	e12e      	b.n	200007c2 <dcd_rp2040_irq+0x302>
20000564:	4ba5      	ldr	r3, [pc, #660]	@ (200007fc <dcd_rp2040_irq+0x33c>)
20000566:	5ce3      	ldrb	r3, [r4, r3]
20000568:	2b02      	cmp	r3, #2
2000056a:	d100      	bne.n	2000056e <dcd_rp2040_irq+0xae>
2000056c:	e19c      	b.n	200008a8 <dcd_rp2040_irq+0x3e8>
2000056e:	4ba4      	ldr	r3, [pc, #656]	@ (20000800 <dcd_rp2040_irq+0x340>)
20000570:	5ce3      	ldrb	r3, [r4, r3]
20000572:	2b02      	cmp	r3, #2
20000574:	d100      	bne.n	20000578 <dcd_rp2040_irq+0xb8>
20000576:	e16d      	b.n	20000854 <dcd_rp2040_irq+0x394>
20000578:	4ba2      	ldr	r3, [pc, #648]	@ (20000804 <dcd_rp2040_irq+0x344>)
2000057a:	5ce3      	ldrb	r3, [r4, r3]
2000057c:	2b02      	cmp	r3, #2
2000057e:	d100      	bne.n	20000582 <dcd_rp2040_irq+0xc2>
20000580:	e19d      	b.n	200008be <dcd_rp2040_irq+0x3fe>
20000582:	4ba1      	ldr	r3, [pc, #644]	@ (20000808 <dcd_rp2040_irq+0x348>)
20000584:	5ce3      	ldrb	r3, [r4, r3]
20000586:	2b02      	cmp	r3, #2
20000588:	d100      	bne.n	2000058c <dcd_rp2040_irq+0xcc>
2000058a:	e17b      	b.n	20000884 <dcd_rp2040_irq+0x3c4>
2000058c:	2e00      	cmp	r6, #0
2000058e:	d108      	bne.n	200005a2 <dcd_rp2040_irq+0xe2>
20000590:	4b9e      	ldr	r3, [pc, #632]	@ (2000080c <dcd_rp2040_irq+0x34c>)
20000592:	781b      	ldrb	r3, [r3, #0]
20000594:	2b00      	cmp	r3, #0
20000596:	d104      	bne.n	200005a2 <dcd_rp2040_irq+0xe2>
20000598:	2180      	movs	r1, #128	@ 0x80
2000059a:	4a9d      	ldr	r2, [pc, #628]	@ (20000810 <dcd_rp2040_irq+0x350>)
2000059c:	3390      	adds	r3, #144	@ 0x90
2000059e:	0289      	lsls	r1, r1, #10
200005a0:	50d1      	str	r1, [r2, r3]
200005a2:	22c0      	movs	r2, #192	@ 0xc0
200005a4:	4669      	mov	r1, sp
200005a6:	4b8d      	ldr	r3, [pc, #564]	@ (200007dc <dcd_rp2040_irq+0x31c>)
200005a8:	0092      	lsls	r2, r2, #2
200005aa:	6c9b      	ldr	r3, [r3, #72]	@ 0x48
200005ac:	2680      	movs	r6, #128	@ 0x80
200005ae:	055b      	lsls	r3, r3, #21
200005b0:	808a      	strh	r2, [r1, #4]
200005b2:	0d5b      	lsrs	r3, r3, #21
200005b4:	2101      	movs	r1, #1
200005b6:	a801      	add	r0, sp, #4
200005b8:	9302      	str	r3, [sp, #8]
200005ba:	f000 fb93 	bl	20000ce4 <dcd_event_handler>
200005be:	4c95      	ldr	r4, [pc, #596]	@ (20000814 <dcd_rp2040_irq+0x354>)
200005c0:	02b6      	lsls	r6, r6, #10
200005c2:	06eb      	lsls	r3, r5, #27
200005c4:	d500      	bpl.n	200005c8 <dcd_rp2040_irq+0x108>
200005c6:	e07b      	b.n	200006c0 <dcd_rp2040_irq+0x200>
200005c8:	2380      	movs	r3, #128	@ 0x80
200005ca:	025b      	lsls	r3, r3, #9
200005cc:	421d      	tst	r5, r3
200005ce:	d02f      	beq.n	20000630 <dcd_rp2040_irq+0x170>
200005d0:	2402      	movs	r4, #2
200005d2:	4f84      	ldr	r7, [pc, #528]	@ (200007e4 <dcd_rp2040_irq+0x324>)
200005d4:	431e      	orrs	r6, r3
200005d6:	7ebb      	ldrb	r3, [r7, #26]
200005d8:	2b00      	cmp	r3, #0
200005da:	d014      	beq.n	20000606 <dcd_rp2040_irq+0x146>
200005dc:	f000 fc90 	bl	20000f00 <__rp2040_chip_version_veneer>
200005e0:	2801      	cmp	r0, #1
200005e2:	d900      	bls.n	200005e6 <dcd_rp2040_irq+0x126>
200005e4:	e070      	b.n	200006c8 <dcd_rp2040_irq+0x208>
200005e6:	22c0      	movs	r2, #192	@ 0xc0
200005e8:	2100      	movs	r1, #0
200005ea:	0038      	movs	r0, r7
200005ec:	0192      	lsls	r2, r2, #6
200005ee:	f000 fafd 	bl	20000bec <_hw_endpoint_buffer_control_update32>
200005f2:	0038      	movs	r0, r7
200005f4:	f000 faf4 	bl	20000be0 <hw_endpoint_reset_transfer>
200005f8:	f000 fc82 	bl	20000f00 <__rp2040_chip_version_veneer>
200005fc:	2801      	cmp	r0, #1
200005fe:	d902      	bls.n	20000606 <dcd_rp2040_irq+0x146>
20000600:	4b83      	ldr	r3, [pc, #524]	@ (20000810 <dcd_rp2040_irq+0x350>)
20000602:	665c      	str	r4, [r3, #100]	@ 0x64
20000604:	661c      	str	r4, [r3, #96]	@ 0x60
20000606:	2301      	movs	r3, #1
20000608:	70fb      	strb	r3, [r7, #3]
2000060a:	3720      	adds	r7, #32
2000060c:	2c01      	cmp	r4, #1
2000060e:	d120      	bne.n	20000652 <dcd_rp2040_irq+0x192>
20000610:	23c0      	movs	r3, #192	@ 0xc0
20000612:	466a      	mov	r2, sp
20000614:	00db      	lsls	r3, r3, #3
20000616:	8093      	strh	r3, [r2, #4]
20000618:	4a7f      	ldr	r2, [pc, #508]	@ (20000818 <dcd_rp2040_irq+0x358>)
2000061a:	ab02      	add	r3, sp, #8
2000061c:	ca03      	ldmia	r2!, {r0, r1}
2000061e:	c303      	stmia	r3!, {r0, r1}
20000620:	2101      	movs	r1, #1
20000622:	a801      	add	r0, sp, #4
20000624:	f000 fb5e 	bl	20000ce4 <dcd_event_handler>
20000628:	2280      	movs	r2, #128	@ 0x80
2000062a:	4b79      	ldr	r3, [pc, #484]	@ (20000810 <dcd_rp2040_irq+0x350>)
2000062c:	0292      	lsls	r2, r2, #10
2000062e:	651a      	str	r2, [r3, #80]	@ 0x50
20000630:	2380      	movs	r3, #128	@ 0x80
20000632:	015b      	lsls	r3, r3, #5
20000634:	421d      	tst	r5, r3
20000636:	d10e      	bne.n	20000656 <dcd_rp2040_irq+0x196>
20000638:	2380      	movs	r3, #128	@ 0x80
2000063a:	01db      	lsls	r3, r3, #7
2000063c:	421d      	tst	r5, r3
2000063e:	d121      	bne.n	20000684 <dcd_rp2040_irq+0x1c4>
20000640:	2380      	movs	r3, #128	@ 0x80
20000642:	021b      	lsls	r3, r3, #8
20000644:	421d      	tst	r5, r3
20000646:	d12d      	bne.n	200006a4 <dcd_rp2040_irq+0x1e4>
20000648:	42ae      	cmp	r6, r5
2000064a:	d000      	beq.n	2000064e <dcd_rp2040_irq+0x18e>
2000064c:	e1be      	b.n	200009cc <dcd_rp2040_irq+0x50c>
2000064e:	b005      	add	sp, #20
20000650:	bdf0      	pop	{r4, r5, r6, r7, pc}
20000652:	2401      	movs	r4, #1
20000654:	e7bf      	b.n	200005d6 <dcd_rp2040_irq+0x116>
20000656:	2400      	movs	r4, #0
20000658:	431e      	orrs	r6, r3
2000065a:	4b60      	ldr	r3, [pc, #384]	@ (200007dc <dcd_rp2040_irq+0x31c>)
2000065c:	601c      	str	r4, [r3, #0]
2000065e:	f7ff feb7 	bl	200003d0 <reset_non_control_endpoints>
20000662:	2380      	movs	r3, #128	@ 0x80
20000664:	466a      	mov	r2, sp
20000666:	005b      	lsls	r3, r3, #1
20000668:	8093      	strh	r3, [r2, #4]
2000066a:	7214      	strb	r4, [r2, #8]
2000066c:	2101      	movs	r1, #1
2000066e:	a801      	add	r0, sp, #4
20000670:	f000 fb38 	bl	20000ce4 <dcd_event_handler>
20000674:	2280      	movs	r2, #128	@ 0x80
20000676:	4b66      	ldr	r3, [pc, #408]	@ (20000810 <dcd_rp2040_irq+0x350>)
20000678:	0312      	lsls	r2, r2, #12
2000067a:	651a      	str	r2, [r3, #80]	@ 0x50
2000067c:	2380      	movs	r3, #128	@ 0x80
2000067e:	01db      	lsls	r3, r3, #7
20000680:	421d      	tst	r5, r3
20000682:	d0dd      	beq.n	20000640 <dcd_rp2040_irq+0x180>
20000684:	431e      	orrs	r6, r3
20000686:	2380      	movs	r3, #128	@ 0x80
20000688:	466a      	mov	r2, sp
2000068a:	00db      	lsls	r3, r3, #3
2000068c:	8093      	strh	r3, [r2, #4]
2000068e:	2101      	movs	r1, #1
20000690:	a801      	add	r0, sp, #4
20000692:	f000 fb27 	bl	20000ce4 <dcd_event_handler>
20000696:	2210      	movs	r2, #16
20000698:	4b5d      	ldr	r3, [pc, #372]	@ (20000810 <dcd_rp2040_irq+0x350>)
2000069a:	651a      	str	r2, [r3, #80]	@ 0x50
2000069c:	2380      	movs	r3, #128	@ 0x80
2000069e:	021b      	lsls	r3, r3, #8
200006a0:	421d      	tst	r5, r3
200006a2:	d0d1      	beq.n	20000648 <dcd_rp2040_irq+0x188>
200006a4:	431e      	orrs	r6, r3
200006a6:	23a0      	movs	r3, #160	@ 0xa0
200006a8:	466a      	mov	r2, sp
200006aa:	00db      	lsls	r3, r3, #3
200006ac:	8093      	strh	r3, [r2, #4]
200006ae:	2101      	movs	r1, #1
200006b0:	a801      	add	r0, sp, #4
200006b2:	f000 fb17 	bl	20000ce4 <dcd_event_handler>
200006b6:	2280      	movs	r2, #128	@ 0x80
200006b8:	4b55      	ldr	r3, [pc, #340]	@ (20000810 <dcd_rp2040_irq+0x350>)
200006ba:	0112      	lsls	r2, r2, #4
200006bc:	651a      	str	r2, [r3, #80]	@ 0x50
200006be:	e7c3      	b.n	20000648 <dcd_rp2040_irq+0x188>
200006c0:	f7ff feba 	bl	20000438 <hw_handle_buff_status>
200006c4:	0026      	movs	r6, r4
200006c6:	e77f      	b.n	200005c8 <dcd_rp2040_irq+0x108>
200006c8:	4b54      	ldr	r3, [pc, #336]	@ (2000081c <dcd_rp2040_irq+0x35c>)
200006ca:	4a44      	ldr	r2, [pc, #272]	@ (200007dc <dcd_rp2040_irq+0x31c>)
200006cc:	661c      	str	r4, [r3, #96]	@ 0x60
200006ce:	6e53      	ldr	r3, [r2, #100]	@ 0x64
200006d0:	4023      	ands	r3, r4
200006d2:	42a3      	cmp	r3, r4
200006d4:	d1fb      	bne.n	200006ce <dcd_rp2040_irq+0x20e>
200006d6:	e786      	b.n	200005e6 <dcd_rp2040_irq+0x126>
200006d8:	3378      	adds	r3, #120	@ 0x78
200006da:	5ce7      	ldrb	r7, [r4, r3]
200006dc:	2f00      	cmp	r7, #0
200006de:	d100      	bne.n	200006e2 <dcd_rp2040_irq+0x222>
200006e0:	e70a      	b.n	200004f8 <dcd_rp2040_irq+0x38>
200006e2:	3302      	adds	r3, #2
200006e4:	5ce2      	ldrb	r2, [r4, r3]
200006e6:	2a00      	cmp	r2, #0
200006e8:	d000      	beq.n	200006ec <dcd_rp2040_irq+0x22c>
200006ea:	e10d      	b.n	20000908 <dcd_rp2040_irq+0x448>
200006ec:	003e      	movs	r6, r7
200006ee:	e703      	b.n	200004f8 <dcd_rp2040_irq+0x38>
200006f0:	33b8      	adds	r3, #184	@ 0xb8
200006f2:	5ce7      	ldrb	r7, [r4, r3]
200006f4:	2f00      	cmp	r7, #0
200006f6:	d100      	bne.n	200006fa <dcd_rp2040_irq+0x23a>
200006f8:	e703      	b.n	20000502 <dcd_rp2040_irq+0x42>
200006fa:	3302      	adds	r3, #2
200006fc:	5ce2      	ldrb	r2, [r4, r3]
200006fe:	2a00      	cmp	r2, #0
20000700:	d000      	beq.n	20000704 <dcd_rp2040_irq+0x244>
20000702:	e0f9      	b.n	200008f8 <dcd_rp2040_irq+0x438>
20000704:	003e      	movs	r6, r7
20000706:	e6fc      	b.n	20000502 <dcd_rp2040_irq+0x42>
20000708:	33f8      	adds	r3, #248	@ 0xf8
2000070a:	5ce7      	ldrb	r7, [r4, r3]
2000070c:	2f00      	cmp	r7, #0
2000070e:	d100      	bne.n	20000712 <dcd_rp2040_irq+0x252>
20000710:	e6fc      	b.n	2000050c <dcd_rp2040_irq+0x4c>
20000712:	3302      	adds	r3, #2
20000714:	5ce2      	ldrb	r2, [r4, r3]
20000716:	2a00      	cmp	r2, #0
20000718:	d000      	beq.n	2000071c <dcd_rp2040_irq+0x25c>
2000071a:	e141      	b.n	200009a0 <dcd_rp2040_irq+0x4e0>
2000071c:	003e      	movs	r6, r7
2000071e:	e6f5      	b.n	2000050c <dcd_rp2040_irq+0x4c>
20000720:	33f9      	adds	r3, #249	@ 0xf9
20000722:	33ff      	adds	r3, #255	@ 0xff
20000724:	5ce7      	ldrb	r7, [r4, r3]
20000726:	2f00      	cmp	r7, #0
20000728:	d100      	bne.n	2000072c <dcd_rp2040_irq+0x26c>
2000072a:	e707      	b.n	2000053c <dcd_rp2040_irq+0x7c>
2000072c:	3302      	adds	r3, #2
2000072e:	5ce2      	ldrb	r2, [r4, r3]
20000730:	2a00      	cmp	r2, #0
20000732:	d000      	beq.n	20000736 <dcd_rp2040_irq+0x276>
20000734:	e12b      	b.n	2000098e <dcd_rp2040_irq+0x4ce>
20000736:	003e      	movs	r6, r7
20000738:	e700      	b.n	2000053c <dcd_rp2040_irq+0x7c>
2000073a:	3379      	adds	r3, #121	@ 0x79
2000073c:	33ff      	adds	r3, #255	@ 0xff
2000073e:	5ce7      	ldrb	r7, [r4, r3]
20000740:	2f00      	cmp	r7, #0
20000742:	d100      	bne.n	20000746 <dcd_rp2040_irq+0x286>
20000744:	e6ee      	b.n	20000524 <dcd_rp2040_irq+0x64>
20000746:	3302      	adds	r3, #2
20000748:	5ce2      	ldrb	r2, [r4, r3]
2000074a:	2a00      	cmp	r2, #0
2000074c:	d000      	beq.n	20000750 <dcd_rp2040_irq+0x290>
2000074e:	e115      	b.n	2000097c <dcd_rp2040_irq+0x4bc>
20000750:	003e      	movs	r6, r7
20000752:	e6e7      	b.n	20000524 <dcd_rp2040_irq+0x64>
20000754:	4b32      	ldr	r3, [pc, #200]	@ (20000820 <dcd_rp2040_irq+0x360>)
20000756:	5ce7      	ldrb	r7, [r4, r3]
20000758:	2f00      	cmp	r7, #0
2000075a:	d100      	bne.n	2000075e <dcd_rp2040_irq+0x29e>
2000075c:	e6f8      	b.n	20000550 <dcd_rp2040_irq+0x90>
2000075e:	3302      	adds	r3, #2
20000760:	5ce2      	ldrb	r2, [r4, r3]
20000762:	2a00      	cmp	r2, #0
20000764:	d000      	beq.n	20000768 <dcd_rp2040_irq+0x2a8>
20000766:	e101      	b.n	2000096c <dcd_rp2040_irq+0x4ac>
20000768:	003e      	movs	r6, r7
2000076a:	e6f1      	b.n	20000550 <dcd_rp2040_irq+0x90>
2000076c:	3339      	adds	r3, #57	@ 0x39
2000076e:	33ff      	adds	r3, #255	@ 0xff
20000770:	5ce7      	ldrb	r7, [r4, r3]
20000772:	2f00      	cmp	r7, #0
20000774:	d100      	bne.n	20000778 <dcd_rp2040_irq+0x2b8>
20000776:	e6cf      	b.n	20000518 <dcd_rp2040_irq+0x58>
20000778:	3302      	adds	r3, #2
2000077a:	5ce2      	ldrb	r2, [r4, r3]
2000077c:	2a00      	cmp	r2, #0
2000077e:	d000      	beq.n	20000782 <dcd_rp2040_irq+0x2c2>
20000780:	e0eb      	b.n	2000095a <dcd_rp2040_irq+0x49a>
20000782:	003e      	movs	r6, r7
20000784:	e6c8      	b.n	20000518 <dcd_rp2040_irq+0x58>
20000786:	3338      	adds	r3, #56	@ 0x38
20000788:	5ce6      	ldrb	r6, [r4, r3]
2000078a:	2e00      	cmp	r6, #0
2000078c:	d100      	bne.n	20000790 <dcd_rp2040_irq+0x2d0>
2000078e:	e6ae      	b.n	200004ee <dcd_rp2040_irq+0x2e>
20000790:	3302      	adds	r3, #2
20000792:	5ce2      	ldrb	r2, [r4, r3]
20000794:	2a00      	cmp	r2, #0
20000796:	d100      	bne.n	2000079a <dcd_rp2040_irq+0x2da>
20000798:	e6a9      	b.n	200004ee <dcd_rp2040_irq+0x2e>
2000079a:	0020      	movs	r0, r4
2000079c:	2200      	movs	r2, #0
2000079e:	3020      	adds	r0, #32
200007a0:	54e2      	strb	r2, [r4, r3]
200007a2:	f000 fa4b 	bl	20000c3c <hw_endpoint_start_next_buffer>
200007a6:	e6a2      	b.n	200004ee <dcd_rp2040_irq+0x2e>
200007a8:	33b9      	adds	r3, #185	@ 0xb9
200007aa:	33ff      	adds	r3, #255	@ 0xff
200007ac:	5ce7      	ldrb	r7, [r4, r3]
200007ae:	2f00      	cmp	r7, #0
200007b0:	d100      	bne.n	200007b4 <dcd_rp2040_irq+0x2f4>
200007b2:	e6bd      	b.n	20000530 <dcd_rp2040_irq+0x70>
200007b4:	3302      	adds	r3, #2
200007b6:	5ce2      	ldrb	r2, [r4, r3]
200007b8:	2a00      	cmp	r2, #0
200007ba:	d000      	beq.n	200007be <dcd_rp2040_irq+0x2fe>
200007bc:	e0c4      	b.n	20000948 <dcd_rp2040_irq+0x488>
200007be:	003e      	movs	r6, r7
200007c0:	e6b6      	b.n	20000530 <dcd_rp2040_irq+0x70>
200007c2:	4b18      	ldr	r3, [pc, #96]	@ (20000824 <dcd_rp2040_irq+0x364>)
200007c4:	5ce7      	ldrb	r7, [r4, r3]
200007c6:	2f00      	cmp	r7, #0
200007c8:	d100      	bne.n	200007cc <dcd_rp2040_irq+0x30c>
200007ca:	e6cb      	b.n	20000564 <dcd_rp2040_irq+0xa4>
200007cc:	3302      	adds	r3, #2
200007ce:	5ce2      	ldrb	r2, [r4, r3]
200007d0:	2a00      	cmp	r2, #0
200007d2:	d000      	beq.n	200007d6 <dcd_rp2040_irq+0x316>
200007d4:	e0b0      	b.n	20000938 <dcd_rp2040_irq+0x478>
200007d6:	003e      	movs	r6, r7
200007d8:	e6c4      	b.n	20000564 <dcd_rp2040_irq+0xa4>
200007da:	46c0      	nop			@ (mov r8, r8)
200007dc:	50110000 	.word	0x50110000
200007e0:	40054000 	.word	0x40054000
200007e4:	20001c20 	.word	0x20001c20
200007e8:	20001818 	.word	0x20001818
200007ec:	0000023b 	.word	0x0000023b
200007f0:	0000027b 	.word	0x0000027b
200007f4:	000002bb 	.word	0x000002bb
200007f8:	000002fb 	.word	0x000002fb
200007fc:	0000033b 	.word	0x0000033b
20000800:	0000037b 	.word	0x0000037b
20000804:	000003bb 	.word	0x000003bb
20000808:	000003fb 	.word	0x000003fb
2000080c:	2000207a 	.word	0x2000207a
20000810:	50113000 	.word	0x50113000
20000814:	00020010 	.word	0x00020010
20000818:	50100000 	.word	0x50100000
2000081c:	50112000 	.word	0x50112000
20000820:	0000027a 	.word	0x0000027a
20000824:	000002fa 	.word	0x000002fa
20000828:	4b6b      	ldr	r3, [pc, #428]	@ (200009d8 <dcd_rp2040_irq+0x518>)
2000082a:	5ce7      	ldrb	r7, [r4, r3]
2000082c:	2f00      	cmp	r7, #0
2000082e:	d100      	bne.n	20000832 <dcd_rp2040_irq+0x372>
20000830:	e689      	b.n	20000546 <dcd_rp2040_irq+0x86>
20000832:	3302      	adds	r3, #2
20000834:	5ce2      	ldrb	r2, [r4, r3]
20000836:	2a00      	cmp	r2, #0
20000838:	d176      	bne.n	20000928 <dcd_rp2040_irq+0x468>
2000083a:	003e      	movs	r6, r7
2000083c:	e683      	b.n	20000546 <dcd_rp2040_irq+0x86>
2000083e:	4b67      	ldr	r3, [pc, #412]	@ (200009dc <dcd_rp2040_irq+0x51c>)
20000840:	5ce7      	ldrb	r7, [r4, r3]
20000842:	2f00      	cmp	r7, #0
20000844:	d100      	bne.n	20000848 <dcd_rp2040_irq+0x388>
20000846:	e688      	b.n	2000055a <dcd_rp2040_irq+0x9a>
20000848:	3302      	adds	r3, #2
2000084a:	5ce2      	ldrb	r2, [r4, r3]
2000084c:	2a00      	cmp	r2, #0
2000084e:	d163      	bne.n	20000918 <dcd_rp2040_irq+0x458>
20000850:	003e      	movs	r6, r7
20000852:	e682      	b.n	2000055a <dcd_rp2040_irq+0x9a>
20000854:	4b62      	ldr	r3, [pc, #392]	@ (200009e0 <dcd_rp2040_irq+0x520>)
20000856:	5ce7      	ldrb	r7, [r4, r3]
20000858:	2f00      	cmp	r7, #0
2000085a:	d100      	bne.n	2000085e <dcd_rp2040_irq+0x39e>
2000085c:	e68c      	b.n	20000578 <dcd_rp2040_irq+0xb8>
2000085e:	3302      	adds	r3, #2
20000860:	5ce2      	ldrb	r2, [r4, r3]
20000862:	2a00      	cmp	r2, #0
20000864:	d000      	beq.n	20000868 <dcd_rp2040_irq+0x3a8>
20000866:	e0a3      	b.n	200009b0 <dcd_rp2040_irq+0x4f0>
20000868:	4b5e      	ldr	r3, [pc, #376]	@ (200009e4 <dcd_rp2040_irq+0x524>)
2000086a:	5ce3      	ldrb	r3, [r4, r3]
2000086c:	2b02      	cmp	r3, #2
2000086e:	d130      	bne.n	200008d2 <dcd_rp2040_irq+0x412>
20000870:	4b5d      	ldr	r3, [pc, #372]	@ (200009e8 <dcd_rp2040_irq+0x528>)
20000872:	5ce3      	ldrb	r3, [r4, r3]
20000874:	2b00      	cmp	r3, #0
20000876:	d127      	bne.n	200008c8 <dcd_rp2040_irq+0x408>
20000878:	4b5c      	ldr	r3, [pc, #368]	@ (200009ec <dcd_rp2040_irq+0x52c>)
2000087a:	5ce3      	ldrb	r3, [r4, r3]
2000087c:	2b02      	cmp	r3, #2
2000087e:	d000      	beq.n	20000882 <dcd_rp2040_irq+0x3c2>
20000880:	e68f      	b.n	200005a2 <dcd_rp2040_irq+0xe2>
20000882:	003e      	movs	r6, r7
20000884:	4b5a      	ldr	r3, [pc, #360]	@ (200009f0 <dcd_rp2040_irq+0x530>)
20000886:	5ce3      	ldrb	r3, [r4, r3]
20000888:	2b00      	cmp	r3, #0
2000088a:	d100      	bne.n	2000088e <dcd_rp2040_irq+0x3ce>
2000088c:	e67e      	b.n	2000058c <dcd_rp2040_irq+0xcc>
2000088e:	23ff      	movs	r3, #255	@ 0xff
20000890:	009b      	lsls	r3, r3, #2
20000892:	5ce2      	ldrb	r2, [r4, r3]
20000894:	2a00      	cmp	r2, #0
20000896:	d100      	bne.n	2000089a <dcd_rp2040_irq+0x3da>
20000898:	e683      	b.n	200005a2 <dcd_rp2040_irq+0xe2>
2000089a:	2200      	movs	r2, #0
2000089c:	54e2      	strb	r2, [r4, r3]
2000089e:	3b1c      	subs	r3, #28
200008a0:	18e0      	adds	r0, r4, r3
200008a2:	f000 f9cb 	bl	20000c3c <hw_endpoint_start_next_buffer>
200008a6:	e67c      	b.n	200005a2 <dcd_rp2040_irq+0xe2>
200008a8:	4b52      	ldr	r3, [pc, #328]	@ (200009f4 <dcd_rp2040_irq+0x534>)
200008aa:	5ce7      	ldrb	r7, [r4, r3]
200008ac:	2f00      	cmp	r7, #0
200008ae:	d100      	bne.n	200008b2 <dcd_rp2040_irq+0x3f2>
200008b0:	e65d      	b.n	2000056e <dcd_rp2040_irq+0xae>
200008b2:	3302      	adds	r3, #2
200008b4:	5ce2      	ldrb	r2, [r4, r3]
200008b6:	2a00      	cmp	r2, #0
200008b8:	d116      	bne.n	200008e8 <dcd_rp2040_irq+0x428>
200008ba:	003e      	movs	r6, r7
200008bc:	e657      	b.n	2000056e <dcd_rp2040_irq+0xae>
200008be:	4b4a      	ldr	r3, [pc, #296]	@ (200009e8 <dcd_rp2040_irq+0x528>)
200008c0:	5ce3      	ldrb	r3, [r4, r3]
200008c2:	2b00      	cmp	r3, #0
200008c4:	d100      	bne.n	200008c8 <dcd_rp2040_irq+0x408>
200008c6:	e65c      	b.n	20000582 <dcd_rp2040_irq+0xc2>
200008c8:	23ef      	movs	r3, #239	@ 0xef
200008ca:	009b      	lsls	r3, r3, #2
200008cc:	5ce2      	ldrb	r2, [r4, r3]
200008ce:	2a00      	cmp	r2, #0
200008d0:	d175      	bne.n	200009be <dcd_rp2040_irq+0x4fe>
200008d2:	4b46      	ldr	r3, [pc, #280]	@ (200009ec <dcd_rp2040_irq+0x52c>)
200008d4:	5ce3      	ldrb	r3, [r4, r3]
200008d6:	2b02      	cmp	r3, #2
200008d8:	d000      	beq.n	200008dc <dcd_rp2040_irq+0x41c>
200008da:	e662      	b.n	200005a2 <dcd_rp2040_irq+0xe2>
200008dc:	4b44      	ldr	r3, [pc, #272]	@ (200009f0 <dcd_rp2040_irq+0x530>)
200008de:	5ce3      	ldrb	r3, [r4, r3]
200008e0:	2b00      	cmp	r3, #0
200008e2:	d100      	bne.n	200008e6 <dcd_rp2040_irq+0x426>
200008e4:	e65d      	b.n	200005a2 <dcd_rp2040_irq+0xe2>
200008e6:	e7d2      	b.n	2000088e <dcd_rp2040_irq+0x3ce>
200008e8:	2200      	movs	r2, #0
200008ea:	54e2      	strb	r2, [r4, r3]
200008ec:	3b1c      	subs	r3, #28
200008ee:	18e0      	adds	r0, r4, r3
200008f0:	f000 f9a4 	bl	20000c3c <hw_endpoint_start_next_buffer>
200008f4:	003e      	movs	r6, r7
200008f6:	e63a      	b.n	2000056e <dcd_rp2040_irq+0xae>
200008f8:	0020      	movs	r0, r4
200008fa:	2200      	movs	r2, #0
200008fc:	30a0      	adds	r0, #160	@ 0xa0
200008fe:	54e2      	strb	r2, [r4, r3]
20000900:	003e      	movs	r6, r7
20000902:	f000 f99b 	bl	20000c3c <hw_endpoint_start_next_buffer>
20000906:	e5fc      	b.n	20000502 <dcd_rp2040_irq+0x42>
20000908:	0020      	movs	r0, r4
2000090a:	2200      	movs	r2, #0
2000090c:	3060      	adds	r0, #96	@ 0x60
2000090e:	54e2      	strb	r2, [r4, r3]
20000910:	003e      	movs	r6, r7
20000912:	f000 f993 	bl	20000c3c <hw_endpoint_start_next_buffer>
20000916:	e5ef      	b.n	200004f8 <dcd_rp2040_irq+0x38>
20000918:	2200      	movs	r2, #0
2000091a:	54e2      	strb	r2, [r4, r3]
2000091c:	3b1c      	subs	r3, #28
2000091e:	18e0      	adds	r0, r4, r3
20000920:	f000 f98c 	bl	20000c3c <hw_endpoint_start_next_buffer>
20000924:	003e      	movs	r6, r7
20000926:	e618      	b.n	2000055a <dcd_rp2040_irq+0x9a>
20000928:	2200      	movs	r2, #0
2000092a:	54e2      	strb	r2, [r4, r3]
2000092c:	3b1c      	subs	r3, #28
2000092e:	18e0      	adds	r0, r4, r3
20000930:	f000 f984 	bl	20000c3c <hw_endpoint_start_next_buffer>
20000934:	003e      	movs	r6, r7
20000936:	e606      	b.n	20000546 <dcd_rp2040_irq+0x86>
20000938:	2200      	movs	r2, #0
2000093a:	54e2      	strb	r2, [r4, r3]
2000093c:	3b1c      	subs	r3, #28
2000093e:	18e0      	adds	r0, r4, r3
20000940:	f000 f97c 	bl	20000c3c <hw_endpoint_start_next_buffer>
20000944:	003e      	movs	r6, r7
20000946:	e60d      	b.n	20000564 <dcd_rp2040_irq+0xa4>
20000948:	0020      	movs	r0, r4
2000094a:	2200      	movs	r2, #0
2000094c:	30a1      	adds	r0, #161	@ 0xa1
2000094e:	30ff      	adds	r0, #255	@ 0xff
20000950:	54e2      	strb	r2, [r4, r3]
20000952:	003e      	movs	r6, r7
20000954:	f000 f972 	bl	20000c3c <hw_endpoint_start_next_buffer>
20000958:	e5ea      	b.n	20000530 <dcd_rp2040_irq+0x70>
2000095a:	0020      	movs	r0, r4
2000095c:	2200      	movs	r2, #0
2000095e:	3021      	adds	r0, #33	@ 0x21
20000960:	30ff      	adds	r0, #255	@ 0xff
20000962:	54e2      	strb	r2, [r4, r3]
20000964:	003e      	movs	r6, r7
20000966:	f000 f969 	bl	20000c3c <hw_endpoint_start_next_buffer>
2000096a:	e5d5      	b.n	20000518 <dcd_rp2040_irq+0x58>
2000096c:	2200      	movs	r2, #0
2000096e:	54e2      	strb	r2, [r4, r3]
20000970:	3b1c      	subs	r3, #28
20000972:	18e0      	adds	r0, r4, r3
20000974:	f000 f962 	bl	20000c3c <hw_endpoint_start_next_buffer>
20000978:	003e      	movs	r6, r7
2000097a:	e5e9      	b.n	20000550 <dcd_rp2040_irq+0x90>
2000097c:	0020      	movs	r0, r4
2000097e:	2200      	movs	r2, #0
20000980:	3061      	adds	r0, #97	@ 0x61
20000982:	30ff      	adds	r0, #255	@ 0xff
20000984:	54e2      	strb	r2, [r4, r3]
20000986:	003e      	movs	r6, r7
20000988:	f000 f958 	bl	20000c3c <hw_endpoint_start_next_buffer>
2000098c:	e5ca      	b.n	20000524 <dcd_rp2040_irq+0x64>
2000098e:	0020      	movs	r0, r4
20000990:	2200      	movs	r2, #0
20000992:	30e1      	adds	r0, #225	@ 0xe1
20000994:	30ff      	adds	r0, #255	@ 0xff
20000996:	54e2      	strb	r2, [r4, r3]
20000998:	003e      	movs	r6, r7
2000099a:	f000 f94f 	bl	20000c3c <hw_endpoint_start_next_buffer>
2000099e:	e5cd      	b.n	2000053c <dcd_rp2040_irq+0x7c>
200009a0:	0020      	movs	r0, r4
200009a2:	2200      	movs	r2, #0
200009a4:	30e0      	adds	r0, #224	@ 0xe0
200009a6:	54e2      	strb	r2, [r4, r3]
200009a8:	003e      	movs	r6, r7
200009aa:	f000 f947 	bl	20000c3c <hw_endpoint_start_next_buffer>
200009ae:	e5ad      	b.n	2000050c <dcd_rp2040_irq+0x4c>
200009b0:	2200      	movs	r2, #0
200009b2:	54e2      	strb	r2, [r4, r3]
200009b4:	3b1c      	subs	r3, #28
200009b6:	18e0      	adds	r0, r4, r3
200009b8:	f000 f940 	bl	20000c3c <hw_endpoint_start_next_buffer>
200009bc:	e754      	b.n	20000868 <dcd_rp2040_irq+0x3a8>
200009be:	2200      	movs	r2, #0
200009c0:	54e2      	strb	r2, [r4, r3]
200009c2:	3b1c      	subs	r3, #28
200009c4:	18e0      	adds	r0, r4, r3
200009c6:	f000 f939 	bl	20000c3c <hw_endpoint_start_next_buffer>
200009ca:	e782      	b.n	200008d2 <dcd_rp2040_irq+0x412>
200009cc:	0031      	movs	r1, r6
200009ce:	480a      	ldr	r0, [pc, #40]	@ (200009f8 <dcd_rp2040_irq+0x538>)
200009d0:	4069      	eors	r1, r5
200009d2:	f000 faa5 	bl	20000f20 <__panic_veneer>
200009d6:	46c0      	nop			@ (mov r8, r8)
200009d8:	0000023a 	.word	0x0000023a
200009dc:	000002ba 	.word	0x000002ba
200009e0:	0000037a 	.word	0x0000037a
200009e4:	000003bb 	.word	0x000003bb
200009e8:	000003ba 	.word	0x000003ba
200009ec:	000003fb 	.word	0x000003fb
200009f0:	000003fa 	.word	0x000003fa
200009f4:	0000033a 	.word	0x0000033a
200009f8:	10004b80 	.word	0x10004b80

200009fc <prepare_ep_buffer>:
200009fc:	b5f0      	push	{r4, r5, r6, r7, lr}
200009fe:	468c      	mov	ip, r1
20000a00:	8a83      	ldrh	r3, [r0, #20]
20000a02:	8b01      	ldrh	r1, [r0, #24]
20000a04:	0002      	movs	r2, r0
20000a06:	b083      	sub	sp, #12
20000a08:	1c0e      	adds	r6, r1, #0
20000a0a:	4299      	cmp	r1, r3
20000a0c:	d900      	bls.n	20000a10 <prepare_ep_buffer+0x14>
20000a0e:	1c1e      	adds	r6, r3, #0
20000a10:	b2b6      	uxth	r6, r6
20000a12:	1b9b      	subs	r3, r3, r6
20000a14:	b29c      	uxth	r4, r3
20000a16:	78d3      	ldrb	r3, [r2, #3]
20000a18:	2180      	movs	r1, #128	@ 0x80
20000a1a:	0018      	movs	r0, r3
20000a1c:	1e45      	subs	r5, r0, #1
20000a1e:	41a8      	sbcs	r0, r5
20000a20:	00c9      	lsls	r1, r1, #3
20000a22:	4331      	orrs	r1, r6
20000a24:	0340      	lsls	r0, r0, #13
20000a26:	4308      	orrs	r0, r1
20000a28:	2101      	movs	r1, #1
20000a2a:	404b      	eors	r3, r1
20000a2c:	70d3      	strb	r3, [r2, #3]
20000a2e:	7853      	ldrb	r3, [r2, #1]
20000a30:	8294      	strh	r4, [r2, #20]
20000a32:	2b00      	cmp	r3, #0
20000a34:	d132      	bne.n	20000a9c <prepare_ep_buffer+0xa0>
20000a36:	6911      	ldr	r1, [r2, #16]
20000a38:	2e00      	cmp	r6, #0
20000a3a:	d02a      	beq.n	20000a92 <prepare_ep_buffer+0x96>
20000a3c:	4663      	mov	r3, ip
20000a3e:	68d4      	ldr	r4, [r2, #12]
20000a40:	019b      	lsls	r3, r3, #6
20000a42:	18e4      	adds	r4, r4, r3
20000a44:	1e73      	subs	r3, r6, #1
20000a46:	9301      	str	r3, [sp, #4]
20000a48:	2b06      	cmp	r3, #6
20000a4a:	d932      	bls.n	20000ab2 <prepare_ep_buffer+0xb6>
20000a4c:	0023      	movs	r3, r4
20000a4e:	430b      	orrs	r3, r1
20000a50:	079b      	lsls	r3, r3, #30
20000a52:	d12e      	bne.n	20000ab2 <prepare_ep_buffer+0xb6>
20000a54:	1a63      	subs	r3, r4, r1
20000a56:	3b01      	subs	r3, #1
20000a58:	2b02      	cmp	r3, #2
20000a5a:	d92a      	bls.n	20000ab2 <prepare_ep_buffer+0xb6>
20000a5c:	2300      	movs	r3, #0
20000a5e:	08b7      	lsrs	r7, r6, #2
20000a60:	00bf      	lsls	r7, r7, #2
20000a62:	58cd      	ldr	r5, [r1, r3]
20000a64:	50e5      	str	r5, [r4, r3]
20000a66:	3304      	adds	r3, #4
20000a68:	42bb      	cmp	r3, r7
20000a6a:	d1fa      	bne.n	20000a62 <prepare_ep_buffer+0x66>
20000a6c:	429e      	cmp	r6, r3
20000a6e:	d00e      	beq.n	20000a8e <prepare_ep_buffer+0x92>
20000a70:	9d01      	ldr	r5, [sp, #4]
20000a72:	18e4      	adds	r4, r4, r3
20000a74:	1aef      	subs	r7, r5, r3
20000a76:	18cd      	adds	r5, r1, r3
20000a78:	5cc9      	ldrb	r1, [r1, r3]
20000a7a:	7021      	strb	r1, [r4, #0]
20000a7c:	9901      	ldr	r1, [sp, #4]
20000a7e:	4299      	cmp	r1, r3
20000a80:	d005      	beq.n	20000a8e <prepare_ep_buffer+0x92>
20000a82:	786b      	ldrb	r3, [r5, #1]
20000a84:	7063      	strb	r3, [r4, #1]
20000a86:	2f01      	cmp	r7, #1
20000a88:	d001      	beq.n	20000a8e <prepare_ep_buffer+0x92>
20000a8a:	78ab      	ldrb	r3, [r5, #2]
20000a8c:	70a3      	strb	r3, [r4, #2]
20000a8e:	6911      	ldr	r1, [r2, #16]
20000a90:	8a94      	ldrh	r4, [r2, #20]
20000a92:	2380      	movs	r3, #128	@ 0x80
20000a94:	1989      	adds	r1, r1, r6
20000a96:	021b      	lsls	r3, r3, #8
20000a98:	6111      	str	r1, [r2, #16]
20000a9a:	4318      	orrs	r0, r3
20000a9c:	2c00      	cmp	r4, #0
20000a9e:	d102      	bne.n	20000aa6 <prepare_ep_buffer+0xaa>
20000aa0:	2380      	movs	r3, #128	@ 0x80
20000aa2:	01db      	lsls	r3, r3, #7
20000aa4:	4318      	orrs	r0, r3
20000aa6:	4663      	mov	r3, ip
20000aa8:	2b00      	cmp	r3, #0
20000aaa:	d000      	beq.n	20000aae <prepare_ep_buffer+0xb2>
20000aac:	0400      	lsls	r0, r0, #16
20000aae:	b003      	add	sp, #12
20000ab0:	bdf0      	pop	{r4, r5, r6, r7, pc}
20000ab2:	2300      	movs	r3, #0
20000ab4:	5ccd      	ldrb	r5, [r1, r3]
20000ab6:	54e5      	strb	r5, [r4, r3]
20000ab8:	3301      	adds	r3, #1
20000aba:	429e      	cmp	r6, r3
20000abc:	d1fa      	bne.n	20000ab4 <prepare_ep_buffer+0xb8>
20000abe:	e7e6      	b.n	20000a8e <prepare_ep_buffer+0x92>

20000ac0 <sync_ep_buffer>:
20000ac0:	6883      	ldr	r3, [r0, #8]
20000ac2:	b5f0      	push	{r4, r5, r6, r7, lr}
20000ac4:	681a      	ldr	r2, [r3, #0]
20000ac6:	2900      	cmp	r1, #0
20000ac8:	d000      	beq.n	20000acc <sync_ep_buffer+0xc>
20000aca:	0c12      	lsrs	r2, r2, #16
20000acc:	7843      	ldrb	r3, [r0, #1]
20000ace:	0592      	lsls	r2, r2, #22
20000ad0:	0d95      	lsrs	r5, r2, #22
20000ad2:	2b00      	cmp	r3, #0
20000ad4:	d109      	bne.n	20000aea <sync_ep_buffer+0x2a>
20000ad6:	8ac3      	ldrh	r3, [r0, #22]
20000ad8:	18eb      	adds	r3, r5, r3
20000ada:	82c3      	strh	r3, [r0, #22]
20000adc:	8b03      	ldrh	r3, [r0, #24]
20000ade:	42ab      	cmp	r3, r5
20000ae0:	d901      	bls.n	20000ae6 <sync_ep_buffer+0x26>
20000ae2:	2300      	movs	r3, #0
20000ae4:	8283      	strh	r3, [r0, #20]
20000ae6:	0028      	movs	r0, r5
20000ae8:	bdf0      	pop	{r4, r5, r6, r7, pc}
20000aea:	6904      	ldr	r4, [r0, #16]
20000aec:	2d00      	cmp	r5, #0
20000aee:	d028      	beq.n	20000b42 <sync_ep_buffer+0x82>
20000af0:	68c3      	ldr	r3, [r0, #12]
20000af2:	0189      	lsls	r1, r1, #6
20000af4:	1e6f      	subs	r7, r5, #1
20000af6:	46bc      	mov	ip, r7
20000af8:	185e      	adds	r6, r3, r1
20000afa:	2f06      	cmp	r7, #6
20000afc:	d927      	bls.n	20000b4e <sync_ep_buffer+0x8e>
20000afe:	3101      	adds	r1, #1
20000b00:	185b      	adds	r3, r3, r1
20000b02:	1ae3      	subs	r3, r4, r3
20000b04:	2b02      	cmp	r3, #2
20000b06:	d922      	bls.n	20000b4e <sync_ep_buffer+0x8e>
20000b08:	0023      	movs	r3, r4
20000b0a:	4333      	orrs	r3, r6
20000b0c:	079b      	lsls	r3, r3, #30
20000b0e:	d11e      	bne.n	20000b4e <sync_ep_buffer+0x8e>
20000b10:	2300      	movs	r3, #0
20000b12:	0e12      	lsrs	r2, r2, #24
20000b14:	0092      	lsls	r2, r2, #2
20000b16:	58f1      	ldr	r1, [r6, r3]
20000b18:	50e1      	str	r1, [r4, r3]
20000b1a:	3304      	adds	r3, #4
20000b1c:	429a      	cmp	r2, r3
20000b1e:	d1fa      	bne.n	20000b16 <sync_ep_buffer+0x56>
20000b20:	4295      	cmp	r5, r2
20000b22:	d00d      	beq.n	20000b40 <sync_ep_buffer+0x80>
20000b24:	4663      	mov	r3, ip
20000b26:	1a9f      	subs	r7, r3, r2
20000b28:	18a3      	adds	r3, r4, r2
20000b2a:	5cb4      	ldrb	r4, [r6, r2]
20000b2c:	18b1      	adds	r1, r6, r2
20000b2e:	701c      	strb	r4, [r3, #0]
20000b30:	4594      	cmp	ip, r2
20000b32:	d005      	beq.n	20000b40 <sync_ep_buffer+0x80>
20000b34:	784a      	ldrb	r2, [r1, #1]
20000b36:	705a      	strb	r2, [r3, #1]
20000b38:	2f01      	cmp	r7, #1
20000b3a:	d001      	beq.n	20000b40 <sync_ep_buffer+0x80>
20000b3c:	788a      	ldrb	r2, [r1, #2]
20000b3e:	709a      	strb	r2, [r3, #2]
20000b40:	6904      	ldr	r4, [r0, #16]
20000b42:	8ac3      	ldrh	r3, [r0, #22]
20000b44:	1964      	adds	r4, r4, r5
20000b46:	18eb      	adds	r3, r5, r3
20000b48:	82c3      	strh	r3, [r0, #22]
20000b4a:	6104      	str	r4, [r0, #16]
20000b4c:	e7c6      	b.n	20000adc <sync_ep_buffer+0x1c>
20000b4e:	2200      	movs	r2, #0
20000b50:	5cb3      	ldrb	r3, [r6, r2]
20000b52:	54a3      	strb	r3, [r4, r2]
20000b54:	3201      	adds	r2, #1
20000b56:	4295      	cmp	r5, r2
20000b58:	d1fa      	bne.n	20000b50 <sync_ep_buffer+0x90>
20000b5a:	6904      	ldr	r4, [r0, #16]
20000b5c:	e7f1      	b.n	20000b42 <sync_ep_buffer+0x82>
20000b5e:	46c0      	nop			@ (mov r8, r8)

20000b60 <_hw_endpoint_xfer_sync>:
20000b60:	b510      	push	{r4, lr}
20000b62:	0004      	movs	r4, r0
20000b64:	6883      	ldr	r3, [r0, #8]
20000b66:	2100      	movs	r1, #0
20000b68:	681b      	ldr	r3, [r3, #0]
20000b6a:	f7ff ffa9 	bl	20000ac0 <sync_ep_buffer>
20000b6e:	6863      	ldr	r3, [r4, #4]
20000b70:	681b      	ldr	r3, [r3, #0]
20000b72:	005b      	lsls	r3, r3, #1
20000b74:	d502      	bpl.n	20000b7c <_hw_endpoint_xfer_sync+0x1c>
20000b76:	8b23      	ldrh	r3, [r4, #24]
20000b78:	4283      	cmp	r3, r0
20000b7a:	d000      	beq.n	20000b7e <_hw_endpoint_xfer_sync+0x1e>
20000b7c:	bd10      	pop	{r4, pc}
20000b7e:	2101      	movs	r1, #1
20000b80:	0020      	movs	r0, r4
20000b82:	f7ff ff9d 	bl	20000ac0 <sync_ep_buffer>
20000b86:	e7f9      	b.n	20000b7c <_hw_endpoint_xfer_sync+0x1c>

20000b88 <e15_is_bulkin_ep>:
20000b88:	4b08      	ldr	r3, [pc, #32]	@ (20000bac <e15_is_bulkin_ep+0x24>)
20000b8a:	6c1a      	ldr	r2, [r3, #64]	@ 0x40
20000b8c:	2300      	movs	r3, #0
20000b8e:	0792      	lsls	r2, r2, #30
20000b90:	d403      	bmi.n	20000b9a <e15_is_bulkin_ep+0x12>
20000b92:	7882      	ldrb	r2, [r0, #2]
20000b94:	09d2      	lsrs	r2, r2, #7
20000b96:	2a01      	cmp	r2, #1
20000b98:	d001      	beq.n	20000b9e <e15_is_bulkin_ep+0x16>
20000b9a:	0018      	movs	r0, r3
20000b9c:	4770      	bx	lr
20000b9e:	7ec3      	ldrb	r3, [r0, #27]
20000ba0:	3b02      	subs	r3, #2
20000ba2:	425a      	negs	r2, r3
20000ba4:	4153      	adcs	r3, r2
20000ba6:	b2db      	uxtb	r3, r3
20000ba8:	e7f7      	b.n	20000b9a <e15_is_bulkin_ep+0x12>
20000baa:	46c0      	nop			@ (mov r8, r8)
20000bac:	50110000 	.word	0x50110000

20000bb0 <e15_is_critical_frame_period>:
20000bb0:	b510      	push	{r4, lr}
20000bb2:	f7ff ffe9 	bl	20000b88 <e15_is_bulkin_ep>
20000bb6:	2800      	cmp	r0, #0
20000bb8:	d00a      	beq.n	20000bd0 <e15_is_critical_frame_period+0x20>
20000bba:	4b06      	ldr	r3, [pc, #24]	@ (20000bd4 <e15_is_critical_frame_period+0x24>)
20000bbc:	4a06      	ldr	r2, [pc, #24]	@ (20000bd8 <e15_is_critical_frame_period+0x28>)
20000bbe:	6a9b      	ldr	r3, [r3, #40]	@ 0x28
20000bc0:	4906      	ldr	r1, [pc, #24]	@ (20000bdc <e15_is_critical_frame_period+0x2c>)
20000bc2:	6812      	ldr	r2, [r2, #0]
20000bc4:	185b      	adds	r3, r3, r1
20000bc6:	1a9b      	subs	r3, r3, r2
20000bc8:	2000      	movs	r0, #0
20000bca:	22c6      	movs	r2, #198	@ 0xc6
20000bcc:	429a      	cmp	r2, r3
20000bce:	4140      	adcs	r0, r0
20000bd0:	bd10      	pop	{r4, pc}
20000bd2:	46c0      	nop			@ (mov r8, r8)
20000bd4:	40054000 	.word	0x40054000
20000bd8:	20001818 	.word	0x20001818
20000bdc:	fffffce0 	.word	0xfffffce0

20000be0 <hw_endpoint_reset_transfer>:
20000be0:	2300      	movs	r3, #0
20000be2:	7683      	strb	r3, [r0, #26]
20000be4:	6143      	str	r3, [r0, #20]
20000be6:	6103      	str	r3, [r0, #16]
20000be8:	4770      	bx	lr
20000bea:	46c0      	nop			@ (mov r8, r8)

20000bec <_hw_endpoint_buffer_control_update32>:
20000bec:	b510      	push	{r4, lr}
20000bee:	6883      	ldr	r3, [r0, #8]
20000bf0:	2900      	cmp	r1, #0
20000bf2:	d001      	beq.n	20000bf8 <_hw_endpoint_buffer_control_update32+0xc>
20000bf4:	681c      	ldr	r4, [r3, #0]
20000bf6:	4021      	ands	r1, r4
20000bf8:	2a00      	cmp	r2, #0
20000bfa:	d012      	beq.n	20000c22 <_hw_endpoint_buffer_control_update32+0x36>
20000bfc:	2480      	movs	r4, #128	@ 0x80
20000bfe:	00e4      	lsls	r4, r4, #3
20000c00:	4311      	orrs	r1, r2
20000c02:	4222      	tst	r2, r4
20000c04:	d00d      	beq.n	20000c22 <_hw_endpoint_buffer_control_update32+0x36>
20000c06:	681a      	ldr	r2, [r3, #0]
20000c08:	4222      	tst	r2, r4
20000c0a:	d10c      	bne.n	20000c26 <_hw_endpoint_buffer_control_update32+0x3a>
20000c0c:	4a08      	ldr	r2, [pc, #32]	@ (20000c30 <_hw_endpoint_buffer_control_update32+0x44>)
20000c0e:	400a      	ands	r2, r1
20000c10:	601a      	str	r2, [r3, #0]
20000c12:	4a08      	ldr	r2, [pc, #32]	@ (20000c34 <_hw_endpoint_buffer_control_update32+0x48>)
20000c14:	6c12      	ldr	r2, [r2, #64]	@ 0x40
20000c16:	0792      	lsls	r2, r2, #30
20000c18:	d403      	bmi.n	20000c22 <_hw_endpoint_buffer_control_update32+0x36>
20000c1a:	230c      	movs	r3, #12
20000c1c:	3b03      	subs	r3, #3
20000c1e:	d2fd      	bcs.n	20000c1c <_hw_endpoint_buffer_control_update32+0x30>
20000c20:	6883      	ldr	r3, [r0, #8]
20000c22:	6019      	str	r1, [r3, #0]
20000c24:	bd10      	pop	{r4, pc}
20000c26:	7881      	ldrb	r1, [r0, #2]
20000c28:	4803      	ldr	r0, [pc, #12]	@ (20000c38 <_hw_endpoint_buffer_control_update32+0x4c>)
20000c2a:	f000 f979 	bl	20000f20 <__panic_veneer>
20000c2e:	46c0      	nop			@ (mov r8, r8)
20000c30:	fffffbff 	.word	0xfffffbff
20000c34:	50110000 	.word	0x50110000
20000c38:	10004b94 	.word	0x10004b94

20000c3c <hw_endpoint_start_next_buffer>:
20000c3c:	6843      	ldr	r3, [r0, #4]
20000c3e:	b570      	push	{r4, r5, r6, lr}
20000c40:	2100      	movs	r1, #0
20000c42:	2580      	movs	r5, #128	@ 0x80
20000c44:	0004      	movs	r4, r0
20000c46:	681e      	ldr	r6, [r3, #0]
20000c48:	f7ff fed8 	bl	200009fc <prepare_ep_buffer>
20000c4c:	4b12      	ldr	r3, [pc, #72]	@ (20000c98 <hw_endpoint_start_next_buffer+0x5c>)
20000c4e:	016d      	lsls	r5, r5, #5
20000c50:	6c1a      	ldr	r2, [r3, #64]	@ 0x40
20000c52:	4305      	orrs	r5, r0
20000c54:	78a3      	ldrb	r3, [r4, #2]
20000c56:	0792      	lsls	r2, r2, #30
20000c58:	d50e      	bpl.n	20000c78 <hw_endpoint_start_next_buffer+0x3c>
20000c5a:	065b      	lsls	r3, r3, #25
20000c5c:	d00e      	beq.n	20000c7c <hw_endpoint_start_next_buffer+0x40>
20000c5e:	4b0f      	ldr	r3, [pc, #60]	@ (20000c9c <hw_endpoint_start_next_buffer+0x60>)
20000c60:	401e      	ands	r6, r3
20000c62:	2380      	movs	r3, #128	@ 0x80
20000c64:	059b      	lsls	r3, r3, #22
20000c66:	4333      	orrs	r3, r6
20000c68:	6862      	ldr	r2, [r4, #4]
20000c6a:	2100      	movs	r1, #0
20000c6c:	6013      	str	r3, [r2, #0]
20000c6e:	0020      	movs	r0, r4
20000c70:	002a      	movs	r2, r5
20000c72:	f7ff ffbb 	bl	20000bec <_hw_endpoint_buffer_control_update32>
20000c76:	bd70      	pop	{r4, r5, r6, pc}
20000c78:	09db      	lsrs	r3, r3, #7
20000c7a:	d0f0      	beq.n	20000c5e <hw_endpoint_start_next_buffer+0x22>
20000c7c:	8aa3      	ldrh	r3, [r4, #20]
20000c7e:	2b00      	cmp	r3, #0
20000c80:	d0ed      	beq.n	20000c5e <hw_endpoint_start_next_buffer+0x22>
20000c82:	2101      	movs	r1, #1
20000c84:	0020      	movs	r0, r4
20000c86:	f7ff feb9 	bl	200009fc <prepare_ep_buffer>
20000c8a:	23a0      	movs	r3, #160	@ 0xa0
20000c8c:	4a04      	ldr	r2, [pc, #16]	@ (20000ca0 <hw_endpoint_start_next_buffer+0x64>)
20000c8e:	05db      	lsls	r3, r3, #23
20000c90:	4032      	ands	r2, r6
20000c92:	4305      	orrs	r5, r0
20000c94:	4313      	orrs	r3, r2
20000c96:	e7e7      	b.n	20000c68 <hw_endpoint_start_next_buffer+0x2c>
20000c98:	50110000 	.word	0x50110000
20000c9c:	afffffff 	.word	0xafffffff
20000ca0:	dfffffff 	.word	0xdfffffff

20000ca4 <hw_endpoint_xfer_continue>:
20000ca4:	b570      	push	{r4, r5, r6, lr}
20000ca6:	7e85      	ldrb	r5, [r0, #26]
20000ca8:	0004      	movs	r4, r0
20000caa:	2d00      	cmp	r5, #0
20000cac:	d014      	beq.n	20000cd8 <hw_endpoint_xfer_continue+0x34>
20000cae:	f7ff ff57 	bl	20000b60 <_hw_endpoint_xfer_sync>
20000cb2:	8aa3      	ldrh	r3, [r4, #20]
20000cb4:	2b00      	cmp	r3, #0
20000cb6:	d101      	bne.n	20000cbc <hw_endpoint_xfer_continue+0x18>
20000cb8:	0028      	movs	r0, r5
20000cba:	bd70      	pop	{r4, r5, r6, pc}
20000cbc:	0020      	movs	r0, r4
20000cbe:	f7ff ff77 	bl	20000bb0 <e15_is_critical_frame_period>
20000cc2:	2800      	cmp	r0, #0
20000cc4:	d003      	beq.n	20000cce <hw_endpoint_xfer_continue+0x2a>
20000cc6:	2301      	movs	r3, #1
20000cc8:	2500      	movs	r5, #0
20000cca:	7723      	strb	r3, [r4, #28]
20000ccc:	e7f4      	b.n	20000cb8 <hw_endpoint_xfer_continue+0x14>
20000cce:	0020      	movs	r0, r4
20000cd0:	f7ff ffb4 	bl	20000c3c <hw_endpoint_start_next_buffer>
20000cd4:	2500      	movs	r5, #0
20000cd6:	e7ef      	b.n	20000cb8 <hw_endpoint_xfer_continue+0x14>
20000cd8:	7881      	ldrb	r1, [r0, #2]
20000cda:	4801      	ldr	r0, [pc, #4]	@ (20000ce0 <hw_endpoint_xfer_continue+0x3c>)
20000cdc:	f000 f920 	bl	20000f20 <__panic_veneer>
20000ce0:	10004bb4 	.word	0x10004bb4

20000ce4 <dcd_event_handler>:
20000ce4:	b5f0      	push	{r4, r5, r6, r7, lr}
20000ce6:	4647      	mov	r7, r8
20000ce8:	46ce      	mov	lr, r9
20000cea:	b580      	push	{r7, lr}
20000cec:	7843      	ldrb	r3, [r0, #1]
20000cee:	0005      	movs	r5, r0
20000cf0:	000f      	movs	r7, r1
20000cf2:	b085      	sub	sp, #20
20000cf4:	2b06      	cmp	r3, #6
20000cf6:	d807      	bhi.n	20000d08 <dcd_event_handler+0x24>
20000cf8:	4a68      	ldr	r2, [pc, #416]	@ (20000e9c <dcd_event_handler+0x1b8>)
20000cfa:	009b      	lsls	r3, r3, #2
20000cfc:	58d3      	ldr	r3, [r2, r3]
20000cfe:	469f      	mov	pc, r3
20000d00:	4a67      	ldr	r2, [pc, #412]	@ (20000ea0 <dcd_event_handler+0x1bc>)
20000d02:	7813      	ldrb	r3, [r2, #0]
20000d04:	3301      	adds	r3, #1
20000d06:	7013      	strb	r3, [r2, #0]
20000d08:	4b66      	ldr	r3, [pc, #408]	@ (20000ea4 <dcd_event_handler+0x1c0>)
20000d0a:	681c      	ldr	r4, [r3, #0]
20000d0c:	6962      	ldr	r2, [r4, #20]
20000d0e:	f3ef 8110 	mrs	r1, PRIMASK
20000d12:	b672      	cpsid	i
20000d14:	6813      	ldr	r3, [r2, #0]
20000d16:	2b00      	cmp	r3, #0
20000d18:	d0fc      	beq.n	20000d14 <dcd_event_handler+0x30>
20000d1a:	f3bf 8f5f 	dmb	sy
20000d1e:	61a1      	str	r1, [r4, #24]
20000d20:	0020      	movs	r0, r4
20000d22:	0029      	movs	r1, r5
20000d24:	f000 f904 	bl	20000f30 <__tu_fifo_write_veneer>
20000d28:	6962      	ldr	r2, [r4, #20]
20000d2a:	69a3      	ldr	r3, [r4, #24]
20000d2c:	f3bf 8f5f 	dmb	sy
20000d30:	2100      	movs	r1, #0
20000d32:	6011      	str	r1, [r2, #0]
20000d34:	f383 8810 	msr	PRIMASK, r3
20000d38:	2800      	cmp	r0, #0
20000d3a:	d104      	bne.n	20000d46 <dcd_event_handler+0x62>
20000d3c:	b005      	add	sp, #20
20000d3e:	bcc0      	pop	{r6, r7}
20000d40:	46b9      	mov	r9, r7
20000d42:	46b0      	mov	r8, r6
20000d44:	bdf0      	pop	{r4, r5, r6, r7, pc}
20000d46:	003a      	movs	r2, r7
20000d48:	7869      	ldrb	r1, [r5, #1]
20000d4a:	7828      	ldrb	r0, [r5, #0]
20000d4c:	f000 f8b8 	bl	20000ec0 <__tud_event_hook_cb_veneer>
20000d50:	e7f4      	b.n	20000d3c <dcd_event_handler+0x58>
20000d52:	2101      	movs	r1, #1
20000d54:	4b54      	ldr	r3, [pc, #336]	@ (20000ea8 <dcd_event_handler+0x1c4>)
20000d56:	781a      	ldrb	r2, [r3, #0]
20000d58:	438a      	bics	r2, r1
20000d5a:	701a      	strb	r2, [r3, #0]
20000d5c:	781a      	ldrb	r2, [r3, #0]
20000d5e:	3101      	adds	r1, #1
20000d60:	438a      	bics	r2, r1
20000d62:	701a      	strb	r2, [r3, #0]
20000d64:	2200      	movs	r2, #0
20000d66:	705a      	strb	r2, [r3, #1]
20000d68:	781a      	ldrb	r2, [r3, #0]
20000d6a:	3102      	adds	r1, #2
20000d6c:	438a      	bics	r2, r1
20000d6e:	701a      	strb	r2, [r3, #0]
20000d70:	e7ca      	b.n	20000d08 <dcd_event_handler+0x24>
20000d72:	4b4e      	ldr	r3, [pc, #312]	@ (20000eac <dcd_event_handler+0x1c8>)
20000d74:	2400      	movs	r4, #0
20000d76:	001e      	movs	r6, r3
20000d78:	781a      	ldrb	r2, [r3, #0]
20000d7a:	4b4d      	ldr	r3, [pc, #308]	@ (20000eb0 <dcd_event_handler+0x1cc>)
20000d7c:	4698      	mov	r8, r3
20000d7e:	4b4d      	ldr	r3, [pc, #308]	@ (20000eb4 <dcd_event_handler+0x1d0>)
20000d80:	4699      	mov	r9, r3
20000d82:	e010      	b.n	20000da6 <dcd_event_handler+0xc2>
20000d84:	464b      	mov	r3, r9
20000d86:	681b      	ldr	r3, [r3, #0]
20000d88:	0161      	lsls	r1, r4, #5
20000d8a:	185b      	adds	r3, r3, r1
20000d8c:	2b00      	cmp	r3, #0
20000d8e:	d006      	beq.n	20000d9e <dcd_event_handler+0xba>
20000d90:	69db      	ldr	r3, [r3, #28]
20000d92:	2b00      	cmp	r3, #0
20000d94:	d003      	beq.n	20000d9e <dcd_event_handler+0xba>
20000d96:	6869      	ldr	r1, [r5, #4]
20000d98:	7828      	ldrb	r0, [r5, #0]
20000d9a:	4798      	blx	r3
20000d9c:	7832      	ldrb	r2, [r6, #0]
20000d9e:	3401      	adds	r4, #1
20000da0:	b2e4      	uxtb	r4, r4
20000da2:	4294      	cmp	r4, r2
20000da4:	d817      	bhi.n	20000dd6 <dcd_event_handler+0xf2>
20000da6:	42a2      	cmp	r2, r4
20000da8:	d8ec      	bhi.n	20000d84 <dcd_event_handler+0xa0>
20000daa:	1aa3      	subs	r3, r4, r2
20000dac:	015b      	lsls	r3, r3, #5
20000dae:	4443      	add	r3, r8
20000db0:	e7ee      	b.n	20000d90 <dcd_event_handler+0xac>
20000db2:	4b3d      	ldr	r3, [pc, #244]	@ (20000ea8 <dcd_event_handler+0x1c4>)
20000db4:	781a      	ldrb	r2, [r3, #0]
20000db6:	07d2      	lsls	r2, r2, #31
20000db8:	d5c0      	bpl.n	20000d3c <dcd_event_handler+0x58>
20000dba:	2104      	movs	r1, #4
20000dbc:	781a      	ldrb	r2, [r3, #0]
20000dbe:	430a      	orrs	r2, r1
20000dc0:	701a      	strb	r2, [r3, #0]
20000dc2:	e7a1      	b.n	20000d08 <dcd_event_handler+0x24>
20000dc4:	4b38      	ldr	r3, [pc, #224]	@ (20000ea8 <dcd_event_handler+0x1c4>)
20000dc6:	781a      	ldrb	r2, [r3, #0]
20000dc8:	07d2      	lsls	r2, r2, #31
20000dca:	d5b7      	bpl.n	20000d3c <dcd_event_handler+0x58>
20000dcc:	2104      	movs	r1, #4
20000dce:	781a      	ldrb	r2, [r3, #0]
20000dd0:	438a      	bics	r2, r1
20000dd2:	701a      	strb	r2, [r3, #0]
20000dd4:	e798      	b.n	20000d08 <dcd_event_handler+0x24>
20000dd6:	4a34      	ldr	r2, [pc, #208]	@ (20000ea8 <dcd_event_handler+0x1c4>)
20000dd8:	7813      	ldrb	r3, [r2, #0]
20000dda:	4690      	mov	r8, r2
20000ddc:	0011      	movs	r1, r2
20000dde:	075b      	lsls	r3, r3, #29
20000de0:	d528      	bpl.n	20000e34 <dcd_event_handler+0x150>
20000de2:	7813      	ldrb	r3, [r2, #0]
20000de4:	2204      	movs	r2, #4
20000de6:	ac01      	add	r4, sp, #4
20000de8:	4393      	bics	r3, r2
20000dea:	700b      	strb	r3, [r1, #0]
20000dec:	0020      	movs	r0, r4
20000dee:	2100      	movs	r1, #0
20000df0:	3208      	adds	r2, #8
20000df2:	f000 f86d 	bl	20000ed0 <____wrap_memset_veneer>
20000df6:	782b      	ldrb	r3, [r5, #0]
20000df8:	7023      	strb	r3, [r4, #0]
20000dfa:	2305      	movs	r3, #5
20000dfc:	7063      	strb	r3, [r4, #1]
20000dfe:	4b29      	ldr	r3, [pc, #164]	@ (20000ea4 <dcd_event_handler+0x1c0>)
20000e00:	681b      	ldr	r3, [r3, #0]
20000e02:	0018      	movs	r0, r3
20000e04:	695a      	ldr	r2, [r3, #20]
20000e06:	f3ef 8110 	mrs	r1, PRIMASK
20000e0a:	b672      	cpsid	i
20000e0c:	6813      	ldr	r3, [r2, #0]
20000e0e:	2b00      	cmp	r3, #0
20000e10:	d0fc      	beq.n	20000e0c <dcd_event_handler+0x128>
20000e12:	f3bf 8f5f 	dmb	sy
20000e16:	0006      	movs	r6, r0
20000e18:	6181      	str	r1, [r0, #24]
20000e1a:	0021      	movs	r1, r4
20000e1c:	f000 f888 	bl	20000f30 <__tu_fifo_write_veneer>
20000e20:	6972      	ldr	r2, [r6, #20]
20000e22:	69b3      	ldr	r3, [r6, #24]
20000e24:	f3bf 8f5f 	dmb	sy
20000e28:	2100      	movs	r1, #0
20000e2a:	6011      	str	r1, [r2, #0]
20000e2c:	f383 8810 	msr	PRIMASK, r3
20000e30:	2800      	cmp	r0, #0
20000e32:	d12c      	bne.n	20000e8e <dcd_event_handler+0x1aa>
20000e34:	4643      	mov	r3, r8
20000e36:	78db      	ldrb	r3, [r3, #3]
20000e38:	07db      	lsls	r3, r3, #31
20000e3a:	d400      	bmi.n	20000e3e <dcd_event_handler+0x15a>
20000e3c:	e77e      	b.n	20000d3c <dcd_event_handler+0x58>
20000e3e:	782b      	ldrb	r3, [r5, #0]
20000e40:	ac01      	add	r4, sp, #4
20000e42:	7023      	strb	r3, [r4, #0]
20000e44:	2303      	movs	r3, #3
20000e46:	7063      	strb	r3, [r4, #1]
20000e48:	686b      	ldr	r3, [r5, #4]
20000e4a:	6063      	str	r3, [r4, #4]
20000e4c:	4b15      	ldr	r3, [pc, #84]	@ (20000ea4 <dcd_event_handler+0x1c0>)
20000e4e:	681d      	ldr	r5, [r3, #0]
20000e50:	696a      	ldr	r2, [r5, #20]
20000e52:	f3ef 8110 	mrs	r1, PRIMASK
20000e56:	b672      	cpsid	i
20000e58:	6813      	ldr	r3, [r2, #0]
20000e5a:	2b00      	cmp	r3, #0
20000e5c:	d0fc      	beq.n	20000e58 <dcd_event_handler+0x174>
20000e5e:	f3bf 8f5f 	dmb	sy
20000e62:	61a9      	str	r1, [r5, #24]
20000e64:	0028      	movs	r0, r5
20000e66:	0021      	movs	r1, r4
20000e68:	f000 f862 	bl	20000f30 <__tu_fifo_write_veneer>
20000e6c:	696a      	ldr	r2, [r5, #20]
20000e6e:	69ab      	ldr	r3, [r5, #24]
20000e70:	f3bf 8f5f 	dmb	sy
20000e74:	2100      	movs	r1, #0
20000e76:	6011      	str	r1, [r2, #0]
20000e78:	f383 8810 	msr	PRIMASK, r3
20000e7c:	2800      	cmp	r0, #0
20000e7e:	d100      	bne.n	20000e82 <dcd_event_handler+0x19e>
20000e80:	e75c      	b.n	20000d3c <dcd_event_handler+0x58>
20000e82:	003a      	movs	r2, r7
20000e84:	7861      	ldrb	r1, [r4, #1]
20000e86:	7820      	ldrb	r0, [r4, #0]
20000e88:	f000 f81a 	bl	20000ec0 <__tud_event_hook_cb_veneer>
20000e8c:	e756      	b.n	20000d3c <dcd_event_handler+0x58>
20000e8e:	003a      	movs	r2, r7
20000e90:	7861      	ldrb	r1, [r4, #1]
20000e92:	7820      	ldrb	r0, [r4, #0]
20000e94:	f000 f814 	bl	20000ec0 <__tud_event_hook_cb_veneer>
20000e98:	e7cc      	b.n	20000e34 <dcd_event_handler+0x150>
20000e9a:	46c0      	nop			@ (mov r8, r8)
20000e9c:	10005038 	.word	0x10005038
20000ea0:	2000207b 	.word	0x2000207b
20000ea4:	200015e8 	.word	0x200015e8
20000ea8:	20001590 	.word	0x20001590
20000eac:	20002079 	.word	0x20002079
20000eb0:	10005054 	.word	0x10005054
20000eb4:	200014a8 	.word	0x200014a8

20000eb8 <__aeabi_idiv0>:
20000eb8:	4770      	bx	lr
20000eba:	46c0      	nop			@ (mov r8, r8)
20000ebc:	0000      	movs	r0, r0
	...

20000ec0 <__tud_event_hook_cb_veneer>:
20000ec0:	b401      	push	{r0}
20000ec2:	4802      	ldr	r0, [pc, #8]	@ (20000ecc <__tud_event_hook_cb_veneer+0xc>)
20000ec4:	4684      	mov	ip, r0
20000ec6:	bc01      	pop	{r0}
20000ec8:	4760      	bx	ip
20000eca:	bf00      	nop
20000ecc:	10002eb1 	.word	0x10002eb1

20000ed0 <____wrap_memset_veneer>:
20000ed0:	b401      	push	{r0}
20000ed2:	4802      	ldr	r0, [pc, #8]	@ (20000edc <____wrap_memset_veneer+0xc>)
20000ed4:	4684      	mov	ip, r0
20000ed6:	bc01      	pop	{r0}
20000ed8:	4760      	bx	ip
20000eda:	bf00      	nop
20000edc:	10001ed5 	.word	0x10001ed5

20000ee0 <____wrap___aeabi_lmul_veneer>:
20000ee0:	b401      	push	{r0}
20000ee2:	4802      	ldr	r0, [pc, #8]	@ (20000eec <____wrap___aeabi_lmul_veneer+0xc>)
20000ee4:	4684      	mov	ip, r0
20000ee6:	bc01      	pop	{r0}
20000ee8:	4760      	bx	ip
20000eea:	bf00      	nop
20000eec:	10001dfd 	.word	0x10001dfd

20000ef0 <__time_us_64_veneer>:
20000ef0:	b401      	push	{r0}
20000ef2:	4802      	ldr	r0, [pc, #8]	@ (20000efc <__time_us_64_veneer+0xc>)
20000ef4:	4684      	mov	ip, r0
20000ef6:	bc01      	pop	{r0}
20000ef8:	4760      	bx	ip
20000efa:	bf00      	nop
20000efc:	100014e9 	.word	0x100014e9

20000f00 <__rp2040_chip_version_veneer>:
20000f00:	b401      	push	{r0}
20000f02:	4802      	ldr	r0, [pc, #8]	@ (20000f0c <__rp2040_chip_version_veneer+0xc>)
20000f04:	4684      	mov	ip, r0
20000f06:	bc01      	pop	{r0}
20000f08:	4760      	bx	ip
20000f0a:	bf00      	nop
20000f0c:	10000515 	.word	0x10000515

20000f10 <__best_effort_wfe_or_timeout_veneer>:
20000f10:	b401      	push	{r0}
20000f12:	4802      	ldr	r0, [pc, #8]	@ (20000f1c <__best_effort_wfe_or_timeout_veneer+0xc>)
20000f14:	4684      	mov	ip, r0
20000f16:	bc01      	pop	{r0}
20000f18:	4760      	bx	ip
20000f1a:	bf00      	nop
20000f1c:	10001399 	.word	0x10001399

20000f20 <__panic_veneer>:
20000f20:	b401      	push	{r0}
20000f22:	4802      	ldr	r0, [pc, #8]	@ (20000f2c <__panic_veneer+0xc>)
20000f24:	4684      	mov	ip, r0
20000f26:	bc01      	pop	{r0}
20000f28:	4760      	bx	ip
20000f2a:	bf00      	nop
20000f2c:	10000521 	.word	0x10000521

20000f30 <__tu_fifo_write_veneer>:
20000f30:	b401      	push	{r0}
20000f32:	4802      	ldr	r0, [pc, #8]	@ (20000f3c <__tu_fifo_write_veneer+0xc>)
20000f34:	4684      	mov	ip, r0
20000f36:	bc01      	pop	{r0}
20000f38:	4760      	bx	ip
20000f3a:	bf00      	nop
20000f3c:	1000445d 	.word	0x1000445d

20000f40 <striped_spin_lock_num>:
20000f40:	00000010                                ....

20000f44 <irq_handler_chain_slots>:
20000f44:	00000000 	.word	0x00000000
20000f48:	00010000 	.word	0x00010000
	...
20000f54:	00020000 	.word	0x00020000
	...
20000f60:	00030000 	.word	0x00030000
	...
20000f6c:	00040000 	.word	0x00040000
	...
20000f78:	00050000 	.word	0x00050000
	...
20000f84:	00ff0000 	.word	0x00ff0000
20000f88:	00000000 	.word	0x00000000

20000f8c <irq_handler_chain_first_slot>:
20000f8c:	b501      	push	{r0, lr}
20000f8e:	6848      	ldr	r0, [r1, #4]
20000f90:	3101      	adds	r1, #1
20000f92:	468e      	mov	lr, r1
20000f94:	4700      	bx	r0

20000f96 <irq_handler_chain_remove_tail>:
20000f96:	4670      	mov	r0, lr
20000f98:	3809      	subs	r0, #9
20000f9a:	4901      	ldr	r1, [pc, #4]	@ (20000fa0 <irq_handler_chain_remove_tail+0xa>)
20000f9c:	4788      	blx	r1
20000f9e:	bd01      	pop	{r0, pc}
20000fa0:	10000af9 	.word	0x10000af9
20000fa4:	00000000 	.word	0x00000000

20000fa8 <last_added.0>:
20000fa8:	ffffffff 7fffffff                       ........

20000fb0 <default_alarm_pool>:
	...
20000fc4:	20001120 00000000 00000000               .. ........

20000fd0 <aeabi_bits_funcs>:
20000fd0:	00003350 	.word	0x00003350
20000fd4:	0000334c 	.word	0x0000334c
20000fd8:	00003354 	.word	0x00003354
20000fdc:	00003352 	.word	0x00003352

20000fe0 <aeabi_bits_funcs_end>:
20000fe0:	0000534d 	.word	0x0000534d
20000fe4:	0000434d 	.word	0x0000434d
20000fe8:	00003453 	.word	0x00003453
20000fec:	00003443 	.word	0x00003443

20000ff0 <stdio_uart>:
20000ff0:	1000220d 1000230d 10002259 10002321     ."...#..Y"..!#..
20001000:	00000000 00000100                       ........

20001008 <stdio_usb>:
20001008:	10002555 10002509 1000247d 100023f5     U%...%..}$...#..
20001018:	00000000 00000100                       ........

20001020 <_usbd_qdef>:
20001020:	200015ec 000c0010 00000000 00000000     ... ............
	...

2000103c <_usbd_rhport>:
2000103c:	000000ff                                ....

20001040 <i2c1_inst>:
20001040:	40048000 00000000                       ...@....

20001048 <i2c0_inst>:
20001048:	40044000 00000000                       .@.@....

20001050 <print_mutex>:
	...
